stat.node.0.llc.pool_accesses = 13144
stat.node.0.llc.pool_completed = 13130
stat.node.0.llc.avg_pool_roundtrip_lat = 693.738
stat.node.0.llc.cxl_miss = 13102
stat.node.0.llc.total_miss = 13113
stat.node.0.llc.avg_miss_lat = 694.726
stat.node.0.llc.avg_cxl_lat = 694.756
stat.node.0.llc.miss_lat_hist_bin_ns = 10
stat.node.0.llc.miss_lat_hist = [0,0,0,0,0,0,0,0,0,0,0,0,0,0,0,0,0,0,0,0,0,0,0,0,0,0,2687,3013,2280,1716,1192,803,580,329,235,132,78,45,15,7,1]
stat.node.0.util.dram_avg = 1.51253e-05
stat.node.0.fabric.ingress_wait_avg_cycles = 184.211
stat.node.0.fabric.egress_wait_avg_cycles = 1
stat.node.0.fabric.ingress_wait_max_cycles = 345
stat.node.0.fabric.egress_wait_max_cycles = 1
stat.node.0.fabric.ingress_queue_wait_avg_cycles = 39.2111
stat.node.0.fabric.ingress_queue_wait_max_cycles = 200
stat.node.0.fabric.egress_occ_avg_bytes = 0
stat.node.0.fabric.egress_occ_stddev_bytes = 0
stat.node.0.fabric.egress_occ_max_bytes = 0
stat.node.0.fabric.egress_occ_nonempty_frac = 0
stat.node.0.fabric.egress_blocked_cycles = 0
stat.node.0.fabric.egress_blocked_nonempty_frac = 0
stat.node.0.fabric.egress_blocked_avg_occ_bytes = 0
stat.node.0.fabric.egress_blocked_max_occ_bytes = 0
stat.node.0.fabric.egress_send_burst_max_pkts = 2
stat.node.0.fabric.egress_send_burst_max_bytes = 72
stat.node.0.fabric.egress_send_burst_avg_pkts = 1.009
stat.node.0.fabric.egress_send_burst_avg_bytes = 28.6988
stat.node.0.fabric.egress_send_burst_stddev_pkts = 0.0944482
stat.node.0.fabric.egress_send_burst_stddev_bytes = 27.1164
stat.node.0.fabric.egress_send_nonempty_frac = 0.0173632
stat.node.0.fabric.ingress_occ_bytes = 0
stat.node.0.fabric.ready_wait_avg_cycles = 0
stat.node.0.fabric.ready_wait_max_cycles = 0
stat.node.0.fabric.ready_occ_avg_pkts = 0.0111152
stat.node.0.fabric.ready_occ_pkts = 0
stat.node.0.fabric.ready_occ_max_pkts = 1
stat.node.0.fabric.ready_retry_count = 0
stat.node.0.fabric.ingress_arrival_burst_max_pkts = 2
stat.node.0.fabric.ingress_arrival_burst_max_bytes = 128
stat.node.0.fabric.ingress_arrival_burst_avg_pkts = 1.26105
stat.node.0.fabric.ingress_arrival_burst_avg_bytes = 80.707
stat.node.0.fabric.ingress_arrival_burst_stddev_pkts = 0.439205
stat.node.0.fabric.ingress_arrival_burst_stddev_bytes = 28.1091
stat.node.0.fabric.ingress_arrival_nonempty_frac = 0.00881428
stat.node.0.fabric.ingress_arrival_run_max_cycles = 2
stat.node.0.fabric.ingress_arrival_run_avg_cycles = 1.01443
stat.node.0.fabric.ingress_arrival_run_stddev_cycles = 0.119271
stat.node.0.fabric.ingress_arrival_gap_max_cycles = 831
stat.node.0.fabric.ingress_arrival_gap_avg_cycles = 76.5839
stat.node.0.fabric.ingress_arrival_gap_stddev_cycles = 129.588
stat.node.0.fabric.ingress_release_burst_max_pkts = 1
stat.node.0.fabric.ingress_release_burst_max_bytes = 64
stat.node.0.fabric.ingress_release_burst_avg_pkts = 1
stat.node.0.fabric.ingress_release_burst_avg_bytes = 64
stat.node.0.fabric.ingress_release_burst_stddev_pkts = 0
stat.node.0.fabric.ingress_release_burst_stddev_bytes = 0
stat.node.0.fabric.ingress_release_nonempty_frac = 0.0111152
stat.node.0.fabric.ingress_release_run_max_cycles = 1
stat.node.0.fabric.ingress_release_run_avg_cycles = 1
stat.node.0.fabric.ingress_release_run_stddev_cycles = 0
stat.node.0.fabric.ingress_release_gap_max_cycles = 683
stat.node.0.fabric.ingress_release_gap_avg_cycles = 59.6556
stat.node.0.fabric.ingress_release_gap_stddev_cycles = 97.2117
stat.node.0.fabric.ingress_occ_avg_bytes = 130.332
stat.node.0.fabric.ingress_occ_stddev_bytes = 179.333
stat.node.0.fabric.ingress_occ_max_bytes = 896
stat.node.0.fabric.ingress_occ_nonempty_frac = 0.476291
stat.node.0.fabric.ingress_occ_run_max_cycles = 1705
stat.node.0.fabric.ingress_occ_run_avg_cycles = 411.406
stat.node.0.fabric.ingress_occ_run_stddev_cycles = 170.349
stat.node.0.fabric.ingress_occ_gap_max_cycles = 540
stat.node.0.fabric.ingress_occ_gap_avg_cycles = 171.026
stat.node.0.fabric.ingress_occ_gap_stddev_cycles = 123.595
stat.node.0.fabric.ingress_wait_avg_cycles.demand_req = 0
stat.node.0.fabric.ingress_wait_max_cycles.demand_req = 0
stat.node.0.fabric.ingress_queue_wait_avg_cycles.demand_req = 0
stat.node.0.fabric.ingress_queue_wait_max_cycles.demand_req = 0
stat.node.0.fabric.egress_wait_avg_cycles.demand_req = 1
stat.node.0.fabric.egress_wait_max_cycles.demand_req = 1
stat.node.0.fabric.egress_occ_avg_bytes.demand_req = 0
stat.node.0.fabric.egress_occ_max_bytes.demand_req = 0
stat.node.0.fabric.egress_blocked_cycles.demand_req = 0
stat.node.0.fabric.ingress_arrival_empty_packets.demand_req = 0
stat.node.0.fabric.ingress_arrival_nonempty_packets.demand_req = 0
stat.node.0.fabric.ingress_arrival_nonempty_packet_frac.demand_req = 0
stat.node.0.fabric.ingress_nonempty_arrival_pre_occ_avg_bytes.demand_req = 0
stat.node.0.fabric.ingress_nonempty_arrival_pre_occ_max_bytes.demand_req = 0
stat.node.0.fabric.ingress_release_after_empty_arrival_packets.demand_req = 0
stat.node.0.fabric.ingress_release_after_nonempty_arrival_packets.demand_req = 0
stat.node.0.fabric.ingress_wait_after_empty_arrival_avg_cycles.demand_req = 0
stat.node.0.fabric.ingress_wait_after_nonempty_arrival_avg_cycles.demand_req = 0
stat.node.0.fabric.ingress_queue_wait_after_empty_arrival_avg_cycles.demand_req = 0
stat.node.0.fabric.ingress_queue_wait_after_nonempty_arrival_avg_cycles.demand_req = 0
stat.node.0.fabric.ingress_queue_wait_after_empty_arrival_max_cycles.demand_req = 0
stat.node.0.fabric.ingress_queue_wait_after_nonempty_arrival_max_cycles.demand_req = 0
stat.node.0.fabric.rx_bytes.demand_req = 0
stat.node.0.fabric.tx_bytes.demand_req = 140912
stat.node.0.fabric.rx_pkts.demand_req = 0
stat.node.0.fabric.tx_pkts.demand_req = 17614
stat.node.0.fabric.ingress_wait_avg_cycles.write_req = 0
stat.node.0.fabric.ingress_wait_max_cycles.write_req = 0
stat.node.0.fabric.ingress_queue_wait_avg_cycles.write_req = 0
stat.node.0.fabric.ingress_queue_wait_max_cycles.write_req = 0
stat.node.0.fabric.egress_wait_avg_cycles.write_req = 1
stat.node.0.fabric.egress_wait_max_cycles.write_req = 1
stat.node.0.fabric.egress_occ_avg_bytes.write_req = 0
stat.node.0.fabric.egress_occ_max_bytes.write_req = 0
stat.node.0.fabric.egress_blocked_cycles.write_req = 0
stat.node.0.fabric.ingress_arrival_empty_packets.write_req = 0
stat.node.0.fabric.ingress_arrival_nonempty_packets.write_req = 0
stat.node.0.fabric.ingress_arrival_nonempty_packet_frac.write_req = 0
stat.node.0.fabric.ingress_nonempty_arrival_pre_occ_avg_bytes.write_req = 0
stat.node.0.fabric.ingress_nonempty_arrival_pre_occ_max_bytes.write_req = 0
stat.node.0.fabric.ingress_release_after_empty_arrival_packets.write_req = 0
stat.node.0.fabric.ingress_release_after_nonempty_arrival_packets.write_req = 0
stat.node.0.fabric.ingress_wait_after_empty_arrival_avg_cycles.write_req = 0
stat.node.0.fabric.ingress_wait_after_nonempty_arrival_avg_cycles.write_req = 0
stat.node.0.fabric.ingress_queue_wait_after_empty_arrival_avg_cycles.write_req = 0
stat.node.0.fabric.ingress_queue_wait_after_nonempty_arrival_avg_cycles.write_req = 0
stat.node.0.fabric.ingress_queue_wait_after_empty_arrival_max_cycles.write_req = 0
stat.node.0.fabric.ingress_queue_wait_after_nonempty_arrival_max_cycles.write_req = 0
stat.node.0.fabric.rx_bytes.write_req = 0
stat.node.0.fabric.tx_bytes.write_req = 649472
stat.node.0.fabric.rx_pkts.write_req = 0
stat.node.0.fabric.tx_pkts.write_req = 10148
stat.node.0.fabric.ingress_wait_avg_cycles.response = 184.211
stat.node.0.fabric.ingress_wait_max_cycles.response = 345
stat.node.0.fabric.ingress_queue_wait_avg_cycles.response = 39.2111
stat.node.0.fabric.ingress_queue_wait_max_cycles.response = 200
stat.node.0.fabric.egress_wait_avg_cycles.response = 0
stat.node.0.fabric.egress_wait_max_cycles.response = 0
stat.node.0.fabric.egress_occ_avg_bytes.response = 0
stat.node.0.fabric.egress_occ_max_bytes.response = 0
stat.node.0.fabric.egress_blocked_cycles.response = 0
stat.node.0.fabric.ingress_arrival_empty_packets.response = 1837
stat.node.0.fabric.ingress_arrival_nonempty_packets.response = 15800
stat.node.0.fabric.ingress_arrival_nonempty_packet_frac.response = 0.895844
stat.node.0.fabric.ingress_nonempty_arrival_pre_occ_avg_bytes.response = 285.805
stat.node.0.fabric.ingress_nonempty_arrival_pre_occ_max_bytes.response = 832
stat.node.0.fabric.ingress_release_after_empty_arrival_packets.response = 1837
stat.node.0.fabric.ingress_release_after_nonempty_arrival_packets.response = 15800
stat.node.0.fabric.ingress_wait_after_empty_arrival_avg_cycles.response = 145
stat.node.0.fabric.ingress_wait_after_nonempty_arrival_avg_cycles.response = 188.77
stat.node.0.fabric.ingress_queue_wait_after_empty_arrival_avg_cycles.response = 0
stat.node.0.fabric.ingress_queue_wait_after_nonempty_arrival_avg_cycles.response = 43.7701
stat.node.0.fabric.ingress_queue_wait_after_empty_arrival_max_cycles.response = 0
stat.node.0.fabric.ingress_queue_wait_after_nonempty_arrival_max_cycles.response = 200
stat.node.0.fabric.rx_bytes.response = 1128768
stat.node.0.fabric.tx_bytes.response = 0
stat.node.0.fabric.rx_pkts.response = 17637
stat.node.0.fabric.tx_pkts.response = 0
stat.node.0.fabric.ingress_wait_avg_cycles.other_req = 0
stat.node.0.fabric.ingress_wait_max_cycles.other_req = 0
stat.node.0.fabric.ingress_queue_wait_avg_cycles.other_req = 0
stat.node.0.fabric.ingress_queue_wait_max_cycles.other_req = 0
stat.node.0.fabric.egress_wait_avg_cycles.other_req = 1
stat.node.0.fabric.egress_wait_max_cycles.other_req = 1
stat.node.0.fabric.egress_occ_avg_bytes.other_req = 0
stat.node.0.fabric.egress_occ_max_bytes.other_req = 0
stat.node.0.fabric.egress_blocked_cycles.other_req = 0
stat.node.0.fabric.ingress_arrival_empty_packets.other_req = 0
stat.node.0.fabric.ingress_arrival_nonempty_packets.other_req = 0
stat.node.0.fabric.ingress_arrival_nonempty_packet_frac.other_req = 0
stat.node.0.fabric.ingress_nonempty_arrival_pre_occ_avg_bytes.other_req = 0
stat.node.0.fabric.ingress_nonempty_arrival_pre_occ_max_bytes.other_req = 0
stat.node.0.fabric.ingress_release_after_empty_arrival_packets.other_req = 0
stat.node.0.fabric.ingress_release_after_nonempty_arrival_packets.other_req = 0
stat.node.0.fabric.ingress_wait_after_empty_arrival_avg_cycles.other_req = 0
stat.node.0.fabric.ingress_wait_after_nonempty_arrival_avg_cycles.other_req = 0
stat.node.0.fabric.ingress_queue_wait_after_empty_arrival_avg_cycles.other_req = 0
stat.node.0.fabric.ingress_queue_wait_after_nonempty_arrival_avg_cycles.other_req = 0
stat.node.0.fabric.ingress_queue_wait_after_empty_arrival_max_cycles.other_req = 0
stat.node.0.fabric.ingress_queue_wait_after_nonempty_arrival_max_cycles.other_req = 0
stat.node.0.fabric.rx_bytes.other_req = 0
stat.node.0.fabric.tx_bytes.other_req = 296
stat.node.0.fabric.rx_pkts.other_req = 0
stat.node.0.fabric.tx_pkts.other_req = 37
stat.node.0.fabric.ingress_occ_bucket_bytes.0 = 830991
stat.node.0.fabric.ready_occ_bucket_bytes.0 = 1569106
stat.node.0.fabric.ingress_occ_bucket_bytes.1_64 = 108061
stat.node.0.fabric.ready_occ_bucket_bytes.1_64 = 17637
stat.node.0.fabric.ingress_occ_bucket_bytes.65_256 = 342399
stat.node.0.fabric.ready_occ_bucket_bytes.65_256 = 0
stat.node.0.fabric.ingress_occ_bucket_bytes.257_1024 = 305292
stat.node.0.fabric.ready_occ_bucket_bytes.257_1024 = 0
stat.node.0.fabric.ingress_occ_bucket_bytes.1025_4096 = 0
stat.node.0.fabric.ready_occ_bucket_bytes.1025_4096 = 0
stat.node.0.fabric.ingress_occ_bucket_bytes.4097_plus = 0
stat.node.0.fabric.ready_occ_bucket_bytes.4097_plus = 0
stat.node.0.fabric.ingress_episode.count = 1837
stat.node.0.fabric.ingress_episode.avg_cycles = 411.406
stat.node.0.fabric.ingress_episode.max_cycles = 1705
stat.node.0.fabric.ingress_episode.avg_peak_occ_bytes = 445.875
stat.node.0.fabric.ingress_episode.max_peak_occ_bytes = 896
stat.node.0.fabric.ingress_episode.avg_arrival_pkts = 9.60098
stat.node.0.fabric.ingress_episode.max_arrival_pkts = 37
stat.node.0.fabric.ingress_episode.avg_arrival_bytes = 614.463
stat.node.0.fabric.ingress_episode.max_arrival_bytes = 2368
stat.node.0.fabric.ingress_episode.avg_release_pkts = 9.60098
stat.node.0.fabric.ingress_episode.max_release_pkts = 37
stat.node.0.fabric.ingress_episode.avg_release_bytes = 614.463
stat.node.0.fabric.ingress_episode.max_release_bytes = 2368
stat.node.0.fabric.ingress_episode.avg_wait_cycles = 1768.61
stat.node.0.fabric.ingress_episode.max_wait_cycles = 345
stat.node.0.fabric.ingress_episode.avg_queue_wait_cycles = 376.465
stat.node.0.fabric.ingress_episode.max_queue_wait_cycles = 200
stat.node.0.fabric.ingress_episode.avg_src_distinct = 1.95046
stat.node.0.fabric.ingress_episode.max_src_distinct = 2
stat.node.0.fabric.ingress_episode.avg_dst_distinct = 1
stat.node.0.fabric.ingress_episode.max_dst_distinct = 1
stat.node.0.fabric.ingress_episode.avg_arrival_pkts.demand_req = 0
stat.node.0.fabric.ingress_episode.max_arrival_pkts.demand_req = 0
stat.node.0.fabric.ingress_episode.avg_release_pkts.demand_req = 0
stat.node.0.fabric.ingress_episode.max_release_pkts.demand_req = 0
stat.node.0.fabric.ingress_pre_occ_bucket.demand_req.0 = 0
stat.node.0.fabric.ingress_queue_wait_bucket.demand_req.0 = 0
stat.node.0.fabric.ingress_pre_occ_bucket.demand_req.1_64 = 0
stat.node.0.fabric.ingress_queue_wait_bucket.demand_req.1_63 = 0
stat.node.0.fabric.ingress_pre_occ_bucket.demand_req.65_256 = 0
stat.node.0.fabric.ingress_queue_wait_bucket.demand_req.64_255 = 0
stat.node.0.fabric.ingress_pre_occ_bucket.demand_req.257_1024 = 0
stat.node.0.fabric.ingress_queue_wait_bucket.demand_req.256_1023 = 0
stat.node.0.fabric.ingress_pre_occ_bucket.demand_req.1025_4096 = 0
stat.node.0.fabric.ingress_queue_wait_bucket.demand_req.1024_4095 = 0
stat.node.0.fabric.ingress_pre_occ_bucket.demand_req.4097_plus = 0
stat.node.0.fabric.ingress_queue_wait_bucket.demand_req.4096_plus = 0
stat.node.0.fabric.ingress_episode.avg_arrival_pkts.write_req = 0
stat.node.0.fabric.ingress_episode.max_arrival_pkts.write_req = 0
stat.node.0.fabric.ingress_episode.avg_release_pkts.write_req = 0
stat.node.0.fabric.ingress_episode.max_release_pkts.write_req = 0
stat.node.0.fabric.ingress_pre_occ_bucket.write_req.0 = 0
stat.node.0.fabric.ingress_queue_wait_bucket.write_req.0 = 0
stat.node.0.fabric.ingress_pre_occ_bucket.write_req.1_64 = 0
stat.node.0.fabric.ingress_queue_wait_bucket.write_req.1_63 = 0
stat.node.0.fabric.ingress_pre_occ_bucket.write_req.65_256 = 0
stat.node.0.fabric.ingress_queue_wait_bucket.write_req.64_255 = 0
stat.node.0.fabric.ingress_pre_occ_bucket.write_req.257_1024 = 0
stat.node.0.fabric.ingress_queue_wait_bucket.write_req.256_1023 = 0
stat.node.0.fabric.ingress_pre_occ_bucket.write_req.1025_4096 = 0
stat.node.0.fabric.ingress_queue_wait_bucket.write_req.1024_4095 = 0
stat.node.0.fabric.ingress_pre_occ_bucket.write_req.4097_plus = 0
stat.node.0.fabric.ingress_queue_wait_bucket.write_req.4096_plus = 0
stat.node.0.fabric.ingress_episode.avg_arrival_pkts.response = 9.60098
stat.node.0.fabric.ingress_episode.max_arrival_pkts.response = 37
stat.node.0.fabric.ingress_episode.avg_release_pkts.response = 9.60098
stat.node.0.fabric.ingress_episode.max_release_pkts.response = 37
stat.node.0.fabric.ingress_pre_occ_bucket.response.0 = 1837
stat.node.0.fabric.ingress_queue_wait_bucket.response.0 = 4324
stat.node.0.fabric.ingress_pre_occ_bucket.response.1_64 = 2140
stat.node.0.fabric.ingress_queue_wait_bucket.response.1_63 = 9237
stat.node.0.fabric.ingress_pre_occ_bucket.response.65_256 = 6704
stat.node.0.fabric.ingress_queue_wait_bucket.response.64_255 = 4076
stat.node.0.fabric.ingress_pre_occ_bucket.response.257_1024 = 6956
stat.node.0.fabric.ingress_queue_wait_bucket.response.256_1023 = 0
stat.node.0.fabric.ingress_pre_occ_bucket.response.1025_4096 = 0
stat.node.0.fabric.ingress_queue_wait_bucket.response.1024_4095 = 0
stat.node.0.fabric.ingress_pre_occ_bucket.response.4097_plus = 0
stat.node.0.fabric.ingress_queue_wait_bucket.response.4096_plus = 0
stat.node.0.fabric.ingress_episode.avg_arrival_pkts.other_req = 0
stat.node.0.fabric.ingress_episode.max_arrival_pkts.other_req = 0
stat.node.0.fabric.ingress_episode.avg_release_pkts.other_req = 0
stat.node.0.fabric.ingress_episode.max_release_pkts.other_req = 0
stat.node.0.fabric.ingress_pre_occ_bucket.other_req.0 = 0
stat.node.0.fabric.ingress_queue_wait_bucket.other_req.0 = 0
stat.node.0.fabric.ingress_pre_occ_bucket.other_req.1_64 = 0
stat.node.0.fabric.ingress_queue_wait_bucket.other_req.1_63 = 0
stat.node.0.fabric.ingress_pre_occ_bucket.other_req.65_256 = 0
stat.node.0.fabric.ingress_queue_wait_bucket.other_req.64_255 = 0
stat.node.0.fabric.ingress_pre_occ_bucket.other_req.257_1024 = 0
stat.node.0.fabric.ingress_queue_wait_bucket.other_req.256_1023 = 0
stat.node.0.fabric.ingress_pre_occ_bucket.other_req.1025_4096 = 0
stat.node.0.fabric.ingress_queue_wait_bucket.other_req.1024_4095 = 0
stat.node.0.fabric.ingress_pre_occ_bucket.other_req.4097_plus = 0
stat.node.0.fabric.ingress_queue_wait_bucket.other_req.4096_plus = 0
stat.node.0.fabric.peer_src.100.rx_bytes.response = 564416
stat.node.0.fabric.peer_src.100.rx_pkts.response = 8819
stat.node.0.fabric.peer_src.100.tx_bytes.response = 0
stat.node.0.fabric.peer_src.100.tx_pkts.response = 0
stat.node.0.fabric.peer_src.100.ingress_arrivals.response = 8819
stat.node.0.fabric.peer_src.100.ingress_arrival_nonempty_packet_frac.response = 0.856673
stat.node.0.fabric.peer_src.100.ingress_nonempty_arrival_pre_occ_avg_bytes.response = 282.371
stat.node.0.fabric.peer_src.100.ingress_nonempty_arrival_pre_occ_max_bytes.response = 832
stat.node.0.fabric.peer_src.100.ingress_wait_avg_cycles.response = 178.928
stat.node.0.fabric.peer_src.100.ingress_queue_wait_avg_cycles.response = 33.9284
stat.node.0.fabric.peer_src.100.ingress_queue_wait_after_nonempty_arrival_avg_cycles.response = 39.6049
stat.node.0.fabric.peer_src.100.ingress_pre_occ_bucket.response.0 = 1264
stat.node.0.fabric.peer_src.100.ingress_queue_wait_bucket.response.0 = 2952
stat.node.0.fabric.peer_src.100.ingress_pre_occ_bucket.response.1_64 = 932
stat.node.0.fabric.peer_src.100.ingress_queue_wait_bucket.response.1_63 = 4114
stat.node.0.fabric.peer_src.100.ingress_pre_occ_bucket.response.65_256 = 3415
stat.node.0.fabric.peer_src.100.ingress_queue_wait_bucket.response.64_255 = 1753
stat.node.0.fabric.peer_src.100.ingress_pre_occ_bucket.response.257_1024 = 3208
stat.node.0.fabric.peer_src.100.ingress_queue_wait_bucket.response.256_1023 = 0
stat.node.0.fabric.peer_src.100.ingress_pre_occ_bucket.response.1025_4096 = 0
stat.node.0.fabric.peer_src.100.ingress_queue_wait_bucket.response.1024_4095 = 0
stat.node.0.fabric.peer_src.100.ingress_pre_occ_bucket.response.4097_plus = 0
stat.node.0.fabric.peer_src.100.ingress_queue_wait_bucket.response.4096_plus = 0
stat.node.0.fabric.peer_src.101.rx_bytes.response = 564352
stat.node.0.fabric.peer_src.101.rx_pkts.response = 8818
stat.node.0.fabric.peer_src.101.tx_bytes.response = 0
stat.node.0.fabric.peer_src.101.tx_pkts.response = 0
stat.node.0.fabric.peer_src.101.ingress_arrivals.response = 8818
stat.node.0.fabric.peer_src.101.ingress_arrival_nonempty_packet_frac.response = 0.935019
stat.node.0.fabric.peer_src.101.ingress_nonempty_arrival_pre_occ_avg_bytes.response = 288.951
stat.node.0.fabric.peer_src.101.ingress_nonempty_arrival_pre_occ_max_bytes.response = 832
stat.node.0.fabric.peer_src.101.ingress_wait_avg_cycles.response = 189.494
stat.node.0.fabric.peer_src.101.ingress_queue_wait_avg_cycles.response = 44.4944
stat.node.0.fabric.peer_src.101.ingress_queue_wait_after_nonempty_arrival_avg_cycles.response = 47.5867
stat.node.0.fabric.peer_src.101.ingress_pre_occ_bucket.response.0 = 573
stat.node.0.fabric.peer_src.101.ingress_queue_wait_bucket.response.0 = 1372
stat.node.0.fabric.peer_src.101.ingress_pre_occ_bucket.response.1_64 = 1208
stat.node.0.fabric.peer_src.101.ingress_queue_wait_bucket.response.1_63 = 5123
stat.node.0.fabric.peer_src.101.ingress_pre_occ_bucket.response.65_256 = 3289
stat.node.0.fabric.peer_src.101.ingress_queue_wait_bucket.response.64_255 = 2323
stat.node.0.fabric.peer_src.101.ingress_pre_occ_bucket.response.257_1024 = 3748
stat.node.0.fabric.peer_src.101.ingress_queue_wait_bucket.response.256_1023 = 0
stat.node.0.fabric.peer_src.101.ingress_pre_occ_bucket.response.1025_4096 = 0
stat.node.0.fabric.peer_src.101.ingress_queue_wait_bucket.response.1024_4095 = 0
stat.node.0.fabric.peer_src.101.ingress_pre_occ_bucket.response.4097_plus = 0
stat.node.0.fabric.peer_src.101.ingress_queue_wait_bucket.response.4096_plus = 0
stat.node.0.fabric.peer_dst.0.rx_bytes.response = 1128768
stat.node.0.fabric.peer_dst.0.rx_pkts.response = 17637
stat.node.0.fabric.peer_dst.0.tx_bytes.response = 0
stat.node.0.fabric.peer_dst.0.tx_pkts.response = 0
stat.node.0.fabric.peer_dst.0.ingress_arrivals.response = 17637
stat.node.0.fabric.peer_dst.0.ingress_arrival_nonempty_packet_frac.response = 0.895844
stat.node.0.fabric.peer_dst.0.ingress_nonempty_arrival_pre_occ_avg_bytes.response = 285.805
stat.node.0.fabric.peer_dst.0.ingress_nonempty_arrival_pre_occ_max_bytes.response = 832
stat.node.0.fabric.peer_dst.0.ingress_wait_avg_cycles.response = 184.211
stat.node.0.fabric.peer_dst.0.ingress_queue_wait_avg_cycles.response = 39.2111
stat.node.0.fabric.peer_dst.0.ingress_queue_wait_after_nonempty_arrival_avg_cycles.response = 43.7701
stat.node.0.fabric.peer_dst.0.ingress_pre_occ_bucket.response.0 = 1837
stat.node.0.fabric.peer_dst.0.ingress_queue_wait_bucket.response.0 = 4324
stat.node.0.fabric.peer_dst.0.ingress_pre_occ_bucket.response.1_64 = 2140
stat.node.0.fabric.peer_dst.0.ingress_queue_wait_bucket.response.1_63 = 9237
stat.node.0.fabric.peer_dst.0.ingress_pre_occ_bucket.response.65_256 = 6704
stat.node.0.fabric.peer_dst.0.ingress_queue_wait_bucket.response.64_255 = 4076
stat.node.0.fabric.peer_dst.0.ingress_pre_occ_bucket.response.257_1024 = 6956
stat.node.0.fabric.peer_dst.0.ingress_queue_wait_bucket.response.256_1023 = 0
stat.node.0.fabric.peer_dst.0.ingress_pre_occ_bucket.response.1025_4096 = 0
stat.node.0.fabric.peer_dst.0.ingress_queue_wait_bucket.response.1024_4095 = 0
stat.node.0.fabric.peer_dst.0.ingress_pre_occ_bucket.response.4097_plus = 0
stat.node.0.fabric.peer_dst.0.ingress_queue_wait_bucket.response.4096_plus = 0
stat.node.0.fabric.tx_src.0.rx_bytes.demand_req = 0
stat.node.0.fabric.tx_src.0.rx_pkts.demand_req = 0
stat.node.0.fabric.tx_src.0.tx_bytes.demand_req = 140912
stat.node.0.fabric.tx_src.0.tx_pkts.demand_req = 17614
stat.node.0.fabric.tx_src.0.ingress_arrivals.demand_req = 0
stat.node.0.fabric.tx_src.0.ingress_arrival_nonempty_packet_frac.demand_req = 0
stat.node.0.fabric.tx_src.0.ingress_nonempty_arrival_pre_occ_avg_bytes.demand_req = 0
stat.node.0.fabric.tx_src.0.ingress_nonempty_arrival_pre_occ_max_bytes.demand_req = 0
stat.node.0.fabric.tx_src.0.ingress_wait_avg_cycles.demand_req = 0
stat.node.0.fabric.tx_src.0.ingress_queue_wait_avg_cycles.demand_req = 0
stat.node.0.fabric.tx_src.0.ingress_queue_wait_after_nonempty_arrival_avg_cycles.demand_req = 0
stat.node.0.fabric.tx_src.0.ingress_pre_occ_bucket.demand_req.0 = 0
stat.node.0.fabric.tx_src.0.ingress_queue_wait_bucket.demand_req.0 = 0
stat.node.0.fabric.tx_src.0.ingress_pre_occ_bucket.demand_req.1_64 = 0
stat.node.0.fabric.tx_src.0.ingress_queue_wait_bucket.demand_req.1_63 = 0
stat.node.0.fabric.tx_src.0.ingress_pre_occ_bucket.demand_req.65_256 = 0
stat.node.0.fabric.tx_src.0.ingress_queue_wait_bucket.demand_req.64_255 = 0
stat.node.0.fabric.tx_src.0.ingress_pre_occ_bucket.demand_req.257_1024 = 0
stat.node.0.fabric.tx_src.0.ingress_queue_wait_bucket.demand_req.256_1023 = 0
stat.node.0.fabric.tx_src.0.ingress_pre_occ_bucket.demand_req.1025_4096 = 0
stat.node.0.fabric.tx_src.0.ingress_queue_wait_bucket.demand_req.1024_4095 = 0
stat.node.0.fabric.tx_src.0.ingress_pre_occ_bucket.demand_req.4097_plus = 0
stat.node.0.fabric.tx_src.0.ingress_queue_wait_bucket.demand_req.4096_plus = 0
stat.node.0.fabric.tx_src.0.rx_bytes.write_req = 0
stat.node.0.fabric.tx_src.0.rx_pkts.write_req = 0
stat.node.0.fabric.tx_src.0.tx_bytes.write_req = 649472
stat.node.0.fabric.tx_src.0.tx_pkts.write_req = 10148
stat.node.0.fabric.tx_src.0.ingress_arrivals.write_req = 0
stat.node.0.fabric.tx_src.0.ingress_arrival_nonempty_packet_frac.write_req = 0
stat.node.0.fabric.tx_src.0.ingress_nonempty_arrival_pre_occ_avg_bytes.write_req = 0
stat.node.0.fabric.tx_src.0.ingress_nonempty_arrival_pre_occ_max_bytes.write_req = 0
stat.node.0.fabric.tx_src.0.ingress_wait_avg_cycles.write_req = 0
stat.node.0.fabric.tx_src.0.ingress_queue_wait_avg_cycles.write_req = 0
stat.node.0.fabric.tx_src.0.ingress_queue_wait_after_nonempty_arrival_avg_cycles.write_req = 0
stat.node.0.fabric.tx_src.0.ingress_pre_occ_bucket.write_req.0 = 0
stat.node.0.fabric.tx_src.0.ingress_queue_wait_bucket.write_req.0 = 0
stat.node.0.fabric.tx_src.0.ingress_pre_occ_bucket.write_req.1_64 = 0
stat.node.0.fabric.tx_src.0.ingress_queue_wait_bucket.write_req.1_63 = 0
stat.node.0.fabric.tx_src.0.ingress_pre_occ_bucket.write_req.65_256 = 0
stat.node.0.fabric.tx_src.0.ingress_queue_wait_bucket.write_req.64_255 = 0
stat.node.0.fabric.tx_src.0.ingress_pre_occ_bucket.write_req.257_1024 = 0
stat.node.0.fabric.tx_src.0.ingress_queue_wait_bucket.write_req.256_1023 = 0
stat.node.0.fabric.tx_src.0.ingress_pre_occ_bucket.write_req.1025_4096 = 0
stat.node.0.fabric.tx_src.0.ingress_queue_wait_bucket.write_req.1024_4095 = 0
stat.node.0.fabric.tx_src.0.ingress_pre_occ_bucket.write_req.4097_plus = 0
stat.node.0.fabric.tx_src.0.ingress_queue_wait_bucket.write_req.4096_plus = 0
stat.node.0.fabric.tx_src.0.rx_bytes.other_req = 0
stat.node.0.fabric.tx_src.0.rx_pkts.other_req = 0
stat.node.0.fabric.tx_src.0.tx_bytes.other_req = 296
stat.node.0.fabric.tx_src.0.tx_pkts.other_req = 37
stat.node.0.fabric.tx_src.0.ingress_arrivals.other_req = 0
stat.node.0.fabric.tx_src.0.ingress_arrival_nonempty_packet_frac.other_req = 0
stat.node.0.fabric.tx_src.0.ingress_nonempty_arrival_pre_occ_avg_bytes.other_req = 0
stat.node.0.fabric.tx_src.0.ingress_nonempty_arrival_pre_occ_max_bytes.other_req = 0
stat.node.0.fabric.tx_src.0.ingress_wait_avg_cycles.other_req = 0
stat.node.0.fabric.tx_src.0.ingress_queue_wait_avg_cycles.other_req = 0
stat.node.0.fabric.tx_src.0.ingress_queue_wait_after_nonempty_arrival_avg_cycles.other_req = 0
stat.node.0.fabric.tx_src.0.ingress_pre_occ_bucket.other_req.0 = 0
stat.node.0.fabric.tx_src.0.ingress_queue_wait_bucket.other_req.0 = 0
stat.node.0.fabric.tx_src.0.ingress_pre_occ_bucket.other_req.1_64 = 0
stat.node.0.fabric.tx_src.0.ingress_queue_wait_bucket.other_req.1_63 = 0
stat.node.0.fabric.tx_src.0.ingress_pre_occ_bucket.other_req.65_256 = 0
stat.node.0.fabric.tx_src.0.ingress_queue_wait_bucket.other_req.64_255 = 0
stat.node.0.fabric.tx_src.0.ingress_pre_occ_bucket.other_req.257_1024 = 0
stat.node.0.fabric.tx_src.0.ingress_queue_wait_bucket.other_req.256_1023 = 0
stat.node.0.fabric.tx_src.0.ingress_pre_occ_bucket.other_req.1025_4096 = 0
stat.node.0.fabric.tx_src.0.ingress_queue_wait_bucket.other_req.1024_4095 = 0
stat.node.0.fabric.tx_src.0.ingress_pre_occ_bucket.other_req.4097_plus = 0
stat.node.0.fabric.tx_src.0.ingress_queue_wait_bucket.other_req.4096_plus = 0
stat.node.0.fabric.tx_dst.100.rx_bytes.demand_req = 0
stat.node.0.fabric.tx_dst.100.rx_pkts.demand_req = 0
stat.node.0.fabric.tx_dst.100.tx_bytes.demand_req = 140912
stat.node.0.fabric.tx_dst.100.tx_pkts.demand_req = 17614
stat.node.0.fabric.tx_dst.100.ingress_arrivals.demand_req = 0
stat.node.0.fabric.tx_dst.100.ingress_arrival_nonempty_packet_frac.demand_req = 0
stat.node.0.fabric.tx_dst.100.ingress_nonempty_arrival_pre_occ_avg_bytes.demand_req = 0
stat.node.0.fabric.tx_dst.100.ingress_nonempty_arrival_pre_occ_max_bytes.demand_req = 0
stat.node.0.fabric.tx_dst.100.ingress_wait_avg_cycles.demand_req = 0
stat.node.0.fabric.tx_dst.100.ingress_queue_wait_avg_cycles.demand_req = 0
stat.node.0.fabric.tx_dst.100.ingress_queue_wait_after_nonempty_arrival_avg_cycles.demand_req = 0
stat.node.0.fabric.tx_dst.100.ingress_pre_occ_bucket.demand_req.0 = 0
stat.node.0.fabric.tx_dst.100.ingress_queue_wait_bucket.demand_req.0 = 0
stat.node.0.fabric.tx_dst.100.ingress_pre_occ_bucket.demand_req.1_64 = 0
stat.node.0.fabric.tx_dst.100.ingress_queue_wait_bucket.demand_req.1_63 = 0
stat.node.0.fabric.tx_dst.100.ingress_pre_occ_bucket.demand_req.65_256 = 0
stat.node.0.fabric.tx_dst.100.ingress_queue_wait_bucket.demand_req.64_255 = 0
stat.node.0.fabric.tx_dst.100.ingress_pre_occ_bucket.demand_req.257_1024 = 0
stat.node.0.fabric.tx_dst.100.ingress_queue_wait_bucket.demand_req.256_1023 = 0
stat.node.0.fabric.tx_dst.100.ingress_pre_occ_bucket.demand_req.1025_4096 = 0
stat.node.0.fabric.tx_dst.100.ingress_queue_wait_bucket.demand_req.1024_4095 = 0
stat.node.0.fabric.tx_dst.100.ingress_pre_occ_bucket.demand_req.4097_plus = 0
stat.node.0.fabric.tx_dst.100.ingress_queue_wait_bucket.demand_req.4096_plus = 0
stat.node.0.fabric.tx_dst.100.rx_bytes.write_req = 0
stat.node.0.fabric.tx_dst.100.rx_pkts.write_req = 0
stat.node.0.fabric.tx_dst.100.tx_bytes.write_req = 649472
stat.node.0.fabric.tx_dst.100.tx_pkts.write_req = 10148
stat.node.0.fabric.tx_dst.100.ingress_arrivals.write_req = 0
stat.node.0.fabric.tx_dst.100.ingress_arrival_nonempty_packet_frac.write_req = 0
stat.node.0.fabric.tx_dst.100.ingress_nonempty_arrival_pre_occ_avg_bytes.write_req = 0
stat.node.0.fabric.tx_dst.100.ingress_nonempty_arrival_pre_occ_max_bytes.write_req = 0
stat.node.0.fabric.tx_dst.100.ingress_wait_avg_cycles.write_req = 0
stat.node.0.fabric.tx_dst.100.ingress_queue_wait_avg_cycles.write_req = 0
stat.node.0.fabric.tx_dst.100.ingress_queue_wait_after_nonempty_arrival_avg_cycles.write_req = 0
stat.node.0.fabric.tx_dst.100.ingress_pre_occ_bucket.write_req.0 = 0
stat.node.0.fabric.tx_dst.100.ingress_queue_wait_bucket.write_req.0 = 0
stat.node.0.fabric.tx_dst.100.ingress_pre_occ_bucket.write_req.1_64 = 0
stat.node.0.fabric.tx_dst.100.ingress_queue_wait_bucket.write_req.1_63 = 0
stat.node.0.fabric.tx_dst.100.ingress_pre_occ_bucket.write_req.65_256 = 0
stat.node.0.fabric.tx_dst.100.ingress_queue_wait_bucket.write_req.64_255 = 0
stat.node.0.fabric.tx_dst.100.ingress_pre_occ_bucket.write_req.257_1024 = 0
stat.node.0.fabric.tx_dst.100.ingress_queue_wait_bucket.write_req.256_1023 = 0
stat.node.0.fabric.tx_dst.100.ingress_pre_occ_bucket.write_req.1025_4096 = 0
stat.node.0.fabric.tx_dst.100.ingress_queue_wait_bucket.write_req.1024_4095 = 0
stat.node.0.fabric.tx_dst.100.ingress_pre_occ_bucket.write_req.4097_plus = 0
stat.node.0.fabric.tx_dst.100.ingress_queue_wait_bucket.write_req.4096_plus = 0
stat.node.0.fabric.tx_dst.100.rx_bytes.other_req = 0
stat.node.0.fabric.tx_dst.100.rx_pkts.other_req = 0
stat.node.0.fabric.tx_dst.100.tx_bytes.other_req = 296
stat.node.0.fabric.tx_dst.100.tx_pkts.other_req = 37
stat.node.0.fabric.tx_dst.100.ingress_arrivals.other_req = 0
stat.node.0.fabric.tx_dst.100.ingress_arrival_nonempty_packet_frac.other_req = 0
stat.node.0.fabric.tx_dst.100.ingress_nonempty_arrival_pre_occ_avg_bytes.other_req = 0
stat.node.0.fabric.tx_dst.100.ingress_nonempty_arrival_pre_occ_max_bytes.other_req = 0
stat.node.0.fabric.tx_dst.100.ingress_wait_avg_cycles.other_req = 0
stat.node.0.fabric.tx_dst.100.ingress_queue_wait_avg_cycles.other_req = 0
stat.node.0.fabric.tx_dst.100.ingress_queue_wait_after_nonempty_arrival_avg_cycles.other_req = 0
stat.node.0.fabric.tx_dst.100.ingress_pre_occ_bucket.other_req.0 = 0
stat.node.0.fabric.tx_dst.100.ingress_queue_wait_bucket.other_req.0 = 0
stat.node.0.fabric.tx_dst.100.ingress_pre_occ_bucket.other_req.1_64 = 0
stat.node.0.fabric.tx_dst.100.ingress_queue_wait_bucket.other_req.1_63 = 0
stat.node.0.fabric.tx_dst.100.ingress_pre_occ_bucket.other_req.65_256 = 0
stat.node.0.fabric.tx_dst.100.ingress_queue_wait_bucket.other_req.64_255 = 0
stat.node.0.fabric.tx_dst.100.ingress_pre_occ_bucket.other_req.257_1024 = 0
stat.node.0.fabric.tx_dst.100.ingress_queue_wait_bucket.other_req.256_1023 = 0
stat.node.0.fabric.tx_dst.100.ingress_pre_occ_bucket.other_req.1025_4096 = 0
stat.node.0.fabric.tx_dst.100.ingress_queue_wait_bucket.other_req.1024_4095 = 0
stat.node.0.fabric.tx_dst.100.ingress_pre_occ_bucket.other_req.4097_plus = 0
stat.node.0.fabric.tx_dst.100.ingress_queue_wait_bucket.other_req.4096_plus = 0
stat.node.0.walltime_s = 149.773
stat.node.0.active_time_s = 122.711
stat.pool.101.util.mem_avg = 0.0478074
stat.pool.101.util.req_link_avg = 0.177232
stat.pool.101.memq.demand.completed = 8811
stat.pool.101.memq.demand.response_completed = 8811
stat.pool.101.memq.demand.queue_wait_avg_cycles = 1.28453
stat.pool.101.memq.demand.queue_wait_max_cycles = 7
stat.pool.101.memq.demand.service_avg_cycles = 75
stat.pool.101.memq.demand.service_max_cycles = 75
stat.pool.101.memq.demand.total_avg_cycles = 76.2845
stat.pool.101.memq.demand.total_max_cycles = 82
stat.pool.101.memq.demand.ahead_pkts_avg.load = 0.522869
stat.pool.101.memq.demand.ahead_pkts_max.load = 5
stat.pool.101.memq.demand.ahead_bytes_avg.load = 33.4636
stat.pool.101.memq.demand.ahead_bytes_max.load = 320
stat.pool.101.memq.demand.ahead_pkts_avg.rfo = 0.635796
stat.pool.101.memq.demand.ahead_pkts_max.rfo = 7
stat.pool.101.memq.demand.ahead_bytes_avg.rfo = 40.691
stat.pool.101.memq.demand.ahead_bytes_max.rfo = 448
stat.pool.101.memq.demand.ahead_pkts_avg.write = 1.70128
stat.pool.101.memq.demand.ahead_pkts_max.write = 3
stat.pool.101.memq.demand.ahead_bytes_avg.write = 108.882
stat.pool.101.memq.demand.ahead_bytes_max.write = 192
stat.pool.101.memq.demand.ahead_pkts_avg.other = 0.00158892
stat.pool.101.memq.demand.ahead_pkts_max.other = 1
stat.pool.101.memq.demand.ahead_bytes_avg.other = 0.101691
stat.pool.101.memq.demand.ahead_bytes_max.other = 64
stat.pool.101.memq.demand.queue_wait_bucket.0 = 0
stat.pool.101.memq.demand.service_bucket.0 = 0
stat.pool.101.memq.demand.total_bucket.0 = 0
stat.pool.101.memq.demand.ahead_total_pkts_bucket.0 = 307
stat.pool.101.memq.demand.ahead_total_bytes_bucket.0 = 307
stat.pool.101.memq.demand.queue_wait_bucket.1_63 = 8811
stat.pool.101.memq.demand.service_bucket.1_63 = 0
stat.pool.101.memq.demand.total_bucket.1_63 = 0
stat.pool.101.memq.demand.ahead_total_pkts_bucket.1 = 1273
stat.pool.101.memq.demand.ahead_total_bytes_bucket.1_64 = 1273
stat.pool.101.memq.demand.queue_wait_bucket.64_255 = 0
stat.pool.101.memq.demand.service_bucket.64_255 = 8811
stat.pool.101.memq.demand.total_bucket.64_255 = 8811
stat.pool.101.memq.demand.ahead_total_pkts_bucket.2 = 2233
stat.pool.101.memq.demand.ahead_total_bytes_bucket.65_256 = 6042
stat.pool.101.memq.demand.queue_wait_bucket.256_1023 = 0
stat.pool.101.memq.demand.service_bucket.256_1023 = 0
stat.pool.101.memq.demand.total_bucket.256_1023 = 0
stat.pool.101.memq.demand.ahead_total_pkts_bucket.3_4 = 3809
stat.pool.101.memq.demand.ahead_total_bytes_bucket.257_1024 = 1189
stat.pool.101.memq.demand.queue_wait_bucket.1024_4095 = 0
stat.pool.101.memq.demand.service_bucket.1024_4095 = 0
stat.pool.101.memq.demand.total_bucket.1024_4095 = 0
stat.pool.101.memq.demand.ahead_total_pkts_bucket.5_8 = 1187
stat.pool.101.memq.demand.ahead_total_bytes_bucket.1025_4096 = 0
stat.pool.101.memq.demand.queue_wait_bucket.4096_plus = 0
stat.pool.101.memq.demand.service_bucket.4096_plus = 0
stat.pool.101.memq.demand.total_bucket.4096_plus = 0
stat.pool.101.memq.demand.ahead_total_pkts_bucket.9_plus = 2
stat.pool.101.memq.demand.ahead_total_bytes_bucket.4097_plus = 0
stat.pool.101.memq.queue_occ_avg_bytes = 58.2546
stat.pool.101.memq.queue_occ_stddev_bytes = 93.9979
stat.pool.101.memq.queue_occ_max_bytes = 640
stat.pool.101.memq.queue_occ_nonempty_frac = 0.365144
stat.pool.101.memq.enqueue_burst_avg_pkts = 1
stat.pool.101.memq.enqueue_burst_stddev_pkts = 0
stat.pool.101.memq.enqueue_burst_max_pkts = 1
stat.pool.101.memq.complete_burst_avg_pkts = 1
stat.pool.101.memq.complete_burst_stddev_pkts = 0
stat.pool.101.memq.complete_burst_max_pkts = 1
stat.pool.101.memq.queue_episode.count = 2902
stat.pool.101.memq.queue_episode.avg_cycles = 199.557
stat.pool.101.memq.queue_episode.max_cycles = 632
stat.pool.101.memq.queue_episode.avg_peak_occ_bytes = 254.677
stat.pool.101.memq.queue_episode.max_peak_occ_bytes = 640
stat.pool.101.memq.queue_episode.avg_enqueue_pkts = 6.53274
stat.pool.101.memq.queue_episode.max_enqueue_pkts = 22
stat.pool.101.memq.queue_episode.avg_complete_pkts = 5.53274
stat.pool.101.memq.queue_episode.max_complete_pkts = 21
stat.pool.101.memq.queue_occ_bucket.0 = 1007353
stat.pool.101.memq.enqueue_burst_bucket.0 = 0
stat.pool.101.memq.complete_burst_bucket.0 = 0
stat.pool.101.memq.queue_occ_bucket.1_64 = 169844
stat.pool.101.memq.enqueue_burst_bucket.1 = 18971
stat.pool.101.memq.complete_burst_bucket.1 = 18970
stat.pool.101.memq.queue_occ_bucket.65_256 = 356438
stat.pool.101.memq.enqueue_burst_bucket.2 = 0
stat.pool.101.memq.complete_burst_bucket.2 = 0
stat.pool.101.memq.queue_occ_bucket.257_1024 = 53108
stat.pool.101.memq.enqueue_burst_bucket.3_4 = 0
stat.pool.101.memq.complete_burst_bucket.3_4 = 0
stat.pool.101.memq.queue_occ_bucket.1025_4096 = 0
stat.pool.101.memq.enqueue_burst_bucket.5_8 = 0
stat.pool.101.memq.complete_burst_bucket.5_8 = 0
stat.pool.101.memq.queue_occ_bucket.4097_plus = 0
stat.pool.101.memq.enqueue_burst_bucket.9_plus = 0
stat.pool.101.memq.complete_burst_bucket.9_plus = 0
stat.pool.101.memq.queue_occ_avg_bytes.load = 13.8685
stat.pool.101.memq.queue_occ_max_bytes.load = 384
stat.pool.101.memq.queue_occ_avg_pkts.load = 0.216695
stat.pool.101.memq.queue_occ_max_pkts.load = 6
stat.pool.101.memq.enqueue_burst_avg_pkts.load = 0.237468
stat.pool.101.memq.enqueue_burst_max_pkts.load = 1
stat.pool.101.memq.complete_burst_avg_pkts.load = 0.23748
stat.pool.101.memq.complete_burst_max_pkts.load = 1
stat.pool.101.memq.queue_occ_avg_bytes.rfo = 13.2446
stat.pool.101.memq.queue_occ_max_bytes.rfo = 512
stat.pool.101.memq.queue_occ_avg_pkts.rfo = 0.206947
stat.pool.101.memq.queue_occ_max_pkts.rfo = 8
stat.pool.101.memq.enqueue_burst_avg_pkts.rfo = 0.227031
stat.pool.101.memq.enqueue_burst_max_pkts.rfo = 1
stat.pool.101.memq.complete_burst_avg_pkts.rfo = 0.22699
stat.pool.101.memq.complete_burst_max_pkts.rfo = 1
stat.pool.101.memq.queue_occ_avg_bytes.write = 31.1015
stat.pool.101.memq.queue_occ_max_bytes.write = 256
stat.pool.101.memq.queue_occ_avg_pkts.write = 0.485961
stat.pool.101.memq.queue_occ_max_pkts.write = 4
stat.pool.101.memq.enqueue_burst_avg_pkts.write = 0.534816
stat.pool.101.memq.enqueue_burst_max_pkts.write = 1
stat.pool.101.memq.complete_burst_avg_pkts.write = 0.534844
stat.pool.101.memq.complete_burst_max_pkts.write = 1
stat.pool.101.memq.queue_occ_avg_bytes.other = 0.0399309
stat.pool.101.memq.queue_occ_max_bytes.other = 64
stat.pool.101.memq.queue_occ_avg_pkts.other = 0.00062392
stat.pool.101.memq.queue_occ_max_pkts.other = 1
stat.pool.101.memq.enqueue_burst_avg_pkts.other = 0.000685256
stat.pool.101.memq.enqueue_burst_max_pkts.other = 1
stat.pool.101.memq.complete_burst_avg_pkts.other = 0.000685293
stat.pool.101.memq.complete_burst_max_pkts.other = 1
stat.pool.101.memq.load.completed = 4505
stat.pool.101.memq.load.response_completed = 4505
stat.pool.101.memq.load.queue_wait_avg_cycles = 1.32408
stat.pool.101.memq.load.queue_wait_max_cycles = 7
stat.pool.101.memq.load.service_avg_cycles = 75
stat.pool.101.memq.load.service_max_cycles = 75
stat.pool.101.memq.load.total_avg_cycles = 76.3241
stat.pool.101.memq.load.total_max_cycles = 82
stat.pool.101.memq.load.ahead_pkts_avg.load = 0.575361
stat.pool.101.memq.load.ahead_pkts_max.load = 5
stat.pool.101.memq.load.ahead_bytes_avg.load = 36.8231
stat.pool.101.memq.load.ahead_bytes_max.load = 320
stat.pool.101.memq.load.ahead_pkts_avg.rfo = 0.695893
stat.pool.101.memq.load.ahead_pkts_max.rfo = 5
stat.pool.101.memq.load.ahead_bytes_avg.rfo = 44.5372
stat.pool.101.memq.load.ahead_bytes_max.rfo = 320
stat.pool.101.memq.load.ahead_pkts_avg.write = 1.69057
stat.pool.101.memq.load.ahead_pkts_max.write = 3
stat.pool.101.memq.load.ahead_bytes_avg.write = 108.196
stat.pool.101.memq.load.ahead_bytes_max.write = 192
stat.pool.101.memq.load.ahead_pkts_avg.other = 0.00155383
stat.pool.101.memq.load.ahead_pkts_max.other = 1
stat.pool.101.memq.load.ahead_bytes_avg.other = 0.0994451
stat.pool.101.memq.load.ahead_bytes_max.other = 64
stat.pool.101.memq.load.queue_wait_bucket.0 = 0
stat.pool.101.memq.load.service_bucket.0 = 0
stat.pool.101.memq.load.total_bucket.0 = 0
stat.pool.101.memq.load.ahead_total_pkts_bucket.0 = 141
stat.pool.101.memq.load.ahead_total_bytes_bucket.0 = 141
stat.pool.101.memq.load.queue_wait_bucket.1_63 = 4505
stat.pool.101.memq.load.service_bucket.1_63 = 0
stat.pool.101.memq.load.total_bucket.1_63 = 0
stat.pool.101.memq.load.ahead_total_pkts_bucket.1 = 597
stat.pool.101.memq.load.ahead_total_bytes_bucket.1_64 = 597
stat.pool.101.memq.load.queue_wait_bucket.64_255 = 0
stat.pool.101.memq.load.service_bucket.64_255 = 4505
stat.pool.101.memq.load.total_bucket.64_255 = 4505
stat.pool.101.memq.load.ahead_total_pkts_bucket.2 = 1066
stat.pool.101.memq.load.ahead_total_bytes_bucket.65_256 = 3095
stat.pool.101.memq.load.queue_wait_bucket.256_1023 = 0
stat.pool.101.memq.load.service_bucket.256_1023 = 0
stat.pool.101.memq.load.total_bucket.256_1023 = 0
stat.pool.101.memq.load.ahead_total_pkts_bucket.3_4 = 2029
stat.pool.101.memq.load.ahead_total_bytes_bucket.257_1024 = 672
stat.pool.101.memq.load.queue_wait_bucket.1024_4095 = 0
stat.pool.101.memq.load.service_bucket.1024_4095 = 0
stat.pool.101.memq.load.total_bucket.1024_4095 = 0
stat.pool.101.memq.load.ahead_total_pkts_bucket.5_8 = 670
stat.pool.101.memq.load.ahead_total_bytes_bucket.1025_4096 = 0
stat.pool.101.memq.load.queue_wait_bucket.4096_plus = 0
stat.pool.101.memq.load.service_bucket.4096_plus = 0
stat.pool.101.memq.load.total_bucket.4096_plus = 0
stat.pool.101.memq.load.ahead_total_pkts_bucket.9_plus = 2
stat.pool.101.memq.load.ahead_total_bytes_bucket.4097_plus = 0
stat.pool.101.respq.load.attempted = 4505
stat.pool.101.respq.load.completed = 4505
stat.pool.101.respq.load.can_send_blocked = 0
stat.pool.101.respq.load.send_failed = 0
stat.pool.101.respq.load.wait_avg_cycles = 0
stat.pool.101.respq.load.wait_max_cycles = 0
stat.pool.101.memq.rfo.completed = 4306
stat.pool.101.memq.rfo.response_completed = 4306
stat.pool.101.memq.rfo.queue_wait_avg_cycles = 1.24315
stat.pool.101.memq.rfo.queue_wait_max_cycles = 7
stat.pool.101.memq.rfo.service_avg_cycles = 75
stat.pool.101.memq.rfo.service_max_cycles = 75
stat.pool.101.memq.rfo.total_avg_cycles = 76.2431
stat.pool.101.memq.rfo.total_max_cycles = 82
stat.pool.101.memq.rfo.ahead_pkts_avg.load = 0.467952
stat.pool.101.memq.rfo.ahead_pkts_max.load = 5
stat.pool.101.memq.rfo.ahead_bytes_avg.load = 29.9489
stat.pool.101.memq.rfo.ahead_bytes_max.load = 320
stat.pool.101.memq.rfo.ahead_pkts_avg.rfo = 0.572922
stat.pool.101.memq.rfo.ahead_pkts_max.rfo = 7
stat.pool.101.memq.rfo.ahead_bytes_avg.rfo = 36.667
stat.pool.101.memq.rfo.ahead_bytes_max.rfo = 448
stat.pool.101.memq.rfo.ahead_pkts_avg.write = 1.71249
stat.pool.101.memq.rfo.ahead_pkts_max.write = 3
stat.pool.101.memq.rfo.ahead_bytes_avg.write = 109.6
stat.pool.101.memq.rfo.ahead_bytes_max.write = 192
stat.pool.101.memq.rfo.ahead_pkts_avg.other = 0.00162564
stat.pool.101.memq.rfo.ahead_pkts_max.other = 1
stat.pool.101.memq.rfo.ahead_bytes_avg.other = 0.104041
stat.pool.101.memq.rfo.ahead_bytes_max.other = 64
stat.pool.101.memq.rfo.queue_wait_bucket.0 = 0
stat.pool.101.memq.rfo.service_bucket.0 = 0
stat.pool.101.memq.rfo.total_bucket.0 = 0
stat.pool.101.memq.rfo.ahead_total_pkts_bucket.0 = 166
stat.pool.101.memq.rfo.ahead_total_bytes_bucket.0 = 166
stat.pool.101.memq.rfo.queue_wait_bucket.1_63 = 4306
stat.pool.101.memq.rfo.service_bucket.1_63 = 0
stat.pool.101.memq.rfo.total_bucket.1_63 = 0
stat.pool.101.memq.rfo.ahead_total_pkts_bucket.1 = 676
stat.pool.101.memq.rfo.ahead_total_bytes_bucket.1_64 = 676
stat.pool.101.memq.rfo.queue_wait_bucket.64_255 = 0
stat.pool.101.memq.rfo.service_bucket.64_255 = 4306
stat.pool.101.memq.rfo.total_bucket.64_255 = 4306
stat.pool.101.memq.rfo.ahead_total_pkts_bucket.2 = 1167
stat.pool.101.memq.rfo.ahead_total_bytes_bucket.65_256 = 2947
stat.pool.101.memq.rfo.queue_wait_bucket.256_1023 = 0
stat.pool.101.memq.rfo.service_bucket.256_1023 = 0
stat.pool.101.memq.rfo.total_bucket.256_1023 = 0
stat.pool.101.memq.rfo.ahead_total_pkts_bucket.3_4 = 1780
stat.pool.101.memq.rfo.ahead_total_bytes_bucket.257_1024 = 517
stat.pool.101.memq.rfo.queue_wait_bucket.1024_4095 = 0
stat.pool.101.memq.rfo.service_bucket.1024_4095 = 0
stat.pool.101.memq.rfo.total_bucket.1024_4095 = 0
stat.pool.101.memq.rfo.ahead_total_pkts_bucket.5_8 = 517
stat.pool.101.memq.rfo.ahead_total_bytes_bucket.1025_4096 = 0
stat.pool.101.memq.rfo.queue_wait_bucket.4096_plus = 0
stat.pool.101.memq.rfo.service_bucket.4096_plus = 0
stat.pool.101.memq.rfo.total_bucket.4096_plus = 0
stat.pool.101.memq.rfo.ahead_total_pkts_bucket.9_plus = 0
stat.pool.101.memq.rfo.ahead_total_bytes_bucket.4097_plus = 0
stat.pool.101.respq.rfo.attempted = 4306
stat.pool.101.respq.rfo.completed = 4306
stat.pool.101.respq.rfo.can_send_blocked = 0
stat.pool.101.respq.rfo.send_failed = 0
stat.pool.101.respq.rfo.wait_avg_cycles = 0
stat.pool.101.respq.rfo.wait_max_cycles = 0
stat.pool.101.memq.write.completed = 10146
stat.pool.101.memq.write.response_completed = 0
stat.pool.101.memq.write.queue_wait_avg_cycles = 1
stat.pool.101.memq.write.queue_wait_max_cycles = 1
stat.pool.101.memq.write.service_avg_cycles = 75
stat.pool.101.memq.write.service_max_cycles = 75
stat.pool.101.memq.write.total_avg_cycles = 76
stat.pool.101.memq.write.total_max_cycles = 76
stat.pool.101.memq.write.ahead_pkts_avg.load = 0.233294
stat.pool.101.memq.write.ahead_pkts_max.load = 5
stat.pool.101.memq.write.ahead_bytes_avg.load = 14.9308
stat.pool.101.memq.write.ahead_bytes_max.load = 320
stat.pool.101.memq.write.ahead_pkts_avg.rfo = 0.214173
stat.pool.101.memq.write.ahead_pkts_max.rfo = 4
stat.pool.101.memq.write.ahead_bytes_avg.rfo = 13.7071
stat.pool.101.memq.write.ahead_bytes_max.rfo = 256
stat.pool.101.memq.write.ahead_pkts_avg.write = 1.07274
stat.pool.101.memq.write.ahead_pkts_max.write = 3
stat.pool.101.memq.write.ahead_bytes_avg.write = 68.6552
stat.pool.101.memq.write.ahead_bytes_max.write = 192
stat.pool.101.memq.write.ahead_pkts_avg.other = 0.000492805
stat.pool.101.memq.write.ahead_pkts_max.other = 1
stat.pool.101.memq.write.ahead_bytes_avg.other = 0.0315395
stat.pool.101.memq.write.ahead_bytes_max.other = 64
stat.pool.101.memq.write.queue_wait_bucket.0 = 0
stat.pool.101.memq.write.service_bucket.0 = 0
stat.pool.101.memq.write.total_bucket.0 = 0
stat.pool.101.memq.write.ahead_total_pkts_bucket.0 = 2608
stat.pool.101.memq.write.ahead_total_bytes_bucket.0 = 2608
stat.pool.101.memq.write.queue_wait_bucket.1_63 = 10146
stat.pool.101.memq.write.service_bucket.1_63 = 0
stat.pool.101.memq.write.total_bucket.1_63 = 0
stat.pool.101.memq.write.ahead_total_pkts_bucket.1 = 2735
stat.pool.101.memq.write.ahead_total_bytes_bucket.1_64 = 2735
stat.pool.101.memq.write.queue_wait_bucket.64_255 = 0
stat.pool.101.memq.write.service_bucket.64_255 = 10146
stat.pool.101.memq.write.total_bucket.64_255 = 10146
stat.pool.101.memq.write.ahead_total_pkts_bucket.2 = 2515
stat.pool.101.memq.write.ahead_total_bytes_bucket.65_256 = 4630
stat.pool.101.memq.write.queue_wait_bucket.256_1023 = 0
stat.pool.101.memq.write.service_bucket.256_1023 = 0
stat.pool.101.memq.write.total_bucket.256_1023 = 0
stat.pool.101.memq.write.ahead_total_pkts_bucket.3_4 = 2115
stat.pool.101.memq.write.ahead_total_bytes_bucket.257_1024 = 173
stat.pool.101.memq.write.queue_wait_bucket.1024_4095 = 0
stat.pool.101.memq.write.service_bucket.1024_4095 = 0
stat.pool.101.memq.write.total_bucket.1024_4095 = 0
stat.pool.101.memq.write.ahead_total_pkts_bucket.5_8 = 173
stat.pool.101.memq.write.ahead_total_bytes_bucket.1025_4096 = 0
stat.pool.101.memq.write.queue_wait_bucket.4096_plus = 0
stat.pool.101.memq.write.service_bucket.4096_plus = 0
stat.pool.101.memq.write.total_bucket.4096_plus = 0
stat.pool.101.memq.write.ahead_total_pkts_bucket.9_plus = 0
stat.pool.101.memq.write.ahead_total_bytes_bucket.4097_plus = 0
stat.pool.101.respq.write.attempted = 0
stat.pool.101.respq.write.completed = 0
stat.pool.101.respq.write.can_send_blocked = 0
stat.pool.101.respq.write.send_failed = 0
stat.pool.101.respq.write.wait_avg_cycles = 0
stat.pool.101.respq.write.wait_max_cycles = 0
stat.pool.101.memq.other.completed = 13
stat.pool.101.memq.other.response_completed = 13
stat.pool.101.memq.other.queue_wait_avg_cycles = 1.15385
stat.pool.101.memq.other.queue_wait_max_cycles = 3
stat.pool.101.memq.other.service_avg_cycles = 75
stat.pool.101.memq.other.service_max_cycles = 75
stat.pool.101.memq.other.total_avg_cycles = 76.1538
stat.pool.101.memq.other.total_max_cycles = 78
stat.pool.101.memq.other.ahead_pkts_avg.load = 0.615385
stat.pool.101.memq.other.ahead_pkts_max.load = 2
stat.pool.101.memq.other.ahead_bytes_avg.load = 39.3846
stat.pool.101.memq.other.ahead_bytes_max.load = 128
stat.pool.101.memq.other.ahead_pkts_avg.rfo = 0.846154
stat.pool.101.memq.other.ahead_pkts_max.rfo = 3
stat.pool.101.memq.other.ahead_bytes_avg.rfo = 54.1538
stat.pool.101.memq.other.ahead_bytes_max.rfo = 192
stat.pool.101.memq.other.ahead_pkts_avg.write = 1.92308
stat.pool.101.memq.other.ahead_pkts_max.write = 3
stat.pool.101.memq.other.ahead_bytes_avg.write = 123.077
stat.pool.101.memq.other.ahead_bytes_max.write = 192
stat.pool.101.memq.other.ahead_pkts_avg.other = 0
stat.pool.101.memq.other.ahead_pkts_max.other = 0
stat.pool.101.memq.other.ahead_bytes_avg.other = 0
stat.pool.101.memq.other.ahead_bytes_max.other = 0
stat.pool.101.memq.other.queue_wait_bucket.0 = 0
stat.pool.101.memq.other.service_bucket.0 = 0
stat.pool.101.memq.other.total_bucket.0 = 0
stat.pool.101.memq.other.ahead_total_pkts_bucket.0 = 0
stat.pool.101.memq.other.ahead_total_bytes_bucket.0 = 0
stat.pool.101.memq.other.queue_wait_bucket.1_63 = 13
stat.pool.101.memq.other.service_bucket.1_63 = 0
stat.pool.101.memq.other.total_bucket.1_63 = 0
stat.pool.101.memq.other.ahead_total_pkts_bucket.1 = 2
stat.pool.101.memq.other.ahead_total_bytes_bucket.1_64 = 2
stat.pool.101.memq.other.queue_wait_bucket.64_255 = 0
stat.pool.101.memq.other.service_bucket.64_255 = 13
stat.pool.101.memq.other.total_bucket.64_255 = 13
stat.pool.101.memq.other.ahead_total_pkts_bucket.2 = 3
stat.pool.101.memq.other.ahead_total_bytes_bucket.65_256 = 8
stat.pool.101.memq.other.queue_wait_bucket.256_1023 = 0
stat.pool.101.memq.other.service_bucket.256_1023 = 0
stat.pool.101.memq.other.total_bucket.256_1023 = 0
stat.pool.101.memq.other.ahead_total_pkts_bucket.3_4 = 5
stat.pool.101.memq.other.ahead_total_bytes_bucket.257_1024 = 3
stat.pool.101.memq.other.queue_wait_bucket.1024_4095 = 0
stat.pool.101.memq.other.service_bucket.1024_4095 = 0
stat.pool.101.memq.other.total_bucket.1024_4095 = 0
stat.pool.101.memq.other.ahead_total_pkts_bucket.5_8 = 3
stat.pool.101.memq.other.ahead_total_bytes_bucket.1025_4096 = 0
stat.pool.101.memq.other.queue_wait_bucket.4096_plus = 0
stat.pool.101.memq.other.service_bucket.4096_plus = 0
stat.pool.101.memq.other.total_bucket.4096_plus = 0
stat.pool.101.memq.other.ahead_total_pkts_bucket.9_plus = 0
stat.pool.101.memq.other.ahead_total_bytes_bucket.4097_plus = 0
stat.pool.101.respq.other.attempted = 13
stat.pool.101.respq.other.completed = 13
stat.pool.101.respq.other.can_send_blocked = 0
stat.pool.101.respq.other.send_failed = 0
stat.pool.101.respq.other.wait_avg_cycles = 0
stat.pool.101.respq.other.wait_max_cycles = 0
stat.pool.101.response.returned_burst_max_pkts = 1
stat.pool.101.response.returned_burst_avg_pkts = 1
stat.pool.101.response.returned_burst_stddev_pkts = 0
stat.pool.101.response.returned_nonempty_frac = 0.00556108
stat.pool.101.response.sent_burst_max_pkts = 1
stat.pool.101.response.sent_burst_avg_pkts = 1
stat.pool.101.response.sent_burst_stddev_pkts = 0
stat.pool.101.response.sent_nonempty_frac = 0.00556108
stat.pool.101.response.blocked_cycles = 0
stat.pool.101.response.blocked_avg_pending_pkts = 0
stat.pool.101.response.blocked_max_pending_pkts = 0
stat.pool.101.response.returned_occ_avg_pkts = 0.00556108
stat.pool.101.response.returned_occ_stddev_pkts = 0.074365
stat.pool.101.response.returned_occ_max_pkts = 1
stat.pool.101.response.pending_occ_avg = 0.429827
stat.pool.101.response.pending_occ_stddev = 0.952727
stat.pool.101.response.pending_occ_max = 8
stat.pool.101.request.accept_src.distinct_avg = 1
stat.pool.101.request.accept_src.distinct_max = 1
stat.pool.101.request.accept_src.nonempty_frac = 0.0119559
stat.pool.101.request.blocked_src.distinct_avg = 0
stat.pool.101.request.blocked_src.distinct_max = 0
stat.pool.101.request.blocked_src.nonempty_frac = 0
stat.pool.101.pending.src.distinct_avg = 1
stat.pool.101.pending.src.distinct_max = 1
stat.pool.101.pending.src.nonempty_frac = 0.23085
stat.pool.101.pending.ready_src.distinct_avg = 0
stat.pool.101.pending.ready_src.distinct_max = 0
stat.pool.101.pending.ready_src.nonempty_frac = 0
stat.pool.101.response.ready_src.distinct_avg = 1
stat.pool.101.response.ready_src.distinct_max = 1
stat.pool.101.response.ready_src.nonempty_frac = 0.00556108
stat.pool.101.response.sent_dst.distinct_avg = 1
stat.pool.101.response.sent_dst.distinct_max = 1
stat.pool.101.response.sent_dst.nonempty_frac = 0.00556108
stat.pool.101.pending_episode.count = 3313
stat.pool.101.pending_episode.avg_cycles = 110.535
stat.pool.101.pending_episode.max_cycles = 391
stat.pool.101.pending_episode.avg_peak_occ = 2.42529
stat.pool.101.pending_episode.max_peak_occ = 8
stat.pool.101.pending_episode.avg_accepted = 3.60821
stat.pool.101.pending_episode.max_accepted = 16
stat.pool.101.pending_episode.avg_sent = 2.66164
stat.pool.101.pending_episode.max_sent = 8
stat.pool.101.pending_episode.avg_pending_distinct_src = 1
stat.pool.101.pending_episode.max_pending_distinct_src = 1
stat.pool.101.pending_episode.avg_ready_distinct_src = 0
stat.pool.101.pending_episode.max_ready_distinct_src = 0
stat.pool.101.pending_episode.avg_sent_distinct_dst = 1
stat.pool.101.pending_episode.max_sent_distinct_dst = 1
stat.pool.101.response.returned_episode.count = 8824
stat.pool.101.response.returned_episode.avg_cycles = 1
stat.pool.101.response.returned_episode.max_cycles = 1
stat.pool.101.response.returned_episode.avg_peak_occ = 1
stat.pool.101.response.returned_episode.max_peak_occ = 1
stat.pool.101.response.returned_episode.avg_sent = 1
stat.pool.101.response.returned_episode.max_sent = 1
stat.pool.101.response.returned_episode.avg_ready_distinct_src = 1
stat.pool.101.response.returned_episode.max_ready_distinct_src = 1
stat.pool.101.response.returned_episode.avg_sent_distinct_dst = 1
stat.pool.101.response.returned_episode.max_sent_distinct_dst = 1
stat.pool.101.node.0.pending_occ_avg = 0.429827
stat.pool.101.node.0.pending_occ_max = 8
stat.pool.101.node.0.ready_occ_avg = 0
stat.pool.101.node.0.ready_occ_max = 0
stat.pool.101.node.0.pending_age_avg_cycles = 38.1449
stat.pool.101.node.0.pending_age_max_cycles = 82
stat.pool.101.node.0.ready_age_avg_cycles = 0
stat.pool.101.node.0.ready_age_max_cycles = 0
stat.pool.101.node.0.request_enqueued.load = 4505
stat.pool.101.node.0.request_blocked.load = 0
stat.pool.101.node.0.response_ready.load = 4505
stat.pool.101.node.0.response_sent.load = 4505
stat.pool.101.node.0.response_blocked.load = 0
stat.pool.101.node.0.pending_occ_avg.load = 0.219535
stat.pool.101.node.0.pending_occ_max.load = 6
stat.pool.101.node.0.ready_occ_avg.load = 0
stat.pool.101.node.0.ready_occ_max.load = 0
stat.pool.101.node.0.mem_ready_avg_cycles.load = 76.3241
stat.pool.101.node.0.mem_ready_max_cycles.load = 82
stat.pool.101.node.0.response_wait_avg_cycles.load = 0
stat.pool.101.node.0.response_wait_max_cycles.load = 0
stat.pool.101.node.0.request_enqueue_gap_avg_cycles.load = 237.58
stat.pool.101.node.0.request_enqueue_gap_max_cycles.load = 1680
stat.pool.101.node.0.response_ready_gap_avg_cycles.load = 237.581
stat.pool.101.node.0.response_ready_gap_max_cycles.load = 1680
stat.pool.101.node.0.response_sent_gap_avg_cycles.load = 237.581
stat.pool.101.node.0.response_sent_gap_max_cycles.load = 1680
stat.pool.101.node.0.total_turnaround_avg_cycles.load = 76.3241
stat.pool.101.node.0.total_turnaround_max_cycles.load = 82
stat.pool.101.node.0.request_enqueued.rfo = 4307
stat.pool.101.node.0.request_blocked.rfo = 0
stat.pool.101.node.0.response_ready.rfo = 4306
stat.pool.101.node.0.response_sent.rfo = 4306
stat.pool.101.node.0.response_blocked.rfo = 0
stat.pool.101.node.0.pending_occ_avg.rfo = 0.20966
stat.pool.101.node.0.pending_occ_max.rfo = 8
stat.pool.101.node.0.ready_occ_avg.rfo = 0
stat.pool.101.node.0.ready_occ_max.rfo = 0
stat.pool.101.node.0.mem_ready_avg_cycles.rfo = 76.2431
stat.pool.101.node.0.mem_ready_max_cycles.rfo = 82
stat.pool.101.node.0.response_wait_avg_cycles.rfo = 0
stat.pool.101.node.0.response_wait_max_cycles.rfo = 0
stat.pool.101.node.0.request_enqueue_gap_avg_cycles.rfo = 248.51
stat.pool.101.node.0.request_enqueue_gap_max_cycles.rfo = 1614
stat.pool.101.node.0.response_ready_gap_avg_cycles.rfo = 248.565
stat.pool.101.node.0.response_ready_gap_max_cycles.rfo = 1613
stat.pool.101.node.0.response_sent_gap_avg_cycles.rfo = 248.565
stat.pool.101.node.0.response_sent_gap_max_cycles.rfo = 1613
stat.pool.101.node.0.total_turnaround_avg_cycles.rfo = 76.2431
stat.pool.101.node.0.total_turnaround_max_cycles.rfo = 82
stat.pool.101.node.0.request_enqueued.write = 10146
stat.pool.101.node.0.request_blocked.write = 0
stat.pool.101.node.0.response_ready.write = 0
stat.pool.101.node.0.response_sent.write = 0
stat.pool.101.node.0.response_blocked.write = 0
stat.pool.101.node.0.pending_occ_avg.write = 0
stat.pool.101.node.0.pending_occ_max.write = 0
stat.pool.101.node.0.ready_occ_avg.write = 0
stat.pool.101.node.0.ready_occ_max.write = 0
stat.pool.101.node.0.mem_ready_avg_cycles.write = 0
stat.pool.101.node.0.mem_ready_max_cycles.write = 0
stat.pool.101.node.0.response_wait_avg_cycles.write = 0
stat.pool.101.node.0.response_wait_max_cycles.write = 0
stat.pool.101.node.0.request_enqueue_gap_avg_cycles.write = 105.41
stat.pool.101.node.0.request_enqueue_gap_max_cycles.write = 1295
stat.pool.101.node.0.response_ready_gap_avg_cycles.write = 0
stat.pool.101.node.0.response_ready_gap_max_cycles.write = 0
stat.pool.101.node.0.response_sent_gap_avg_cycles.write = 0
stat.pool.101.node.0.response_sent_gap_max_cycles.write = 0
stat.pool.101.node.0.total_turnaround_avg_cycles.write = 0
stat.pool.101.node.0.total_turnaround_max_cycles.write = 0
stat.pool.101.node.0.request_enqueued.other = 13
stat.pool.101.node.0.request_blocked.other = 0
stat.pool.101.node.0.response_ready.other = 13
stat.pool.101.node.0.response_sent.other = 13
stat.pool.101.node.0.response_blocked.other = 0
stat.pool.101.node.0.pending_occ_avg.other = 0.000632112
stat.pool.101.node.0.pending_occ_max.other = 1
stat.pool.101.node.0.ready_occ_avg.other = 0
stat.pool.101.node.0.ready_occ_max.other = 0
stat.pool.101.node.0.mem_ready_avg_cycles.other = 76.1538
stat.pool.101.node.0.mem_ready_max_cycles.other = 78
stat.pool.101.node.0.response_wait_avg_cycles.other = 0
stat.pool.101.node.0.response_wait_max_cycles.other = 0
stat.pool.101.node.0.request_enqueue_gap_avg_cycles.other = 83938.4
stat.pool.101.node.0.request_enqueue_gap_max_cycles.other = 283673
stat.pool.101.node.0.response_ready_gap_avg_cycles.other = 83938.2
stat.pool.101.node.0.response_ready_gap_max_cycles.other = 283673
stat.pool.101.node.0.response_sent_gap_avg_cycles.other = 83938.2
stat.pool.101.node.0.response_sent_gap_max_cycles.other = 283673
stat.pool.101.node.0.total_turnaround_avg_cycles.other = 76.1538
stat.pool.101.node.0.total_turnaround_max_cycles.other = 78
stat.pool.101.fabric.ingress_wait_avg_cycles = 139.248
stat.pool.101.fabric.egress_wait_avg_cycles = 1
stat.pool.101.fabric.ingress_wait_max_cycles = 146
stat.pool.101.fabric.egress_wait_max_cycles = 1
stat.pool.101.fabric.ingress_queue_wait_avg_cycles = 4.01682
stat.pool.101.fabric.ingress_queue_wait_max_cycles = 22
stat.pool.101.fabric.ingress_occ_bytes = 0
stat.pool.101.fabric.ready_wait_avg_cycles = 0
stat.pool.101.fabric.ready_wait_max_cycles = 0
stat.pool.101.fabric.ready_occ_avg_pkts = 0.0119559
stat.pool.101.fabric.ready_occ_pkts = 0
stat.pool.101.fabric.ready_occ_max_pkts = 1
stat.pool.101.fabric.ready_retry_count = 0
stat.pool.101.fabric.ingress_arrival_burst_max_pkts = 1
stat.pool.101.fabric.ingress_arrival_burst_max_bytes = 64
stat.pool.101.fabric.ingress_arrival_burst_avg_pkts = 1
stat.pool.101.fabric.ingress_arrival_burst_avg_bytes = 37.9497
stat.pool.101.fabric.ingress_arrival_burst_stddev_pkts = 0
stat.pool.101.fabric.ingress_arrival_burst_stddev_bytes = 27.932
stat.pool.101.fabric.ingress_arrival_nonempty_frac = 0.0119559
stat.pool.101.fabric.ingress_arrival_run_max_cycles = 1
stat.pool.101.fabric.ingress_arrival_run_avg_cycles = 1
stat.pool.101.fabric.ingress_arrival_run_stddev_cycles = 0
stat.pool.101.fabric.ingress_arrival_gap_max_cycles = 748
stat.pool.101.fabric.ingress_arrival_gap_avg_cycles = 55.4093
stat.pool.101.fabric.ingress_arrival_gap_stddev_cycles = 95.7981
stat.pool.101.fabric.ingress_release_burst_max_pkts = 1
stat.pool.101.fabric.ingress_release_burst_max_bytes = 64
stat.pool.101.fabric.ingress_release_burst_avg_pkts = 1
stat.pool.101.fabric.ingress_release_burst_avg_bytes = 37.9497
stat.pool.101.fabric.ingress_release_burst_stddev_pkts = 0
stat.pool.101.fabric.ingress_release_burst_stddev_bytes = 27.932
stat.pool.101.fabric.ingress_release_nonempty_frac = 0.0119559
stat.pool.101.fabric.ingress_release_run_max_cycles = 1
stat.pool.101.fabric.ingress_release_run_avg_cycles = 1
stat.pool.101.fabric.ingress_release_run_stddev_cycles = 0
stat.pool.101.fabric.ingress_release_gap_max_cycles = 760
stat.pool.101.fabric.ingress_release_gap_avg_cycles = 55.4099
stat.pool.101.fabric.ingress_release_gap_stddev_cycles = 99.9849
stat.pool.101.fabric.ingress_occ_avg_bytes = 64.7923
stat.pool.101.fabric.ingress_occ_stddev_bytes = 90.1313
stat.pool.101.fabric.ingress_occ_max_bytes = 408
stat.pool.101.fabric.ingress_occ_nonempty_frac = 0.460567
stat.pool.101.fabric.ingress_occ_run_max_cycles = 1406
stat.pool.101.fabric.ingress_occ_run_avg_cycles = 384.835
stat.pool.101.fabric.ingress_occ_run_stddev_cycles = 161.004
stat.pool.101.fabric.ingress_occ_gap_max_cycles = 617
stat.pool.101.fabric.ingress_occ_gap_avg_cycles = 178.764
stat.pool.101.fabric.ingress_occ_gap_stddev_cycles = 125.543
stat.pool.101.fabric.rx_bytes.demand_req = 70496
stat.pool.101.fabric.tx_bytes.demand_req = 0
stat.pool.101.fabric.rx_pkts.demand_req = 8812
stat.pool.101.fabric.tx_pkts.demand_req = 0
stat.pool.101.fabric.rx_bytes.write_req = 649344
stat.pool.101.fabric.tx_bytes.write_req = 0
stat.pool.101.fabric.rx_pkts.write_req = 10146
stat.pool.101.fabric.tx_pkts.write_req = 0
stat.pool.101.fabric.rx_bytes.response = 0
stat.pool.101.fabric.tx_bytes.response = 564672
stat.pool.101.fabric.rx_pkts.response = 0
stat.pool.101.fabric.tx_pkts.response = 8823
stat.pool.101.fabric.rx_bytes.other_req = 104
stat.pool.101.fabric.tx_bytes.other_req = 0
stat.pool.101.fabric.rx_pkts.other_req = 13
stat.pool.101.fabric.tx_pkts.other_req = 0
stat.pool.101.port.switch.ingress_wait_avg_cycles = 139.248
stat.pool.101.port.switch.ingress_wait_max_cycles = 146
stat.pool.101.port.switch.egress_wait_avg_cycles = 1
stat.pool.101.port.switch.egress_wait_max_cycles = 1
stat.pool.101.port.switch.ingress_queue_wait_avg_cycles = 4.01682
stat.pool.101.port.switch.ingress_queue_wait_max_cycles = 22
stat.pool.101.port.switch.egress_occ_avg_bytes = 0
stat.pool.101.port.switch.egress_occ_stddev_bytes = 0
stat.pool.101.port.switch.egress_occ_max_bytes = 0
stat.pool.101.port.switch.egress_occ_nonempty_frac = 0
stat.pool.101.port.switch.egress_blocked_cycles = 0
stat.pool.101.port.switch.egress_blocked_nonempty_frac = 0
stat.pool.101.port.switch.egress_blocked_avg_occ_bytes = 0
stat.pool.101.port.switch.egress_blocked_max_occ_bytes = 0
stat.pool.101.port.switch.egress_send_burst_max_pkts = 1
stat.pool.101.port.switch.egress_send_burst_max_bytes = 64
stat.pool.101.port.switch.egress_send_burst_avg_pkts = 1
stat.pool.101.port.switch.egress_send_burst_avg_bytes = 64
stat.pool.101.port.switch.egress_send_burst_stddev_pkts = 0
stat.pool.101.port.switch.egress_send_burst_stddev_bytes = 0
stat.pool.101.port.switch.egress_send_nonempty_frac = 0.00556045
stat.pool.101.port.switch.ingress_arrival_burst_avg_bytes = 37.9497
stat.pool.101.port.switch.ingress_arrival_nonempty_frac = 0.0119559
stat.pool.101.port.switch.ingress_arrival_run_max_cycles = 1
stat.pool.101.port.switch.ingress_arrival_run_avg_cycles = 1
stat.pool.101.port.switch.ingress_arrival_gap_max_cycles = 748
stat.pool.101.port.switch.ingress_arrival_gap_avg_cycles = 55.4093
stat.pool.101.port.switch.ingress_release_burst_avg_bytes = 37.9497
stat.pool.101.port.switch.ingress_release_nonempty_frac = 0.0119559
stat.pool.101.port.switch.ingress_release_run_max_cycles = 1
stat.pool.101.port.switch.ingress_release_run_avg_cycles = 1
stat.pool.101.port.switch.ingress_release_gap_max_cycles = 760
stat.pool.101.port.switch.ingress_release_gap_avg_cycles = 55.4099
stat.pool.101.port.switch.ingress_occ_avg_bytes = 64.7923
stat.pool.101.port.switch.ingress_occ_stddev_bytes = 90.1313
stat.pool.101.port.switch.ingress_occ_max_bytes = 408
stat.pool.101.port.switch.ingress_occ_nonempty_frac = 0.460567
stat.pool.101.port.switch.ingress_occ_run_max_cycles = 1406
stat.pool.101.port.switch.ingress_occ_run_avg_cycles = 384.835
stat.pool.101.port.switch.ingress_occ_gap_max_cycles = 617
stat.pool.101.port.switch.ingress_occ_gap_avg_cycles = 178.764
stat.pool.101.port.switch.ingress_wait_avg_cycles.demand_req = 132.617
stat.pool.101.port.switch.ingress_wait_max_cycles.demand_req = 146
stat.pool.101.port.switch.ingress_queue_wait_avg_cycles.demand_req = 8.617
stat.pool.101.port.switch.ingress_queue_wait_max_cycles.demand_req = 22
stat.pool.101.port.switch.egress_wait_avg_cycles.demand_req = 0
stat.pool.101.port.switch.egress_wait_max_cycles.demand_req = 0
stat.pool.101.port.switch.egress_occ_avg_bytes.demand_req = 0
stat.pool.101.port.switch.egress_occ_max_bytes.demand_req = 0
stat.pool.101.port.switch.egress_blocked_cycles.demand_req = 0
stat.pool.101.port.switch.ingress_arrival_empty_packets.demand_req = 199
stat.pool.101.port.switch.ingress_arrival_nonempty_packets.demand_req = 8613
stat.pool.101.port.switch.ingress_arrival_nonempty_packet_frac.demand_req = 0.977417
stat.pool.101.port.switch.ingress_nonempty_arrival_pre_occ_avg_bytes.demand_req = 183.488
stat.pool.101.port.switch.ingress_nonempty_arrival_pre_occ_max_bytes.demand_req = 400
stat.pool.101.port.switch.ingress_release_after_empty_arrival_packets.demand_req = 199
stat.pool.101.port.switch.ingress_release_after_nonempty_arrival_packets.demand_req = 8613
stat.pool.101.port.switch.ingress_wait_after_empty_arrival_avg_cycles.demand_req = 124
stat.pool.101.port.switch.ingress_wait_after_nonempty_arrival_avg_cycles.demand_req = 132.816
stat.pool.101.port.switch.ingress_queue_wait_after_empty_arrival_avg_cycles.demand_req = 0
stat.pool.101.port.switch.ingress_queue_wait_after_nonempty_arrival_avg_cycles.demand_req = 8.81609
stat.pool.101.port.switch.ingress_queue_wait_after_empty_arrival_max_cycles.demand_req = 0
stat.pool.101.port.switch.ingress_queue_wait_after_nonempty_arrival_max_cycles.demand_req = 22
stat.pool.101.port.switch.rx_bytes.demand_req = 70496
stat.pool.101.port.switch.tx_bytes.demand_req = 0
stat.pool.101.port.switch.rx_pkts.demand_req = 8812
stat.pool.101.port.switch.tx_pkts.demand_req = 0
stat.pool.101.port.switch.ingress_wait_avg_cycles.write_req = 145.017
stat.pool.101.port.switch.ingress_wait_max_cycles.write_req = 146
stat.pool.101.port.switch.ingress_queue_wait_avg_cycles.write_req = 0.0172482
stat.pool.101.port.switch.ingress_queue_wait_max_cycles.write_req = 1
stat.pool.101.port.switch.egress_wait_avg_cycles.write_req = 0
stat.pool.101.port.switch.egress_wait_max_cycles.write_req = 0
stat.pool.101.port.switch.egress_occ_avg_bytes.write_req = 0
stat.pool.101.port.switch.egress_occ_max_bytes.write_req = 0
stat.pool.101.port.switch.egress_blocked_cycles.write_req = 0
stat.pool.101.port.switch.ingress_arrival_empty_packets.write_req = 1700
stat.pool.101.port.switch.ingress_arrival_nonempty_packets.write_req = 8446
stat.pool.101.port.switch.ingress_arrival_nonempty_packet_frac.write_req = 0.832446
stat.pool.101.port.switch.ingress_nonempty_arrival_pre_occ_avg_bytes.write_req = 147.806
stat.pool.101.port.switch.ingress_nonempty_arrival_pre_occ_max_bytes.write_req = 344
stat.pool.101.port.switch.ingress_release_after_empty_arrival_packets.write_req = 1700
stat.pool.101.port.switch.ingress_release_after_nonempty_arrival_packets.write_req = 8446
stat.pool.101.port.switch.ingress_wait_after_empty_arrival_avg_cycles.write_req = 145
stat.pool.101.port.switch.ingress_wait_after_nonempty_arrival_avg_cycles.write_req = 145.021
stat.pool.101.port.switch.ingress_queue_wait_after_empty_arrival_avg_cycles.write_req = 0
stat.pool.101.port.switch.ingress_queue_wait_after_nonempty_arrival_avg_cycles.write_req = 0.0207199
stat.pool.101.port.switch.ingress_queue_wait_after_empty_arrival_max_cycles.write_req = 0
stat.pool.101.port.switch.ingress_queue_wait_after_nonempty_arrival_max_cycles.write_req = 1
stat.pool.101.port.switch.rx_bytes.write_req = 649344
stat.pool.101.port.switch.tx_bytes.write_req = 0
stat.pool.101.port.switch.rx_pkts.write_req = 10146
stat.pool.101.port.switch.tx_pkts.write_req = 0
stat.pool.101.port.switch.ingress_wait_avg_cycles.response = 0
stat.pool.101.port.switch.ingress_wait_max_cycles.response = 0
stat.pool.101.port.switch.ingress_queue_wait_avg_cycles.response = 0
stat.pool.101.port.switch.ingress_queue_wait_max_cycles.response = 0
stat.pool.101.port.switch.egress_wait_avg_cycles.response = 1
stat.pool.101.port.switch.egress_wait_max_cycles.response = 1
stat.pool.101.port.switch.egress_occ_avg_bytes.response = 0
stat.pool.101.port.switch.egress_occ_max_bytes.response = 0
stat.pool.101.port.switch.egress_blocked_cycles.response = 0
stat.pool.101.port.switch.ingress_arrival_empty_packets.response = 0
stat.pool.101.port.switch.ingress_arrival_nonempty_packets.response = 0
stat.pool.101.port.switch.ingress_arrival_nonempty_packet_frac.response = 0
stat.pool.101.port.switch.ingress_nonempty_arrival_pre_occ_avg_bytes.response = 0
stat.pool.101.port.switch.ingress_nonempty_arrival_pre_occ_max_bytes.response = 0
stat.pool.101.port.switch.ingress_release_after_empty_arrival_packets.response = 0
stat.pool.101.port.switch.ingress_release_after_nonempty_arrival_packets.response = 0
stat.pool.101.port.switch.ingress_wait_after_empty_arrival_avg_cycles.response = 0
stat.pool.101.port.switch.ingress_wait_after_nonempty_arrival_avg_cycles.response = 0
stat.pool.101.port.switch.ingress_queue_wait_after_empty_arrival_avg_cycles.response = 0
stat.pool.101.port.switch.ingress_queue_wait_after_nonempty_arrival_avg_cycles.response = 0
stat.pool.101.port.switch.ingress_queue_wait_after_empty_arrival_max_cycles.response = 0
stat.pool.101.port.switch.ingress_queue_wait_after_nonempty_arrival_max_cycles.response = 0
stat.pool.101.port.switch.rx_bytes.response = 0
stat.pool.101.port.switch.tx_bytes.response = 564672
stat.pool.101.port.switch.rx_pkts.response = 0
stat.pool.101.port.switch.tx_pkts.response = 8823
stat.pool.101.port.switch.ingress_wait_avg_cycles.other_req = 131.308
stat.pool.101.port.switch.ingress_wait_max_cycles.other_req = 145
stat.pool.101.port.switch.ingress_queue_wait_avg_cycles.other_req = 7.30769
stat.pool.101.port.switch.ingress_queue_wait_max_cycles.other_req = 21
stat.pool.101.port.switch.egress_wait_avg_cycles.other_req = 0
stat.pool.101.port.switch.egress_wait_max_cycles.other_req = 0
stat.pool.101.port.switch.egress_occ_avg_bytes.other_req = 0
stat.pool.101.port.switch.egress_occ_max_bytes.other_req = 0
stat.pool.101.port.switch.egress_blocked_cycles.other_req = 0
stat.pool.101.port.switch.ingress_arrival_empty_packets.other_req = 0
stat.pool.101.port.switch.ingress_arrival_nonempty_packets.other_req = 13
stat.pool.101.port.switch.ingress_arrival_nonempty_packet_frac.other_req = 1
stat.pool.101.port.switch.ingress_nonempty_arrival_pre_occ_avg_bytes.other_req = 176
stat.pool.101.port.switch.ingress_nonempty_arrival_pre_occ_max_bytes.other_req = 280
stat.pool.101.port.switch.ingress_release_after_empty_arrival_packets.other_req = 0
stat.pool.101.port.switch.ingress_release_after_nonempty_arrival_packets.other_req = 13
stat.pool.101.port.switch.ingress_wait_after_empty_arrival_avg_cycles.other_req = 0
stat.pool.101.port.switch.ingress_wait_after_nonempty_arrival_avg_cycles.other_req = 131.308
stat.pool.101.port.switch.ingress_queue_wait_after_empty_arrival_avg_cycles.other_req = 0
stat.pool.101.port.switch.ingress_queue_wait_after_nonempty_arrival_avg_cycles.other_req = 7.30769
stat.pool.101.port.switch.ingress_queue_wait_after_empty_arrival_max_cycles.other_req = 0
stat.pool.101.port.switch.ingress_queue_wait_after_nonempty_arrival_max_cycles.other_req = 21
stat.pool.101.port.switch.rx_bytes.other_req = 104
stat.pool.101.port.switch.tx_bytes.other_req = 0
stat.pool.101.port.switch.rx_pkts.other_req = 13
stat.pool.101.port.switch.tx_pkts.other_req = 0
stat.pool.101.port.switch.ingress_occ_bucket_bytes.0 = 855941
stat.pool.101.port.switch.ready_occ_bucket_bytes.0 = 1567772
stat.pool.101.port.switch.ingress_occ_bucket_bytes.1_64 = 165810
stat.pool.101.port.switch.ready_occ_bucket_bytes.1_64 = 18971
stat.pool.101.port.switch.ingress_occ_bucket_bytes.65_256 = 480017
stat.pool.101.port.switch.ready_occ_bucket_bytes.65_256 = 0
stat.pool.101.port.switch.ingress_occ_bucket_bytes.257_1024 = 84975
stat.pool.101.port.switch.ready_occ_bucket_bytes.257_1024 = 0
stat.pool.101.port.switch.ingress_occ_bucket_bytes.1025_4096 = 0
stat.pool.101.port.switch.ready_occ_bucket_bytes.1025_4096 = 0
stat.pool.101.port.switch.ingress_occ_bucket_bytes.4097_plus = 0
stat.pool.101.port.switch.ready_occ_bucket_bytes.4097_plus = 0
stat.pool.101.port.switch.ingress_episode.count = 1899
stat.pool.101.port.switch.ingress_episode.avg_cycles = 384.835
stat.pool.101.port.switch.ingress_episode.max_cycles = 1406
stat.pool.101.port.switch.ingress_episode.avg_peak_occ_bytes = 234.827
stat.pool.101.port.switch.ingress_episode.max_peak_occ_bytes = 408
stat.pool.101.port.switch.ingress_episode.avg_arrival_pkts = 9.98999
stat.pool.101.port.switch.ingress_episode.max_arrival_pkts = 34
stat.pool.101.port.switch.ingress_episode.avg_arrival_bytes = 379.117
stat.pool.101.port.switch.ingress_episode.max_arrival_bytes = 1392
stat.pool.101.port.switch.ingress_episode.avg_release_pkts = 9.98999
stat.pool.101.port.switch.ingress_episode.max_release_pkts = 34
stat.pool.101.port.switch.ingress_episode.avg_release_bytes = 379.117
stat.pool.101.port.switch.ingress_episode.max_release_bytes = 1392
stat.pool.101.port.switch.ingress_episode.avg_wait_cycles = 1391.09
stat.pool.101.port.switch.ingress_episode.max_wait_cycles = 146
stat.pool.101.port.switch.ingress_episode.avg_queue_wait_cycles = 40.128
stat.pool.101.port.switch.ingress_episode.max_queue_wait_cycles = 22
stat.pool.101.port.switch.ingress_episode.avg_src_distinct = 1
stat.pool.101.port.switch.ingress_episode.max_src_distinct = 1
stat.pool.101.port.switch.ingress_episode.avg_dst_distinct = 1
stat.pool.101.port.switch.ingress_episode.max_dst_distinct = 1
stat.pool.101.port.switch.ingress_episode.avg_arrival_pkts.demand_req = 4.64034
stat.pool.101.port.switch.ingress_episode.max_arrival_pkts.demand_req = 14
stat.pool.101.port.switch.ingress_episode.avg_release_pkts.demand_req = 4.64034
stat.pool.101.port.switch.ingress_episode.max_release_pkts.demand_req = 14
stat.pool.101.port.switch.ingress_pre_occ_bucket.demand_req.0 = 199
stat.pool.101.port.switch.ingress_queue_wait_bucket.demand_req.0 = 4268
stat.pool.101.port.switch.ingress_pre_occ_bucket.demand_req.1_64 = 826
stat.pool.101.port.switch.ingress_queue_wait_bucket.demand_req.1_63 = 4544
stat.pool.101.port.switch.ingress_pre_occ_bucket.demand_req.65_256 = 5805
stat.pool.101.port.switch.ingress_queue_wait_bucket.demand_req.64_255 = 0
stat.pool.101.port.switch.ingress_pre_occ_bucket.demand_req.257_1024 = 1982
stat.pool.101.port.switch.ingress_queue_wait_bucket.demand_req.256_1023 = 0
stat.pool.101.port.switch.ingress_pre_occ_bucket.demand_req.1025_4096 = 0
stat.pool.101.port.switch.ingress_queue_wait_bucket.demand_req.1024_4095 = 0
stat.pool.101.port.switch.ingress_pre_occ_bucket.demand_req.4097_plus = 0
stat.pool.101.port.switch.ingress_queue_wait_bucket.demand_req.4096_plus = 0
stat.pool.101.port.switch.ingress_episode.avg_arrival_pkts.write_req = 5.34281
stat.pool.101.port.switch.ingress_episode.max_arrival_pkts.write_req = 20
stat.pool.101.port.switch.ingress_episode.avg_release_pkts.write_req = 5.34281
stat.pool.101.port.switch.ingress_episode.max_release_pkts.write_req = 20
stat.pool.101.port.switch.ingress_pre_occ_bucket.write_req.0 = 1700
stat.pool.101.port.switch.ingress_queue_wait_bucket.write_req.0 = 9971
stat.pool.101.port.switch.ingress_pre_occ_bucket.write_req.1_64 = 1826
stat.pool.101.port.switch.ingress_queue_wait_bucket.write_req.1_63 = 175
stat.pool.101.port.switch.ingress_pre_occ_bucket.write_req.65_256 = 5643
stat.pool.101.port.switch.ingress_queue_wait_bucket.write_req.64_255 = 0
stat.pool.101.port.switch.ingress_pre_occ_bucket.write_req.257_1024 = 977
stat.pool.101.port.switch.ingress_queue_wait_bucket.write_req.256_1023 = 0
stat.pool.101.port.switch.ingress_pre_occ_bucket.write_req.1025_4096 = 0
stat.pool.101.port.switch.ingress_queue_wait_bucket.write_req.1024_4095 = 0
stat.pool.101.port.switch.ingress_pre_occ_bucket.write_req.4097_plus = 0
stat.pool.101.port.switch.ingress_queue_wait_bucket.write_req.4096_plus = 0
stat.pool.101.port.switch.ingress_episode.avg_arrival_pkts.response = 0
stat.pool.101.port.switch.ingress_episode.max_arrival_pkts.response = 0
stat.pool.101.port.switch.ingress_episode.avg_release_pkts.response = 0
stat.pool.101.port.switch.ingress_episode.max_release_pkts.response = 0
stat.pool.101.port.switch.ingress_pre_occ_bucket.response.0 = 0
stat.pool.101.port.switch.ingress_queue_wait_bucket.response.0 = 0
stat.pool.101.port.switch.ingress_pre_occ_bucket.response.1_64 = 0
stat.pool.101.port.switch.ingress_queue_wait_bucket.response.1_63 = 0
stat.pool.101.port.switch.ingress_pre_occ_bucket.response.65_256 = 0
stat.pool.101.port.switch.ingress_queue_wait_bucket.response.64_255 = 0
stat.pool.101.port.switch.ingress_pre_occ_bucket.response.257_1024 = 0
stat.pool.101.port.switch.ingress_queue_wait_bucket.response.256_1023 = 0
stat.pool.101.port.switch.ingress_pre_occ_bucket.response.1025_4096 = 0
stat.pool.101.port.switch.ingress_queue_wait_bucket.response.1024_4095 = 0
stat.pool.101.port.switch.ingress_pre_occ_bucket.response.4097_plus = 0
stat.pool.101.port.switch.ingress_queue_wait_bucket.response.4096_plus = 0
stat.pool.101.port.switch.ingress_episode.avg_arrival_pkts.other_req = 0.00684571
stat.pool.101.port.switch.ingress_episode.max_arrival_pkts.other_req = 1
stat.pool.101.port.switch.ingress_episode.avg_release_pkts.other_req = 0.00684571
stat.pool.101.port.switch.ingress_episode.max_release_pkts.other_req = 1
stat.pool.101.port.switch.ingress_pre_occ_bucket.other_req.0 = 0
stat.pool.101.port.switch.ingress_queue_wait_bucket.other_req.0 = 7
stat.pool.101.port.switch.ingress_pre_occ_bucket.other_req.1_64 = 2
stat.pool.101.port.switch.ingress_queue_wait_bucket.other_req.1_63 = 6
stat.pool.101.port.switch.ingress_pre_occ_bucket.other_req.65_256 = 10
stat.pool.101.port.switch.ingress_queue_wait_bucket.other_req.64_255 = 0
stat.pool.101.port.switch.ingress_pre_occ_bucket.other_req.257_1024 = 1
stat.pool.101.port.switch.ingress_queue_wait_bucket.other_req.256_1023 = 0
stat.pool.101.port.switch.ingress_pre_occ_bucket.other_req.1025_4096 = 0
stat.pool.101.port.switch.ingress_queue_wait_bucket.other_req.1024_4095 = 0
stat.pool.101.port.switch.ingress_pre_occ_bucket.other_req.4097_plus = 0
stat.pool.101.port.switch.ingress_queue_wait_bucket.other_req.4096_plus = 0
stat.pool.101.port.switch.peer_src.0.rx_bytes.demand_req = 70496
stat.pool.101.port.switch.peer_src.0.rx_pkts.demand_req = 8812
stat.pool.101.port.switch.peer_src.0.tx_bytes.demand_req = 0
stat.pool.101.port.switch.peer_src.0.tx_pkts.demand_req = 0
stat.pool.101.port.switch.peer_src.0.ingress_arrivals.demand_req = 8812
stat.pool.101.port.switch.peer_src.0.ingress_arrival_nonempty_packet_frac.demand_req = 0.977417
stat.pool.101.port.switch.peer_src.0.ingress_nonempty_arrival_pre_occ_avg_bytes.demand_req = 183.488
stat.pool.101.port.switch.peer_src.0.ingress_nonempty_arrival_pre_occ_max_bytes.demand_req = 400
stat.pool.101.port.switch.peer_src.0.ingress_wait_avg_cycles.demand_req = 132.617
stat.pool.101.port.switch.peer_src.0.ingress_queue_wait_avg_cycles.demand_req = 8.617
stat.pool.101.port.switch.peer_src.0.ingress_queue_wait_after_nonempty_arrival_avg_cycles.demand_req = 8.81609
stat.pool.101.port.switch.peer_src.0.ingress_pre_occ_bucket.demand_req.0 = 199
stat.pool.101.port.switch.peer_src.0.ingress_queue_wait_bucket.demand_req.0 = 4268
stat.pool.101.port.switch.peer_src.0.ingress_pre_occ_bucket.demand_req.1_64 = 826
stat.pool.101.port.switch.peer_src.0.ingress_queue_wait_bucket.demand_req.1_63 = 4544
stat.pool.101.port.switch.peer_src.0.ingress_pre_occ_bucket.demand_req.65_256 = 5805
stat.pool.101.port.switch.peer_src.0.ingress_queue_wait_bucket.demand_req.64_255 = 0
stat.pool.101.port.switch.peer_src.0.ingress_pre_occ_bucket.demand_req.257_1024 = 1982
stat.pool.101.port.switch.peer_src.0.ingress_queue_wait_bucket.demand_req.256_1023 = 0
stat.pool.101.port.switch.peer_src.0.ingress_pre_occ_bucket.demand_req.1025_4096 = 0
stat.pool.101.port.switch.peer_src.0.ingress_queue_wait_bucket.demand_req.1024_4095 = 0
stat.pool.101.port.switch.peer_src.0.ingress_pre_occ_bucket.demand_req.4097_plus = 0
stat.pool.101.port.switch.peer_src.0.ingress_queue_wait_bucket.demand_req.4096_plus = 0
stat.pool.101.port.switch.peer_src.0.rx_bytes.write_req = 649344
stat.pool.101.port.switch.peer_src.0.rx_pkts.write_req = 10146
stat.pool.101.port.switch.peer_src.0.tx_bytes.write_req = 0
stat.pool.101.port.switch.peer_src.0.tx_pkts.write_req = 0
stat.pool.101.port.switch.peer_src.0.ingress_arrivals.write_req = 10146
stat.pool.101.port.switch.peer_src.0.ingress_arrival_nonempty_packet_frac.write_req = 0.832446
stat.pool.101.port.switch.peer_src.0.ingress_nonempty_arrival_pre_occ_avg_bytes.write_req = 147.806
stat.pool.101.port.switch.peer_src.0.ingress_nonempty_arrival_pre_occ_max_bytes.write_req = 344
stat.pool.101.port.switch.peer_src.0.ingress_wait_avg_cycles.write_req = 145.017
stat.pool.101.port.switch.peer_src.0.ingress_queue_wait_avg_cycles.write_req = 0.0172482
stat.pool.101.port.switch.peer_src.0.ingress_queue_wait_after_nonempty_arrival_avg_cycles.write_req = 0.0207199
stat.pool.101.port.switch.peer_src.0.ingress_pre_occ_bucket.write_req.0 = 1700
stat.pool.101.port.switch.peer_src.0.ingress_queue_wait_bucket.write_req.0 = 9971
stat.pool.101.port.switch.peer_src.0.ingress_pre_occ_bucket.write_req.1_64 = 1826
stat.pool.101.port.switch.peer_src.0.ingress_queue_wait_bucket.write_req.1_63 = 175
stat.pool.101.port.switch.peer_src.0.ingress_pre_occ_bucket.write_req.65_256 = 5643
stat.pool.101.port.switch.peer_src.0.ingress_queue_wait_bucket.write_req.64_255 = 0
stat.pool.101.port.switch.peer_src.0.ingress_pre_occ_bucket.write_req.257_1024 = 977
stat.pool.101.port.switch.peer_src.0.ingress_queue_wait_bucket.write_req.256_1023 = 0
stat.pool.101.port.switch.peer_src.0.ingress_pre_occ_bucket.write_req.1025_4096 = 0
stat.pool.101.port.switch.peer_src.0.ingress_queue_wait_bucket.write_req.1024_4095 = 0
stat.pool.101.port.switch.peer_src.0.ingress_pre_occ_bucket.write_req.4097_plus = 0
stat.pool.101.port.switch.peer_src.0.ingress_queue_wait_bucket.write_req.4096_plus = 0
stat.pool.101.port.switch.peer_src.0.rx_bytes.other_req = 104
stat.pool.101.port.switch.peer_src.0.rx_pkts.other_req = 13
stat.pool.101.port.switch.peer_src.0.tx_bytes.other_req = 0
stat.pool.101.port.switch.peer_src.0.tx_pkts.other_req = 0
stat.pool.101.port.switch.peer_src.0.ingress_arrivals.other_req = 13
stat.pool.101.port.switch.peer_src.0.ingress_arrival_nonempty_packet_frac.other_req = 1
stat.pool.101.port.switch.peer_src.0.ingress_nonempty_arrival_pre_occ_avg_bytes.other_req = 176
stat.pool.101.port.switch.peer_src.0.ingress_nonempty_arrival_pre_occ_max_bytes.other_req = 280
stat.pool.101.port.switch.peer_src.0.ingress_wait_avg_cycles.other_req = 131.308
stat.pool.101.port.switch.peer_src.0.ingress_queue_wait_avg_cycles.other_req = 7.30769
stat.pool.101.port.switch.peer_src.0.ingress_queue_wait_after_nonempty_arrival_avg_cycles.other_req = 7.30769
stat.pool.101.port.switch.peer_src.0.ingress_pre_occ_bucket.other_req.0 = 0
stat.pool.101.port.switch.peer_src.0.ingress_queue_wait_bucket.other_req.0 = 7
stat.pool.101.port.switch.peer_src.0.ingress_pre_occ_bucket.other_req.1_64 = 2
stat.pool.101.port.switch.peer_src.0.ingress_queue_wait_bucket.other_req.1_63 = 6
stat.pool.101.port.switch.peer_src.0.ingress_pre_occ_bucket.other_req.65_256 = 10
stat.pool.101.port.switch.peer_src.0.ingress_queue_wait_bucket.other_req.64_255 = 0
stat.pool.101.port.switch.peer_src.0.ingress_pre_occ_bucket.other_req.257_1024 = 1
stat.pool.101.port.switch.peer_src.0.ingress_queue_wait_bucket.other_req.256_1023 = 0
stat.pool.101.port.switch.peer_src.0.ingress_pre_occ_bucket.other_req.1025_4096 = 0
stat.pool.101.port.switch.peer_src.0.ingress_queue_wait_bucket.other_req.1024_4095 = 0
stat.pool.101.port.switch.peer_src.0.ingress_pre_occ_bucket.other_req.4097_plus = 0
stat.pool.101.port.switch.peer_src.0.ingress_queue_wait_bucket.other_req.4096_plus = 0
stat.pool.101.port.switch.peer_dst.101.rx_bytes.demand_req = 70496
stat.pool.101.port.switch.peer_dst.101.rx_pkts.demand_req = 8812
stat.pool.101.port.switch.peer_dst.101.tx_bytes.demand_req = 0
stat.pool.101.port.switch.peer_dst.101.tx_pkts.demand_req = 0
stat.pool.101.port.switch.peer_dst.101.ingress_arrivals.demand_req = 8812
stat.pool.101.port.switch.peer_dst.101.ingress_arrival_nonempty_packet_frac.demand_req = 0.977417
stat.pool.101.port.switch.peer_dst.101.ingress_nonempty_arrival_pre_occ_avg_bytes.demand_req = 183.488
stat.pool.101.port.switch.peer_dst.101.ingress_nonempty_arrival_pre_occ_max_bytes.demand_req = 400
stat.pool.101.port.switch.peer_dst.101.ingress_wait_avg_cycles.demand_req = 132.617
stat.pool.101.port.switch.peer_dst.101.ingress_queue_wait_avg_cycles.demand_req = 8.617
stat.pool.101.port.switch.peer_dst.101.ingress_queue_wait_after_nonempty_arrival_avg_cycles.demand_req = 8.81609
stat.pool.101.port.switch.peer_dst.101.ingress_pre_occ_bucket.demand_req.0 = 199
stat.pool.101.port.switch.peer_dst.101.ingress_queue_wait_bucket.demand_req.0 = 4268
stat.pool.101.port.switch.peer_dst.101.ingress_pre_occ_bucket.demand_req.1_64 = 826
stat.pool.101.port.switch.peer_dst.101.ingress_queue_wait_bucket.demand_req.1_63 = 4544
stat.pool.101.port.switch.peer_dst.101.ingress_pre_occ_bucket.demand_req.65_256 = 5805
stat.pool.101.port.switch.peer_dst.101.ingress_queue_wait_bucket.demand_req.64_255 = 0
stat.pool.101.port.switch.peer_dst.101.ingress_pre_occ_bucket.demand_req.257_1024 = 1982
stat.pool.101.port.switch.peer_dst.101.ingress_queue_wait_bucket.demand_req.256_1023 = 0
stat.pool.101.port.switch.peer_dst.101.ingress_pre_occ_bucket.demand_req.1025_4096 = 0
stat.pool.101.port.switch.peer_dst.101.ingress_queue_wait_bucket.demand_req.1024_4095 = 0
stat.pool.101.port.switch.peer_dst.101.ingress_pre_occ_bucket.demand_req.4097_plus = 0
stat.pool.101.port.switch.peer_dst.101.ingress_queue_wait_bucket.demand_req.4096_plus = 0
stat.pool.101.port.switch.peer_dst.101.rx_bytes.write_req = 649344
stat.pool.101.port.switch.peer_dst.101.rx_pkts.write_req = 10146
stat.pool.101.port.switch.peer_dst.101.tx_bytes.write_req = 0
stat.pool.101.port.switch.peer_dst.101.tx_pkts.write_req = 0
stat.pool.101.port.switch.peer_dst.101.ingress_arrivals.write_req = 10146
stat.pool.101.port.switch.peer_dst.101.ingress_arrival_nonempty_packet_frac.write_req = 0.832446
stat.pool.101.port.switch.peer_dst.101.ingress_nonempty_arrival_pre_occ_avg_bytes.write_req = 147.806
stat.pool.101.port.switch.peer_dst.101.ingress_nonempty_arrival_pre_occ_max_bytes.write_req = 344
stat.pool.101.port.switch.peer_dst.101.ingress_wait_avg_cycles.write_req = 145.017
stat.pool.101.port.switch.peer_dst.101.ingress_queue_wait_avg_cycles.write_req = 0.0172482
stat.pool.101.port.switch.peer_dst.101.ingress_queue_wait_after_nonempty_arrival_avg_cycles.write_req = 0.0207199
stat.pool.101.port.switch.peer_dst.101.ingress_pre_occ_bucket.write_req.0 = 1700
stat.pool.101.port.switch.peer_dst.101.ingress_queue_wait_bucket.write_req.0 = 9971
stat.pool.101.port.switch.peer_dst.101.ingress_pre_occ_bucket.write_req.1_64 = 1826
stat.pool.101.port.switch.peer_dst.101.ingress_queue_wait_bucket.write_req.1_63 = 175
stat.pool.101.port.switch.peer_dst.101.ingress_pre_occ_bucket.write_req.65_256 = 5643
stat.pool.101.port.switch.peer_dst.101.ingress_queue_wait_bucket.write_req.64_255 = 0
stat.pool.101.port.switch.peer_dst.101.ingress_pre_occ_bucket.write_req.257_1024 = 977
stat.pool.101.port.switch.peer_dst.101.ingress_queue_wait_bucket.write_req.256_1023 = 0
stat.pool.101.port.switch.peer_dst.101.ingress_pre_occ_bucket.write_req.1025_4096 = 0
stat.pool.101.port.switch.peer_dst.101.ingress_queue_wait_bucket.write_req.1024_4095 = 0
stat.pool.101.port.switch.peer_dst.101.ingress_pre_occ_bucket.write_req.4097_plus = 0
stat.pool.101.port.switch.peer_dst.101.ingress_queue_wait_bucket.write_req.4096_plus = 0
stat.pool.101.port.switch.peer_dst.101.rx_bytes.other_req = 104
stat.pool.101.port.switch.peer_dst.101.rx_pkts.other_req = 13
stat.pool.101.port.switch.peer_dst.101.tx_bytes.other_req = 0
stat.pool.101.port.switch.peer_dst.101.tx_pkts.other_req = 0
stat.pool.101.port.switch.peer_dst.101.ingress_arrivals.other_req = 13
stat.pool.101.port.switch.peer_dst.101.ingress_arrival_nonempty_packet_frac.other_req = 1
stat.pool.101.port.switch.peer_dst.101.ingress_nonempty_arrival_pre_occ_avg_bytes.other_req = 176
stat.pool.101.port.switch.peer_dst.101.ingress_nonempty_arrival_pre_occ_max_bytes.other_req = 280
stat.pool.101.port.switch.peer_dst.101.ingress_wait_avg_cycles.other_req = 131.308
stat.pool.101.port.switch.peer_dst.101.ingress_queue_wait_avg_cycles.other_req = 7.30769
stat.pool.101.port.switch.peer_dst.101.ingress_queue_wait_after_nonempty_arrival_avg_cycles.other_req = 7.30769
stat.pool.101.port.switch.peer_dst.101.ingress_pre_occ_bucket.other_req.0 = 0
stat.pool.101.port.switch.peer_dst.101.ingress_queue_wait_bucket.other_req.0 = 7
stat.pool.101.port.switch.peer_dst.101.ingress_pre_occ_bucket.other_req.1_64 = 2
stat.pool.101.port.switch.peer_dst.101.ingress_queue_wait_bucket.other_req.1_63 = 6
stat.pool.101.port.switch.peer_dst.101.ingress_pre_occ_bucket.other_req.65_256 = 10
stat.pool.101.port.switch.peer_dst.101.ingress_queue_wait_bucket.other_req.64_255 = 0
stat.pool.101.port.switch.peer_dst.101.ingress_pre_occ_bucket.other_req.257_1024 = 1
stat.pool.101.port.switch.peer_dst.101.ingress_queue_wait_bucket.other_req.256_1023 = 0
stat.pool.101.port.switch.peer_dst.101.ingress_pre_occ_bucket.other_req.1025_4096 = 0
stat.pool.101.port.switch.peer_dst.101.ingress_queue_wait_bucket.other_req.1024_4095 = 0
stat.pool.101.port.switch.peer_dst.101.ingress_pre_occ_bucket.other_req.4097_plus = 0
stat.pool.101.port.switch.peer_dst.101.ingress_queue_wait_bucket.other_req.4096_plus = 0
stat.pool.101.port.switch.tx_src.101.rx_bytes.response = 0
stat.pool.101.port.switch.tx_src.101.rx_pkts.response = 0
stat.pool.101.port.switch.tx_src.101.tx_bytes.response = 564672
stat.pool.101.port.switch.tx_src.101.tx_pkts.response = 8823
stat.pool.101.port.switch.tx_src.101.ingress_arrivals.response = 0
stat.pool.101.port.switch.tx_src.101.ingress_arrival_nonempty_packet_frac.response = 0
stat.pool.101.port.switch.tx_src.101.ingress_nonempty_arrival_pre_occ_avg_bytes.response = 0
stat.pool.101.port.switch.tx_src.101.ingress_nonempty_arrival_pre_occ_max_bytes.response = 0
stat.pool.101.port.switch.tx_src.101.ingress_wait_avg_cycles.response = 0
stat.pool.101.port.switch.tx_src.101.ingress_queue_wait_avg_cycles.response = 0
stat.pool.101.port.switch.tx_src.101.ingress_queue_wait_after_nonempty_arrival_avg_cycles.response = 0
stat.pool.101.port.switch.tx_src.101.ingress_pre_occ_bucket.response.0 = 0
stat.pool.101.port.switch.tx_src.101.ingress_queue_wait_bucket.response.0 = 0
stat.pool.101.port.switch.tx_src.101.ingress_pre_occ_bucket.response.1_64 = 0
stat.pool.101.port.switch.tx_src.101.ingress_queue_wait_bucket.response.1_63 = 0
stat.pool.101.port.switch.tx_src.101.ingress_pre_occ_bucket.response.65_256 = 0
stat.pool.101.port.switch.tx_src.101.ingress_queue_wait_bucket.response.64_255 = 0
stat.pool.101.port.switch.tx_src.101.ingress_pre_occ_bucket.response.257_1024 = 0
stat.pool.101.port.switch.tx_src.101.ingress_queue_wait_bucket.response.256_1023 = 0
stat.pool.101.port.switch.tx_src.101.ingress_pre_occ_bucket.response.1025_4096 = 0
stat.pool.101.port.switch.tx_src.101.ingress_queue_wait_bucket.response.1024_4095 = 0
stat.pool.101.port.switch.tx_src.101.ingress_pre_occ_bucket.response.4097_plus = 0
stat.pool.101.port.switch.tx_src.101.ingress_queue_wait_bucket.response.4096_plus = 0
stat.pool.101.port.switch.tx_dst.0.rx_bytes.response = 0
stat.pool.101.port.switch.tx_dst.0.rx_pkts.response = 0
stat.pool.101.port.switch.tx_dst.0.tx_bytes.response = 564672
stat.pool.101.port.switch.tx_dst.0.tx_pkts.response = 8823
stat.pool.101.port.switch.tx_dst.0.ingress_arrivals.response = 0
stat.pool.101.port.switch.tx_dst.0.ingress_arrival_nonempty_packet_frac.response = 0
stat.pool.101.port.switch.tx_dst.0.ingress_nonempty_arrival_pre_occ_avg_bytes.response = 0
stat.pool.101.port.switch.tx_dst.0.ingress_nonempty_arrival_pre_occ_max_bytes.response = 0
stat.pool.101.port.switch.tx_dst.0.ingress_wait_avg_cycles.response = 0
stat.pool.101.port.switch.tx_dst.0.ingress_queue_wait_avg_cycles.response = 0
stat.pool.101.port.switch.tx_dst.0.ingress_queue_wait_after_nonempty_arrival_avg_cycles.response = 0
stat.pool.101.port.switch.tx_dst.0.ingress_pre_occ_bucket.response.0 = 0
stat.pool.101.port.switch.tx_dst.0.ingress_queue_wait_bucket.response.0 = 0
stat.pool.101.port.switch.tx_dst.0.ingress_pre_occ_bucket.response.1_64 = 0
stat.pool.101.port.switch.tx_dst.0.ingress_queue_wait_bucket.response.1_63 = 0
stat.pool.101.port.switch.tx_dst.0.ingress_pre_occ_bucket.response.65_256 = 0
stat.pool.101.port.switch.tx_dst.0.ingress_queue_wait_bucket.response.64_255 = 0
stat.pool.101.port.switch.tx_dst.0.ingress_pre_occ_bucket.response.257_1024 = 0
stat.pool.101.port.switch.tx_dst.0.ingress_queue_wait_bucket.response.256_1023 = 0
stat.pool.101.port.switch.tx_dst.0.ingress_pre_occ_bucket.response.1025_4096 = 0
stat.pool.101.port.switch.tx_dst.0.ingress_queue_wait_bucket.response.1024_4095 = 0
stat.pool.101.port.switch.tx_dst.0.ingress_pre_occ_bucket.response.4097_plus = 0
stat.pool.101.port.switch.tx_dst.0.ingress_queue_wait_bucket.response.4096_plus = 0
stat.pool.101.walltime_s = 149.776
stat.pool.101.active_time_s = 9.64291
stat.pool.100.util.mem_avg = 0.0478099
stat.pool.100.util.req_link_avg = 0.177234
stat.pool.100.memq.demand.completed = 8800
stat.pool.100.memq.demand.response_completed = 8800
stat.pool.100.memq.demand.queue_wait_avg_cycles = 1.29284
stat.pool.100.memq.demand.queue_wait_max_cycles = 7
stat.pool.100.memq.demand.service_avg_cycles = 75
stat.pool.100.memq.demand.service_max_cycles = 75
stat.pool.100.memq.demand.total_avg_cycles = 76.2928
stat.pool.100.memq.demand.total_max_cycles = 82
stat.pool.100.memq.demand.ahead_pkts_avg.load = 0.489886
stat.pool.100.memq.demand.ahead_pkts_max.load = 6
stat.pool.100.memq.demand.ahead_bytes_avg.load = 31.3527
stat.pool.100.memq.demand.ahead_bytes_max.load = 384
stat.pool.100.memq.demand.ahead_pkts_avg.rfo = 0.667727
stat.pool.100.memq.demand.ahead_pkts_max.rfo = 6
stat.pool.100.memq.demand.ahead_bytes_avg.rfo = 42.7345
stat.pool.100.memq.demand.ahead_bytes_max.rfo = 384
stat.pool.100.memq.demand.ahead_pkts_avg.write = 1.70114
stat.pool.100.memq.demand.ahead_pkts_max.write = 3
stat.pool.100.memq.demand.ahead_bytes_avg.write = 108.873
stat.pool.100.memq.demand.ahead_bytes_max.write = 192
stat.pool.100.memq.demand.ahead_pkts_avg.other = 0.00534091
stat.pool.100.memq.demand.ahead_pkts_max.other = 1
stat.pool.100.memq.demand.ahead_bytes_avg.other = 0.341818
stat.pool.100.memq.demand.ahead_bytes_max.other = 64
stat.pool.100.memq.demand.queue_wait_bucket.0 = 0
stat.pool.100.memq.demand.service_bucket.0 = 0
stat.pool.100.memq.demand.total_bucket.0 = 0
stat.pool.100.memq.demand.ahead_total_pkts_bucket.0 = 311
stat.pool.100.memq.demand.ahead_total_bytes_bucket.0 = 311
stat.pool.100.memq.demand.queue_wait_bucket.1_63 = 8800
stat.pool.100.memq.demand.service_bucket.1_63 = 0
stat.pool.100.memq.demand.total_bucket.1_63 = 0
stat.pool.100.memq.demand.ahead_total_pkts_bucket.1 = 1295
stat.pool.100.memq.demand.ahead_total_bytes_bucket.1_64 = 1295
stat.pool.100.memq.demand.queue_wait_bucket.64_255 = 0
stat.pool.100.memq.demand.service_bucket.64_255 = 8800
stat.pool.100.memq.demand.total_bucket.64_255 = 8800
stat.pool.100.memq.demand.ahead_total_pkts_bucket.2 = 2173
stat.pool.100.memq.demand.ahead_total_bytes_bucket.65_256 = 6022
stat.pool.100.memq.demand.queue_wait_bucket.256_1023 = 0
stat.pool.100.memq.demand.service_bucket.256_1023 = 0
stat.pool.100.memq.demand.total_bucket.256_1023 = 0
stat.pool.100.memq.demand.ahead_total_pkts_bucket.3_4 = 3849
stat.pool.100.memq.demand.ahead_total_bytes_bucket.257_1024 = 1172
stat.pool.100.memq.demand.queue_wait_bucket.1024_4095 = 0
stat.pool.100.memq.demand.service_bucket.1024_4095 = 0
stat.pool.100.memq.demand.total_bucket.1024_4095 = 0
stat.pool.100.memq.demand.ahead_total_pkts_bucket.5_8 = 1170
stat.pool.100.memq.demand.ahead_total_bytes_bucket.1025_4096 = 0
stat.pool.100.memq.demand.queue_wait_bucket.4096_plus = 0
stat.pool.100.memq.demand.service_bucket.4096_plus = 0
stat.pool.100.memq.demand.total_bucket.4096_plus = 0
stat.pool.100.memq.demand.ahead_total_pkts_bucket.9_plus = 2
stat.pool.100.memq.demand.ahead_total_bytes_bucket.4097_plus = 0
stat.pool.100.memq.queue_occ_avg_bytes = 58.2605
stat.pool.100.memq.queue_occ_stddev_bytes = 94.1742
stat.pool.100.memq.queue_occ_max_bytes = 640
stat.pool.100.memq.queue_occ_nonempty_frac = 0.364665
stat.pool.100.memq.enqueue_burst_avg_pkts = 1
stat.pool.100.memq.enqueue_burst_stddev_pkts = 0
stat.pool.100.memq.enqueue_burst_max_pkts = 1
stat.pool.100.memq.complete_burst_avg_pkts = 1
stat.pool.100.memq.complete_burst_stddev_pkts = 0
stat.pool.100.memq.complete_burst_max_pkts = 1
stat.pool.100.memq.queue_episode.count = 2892
stat.pool.100.memq.queue_episode.avg_cycles = 199.984
stat.pool.100.memq.queue_episode.max_cycles = 561
stat.pool.100.memq.queue_episode.avg_peak_occ_bytes = 255.004
stat.pool.100.memq.queue_episode.max_peak_occ_bytes = 640
stat.pool.100.memq.queue_episode.avg_enqueue_pkts = 6.55567
stat.pool.100.memq.queue_episode.max_enqueue_pkts = 22
stat.pool.100.memq.queue_episode.avg_complete_pkts = 5.55567
stat.pool.100.memq.queue_episode.max_complete_pkts = 21
stat.pool.100.memq.queue_occ_bucket.0 = 1008114
stat.pool.100.memq.enqueue_burst_bucket.0 = 0
stat.pool.100.memq.complete_burst_bucket.0 = 0
stat.pool.100.memq.queue_occ_bucket.1_64 = 169168
stat.pool.100.memq.enqueue_burst_bucket.1 = 18972
stat.pool.100.memq.complete_burst_bucket.1 = 18970
stat.pool.100.memq.queue_occ_bucket.65_256 = 356204
stat.pool.100.memq.enqueue_burst_bucket.2 = 0
stat.pool.100.memq.complete_burst_bucket.2 = 0
stat.pool.100.memq.queue_occ_bucket.257_1024 = 53257
stat.pool.100.memq.enqueue_burst_bucket.3_4 = 0
stat.pool.100.memq.complete_burst_bucket.3_4 = 0
stat.pool.100.memq.queue_occ_bucket.1025_4096 = 0
stat.pool.100.memq.enqueue_burst_bucket.5_8 = 0
stat.pool.100.memq.complete_burst_bucket.5_8 = 0
stat.pool.100.memq.queue_occ_bucket.4097_plus = 0
stat.pool.100.memq.enqueue_burst_bucket.9_plus = 0
stat.pool.100.memq.complete_burst_bucket.9_plus = 0
stat.pool.100.memq.queue_occ_avg_bytes.load = 13.6252
stat.pool.100.memq.queue_occ_max_bytes.load = 448
stat.pool.100.memq.queue_occ_avg_pkts.load = 0.212894
stat.pool.100.memq.queue_occ_max_pkts.load = 7
stat.pool.100.memq.enqueue_burst_avg_pkts.load = 0.233291
stat.pool.100.memq.enqueue_burst_max_pkts.load = 1
stat.pool.100.memq.complete_burst_avg_pkts.load = 0.23321
stat.pool.100.memq.complete_burst_max_pkts.load = 1
stat.pool.100.memq.queue_occ_avg_bytes.rfo = 13.4599
stat.pool.100.memq.queue_occ_max_bytes.rfo = 448
stat.pool.100.memq.queue_occ_avg_pkts.rfo = 0.210311
stat.pool.100.memq.queue_occ_max_pkts.rfo = 7
stat.pool.100.memq.enqueue_burst_avg_pkts.rfo = 0.230656
stat.pool.100.memq.enqueue_burst_max_pkts.rfo = 1
stat.pool.100.memq.complete_burst_avg_pkts.rfo = 0.23068
stat.pool.100.memq.complete_burst_max_pkts.rfo = 1
stat.pool.100.memq.queue_occ_avg_bytes.write = 31.1015
stat.pool.100.memq.queue_occ_max_bytes.write = 256
stat.pool.100.memq.queue_occ_avg_pkts.write = 0.485961
stat.pool.100.memq.queue_occ_max_pkts.write = 4
stat.pool.100.memq.enqueue_burst_avg_pkts.write = 0.534788
stat.pool.100.memq.enqueue_burst_max_pkts.write = 1
stat.pool.100.memq.complete_burst_avg_pkts.write = 0.534844
stat.pool.100.memq.complete_burst_max_pkts.write = 1
stat.pool.100.memq.queue_occ_avg_bytes.other = 0.0738519
stat.pool.100.memq.queue_occ_max_bytes.other = 64
stat.pool.100.memq.queue_occ_avg_pkts.other = 0.00115394
stat.pool.100.memq.queue_occ_max_pkts.other = 1
stat.pool.100.memq.enqueue_burst_avg_pkts.other = 0.00126502
stat.pool.100.memq.enqueue_burst_max_pkts.other = 1
stat.pool.100.memq.complete_burst_avg_pkts.other = 0.00126516
stat.pool.100.memq.complete_burst_max_pkts.other = 1
stat.pool.100.memq.load.completed = 4424
stat.pool.100.memq.load.response_completed = 4424
stat.pool.100.memq.load.queue_wait_avg_cycles = 1.3264
stat.pool.100.memq.load.queue_wait_max_cycles = 7
stat.pool.100.memq.load.service_avg_cycles = 75
stat.pool.100.memq.load.service_max_cycles = 75
stat.pool.100.memq.load.total_avg_cycles = 76.3264
stat.pool.100.memq.load.total_max_cycles = 82
stat.pool.100.memq.load.ahead_pkts_avg.load = 0.548373
stat.pool.100.memq.load.ahead_pkts_max.load = 6
stat.pool.100.memq.load.ahead_bytes_avg.load = 35.0958
stat.pool.100.memq.load.ahead_bytes_max.load = 384
stat.pool.100.memq.load.ahead_pkts_avg.rfo = 0.736212
stat.pool.100.memq.load.ahead_pkts_max.rfo = 6
stat.pool.100.memq.load.ahead_bytes_avg.rfo = 47.1175
stat.pool.100.memq.load.ahead_bytes_max.rfo = 384
stat.pool.100.memq.load.ahead_pkts_avg.write = 1.69191
stat.pool.100.memq.load.ahead_pkts_max.write = 3
stat.pool.100.memq.load.ahead_bytes_avg.write = 108.282
stat.pool.100.memq.load.ahead_bytes_max.write = 192
stat.pool.100.memq.load.ahead_pkts_avg.other = 0.00542495
stat.pool.100.memq.load.ahead_pkts_max.other = 1
stat.pool.100.memq.load.ahead_bytes_avg.other = 0.347197
stat.pool.100.memq.load.ahead_bytes_max.other = 64
stat.pool.100.memq.load.queue_wait_bucket.0 = 0
stat.pool.100.memq.load.service_bucket.0 = 0
stat.pool.100.memq.load.total_bucket.0 = 0
stat.pool.100.memq.load.ahead_total_pkts_bucket.0 = 134
stat.pool.100.memq.load.ahead_total_bytes_bucket.0 = 134
stat.pool.100.memq.load.queue_wait_bucket.1_63 = 4424
stat.pool.100.memq.load.service_bucket.1_63 = 0
stat.pool.100.memq.load.total_bucket.1_63 = 0
stat.pool.100.memq.load.ahead_total_pkts_bucket.1 = 611
stat.pool.100.memq.load.ahead_total_bytes_bucket.1_64 = 611
stat.pool.100.memq.load.queue_wait_bucket.64_255 = 0
stat.pool.100.memq.load.service_bucket.64_255 = 4424
stat.pool.100.memq.load.total_bucket.64_255 = 4424
stat.pool.100.memq.load.ahead_total_pkts_bucket.2 = 1039
stat.pool.100.memq.load.ahead_total_bytes_bucket.65_256 = 2997
stat.pool.100.memq.load.queue_wait_bucket.256_1023 = 0
stat.pool.100.memq.load.service_bucket.256_1023 = 0
stat.pool.100.memq.load.total_bucket.256_1023 = 0
stat.pool.100.memq.load.ahead_total_pkts_bucket.3_4 = 1958
stat.pool.100.memq.load.ahead_total_bytes_bucket.257_1024 = 682
stat.pool.100.memq.load.queue_wait_bucket.1024_4095 = 0
stat.pool.100.memq.load.service_bucket.1024_4095 = 0
stat.pool.100.memq.load.total_bucket.1024_4095 = 0
stat.pool.100.memq.load.ahead_total_pkts_bucket.5_8 = 680
stat.pool.100.memq.load.ahead_total_bytes_bucket.1025_4096 = 0
stat.pool.100.memq.load.queue_wait_bucket.4096_plus = 0
stat.pool.100.memq.load.service_bucket.4096_plus = 0
stat.pool.100.memq.load.total_bucket.4096_plus = 0
stat.pool.100.memq.load.ahead_total_pkts_bucket.9_plus = 2
stat.pool.100.memq.load.ahead_total_bytes_bucket.4097_plus = 0
stat.pool.100.respq.load.attempted = 4424
stat.pool.100.respq.load.completed = 4424
stat.pool.100.respq.load.can_send_blocked = 0
stat.pool.100.respq.load.send_failed = 0
stat.pool.100.respq.load.wait_avg_cycles = 0
stat.pool.100.respq.load.wait_max_cycles = 0
stat.pool.100.memq.rfo.completed = 4376
stat.pool.100.memq.rfo.response_completed = 4376
stat.pool.100.memq.rfo.queue_wait_avg_cycles = 1.25891
stat.pool.100.memq.rfo.queue_wait_max_cycles = 6
stat.pool.100.memq.rfo.service_avg_cycles = 75
stat.pool.100.memq.rfo.service_max_cycles = 75
stat.pool.100.memq.rfo.total_avg_cycles = 76.2589
stat.pool.100.memq.rfo.total_max_cycles = 81
stat.pool.100.memq.rfo.ahead_pkts_avg.load = 0.430759
stat.pool.100.memq.rfo.ahead_pkts_max.load = 5
stat.pool.100.memq.rfo.ahead_bytes_avg.load = 27.5686
stat.pool.100.memq.rfo.ahead_bytes_max.load = 320
stat.pool.100.memq.rfo.ahead_pkts_avg.rfo = 0.598492
stat.pool.100.memq.rfo.ahead_pkts_max.rfo = 6
stat.pool.100.memq.rfo.ahead_bytes_avg.rfo = 38.3035
stat.pool.100.memq.rfo.ahead_bytes_max.rfo = 384
stat.pool.100.memq.rfo.ahead_pkts_avg.write = 1.71047
stat.pool.100.memq.rfo.ahead_pkts_max.write = 3
stat.pool.100.memq.rfo.ahead_bytes_avg.write = 109.47
stat.pool.100.memq.rfo.ahead_bytes_max.write = 192
stat.pool.100.memq.rfo.ahead_pkts_avg.other = 0.00525594
stat.pool.100.memq.rfo.ahead_pkts_max.other = 1
stat.pool.100.memq.rfo.ahead_bytes_avg.other = 0.33638
stat.pool.100.memq.rfo.ahead_bytes_max.other = 64
stat.pool.100.memq.rfo.queue_wait_bucket.0 = 0
stat.pool.100.memq.rfo.service_bucket.0 = 0
stat.pool.100.memq.rfo.total_bucket.0 = 0
stat.pool.100.memq.rfo.ahead_total_pkts_bucket.0 = 177
stat.pool.100.memq.rfo.ahead_total_bytes_bucket.0 = 177
stat.pool.100.memq.rfo.queue_wait_bucket.1_63 = 4376
stat.pool.100.memq.rfo.service_bucket.1_63 = 0
stat.pool.100.memq.rfo.total_bucket.1_63 = 0
stat.pool.100.memq.rfo.ahead_total_pkts_bucket.1 = 684
stat.pool.100.memq.rfo.ahead_total_bytes_bucket.1_64 = 684
stat.pool.100.memq.rfo.queue_wait_bucket.64_255 = 0
stat.pool.100.memq.rfo.service_bucket.64_255 = 4376
stat.pool.100.memq.rfo.total_bucket.64_255 = 4376
stat.pool.100.memq.rfo.ahead_total_pkts_bucket.2 = 1134
stat.pool.100.memq.rfo.ahead_total_bytes_bucket.65_256 = 3025
stat.pool.100.memq.rfo.queue_wait_bucket.256_1023 = 0
stat.pool.100.memq.rfo.service_bucket.256_1023 = 0
stat.pool.100.memq.rfo.total_bucket.256_1023 = 0
stat.pool.100.memq.rfo.ahead_total_pkts_bucket.3_4 = 1891
stat.pool.100.memq.rfo.ahead_total_bytes_bucket.257_1024 = 490
stat.pool.100.memq.rfo.queue_wait_bucket.1024_4095 = 0
stat.pool.100.memq.rfo.service_bucket.1024_4095 = 0
stat.pool.100.memq.rfo.total_bucket.1024_4095 = 0
stat.pool.100.memq.rfo.ahead_total_pkts_bucket.5_8 = 490
stat.pool.100.memq.rfo.ahead_total_bytes_bucket.1025_4096 = 0
stat.pool.100.memq.rfo.queue_wait_bucket.4096_plus = 0
stat.pool.100.memq.rfo.service_bucket.4096_plus = 0
stat.pool.100.memq.rfo.total_bucket.4096_plus = 0
stat.pool.100.memq.rfo.ahead_total_pkts_bucket.9_plus = 0
stat.pool.100.memq.rfo.ahead_total_bytes_bucket.4097_plus = 0
stat.pool.100.respq.rfo.attempted = 4376
stat.pool.100.respq.rfo.completed = 4376
stat.pool.100.respq.rfo.can_send_blocked = 0
stat.pool.100.respq.rfo.send_failed = 0
stat.pool.100.respq.rfo.wait_avg_cycles = 0
stat.pool.100.respq.rfo.wait_max_cycles = 0
stat.pool.100.memq.write.completed = 10146
stat.pool.100.memq.write.response_completed = 0
stat.pool.100.memq.write.queue_wait_avg_cycles = 1
stat.pool.100.memq.write.queue_wait_max_cycles = 1
stat.pool.100.memq.write.service_avg_cycles = 75
stat.pool.100.memq.write.service_max_cycles = 75
stat.pool.100.memq.write.total_avg_cycles = 76
stat.pool.100.memq.write.total_max_cycles = 76
stat.pool.100.memq.write.ahead_pkts_avg.load = 0.229943
stat.pool.100.memq.write.ahead_pkts_max.load = 4
stat.pool.100.memq.write.ahead_bytes_avg.load = 14.7163
stat.pool.100.memq.write.ahead_bytes_max.load = 256
stat.pool.100.memq.write.ahead_pkts_avg.rfo = 0.21713
stat.pool.100.memq.write.ahead_pkts_max.rfo = 4
stat.pool.100.memq.write.ahead_bytes_avg.rfo = 13.8963
stat.pool.100.memq.write.ahead_bytes_max.rfo = 256
stat.pool.100.memq.write.ahead_pkts_avg.write = 1.07274
stat.pool.100.memq.write.ahead_pkts_max.write = 3
stat.pool.100.memq.write.ahead_bytes_avg.write = 68.6552
stat.pool.100.memq.write.ahead_bytes_max.write = 192
stat.pool.100.memq.write.ahead_pkts_avg.other = 0.000689927
stat.pool.100.memq.write.ahead_pkts_max.other = 1
stat.pool.100.memq.write.ahead_bytes_avg.other = 0.0441553
stat.pool.100.memq.write.ahead_bytes_max.other = 64
stat.pool.100.memq.write.queue_wait_bucket.0 = 0
stat.pool.100.memq.write.service_bucket.0 = 0
stat.pool.100.memq.write.total_bucket.0 = 0
stat.pool.100.memq.write.ahead_total_pkts_bucket.0 = 2596
stat.pool.100.memq.write.ahead_total_bytes_bucket.0 = 2596
stat.pool.100.memq.write.queue_wait_bucket.1_63 = 10146
stat.pool.100.memq.write.service_bucket.1_63 = 0
stat.pool.100.memq.write.total_bucket.1_63 = 0
stat.pool.100.memq.write.ahead_total_pkts_bucket.1 = 2762
stat.pool.100.memq.write.ahead_total_bytes_bucket.1_64 = 2762
stat.pool.100.memq.write.queue_wait_bucket.64_255 = 0
stat.pool.100.memq.write.service_bucket.64_255 = 10146
stat.pool.100.memq.write.total_bucket.64_255 = 10146
stat.pool.100.memq.write.ahead_total_pkts_bucket.2 = 2505
stat.pool.100.memq.write.ahead_total_bytes_bucket.65_256 = 4612
stat.pool.100.memq.write.queue_wait_bucket.256_1023 = 0
stat.pool.100.memq.write.service_bucket.256_1023 = 0
stat.pool.100.memq.write.total_bucket.256_1023 = 0
stat.pool.100.memq.write.ahead_total_pkts_bucket.3_4 = 2107
stat.pool.100.memq.write.ahead_total_bytes_bucket.257_1024 = 176
stat.pool.100.memq.write.queue_wait_bucket.1024_4095 = 0
stat.pool.100.memq.write.service_bucket.1024_4095 = 0
stat.pool.100.memq.write.total_bucket.1024_4095 = 0
stat.pool.100.memq.write.ahead_total_pkts_bucket.5_8 = 176
stat.pool.100.memq.write.ahead_total_bytes_bucket.1025_4096 = 0
stat.pool.100.memq.write.queue_wait_bucket.4096_plus = 0
stat.pool.100.memq.write.service_bucket.4096_plus = 0
stat.pool.100.memq.write.total_bucket.4096_plus = 0
stat.pool.100.memq.write.ahead_total_pkts_bucket.9_plus = 0
stat.pool.100.memq.write.ahead_total_bytes_bucket.4097_plus = 0
stat.pool.100.respq.write.attempted = 0
stat.pool.100.respq.write.completed = 0
stat.pool.100.respq.write.can_send_blocked = 0
stat.pool.100.respq.write.send_failed = 0
stat.pool.100.respq.write.wait_avg_cycles = 0
stat.pool.100.respq.write.wait_max_cycles = 0
stat.pool.100.memq.other.completed = 24
stat.pool.100.memq.other.response_completed = 24
stat.pool.100.memq.other.queue_wait_avg_cycles = 1.29167
stat.pool.100.memq.other.queue_wait_max_cycles = 4
stat.pool.100.memq.other.service_avg_cycles = 75
stat.pool.100.memq.other.service_max_cycles = 75
stat.pool.100.memq.other.total_avg_cycles = 76.2917
stat.pool.100.memq.other.total_max_cycles = 79
stat.pool.100.memq.other.ahead_pkts_avg.load = 0.541667
stat.pool.100.memq.other.ahead_pkts_max.load = 4
stat.pool.100.memq.other.ahead_bytes_avg.load = 34.6667
stat.pool.100.memq.other.ahead_bytes_max.load = 256
stat.pool.100.memq.other.ahead_pkts_avg.rfo = 0.666667
stat.pool.100.memq.other.ahead_pkts_max.rfo = 3
stat.pool.100.memq.other.ahead_bytes_avg.rfo = 42.6667
stat.pool.100.memq.other.ahead_bytes_max.rfo = 192
stat.pool.100.memq.other.ahead_pkts_avg.write = 1.875
stat.pool.100.memq.other.ahead_pkts_max.write = 3
stat.pool.100.memq.other.ahead_bytes_avg.write = 120
stat.pool.100.memq.other.ahead_bytes_max.write = 192
stat.pool.100.memq.other.ahead_pkts_avg.other = 0
stat.pool.100.memq.other.ahead_pkts_max.other = 0
stat.pool.100.memq.other.ahead_bytes_avg.other = 0
stat.pool.100.memq.other.ahead_bytes_max.other = 0
stat.pool.100.memq.other.queue_wait_bucket.0 = 0
stat.pool.100.memq.other.service_bucket.0 = 0
stat.pool.100.memq.other.total_bucket.0 = 0
stat.pool.100.memq.other.ahead_total_pkts_bucket.0 = 1
stat.pool.100.memq.other.ahead_total_bytes_bucket.0 = 1
stat.pool.100.memq.other.queue_wait_bucket.1_63 = 24
stat.pool.100.memq.other.service_bucket.1_63 = 0
stat.pool.100.memq.other.total_bucket.1_63 = 0
stat.pool.100.memq.other.ahead_total_pkts_bucket.1 = 5
stat.pool.100.memq.other.ahead_total_bytes_bucket.1_64 = 5
stat.pool.100.memq.other.queue_wait_bucket.64_255 = 0
stat.pool.100.memq.other.service_bucket.64_255 = 24
stat.pool.100.memq.other.total_bucket.64_255 = 24
stat.pool.100.memq.other.ahead_total_pkts_bucket.2 = 4
stat.pool.100.memq.other.ahead_total_bytes_bucket.65_256 = 13
stat.pool.100.memq.other.queue_wait_bucket.256_1023 = 0
stat.pool.100.memq.other.service_bucket.256_1023 = 0
stat.pool.100.memq.other.total_bucket.256_1023 = 0
stat.pool.100.memq.other.ahead_total_pkts_bucket.3_4 = 9
stat.pool.100.memq.other.ahead_total_bytes_bucket.257_1024 = 5
stat.pool.100.memq.other.queue_wait_bucket.1024_4095 = 0
stat.pool.100.memq.other.service_bucket.1024_4095 = 0
stat.pool.100.memq.other.total_bucket.1024_4095 = 0
stat.pool.100.memq.other.ahead_total_pkts_bucket.5_8 = 5
stat.pool.100.memq.other.ahead_total_bytes_bucket.1025_4096 = 0
stat.pool.100.memq.other.queue_wait_bucket.4096_plus = 0
stat.pool.100.memq.other.service_bucket.4096_plus = 0
stat.pool.100.memq.other.total_bucket.4096_plus = 0
stat.pool.100.memq.other.ahead_total_pkts_bucket.9_plus = 0
stat.pool.100.memq.other.ahead_total_bytes_bucket.4097_plus = 0
stat.pool.100.respq.other.attempted = 24
stat.pool.100.respq.other.completed = 24
stat.pool.100.respq.other.can_send_blocked = 0
stat.pool.100.respq.other.send_failed = 0
stat.pool.100.respq.other.wait_avg_cycles = 0
stat.pool.100.respq.other.wait_max_cycles = 0
stat.pool.100.response.returned_burst_max_pkts = 1
stat.pool.100.response.returned_burst_avg_pkts = 1
stat.pool.100.response.returned_burst_stddev_pkts = 0
stat.pool.100.response.returned_nonempty_frac = 0.00556108
stat.pool.100.response.sent_burst_max_pkts = 1
stat.pool.100.response.sent_burst_avg_pkts = 1
stat.pool.100.response.sent_burst_stddev_pkts = 0
stat.pool.100.response.sent_nonempty_frac = 0.00556108
stat.pool.100.response.blocked_cycles = 0
stat.pool.100.response.blocked_avg_pending_pkts = 0
stat.pool.100.response.blocked_max_pending_pkts = 0
stat.pool.100.response.returned_occ_avg_pkts = 0.00556108
stat.pool.100.response.returned_occ_stddev_pkts = 0.074365
stat.pool.100.response.returned_occ_max_pkts = 1
stat.pool.100.response.pending_occ_avg = 0.42992
stat.pool.100.response.pending_occ_stddev = 0.956384
stat.pool.100.response.pending_occ_max = 8
stat.pool.100.request.accept_src.distinct_avg = 1
stat.pool.100.request.accept_src.distinct_max = 1
stat.pool.100.request.accept_src.nonempty_frac = 0.0119566
stat.pool.100.request.blocked_src.distinct_avg = 0
stat.pool.100.request.blocked_src.distinct_max = 0
stat.pool.100.request.blocked_src.nonempty_frac = 0
stat.pool.100.pending.src.distinct_avg = 1
stat.pool.100.pending.src.distinct_max = 1
stat.pool.100.pending.src.nonempty_frac = 0.230306
stat.pool.100.pending.ready_src.distinct_avg = 0
stat.pool.100.pending.ready_src.distinct_max = 0
stat.pool.100.pending.ready_src.nonempty_frac = 0
stat.pool.100.response.ready_src.distinct_avg = 1
stat.pool.100.response.ready_src.distinct_max = 1
stat.pool.100.response.ready_src.nonempty_frac = 0.00556108
stat.pool.100.response.sent_dst.distinct_avg = 1
stat.pool.100.response.sent_dst.distinct_max = 1
stat.pool.100.response.sent_dst.nonempty_frac = 0.00556108
stat.pool.100.pending_episode.count = 3320
stat.pool.100.pending_episode.avg_cycles = 110.042
stat.pool.100.pending_episode.max_cycles = 434
stat.pool.100.pending_episode.avg_peak_occ = 2.42982
stat.pool.100.pending_episode.max_peak_occ = 8
stat.pool.100.pending_episode.avg_accepted = 3.60843
stat.pool.100.pending_episode.max_accepted = 17
stat.pool.100.pending_episode.avg_sent = 2.65633
stat.pool.100.pending_episode.max_sent = 8
stat.pool.100.pending_episode.avg_pending_distinct_src = 1
stat.pool.100.pending_episode.max_pending_distinct_src = 1
stat.pool.100.pending_episode.avg_ready_distinct_src = 0
stat.pool.100.pending_episode.max_ready_distinct_src = 0
stat.pool.100.pending_episode.avg_sent_distinct_dst = 1
stat.pool.100.pending_episode.max_sent_distinct_dst = 1
stat.pool.100.response.returned_episode.count = 8824
stat.pool.100.response.returned_episode.avg_cycles = 1
stat.pool.100.response.returned_episode.max_cycles = 1
stat.pool.100.response.returned_episode.avg_peak_occ = 1
stat.pool.100.response.returned_episode.max_peak_occ = 1
stat.pool.100.response.returned_episode.avg_sent = 1
stat.pool.100.response.returned_episode.max_sent = 1
stat.pool.100.response.returned_episode.avg_ready_distinct_src = 1
stat.pool.100.response.returned_episode.max_ready_distinct_src = 1
stat.pool.100.response.returned_episode.avg_sent_distinct_dst = 1
stat.pool.100.response.returned_episode.max_sent_distinct_dst = 1
stat.pool.100.node.0.pending_occ_avg = 0.42992
stat.pool.100.node.0.pending_occ_max = 8
stat.pool.100.node.0.ready_occ_avg = 0
stat.pool.100.node.0.ready_occ_max = 0
stat.pool.100.node.0.pending_age_avg_cycles = 38.149
stat.pool.100.node.0.pending_age_max_cycles = 82
stat.pool.100.node.0.ready_age_avg_cycles = 0
stat.pool.100.node.0.ready_age_max_cycles = 0
stat.pool.100.node.0.request_enqueued.load = 4426
stat.pool.100.node.0.request_blocked.load = 0
stat.pool.100.node.0.response_ready.load = 4424
stat.pool.100.node.0.response_sent.load = 4424
stat.pool.100.node.0.response_blocked.load = 0
stat.pool.100.node.0.pending_occ_avg.load = 0.215682
stat.pool.100.node.0.pending_occ_max.load = 7
stat.pool.100.node.0.ready_occ_avg.load = 0
stat.pool.100.node.0.ready_occ_max.load = 0
stat.pool.100.node.0.mem_ready_avg_cycles.load = 76.3264
stat.pool.100.node.0.mem_ready_max_cycles.load = 82
stat.pool.100.node.0.response_wait_avg_cycles.load = 0
stat.pool.100.node.0.response_wait_max_cycles.load = 0
stat.pool.100.node.0.request_enqueue_gap_avg_cycles.load = 241.828
stat.pool.100.node.0.request_enqueue_gap_max_cycles.load = 1599
stat.pool.100.node.0.response_ready_gap_avg_cycles.load = 241.932
stat.pool.100.node.0.response_ready_gap_max_cycles.load = 1599
stat.pool.100.node.0.response_sent_gap_avg_cycles.load = 241.932
stat.pool.100.node.0.response_sent_gap_max_cycles.load = 1599
stat.pool.100.node.0.total_turnaround_avg_cycles.load = 76.3264
stat.pool.100.node.0.total_turnaround_max_cycles.load = 82
stat.pool.100.node.0.request_enqueued.rfo = 4376
stat.pool.100.node.0.request_blocked.rfo = 0
stat.pool.100.node.0.response_ready.rfo = 4376
stat.pool.100.node.0.response_sent.rfo = 4376
stat.pool.100.node.0.response_blocked.rfo = 0
stat.pool.100.node.0.pending_occ_avg.rfo = 0.213069
stat.pool.100.node.0.pending_occ_max.rfo = 7
stat.pool.100.node.0.ready_occ_avg.rfo = 0
stat.pool.100.node.0.ready_occ_max.rfo = 0
stat.pool.100.node.0.mem_ready_avg_cycles.rfo = 76.2589
stat.pool.100.node.0.mem_ready_max_cycles.rfo = 81
stat.pool.100.node.0.response_wait_avg_cycles.rfo = 0
stat.pool.100.node.0.response_wait_max_cycles.rfo = 0
stat.pool.100.node.0.request_enqueue_gap_avg_cycles.rfo = 244.586
stat.pool.100.node.0.request_enqueue_gap_max_cycles.rfo = 1725
stat.pool.100.node.0.response_ready_gap_avg_cycles.rfo = 244.587
stat.pool.100.node.0.response_ready_gap_max_cycles.rfo = 1725
stat.pool.100.node.0.response_sent_gap_avg_cycles.rfo = 244.587
stat.pool.100.node.0.response_sent_gap_max_cycles.rfo = 1725
stat.pool.100.node.0.total_turnaround_avg_cycles.rfo = 76.2589
stat.pool.100.node.0.total_turnaround_max_cycles.rfo = 81
stat.pool.100.node.0.request_enqueued.write = 10146
stat.pool.100.node.0.request_blocked.write = 0
stat.pool.100.node.0.response_ready.write = 0
stat.pool.100.node.0.response_sent.write = 0
stat.pool.100.node.0.response_blocked.write = 0
stat.pool.100.node.0.pending_occ_avg.write = 0
stat.pool.100.node.0.pending_occ_max.write = 0
stat.pool.100.node.0.ready_occ_avg.write = 0
stat.pool.100.node.0.ready_occ_max.write = 0
stat.pool.100.node.0.mem_ready_avg_cycles.write = 0
stat.pool.100.node.0.mem_ready_max_cycles.write = 0
stat.pool.100.node.0.response_wait_avg_cycles.write = 0
stat.pool.100.node.0.response_wait_max_cycles.write = 0
stat.pool.100.node.0.request_enqueue_gap_avg_cycles.write = 105.41
stat.pool.100.node.0.request_enqueue_gap_max_cycles.write = 1295
stat.pool.100.node.0.response_ready_gap_avg_cycles.write = 0
stat.pool.100.node.0.response_ready_gap_max_cycles.write = 0
stat.pool.100.node.0.response_sent_gap_avg_cycles.write = 0
stat.pool.100.node.0.response_sent_gap_max_cycles.write = 0
stat.pool.100.node.0.total_turnaround_avg_cycles.write = 0
stat.pool.100.node.0.total_turnaround_max_cycles.write = 0
stat.pool.100.node.0.request_enqueued.other = 24
stat.pool.100.node.0.request_blocked.other = 0
stat.pool.100.node.0.response_ready.other = 24
stat.pool.100.node.0.response_sent.other = 24
stat.pool.100.node.0.response_blocked.other = 0
stat.pool.100.node.0.pending_occ_avg.other = 0.00116906
stat.pool.100.node.0.pending_occ_max.other = 1
stat.pool.100.node.0.ready_occ_avg.other = 0
stat.pool.100.node.0.ready_occ_max.other = 0
stat.pool.100.node.0.mem_ready_avg_cycles.other = 76.2917
stat.pool.100.node.0.mem_ready_max_cycles.other = 79
stat.pool.100.node.0.response_wait_avg_cycles.other = 0
stat.pool.100.node.0.response_wait_max_cycles.other = 0
stat.pool.100.node.0.request_enqueue_gap_avg_cycles.other = 45826.4
stat.pool.100.node.0.request_enqueue_gap_max_cycles.other = 185297
stat.pool.100.node.0.response_ready_gap_avg_cycles.other = 45826.4
stat.pool.100.node.0.response_ready_gap_max_cycles.other = 185297
stat.pool.100.node.0.response_sent_gap_avg_cycles.other = 45826.4
stat.pool.100.node.0.response_sent_gap_max_cycles.other = 185297
stat.pool.100.node.0.total_turnaround_avg_cycles.other = 76.2917
stat.pool.100.node.0.total_turnaround_max_cycles.other = 79
stat.pool.100.fabric.ingress_wait_avg_cycles = 139.224
stat.pool.100.fabric.egress_wait_avg_cycles = 1
stat.pool.100.fabric.ingress_wait_max_cycles = 146
stat.pool.100.fabric.egress_wait_max_cycles = 1
stat.pool.100.fabric.ingress_queue_wait_avg_cycles = 3.99357
stat.pool.100.fabric.ingress_queue_wait_max_cycles = 22
stat.pool.100.fabric.ingress_occ_bytes = 0
stat.pool.100.fabric.ready_wait_avg_cycles = 0
stat.pool.100.fabric.ready_wait_max_cycles = 0
stat.pool.100.fabric.ready_occ_avg_pkts = 0.0119566
stat.pool.100.fabric.ready_occ_pkts = 0
stat.pool.100.fabric.ready_occ_max_pkts = 1
stat.pool.100.fabric.ready_retry_count = 0
stat.pool.100.fabric.ingress_arrival_burst_max_pkts = 1
stat.pool.100.fabric.ingress_arrival_burst_max_bytes = 64
stat.pool.100.fabric.ingress_arrival_burst_avg_pkts = 1
stat.pool.100.fabric.ingress_arrival_burst_avg_bytes = 37.9481
stat.pool.100.fabric.ingress_arrival_burst_stddev_pkts = 0
stat.pool.100.fabric.ingress_arrival_burst_stddev_bytes = 27.9321
stat.pool.100.fabric.ingress_arrival_nonempty_frac = 0.0119566
stat.pool.100.fabric.ingress_arrival_run_max_cycles = 1
stat.pool.100.fabric.ingress_arrival_run_avg_cycles = 1
stat.pool.100.fabric.ingress_arrival_run_stddev_cycles = 0
stat.pool.100.fabric.ingress_arrival_gap_max_cycles = 685
stat.pool.100.fabric.ingress_arrival_gap_avg_cycles = 55.4066
stat.pool.100.fabric.ingress_arrival_gap_stddev_cycles = 95.9898
stat.pool.100.fabric.ingress_release_burst_max_pkts = 1
stat.pool.100.fabric.ingress_release_burst_max_bytes = 64
stat.pool.100.fabric.ingress_release_burst_avg_pkts = 1
stat.pool.100.fabric.ingress_release_burst_avg_bytes = 37.9481
stat.pool.100.fabric.ingress_release_burst_stddev_pkts = 0
stat.pool.100.fabric.ingress_release_burst_stddev_bytes = 27.9321
stat.pool.100.fabric.ingress_release_nonempty_frac = 0.0119566
stat.pool.100.fabric.ingress_release_run_max_cycles = 1
stat.pool.100.fabric.ingress_release_run_avg_cycles = 1
stat.pool.100.fabric.ingress_release_run_stddev_cycles = 0
stat.pool.100.fabric.ingress_release_gap_max_cycles = 704
stat.pool.100.fabric.ingress_release_gap_avg_cycles = 55.4071
stat.pool.100.fabric.ingress_release_gap_stddev_cycles = 100.104
stat.pool.100.fabric.ingress_occ_avg_bytes = 64.7918
stat.pool.100.fabric.ingress_occ_stddev_bytes = 90.133
stat.pool.100.fabric.ingress_occ_max_bytes = 408
stat.pool.100.fabric.ingress_occ_nonempty_frac = 0.46051
stat.pool.100.fabric.ingress_occ_run_max_cycles = 1486
stat.pool.100.fabric.ingress_occ_run_avg_cycles = 384.787
stat.pool.100.fabric.ingress_occ_run_stddev_cycles = 161.398
stat.pool.100.fabric.ingress_occ_gap_max_cycles = 561
stat.pool.100.fabric.ingress_occ_gap_avg_cycles = 178.814
stat.pool.100.fabric.ingress_occ_gap_stddev_cycles = 126.398
stat.pool.100.fabric.rx_bytes.demand_req = 70416
stat.pool.100.fabric.tx_bytes.demand_req = 0
stat.pool.100.fabric.rx_pkts.demand_req = 8802
stat.pool.100.fabric.tx_pkts.demand_req = 0
stat.pool.100.fabric.rx_bytes.write_req = 649344
stat.pool.100.fabric.tx_bytes.write_req = 0
stat.pool.100.fabric.rx_pkts.write_req = 10146
stat.pool.100.fabric.tx_pkts.write_req = 0
stat.pool.100.fabric.rx_bytes.response = 0
stat.pool.100.fabric.tx_bytes.response = 564736
stat.pool.100.fabric.rx_pkts.response = 0
stat.pool.100.fabric.tx_pkts.response = 8824
stat.pool.100.fabric.rx_bytes.other_req = 192
stat.pool.100.fabric.tx_bytes.other_req = 0
stat.pool.100.fabric.rx_pkts.other_req = 24
stat.pool.100.fabric.tx_pkts.other_req = 0
stat.pool.100.port.switch.ingress_wait_avg_cycles = 139.224
stat.pool.100.port.switch.ingress_wait_max_cycles = 146
stat.pool.100.port.switch.egress_wait_avg_cycles = 1
stat.pool.100.port.switch.egress_wait_max_cycles = 1
stat.pool.100.port.switch.ingress_queue_wait_avg_cycles = 3.99357
stat.pool.100.port.switch.ingress_queue_wait_max_cycles = 22
stat.pool.100.port.switch.egress_occ_avg_bytes = 0
stat.pool.100.port.switch.egress_occ_stddev_bytes = 0
stat.pool.100.port.switch.egress_occ_max_bytes = 0
stat.pool.100.port.switch.egress_occ_nonempty_frac = 0
stat.pool.100.port.switch.egress_blocked_cycles = 0
stat.pool.100.port.switch.egress_blocked_nonempty_frac = 0
stat.pool.100.port.switch.egress_blocked_avg_occ_bytes = 0
stat.pool.100.port.switch.egress_blocked_max_occ_bytes = 0
stat.pool.100.port.switch.egress_send_burst_max_pkts = 1
stat.pool.100.port.switch.egress_send_burst_max_bytes = 64
stat.pool.100.port.switch.egress_send_burst_avg_pkts = 1
stat.pool.100.port.switch.egress_send_burst_avg_bytes = 64
stat.pool.100.port.switch.egress_send_burst_stddev_pkts = 0
stat.pool.100.port.switch.egress_send_burst_stddev_bytes = 0
stat.pool.100.port.switch.egress_send_nonempty_frac = 0.00556108
stat.pool.100.port.switch.ingress_arrival_burst_avg_bytes = 37.9481
stat.pool.100.port.switch.ingress_arrival_nonempty_frac = 0.0119566
stat.pool.100.port.switch.ingress_arrival_run_max_cycles = 1
stat.pool.100.port.switch.ingress_arrival_run_avg_cycles = 1
stat.pool.100.port.switch.ingress_arrival_gap_max_cycles = 685
stat.pool.100.port.switch.ingress_arrival_gap_avg_cycles = 55.4066
stat.pool.100.port.switch.ingress_release_burst_avg_bytes = 37.9481
stat.pool.100.port.switch.ingress_release_nonempty_frac = 0.0119566
stat.pool.100.port.switch.ingress_release_run_max_cycles = 1
stat.pool.100.port.switch.ingress_release_run_avg_cycles = 1
stat.pool.100.port.switch.ingress_release_gap_max_cycles = 704
stat.pool.100.port.switch.ingress_release_gap_avg_cycles = 55.4071
stat.pool.100.port.switch.ingress_occ_avg_bytes = 64.7918
stat.pool.100.port.switch.ingress_occ_stddev_bytes = 90.133
stat.pool.100.port.switch.ingress_occ_max_bytes = 408
stat.pool.100.port.switch.ingress_occ_nonempty_frac = 0.46051
stat.pool.100.port.switch.ingress_occ_run_max_cycles = 1486
stat.pool.100.port.switch.ingress_occ_run_avg_cycles = 384.787
stat.pool.100.port.switch.ingress_occ_gap_max_cycles = 561
stat.pool.100.port.switch.ingress_occ_gap_avg_cycles = 178.814
stat.pool.100.port.switch.ingress_wait_avg_cycles.demand_req = 132.56
stat.pool.100.port.switch.ingress_wait_max_cycles.demand_req = 146
stat.pool.100.port.switch.ingress_queue_wait_avg_cycles.demand_req = 8.56033
stat.pool.100.port.switch.ingress_queue_wait_max_cycles.demand_req = 22
stat.pool.100.port.switch.egress_wait_avg_cycles.demand_req = 0
stat.pool.100.port.switch.egress_wait_max_cycles.demand_req = 0
stat.pool.100.port.switch.egress_occ_avg_bytes.demand_req = 0
stat.pool.100.port.switch.egress_occ_max_bytes.demand_req = 0
stat.pool.100.port.switch.egress_blocked_cycles.demand_req = 0
stat.pool.100.port.switch.ingress_arrival_empty_packets.demand_req = 205
stat.pool.100.port.switch.ingress_arrival_nonempty_packets.demand_req = 8597
stat.pool.100.port.switch.ingress_arrival_nonempty_packet_frac.demand_req = 0.97671
stat.pool.100.port.switch.ingress_nonempty_arrival_pre_occ_avg_bytes.demand_req = 182.38
stat.pool.100.port.switch.ingress_nonempty_arrival_pre_occ_max_bytes.demand_req = 400
stat.pool.100.port.switch.ingress_release_after_empty_arrival_packets.demand_req = 205
stat.pool.100.port.switch.ingress_release_after_nonempty_arrival_packets.demand_req = 8597
stat.pool.100.port.switch.ingress_wait_after_empty_arrival_avg_cycles.demand_req = 124
stat.pool.100.port.switch.ingress_wait_after_nonempty_arrival_avg_cycles.demand_req = 132.764
stat.pool.100.port.switch.ingress_queue_wait_after_empty_arrival_avg_cycles.demand_req = 0
stat.pool.100.port.switch.ingress_queue_wait_after_nonempty_arrival_avg_cycles.demand_req = 8.76445
stat.pool.100.port.switch.ingress_queue_wait_after_empty_arrival_max_cycles.demand_req = 0
stat.pool.100.port.switch.ingress_queue_wait_after_nonempty_arrival_max_cycles.demand_req = 22
stat.pool.100.port.switch.rx_bytes.demand_req = 70416
stat.pool.100.port.switch.tx_bytes.demand_req = 0
stat.pool.100.port.switch.rx_pkts.demand_req = 8802
stat.pool.100.port.switch.tx_pkts.demand_req = 0
stat.pool.100.port.switch.ingress_wait_avg_cycles.write_req = 145.02
stat.pool.100.port.switch.ingress_wait_max_cycles.write_req = 146
stat.pool.100.port.switch.ingress_queue_wait_avg_cycles.write_req = 0.0201064
stat.pool.100.port.switch.ingress_queue_wait_max_cycles.write_req = 1
stat.pool.100.port.switch.egress_wait_avg_cycles.write_req = 0
stat.pool.100.port.switch.egress_wait_max_cycles.write_req = 0
stat.pool.100.port.switch.egress_occ_avg_bytes.write_req = 0
stat.pool.100.port.switch.egress_occ_max_bytes.write_req = 0
stat.pool.100.port.switch.egress_blocked_cycles.write_req = 0
stat.pool.100.port.switch.ingress_arrival_empty_packets.write_req = 1693
stat.pool.100.port.switch.ingress_arrival_nonempty_packets.write_req = 8453
stat.pool.100.port.switch.ingress_arrival_nonempty_packet_frac.write_req = 0.833136
stat.pool.100.port.switch.ingress_nonempty_arrival_pre_occ_avg_bytes.write_req = 147.772
stat.pool.100.port.switch.ingress_nonempty_arrival_pre_occ_max_bytes.write_req = 344
stat.pool.100.port.switch.ingress_release_after_empty_arrival_packets.write_req = 1693
stat.pool.100.port.switch.ingress_release_after_nonempty_arrival_packets.write_req = 8453
stat.pool.100.port.switch.ingress_wait_after_empty_arrival_avg_cycles.write_req = 145
stat.pool.100.port.switch.ingress_wait_after_nonempty_arrival_avg_cycles.write_req = 145.024
stat.pool.100.port.switch.ingress_queue_wait_after_empty_arrival_avg_cycles.write_req = 0
stat.pool.100.port.switch.ingress_queue_wait_after_nonempty_arrival_avg_cycles.write_req = 0.0241334
stat.pool.100.port.switch.ingress_queue_wait_after_empty_arrival_max_cycles.write_req = 0
stat.pool.100.port.switch.ingress_queue_wait_after_nonempty_arrival_max_cycles.write_req = 1
stat.pool.100.port.switch.rx_bytes.write_req = 649344
stat.pool.100.port.switch.tx_bytes.write_req = 0
stat.pool.100.port.switch.rx_pkts.write_req = 10146
stat.pool.100.port.switch.tx_pkts.write_req = 0
stat.pool.100.port.switch.ingress_wait_avg_cycles.response = 0
stat.pool.100.port.switch.ingress_wait_max_cycles.response = 0
stat.pool.100.port.switch.ingress_queue_wait_avg_cycles.response = 0
stat.pool.100.port.switch.ingress_queue_wait_max_cycles.response = 0
stat.pool.100.port.switch.egress_wait_avg_cycles.response = 1
stat.pool.100.port.switch.egress_wait_max_cycles.response = 1
stat.pool.100.port.switch.egress_occ_avg_bytes.response = 0
stat.pool.100.port.switch.egress_occ_max_bytes.response = 0
stat.pool.100.port.switch.egress_blocked_cycles.response = 0
stat.pool.100.port.switch.ingress_arrival_empty_packets.response = 0
stat.pool.100.port.switch.ingress_arrival_nonempty_packets.response = 0
stat.pool.100.port.switch.ingress_arrival_nonempty_packet_frac.response = 0
stat.pool.100.port.switch.ingress_nonempty_arrival_pre_occ_avg_bytes.response = 0
stat.pool.100.port.switch.ingress_nonempty_arrival_pre_occ_max_bytes.response = 0
stat.pool.100.port.switch.ingress_release_after_empty_arrival_packets.response = 0
stat.pool.100.port.switch.ingress_release_after_nonempty_arrival_packets.response = 0
stat.pool.100.port.switch.ingress_wait_after_empty_arrival_avg_cycles.response = 0
stat.pool.100.port.switch.ingress_wait_after_nonempty_arrival_avg_cycles.response = 0
stat.pool.100.port.switch.ingress_queue_wait_after_empty_arrival_avg_cycles.response = 0
stat.pool.100.port.switch.ingress_queue_wait_after_nonempty_arrival_avg_cycles.response = 0
stat.pool.100.port.switch.ingress_queue_wait_after_empty_arrival_max_cycles.response = 0
stat.pool.100.port.switch.ingress_queue_wait_after_nonempty_arrival_max_cycles.response = 0
stat.pool.100.port.switch.rx_bytes.response = 0
stat.pool.100.port.switch.tx_bytes.response = 564736
stat.pool.100.port.switch.rx_pkts.response = 0
stat.pool.100.port.switch.tx_pkts.response = 8824
stat.pool.100.port.switch.ingress_wait_avg_cycles.other_req = 132.917
stat.pool.100.port.switch.ingress_wait_max_cycles.other_req = 146
stat.pool.100.port.switch.ingress_queue_wait_avg_cycles.other_req = 8.91667
stat.pool.100.port.switch.ingress_queue_wait_max_cycles.other_req = 22
stat.pool.100.port.switch.egress_wait_avg_cycles.other_req = 0
stat.pool.100.port.switch.egress_wait_max_cycles.other_req = 0
stat.pool.100.port.switch.egress_occ_avg_bytes.other_req = 0
stat.pool.100.port.switch.egress_occ_max_bytes.other_req = 0
stat.pool.100.port.switch.egress_blocked_cycles.other_req = 0
stat.pool.100.port.switch.ingress_arrival_empty_packets.other_req = 1
stat.pool.100.port.switch.ingress_arrival_nonempty_packets.other_req = 23
stat.pool.100.port.switch.ingress_arrival_nonempty_packet_frac.other_req = 0.958333
stat.pool.100.port.switch.ingress_nonempty_arrival_pre_occ_avg_bytes.other_req = 200.348
stat.pool.100.port.switch.ingress_nonempty_arrival_pre_occ_max_bytes.other_req = 384
stat.pool.100.port.switch.ingress_release_after_empty_arrival_packets.other_req = 1
stat.pool.100.port.switch.ingress_release_after_nonempty_arrival_packets.other_req = 23
stat.pool.100.port.switch.ingress_wait_after_empty_arrival_avg_cycles.other_req = 124
stat.pool.100.port.switch.ingress_wait_after_nonempty_arrival_avg_cycles.other_req = 133.304
stat.pool.100.port.switch.ingress_queue_wait_after_empty_arrival_avg_cycles.other_req = 0
stat.pool.100.port.switch.ingress_queue_wait_after_nonempty_arrival_avg_cycles.other_req = 9.30435
stat.pool.100.port.switch.ingress_queue_wait_after_empty_arrival_max_cycles.other_req = 0
stat.pool.100.port.switch.ingress_queue_wait_after_nonempty_arrival_max_cycles.other_req = 22
stat.pool.100.port.switch.rx_bytes.other_req = 192
stat.pool.100.port.switch.tx_bytes.other_req = 0
stat.pool.100.port.switch.rx_pkts.other_req = 24
stat.pool.100.port.switch.tx_pkts.other_req = 0
stat.pool.100.port.switch.ingress_occ_bucket_bytes.0 = 856032
stat.pool.100.port.switch.ready_occ_bucket_bytes.0 = 1567771
stat.pool.100.port.switch.ingress_occ_bucket_bytes.1_64 = 165306
stat.pool.100.port.switch.ready_occ_bucket_bytes.1_64 = 18972
stat.pool.100.port.switch.ingress_occ_bucket_bytes.65_256 = 480884
stat.pool.100.port.switch.ready_occ_bucket_bytes.65_256 = 0
stat.pool.100.port.switch.ingress_occ_bucket_bytes.257_1024 = 84521
stat.pool.100.port.switch.ready_occ_bucket_bytes.257_1024 = 0
stat.pool.100.port.switch.ingress_occ_bucket_bytes.1025_4096 = 0
stat.pool.100.port.switch.ready_occ_bucket_bytes.1025_4096 = 0
stat.pool.100.port.switch.ingress_occ_bucket_bytes.4097_plus = 0
stat.pool.100.port.switch.ready_occ_bucket_bytes.4097_plus = 0
stat.pool.100.port.switch.ingress_episode.count = 1899
stat.pool.100.port.switch.ingress_episode.avg_cycles = 384.787
stat.pool.100.port.switch.ingress_episode.max_cycles = 1486
stat.pool.100.port.switch.ingress_episode.avg_peak_occ_bytes = 234.721
stat.pool.100.port.switch.ingress_episode.max_peak_occ_bytes = 408
stat.pool.100.port.switch.ingress_episode.avg_arrival_pkts = 9.99052
stat.pool.100.port.switch.ingress_episode.max_arrival_pkts = 32
stat.pool.100.port.switch.ingress_episode.avg_arrival_bytes = 379.122
stat.pool.100.port.switch.ingress_episode.max_arrival_bytes = 1432
stat.pool.100.port.switch.ingress_episode.avg_release_pkts = 9.99052
stat.pool.100.port.switch.ingress_episode.max_release_pkts = 32
stat.pool.100.port.switch.ingress_episode.avg_release_bytes = 379.122
stat.pool.100.port.switch.ingress_episode.max_release_bytes = 1432
stat.pool.100.port.switch.ingress_episode.avg_wait_cycles = 1390.92
stat.pool.100.port.switch.ingress_episode.max_wait_cycles = 146
stat.pool.100.port.switch.ingress_episode.avg_queue_wait_cycles = 39.8978
stat.pool.100.port.switch.ingress_episode.max_queue_wait_cycles = 22
stat.pool.100.port.switch.ingress_episode.avg_src_distinct = 1
stat.pool.100.port.switch.ingress_episode.max_src_distinct = 1
stat.pool.100.port.switch.ingress_episode.avg_dst_distinct = 1
stat.pool.100.port.switch.ingress_episode.max_dst_distinct = 1
stat.pool.100.port.switch.ingress_episode.avg_arrival_pkts.demand_req = 4.63507
stat.pool.100.port.switch.ingress_episode.max_arrival_pkts.demand_req = 15
stat.pool.100.port.switch.ingress_episode.avg_release_pkts.demand_req = 4.63507
stat.pool.100.port.switch.ingress_episode.max_release_pkts.demand_req = 15
stat.pool.100.port.switch.ingress_pre_occ_bucket.demand_req.0 = 205
stat.pool.100.port.switch.ingress_queue_wait_bucket.demand_req.0 = 4260
stat.pool.100.port.switch.ingress_pre_occ_bucket.demand_req.1_64 = 849
stat.pool.100.port.switch.ingress_queue_wait_bucket.demand_req.1_63 = 4542
stat.pool.100.port.switch.ingress_pre_occ_bucket.demand_req.65_256 = 5817
stat.pool.100.port.switch.ingress_queue_wait_bucket.demand_req.64_255 = 0
stat.pool.100.port.switch.ingress_pre_occ_bucket.demand_req.257_1024 = 1931
stat.pool.100.port.switch.ingress_queue_wait_bucket.demand_req.256_1023 = 0
stat.pool.100.port.switch.ingress_pre_occ_bucket.demand_req.1025_4096 = 0
stat.pool.100.port.switch.ingress_queue_wait_bucket.demand_req.1024_4095 = 0
stat.pool.100.port.switch.ingress_pre_occ_bucket.demand_req.4097_plus = 0
stat.pool.100.port.switch.ingress_queue_wait_bucket.demand_req.4096_plus = 0
stat.pool.100.port.switch.ingress_episode.avg_arrival_pkts.write_req = 5.34281
stat.pool.100.port.switch.ingress_episode.max_arrival_pkts.write_req = 21
stat.pool.100.port.switch.ingress_episode.avg_release_pkts.write_req = 5.34281
stat.pool.100.port.switch.ingress_episode.max_release_pkts.write_req = 21
stat.pool.100.port.switch.ingress_pre_occ_bucket.write_req.0 = 1693
stat.pool.100.port.switch.ingress_queue_wait_bucket.write_req.0 = 9942
stat.pool.100.port.switch.ingress_pre_occ_bucket.write_req.1_64 = 1804
stat.pool.100.port.switch.ingress_queue_wait_bucket.write_req.1_63 = 204
stat.pool.100.port.switch.ingress_pre_occ_bucket.write_req.65_256 = 5681
stat.pool.100.port.switch.ingress_queue_wait_bucket.write_req.64_255 = 0
stat.pool.100.port.switch.ingress_pre_occ_bucket.write_req.257_1024 = 968
stat.pool.100.port.switch.ingress_queue_wait_bucket.write_req.256_1023 = 0
stat.pool.100.port.switch.ingress_pre_occ_bucket.write_req.1025_4096 = 0
stat.pool.100.port.switch.ingress_queue_wait_bucket.write_req.1024_4095 = 0
stat.pool.100.port.switch.ingress_pre_occ_bucket.write_req.4097_plus = 0
stat.pool.100.port.switch.ingress_queue_wait_bucket.write_req.4096_plus = 0
stat.pool.100.port.switch.ingress_episode.avg_arrival_pkts.response = 0
stat.pool.100.port.switch.ingress_episode.max_arrival_pkts.response = 0
stat.pool.100.port.switch.ingress_episode.avg_release_pkts.response = 0
stat.pool.100.port.switch.ingress_episode.max_release_pkts.response = 0
stat.pool.100.port.switch.ingress_pre_occ_bucket.response.0 = 0
stat.pool.100.port.switch.ingress_queue_wait_bucket.response.0 = 0
stat.pool.100.port.switch.ingress_pre_occ_bucket.response.1_64 = 0
stat.pool.100.port.switch.ingress_queue_wait_bucket.response.1_63 = 0
stat.pool.100.port.switch.ingress_pre_occ_bucket.response.65_256 = 0
stat.pool.100.port.switch.ingress_queue_wait_bucket.response.64_255 = 0
stat.pool.100.port.switch.ingress_pre_occ_bucket.response.257_1024 = 0
stat.pool.100.port.switch.ingress_queue_wait_bucket.response.256_1023 = 0
stat.pool.100.port.switch.ingress_pre_occ_bucket.response.1025_4096 = 0
stat.pool.100.port.switch.ingress_queue_wait_bucket.response.1024_4095 = 0
stat.pool.100.port.switch.ingress_pre_occ_bucket.response.4097_plus = 0
stat.pool.100.port.switch.ingress_queue_wait_bucket.response.4096_plus = 0
stat.pool.100.port.switch.ingress_episode.avg_arrival_pkts.other_req = 0.0126382
stat.pool.100.port.switch.ingress_episode.max_arrival_pkts.other_req = 1
stat.pool.100.port.switch.ingress_episode.avg_release_pkts.other_req = 0.0126382
stat.pool.100.port.switch.ingress_episode.max_release_pkts.other_req = 1
stat.pool.100.port.switch.ingress_pre_occ_bucket.other_req.0 = 1
stat.pool.100.port.switch.ingress_queue_wait_bucket.other_req.0 = 12
stat.pool.100.port.switch.ingress_pre_occ_bucket.other_req.1_64 = 3
stat.pool.100.port.switch.ingress_queue_wait_bucket.other_req.1_63 = 12
stat.pool.100.port.switch.ingress_pre_occ_bucket.other_req.65_256 = 13
stat.pool.100.port.switch.ingress_queue_wait_bucket.other_req.64_255 = 0
stat.pool.100.port.switch.ingress_pre_occ_bucket.other_req.257_1024 = 7
stat.pool.100.port.switch.ingress_queue_wait_bucket.other_req.256_1023 = 0
stat.pool.100.port.switch.ingress_pre_occ_bucket.other_req.1025_4096 = 0
stat.pool.100.port.switch.ingress_queue_wait_bucket.other_req.1024_4095 = 0
stat.pool.100.port.switch.ingress_pre_occ_bucket.other_req.4097_plus = 0
stat.pool.100.port.switch.ingress_queue_wait_bucket.other_req.4096_plus = 0
stat.pool.100.port.switch.peer_src.0.rx_bytes.demand_req = 70416
stat.pool.100.port.switch.peer_src.0.rx_pkts.demand_req = 8802
stat.pool.100.port.switch.peer_src.0.tx_bytes.demand_req = 0
stat.pool.100.port.switch.peer_src.0.tx_pkts.demand_req = 0
stat.pool.100.port.switch.peer_src.0.ingress_arrivals.demand_req = 8802
stat.pool.100.port.switch.peer_src.0.ingress_arrival_nonempty_packet_frac.demand_req = 0.97671
stat.pool.100.port.switch.peer_src.0.ingress_nonempty_arrival_pre_occ_avg_bytes.demand_req = 182.38
stat.pool.100.port.switch.peer_src.0.ingress_nonempty_arrival_pre_occ_max_bytes.demand_req = 400
stat.pool.100.port.switch.peer_src.0.ingress_wait_avg_cycles.demand_req = 132.56
stat.pool.100.port.switch.peer_src.0.ingress_queue_wait_avg_cycles.demand_req = 8.56033
stat.pool.100.port.switch.peer_src.0.ingress_queue_wait_after_nonempty_arrival_avg_cycles.demand_req = 8.76445
stat.pool.100.port.switch.peer_src.0.ingress_pre_occ_bucket.demand_req.0 = 205
stat.pool.100.port.switch.peer_src.0.ingress_queue_wait_bucket.demand_req.0 = 4260
stat.pool.100.port.switch.peer_src.0.ingress_pre_occ_bucket.demand_req.1_64 = 849
stat.pool.100.port.switch.peer_src.0.ingress_queue_wait_bucket.demand_req.1_63 = 4542
stat.pool.100.port.switch.peer_src.0.ingress_pre_occ_bucket.demand_req.65_256 = 5817
stat.pool.100.port.switch.peer_src.0.ingress_queue_wait_bucket.demand_req.64_255 = 0
stat.pool.100.port.switch.peer_src.0.ingress_pre_occ_bucket.demand_req.257_1024 = 1931
stat.pool.100.port.switch.peer_src.0.ingress_queue_wait_bucket.demand_req.256_1023 = 0
stat.pool.100.port.switch.peer_src.0.ingress_pre_occ_bucket.demand_req.1025_4096 = 0
stat.pool.100.port.switch.peer_src.0.ingress_queue_wait_bucket.demand_req.1024_4095 = 0
stat.pool.100.port.switch.peer_src.0.ingress_pre_occ_bucket.demand_req.4097_plus = 0
stat.pool.100.port.switch.peer_src.0.ingress_queue_wait_bucket.demand_req.4096_plus = 0
stat.pool.100.port.switch.peer_src.0.rx_bytes.write_req = 649344
stat.pool.100.port.switch.peer_src.0.rx_pkts.write_req = 10146
stat.pool.100.port.switch.peer_src.0.tx_bytes.write_req = 0
stat.pool.100.port.switch.peer_src.0.tx_pkts.write_req = 0
stat.pool.100.port.switch.peer_src.0.ingress_arrivals.write_req = 10146
stat.pool.100.port.switch.peer_src.0.ingress_arrival_nonempty_packet_frac.write_req = 0.833136
stat.pool.100.port.switch.peer_src.0.ingress_nonempty_arrival_pre_occ_avg_bytes.write_req = 147.772
stat.pool.100.port.switch.peer_src.0.ingress_nonempty_arrival_pre_occ_max_bytes.write_req = 344
stat.pool.100.port.switch.peer_src.0.ingress_wait_avg_cycles.write_req = 145.02
stat.pool.100.port.switch.peer_src.0.ingress_queue_wait_avg_cycles.write_req = 0.0201064
stat.pool.100.port.switch.peer_src.0.ingress_queue_wait_after_nonempty_arrival_avg_cycles.write_req = 0.0241334
stat.pool.100.port.switch.peer_src.0.ingress_pre_occ_bucket.write_req.0 = 1693
stat.pool.100.port.switch.peer_src.0.ingress_queue_wait_bucket.write_req.0 = 9942
stat.pool.100.port.switch.peer_src.0.ingress_pre_occ_bucket.write_req.1_64 = 1804
stat.pool.100.port.switch.peer_src.0.ingress_queue_wait_bucket.write_req.1_63 = 204
stat.pool.100.port.switch.peer_src.0.ingress_pre_occ_bucket.write_req.65_256 = 5681
stat.pool.100.port.switch.peer_src.0.ingress_queue_wait_bucket.write_req.64_255 = 0
stat.pool.100.port.switch.peer_src.0.ingress_pre_occ_bucket.write_req.257_1024 = 968
stat.pool.100.port.switch.peer_src.0.ingress_queue_wait_bucket.write_req.256_1023 = 0
stat.pool.100.port.switch.peer_src.0.ingress_pre_occ_bucket.write_req.1025_4096 = 0
stat.pool.100.port.switch.peer_src.0.ingress_queue_wait_bucket.write_req.1024_4095 = 0
stat.pool.100.port.switch.peer_src.0.ingress_pre_occ_bucket.write_req.4097_plus = 0
stat.pool.100.port.switch.peer_src.0.ingress_queue_wait_bucket.write_req.4096_plus = 0
stat.pool.100.port.switch.peer_src.0.rx_bytes.other_req = 192
stat.pool.100.port.switch.peer_src.0.rx_pkts.other_req = 24
stat.pool.100.port.switch.peer_src.0.tx_bytes.other_req = 0
stat.pool.100.port.switch.peer_src.0.tx_pkts.other_req = 0
stat.pool.100.port.switch.peer_src.0.ingress_arrivals.other_req = 24
stat.pool.100.port.switch.peer_src.0.ingress_arrival_nonempty_packet_frac.other_req = 0.958333
stat.pool.100.port.switch.peer_src.0.ingress_nonempty_arrival_pre_occ_avg_bytes.other_req = 200.348
stat.pool.100.port.switch.peer_src.0.ingress_nonempty_arrival_pre_occ_max_bytes.other_req = 384
stat.pool.100.port.switch.peer_src.0.ingress_wait_avg_cycles.other_req = 132.917
stat.pool.100.port.switch.peer_src.0.ingress_queue_wait_avg_cycles.other_req = 8.91667
stat.pool.100.port.switch.peer_src.0.ingress_queue_wait_after_nonempty_arrival_avg_cycles.other_req = 9.30435
stat.pool.100.port.switch.peer_src.0.ingress_pre_occ_bucket.other_req.0 = 1
stat.pool.100.port.switch.peer_src.0.ingress_queue_wait_bucket.other_req.0 = 12
stat.pool.100.port.switch.peer_src.0.ingress_pre_occ_bucket.other_req.1_64 = 3
stat.pool.100.port.switch.peer_src.0.ingress_queue_wait_bucket.other_req.1_63 = 12
stat.pool.100.port.switch.peer_src.0.ingress_pre_occ_bucket.other_req.65_256 = 13
stat.pool.100.port.switch.peer_src.0.ingress_queue_wait_bucket.other_req.64_255 = 0
stat.pool.100.port.switch.peer_src.0.ingress_pre_occ_bucket.other_req.257_1024 = 7
stat.pool.100.port.switch.peer_src.0.ingress_queue_wait_bucket.other_req.256_1023 = 0
stat.pool.100.port.switch.peer_src.0.ingress_pre_occ_bucket.other_req.1025_4096 = 0
stat.pool.100.port.switch.peer_src.0.ingress_queue_wait_bucket.other_req.1024_4095 = 0
stat.pool.100.port.switch.peer_src.0.ingress_pre_occ_bucket.other_req.4097_plus = 0
stat.pool.100.port.switch.peer_src.0.ingress_queue_wait_bucket.other_req.4096_plus = 0
stat.pool.100.port.switch.peer_dst.100.rx_bytes.demand_req = 70416
stat.pool.100.port.switch.peer_dst.100.rx_pkts.demand_req = 8802
stat.pool.100.port.switch.peer_dst.100.tx_bytes.demand_req = 0
stat.pool.100.port.switch.peer_dst.100.tx_pkts.demand_req = 0
stat.pool.100.port.switch.peer_dst.100.ingress_arrivals.demand_req = 8802
stat.pool.100.port.switch.peer_dst.100.ingress_arrival_nonempty_packet_frac.demand_req = 0.97671
stat.pool.100.port.switch.peer_dst.100.ingress_nonempty_arrival_pre_occ_avg_bytes.demand_req = 182.38
stat.pool.100.port.switch.peer_dst.100.ingress_nonempty_arrival_pre_occ_max_bytes.demand_req = 400
stat.pool.100.port.switch.peer_dst.100.ingress_wait_avg_cycles.demand_req = 132.56
stat.pool.100.port.switch.peer_dst.100.ingress_queue_wait_avg_cycles.demand_req = 8.56033
stat.pool.100.port.switch.peer_dst.100.ingress_queue_wait_after_nonempty_arrival_avg_cycles.demand_req = 8.76445
stat.pool.100.port.switch.peer_dst.100.ingress_pre_occ_bucket.demand_req.0 = 205
stat.pool.100.port.switch.peer_dst.100.ingress_queue_wait_bucket.demand_req.0 = 4260
stat.pool.100.port.switch.peer_dst.100.ingress_pre_occ_bucket.demand_req.1_64 = 849
stat.pool.100.port.switch.peer_dst.100.ingress_queue_wait_bucket.demand_req.1_63 = 4542
stat.pool.100.port.switch.peer_dst.100.ingress_pre_occ_bucket.demand_req.65_256 = 5817
stat.pool.100.port.switch.peer_dst.100.ingress_queue_wait_bucket.demand_req.64_255 = 0
stat.pool.100.port.switch.peer_dst.100.ingress_pre_occ_bucket.demand_req.257_1024 = 1931
stat.pool.100.port.switch.peer_dst.100.ingress_queue_wait_bucket.demand_req.256_1023 = 0
stat.pool.100.port.switch.peer_dst.100.ingress_pre_occ_bucket.demand_req.1025_4096 = 0
stat.pool.100.port.switch.peer_dst.100.ingress_queue_wait_bucket.demand_req.1024_4095 = 0
stat.pool.100.port.switch.peer_dst.100.ingress_pre_occ_bucket.demand_req.4097_plus = 0
stat.pool.100.port.switch.peer_dst.100.ingress_queue_wait_bucket.demand_req.4096_plus = 0
stat.pool.100.port.switch.peer_dst.100.rx_bytes.write_req = 649344
stat.pool.100.port.switch.peer_dst.100.rx_pkts.write_req = 10146
stat.pool.100.port.switch.peer_dst.100.tx_bytes.write_req = 0
stat.pool.100.port.switch.peer_dst.100.tx_pkts.write_req = 0
stat.pool.100.port.switch.peer_dst.100.ingress_arrivals.write_req = 10146
stat.pool.100.port.switch.peer_dst.100.ingress_arrival_nonempty_packet_frac.write_req = 0.833136
stat.pool.100.port.switch.peer_dst.100.ingress_nonempty_arrival_pre_occ_avg_bytes.write_req = 147.772
stat.pool.100.port.switch.peer_dst.100.ingress_nonempty_arrival_pre_occ_max_bytes.write_req = 344
stat.pool.100.port.switch.peer_dst.100.ingress_wait_avg_cycles.write_req = 145.02
stat.pool.100.port.switch.peer_dst.100.ingress_queue_wait_avg_cycles.write_req = 0.0201064
stat.pool.100.port.switch.peer_dst.100.ingress_queue_wait_after_nonempty_arrival_avg_cycles.write_req = 0.0241334
stat.pool.100.port.switch.peer_dst.100.ingress_pre_occ_bucket.write_req.0 = 1693
stat.pool.100.port.switch.peer_dst.100.ingress_queue_wait_bucket.write_req.0 = 9942
stat.pool.100.port.switch.peer_dst.100.ingress_pre_occ_bucket.write_req.1_64 = 1804
stat.pool.100.port.switch.peer_dst.100.ingress_queue_wait_bucket.write_req.1_63 = 204
stat.pool.100.port.switch.peer_dst.100.ingress_pre_occ_bucket.write_req.65_256 = 5681
stat.pool.100.port.switch.peer_dst.100.ingress_queue_wait_bucket.write_req.64_255 = 0
stat.pool.100.port.switch.peer_dst.100.ingress_pre_occ_bucket.write_req.257_1024 = 968
stat.pool.100.port.switch.peer_dst.100.ingress_queue_wait_bucket.write_req.256_1023 = 0
stat.pool.100.port.switch.peer_dst.100.ingress_pre_occ_bucket.write_req.1025_4096 = 0
stat.pool.100.port.switch.peer_dst.100.ingress_queue_wait_bucket.write_req.1024_4095 = 0
stat.pool.100.port.switch.peer_dst.100.ingress_pre_occ_bucket.write_req.4097_plus = 0
stat.pool.100.port.switch.peer_dst.100.ingress_queue_wait_bucket.write_req.4096_plus = 0
stat.pool.100.port.switch.peer_dst.100.rx_bytes.other_req = 192
stat.pool.100.port.switch.peer_dst.100.rx_pkts.other_req = 24
stat.pool.100.port.switch.peer_dst.100.tx_bytes.other_req = 0
stat.pool.100.port.switch.peer_dst.100.tx_pkts.other_req = 0
stat.pool.100.port.switch.peer_dst.100.ingress_arrivals.other_req = 24
stat.pool.100.port.switch.peer_dst.100.ingress_arrival_nonempty_packet_frac.other_req = 0.958333
stat.pool.100.port.switch.peer_dst.100.ingress_nonempty_arrival_pre_occ_avg_bytes.other_req = 200.348
stat.pool.100.port.switch.peer_dst.100.ingress_nonempty_arrival_pre_occ_max_bytes.other_req = 384
stat.pool.100.port.switch.peer_dst.100.ingress_wait_avg_cycles.other_req = 132.917
stat.pool.100.port.switch.peer_dst.100.ingress_queue_wait_avg_cycles.other_req = 8.91667
stat.pool.100.port.switch.peer_dst.100.ingress_queue_wait_after_nonempty_arrival_avg_cycles.other_req = 9.30435
stat.pool.100.port.switch.peer_dst.100.ingress_pre_occ_bucket.other_req.0 = 1
stat.pool.100.port.switch.peer_dst.100.ingress_queue_wait_bucket.other_req.0 = 12
stat.pool.100.port.switch.peer_dst.100.ingress_pre_occ_bucket.other_req.1_64 = 3
stat.pool.100.port.switch.peer_dst.100.ingress_queue_wait_bucket.other_req.1_63 = 12
stat.pool.100.port.switch.peer_dst.100.ingress_pre_occ_bucket.other_req.65_256 = 13
stat.pool.100.port.switch.peer_dst.100.ingress_queue_wait_bucket.other_req.64_255 = 0
stat.pool.100.port.switch.peer_dst.100.ingress_pre_occ_bucket.other_req.257_1024 = 7
stat.pool.100.port.switch.peer_dst.100.ingress_queue_wait_bucket.other_req.256_1023 = 0
stat.pool.100.port.switch.peer_dst.100.ingress_pre_occ_bucket.other_req.1025_4096 = 0
stat.pool.100.port.switch.peer_dst.100.ingress_queue_wait_bucket.other_req.1024_4095 = 0
stat.pool.100.port.switch.peer_dst.100.ingress_pre_occ_bucket.other_req.4097_plus = 0
stat.pool.100.port.switch.peer_dst.100.ingress_queue_wait_bucket.other_req.4096_plus = 0
stat.pool.100.port.switch.tx_src.100.rx_bytes.response = 0
stat.pool.100.port.switch.tx_src.100.rx_pkts.response = 0
stat.pool.100.port.switch.tx_src.100.tx_bytes.response = 564736
stat.pool.100.port.switch.tx_src.100.tx_pkts.response = 8824
stat.pool.100.port.switch.tx_src.100.ingress_arrivals.response = 0
stat.pool.100.port.switch.tx_src.100.ingress_arrival_nonempty_packet_frac.response = 0
stat.pool.100.port.switch.tx_src.100.ingress_nonempty_arrival_pre_occ_avg_bytes.response = 0
stat.pool.100.port.switch.tx_src.100.ingress_nonempty_arrival_pre_occ_max_bytes.response = 0
stat.pool.100.port.switch.tx_src.100.ingress_wait_avg_cycles.response = 0
stat.pool.100.port.switch.tx_src.100.ingress_queue_wait_avg_cycles.response = 0
stat.pool.100.port.switch.tx_src.100.ingress_queue_wait_after_nonempty_arrival_avg_cycles.response = 0
stat.pool.100.port.switch.tx_src.100.ingress_pre_occ_bucket.response.0 = 0
stat.pool.100.port.switch.tx_src.100.ingress_queue_wait_bucket.response.0 = 0
stat.pool.100.port.switch.tx_src.100.ingress_pre_occ_bucket.response.1_64 = 0
stat.pool.100.port.switch.tx_src.100.ingress_queue_wait_bucket.response.1_63 = 0
stat.pool.100.port.switch.tx_src.100.ingress_pre_occ_bucket.response.65_256 = 0
stat.pool.100.port.switch.tx_src.100.ingress_queue_wait_bucket.response.64_255 = 0
stat.pool.100.port.switch.tx_src.100.ingress_pre_occ_bucket.response.257_1024 = 0
stat.pool.100.port.switch.tx_src.100.ingress_queue_wait_bucket.response.256_1023 = 0
stat.pool.100.port.switch.tx_src.100.ingress_pre_occ_bucket.response.1025_4096 = 0
stat.pool.100.port.switch.tx_src.100.ingress_queue_wait_bucket.response.1024_4095 = 0
stat.pool.100.port.switch.tx_src.100.ingress_pre_occ_bucket.response.4097_plus = 0
stat.pool.100.port.switch.tx_src.100.ingress_queue_wait_bucket.response.4096_plus = 0
stat.pool.100.port.switch.tx_dst.0.rx_bytes.response = 0
stat.pool.100.port.switch.tx_dst.0.rx_pkts.response = 0
stat.pool.100.port.switch.tx_dst.0.tx_bytes.response = 564736
stat.pool.100.port.switch.tx_dst.0.tx_pkts.response = 8824
stat.pool.100.port.switch.tx_dst.0.ingress_arrivals.response = 0
stat.pool.100.port.switch.tx_dst.0.ingress_arrival_nonempty_packet_frac.response = 0
stat.pool.100.port.switch.tx_dst.0.ingress_nonempty_arrival_pre_occ_avg_bytes.response = 0
stat.pool.100.port.switch.tx_dst.0.ingress_nonempty_arrival_pre_occ_max_bytes.response = 0
stat.pool.100.port.switch.tx_dst.0.ingress_wait_avg_cycles.response = 0
stat.pool.100.port.switch.tx_dst.0.ingress_queue_wait_avg_cycles.response = 0
stat.pool.100.port.switch.tx_dst.0.ingress_queue_wait_after_nonempty_arrival_avg_cycles.response = 0
stat.pool.100.port.switch.tx_dst.0.ingress_pre_occ_bucket.response.0 = 0
stat.pool.100.port.switch.tx_dst.0.ingress_queue_wait_bucket.response.0 = 0
stat.pool.100.port.switch.tx_dst.0.ingress_pre_occ_bucket.response.1_64 = 0
stat.pool.100.port.switch.tx_dst.0.ingress_queue_wait_bucket.response.1_63 = 0
stat.pool.100.port.switch.tx_dst.0.ingress_pre_occ_bucket.response.65_256 = 0
stat.pool.100.port.switch.tx_dst.0.ingress_queue_wait_bucket.response.64_255 = 0
stat.pool.100.port.switch.tx_dst.0.ingress_pre_occ_bucket.response.257_1024 = 0
stat.pool.100.port.switch.tx_dst.0.ingress_queue_wait_bucket.response.256_1023 = 0
stat.pool.100.port.switch.tx_dst.0.ingress_pre_occ_bucket.response.1025_4096 = 0
stat.pool.100.port.switch.tx_dst.0.ingress_queue_wait_bucket.response.1024_4095 = 0
stat.pool.100.port.switch.tx_dst.0.ingress_pre_occ_bucket.response.4097_plus = 0
stat.pool.100.port.switch.tx_dst.0.ingress_queue_wait_bucket.response.4096_plus = 0
stat.pool.100.walltime_s = 149.813
stat.pool.100.active_time_s = 10.9551
stat.switch.replicated_messages = 20292
stat.switch.util.node_ingress_avg = 0.194621
stat.switch.util.pool_ingress_avg = 0.138941
stat.switch.fabric.node_ingress_wait_avg_cycles = 136.694
stat.switch.fabric.node_egress_wait_avg_cycles = 1
stat.switch.fabric.pool_ingress_wait_avg_cycles = 159.728
stat.switch.fabric.pool_egress_wait_avg_cycles = 1
stat.switch.fabric.node_ingress_queue_wait_avg_cycles = 5.02925
stat.switch.fabric.pool_ingress_queue_wait_avg_cycles = 14.7285
stat.switch.fabric.node_ready_wait_avg_cycles = 0
stat.switch.fabric.pool_ready_wait_avg_cycles = 0
stat.switch.fabric.node_ingress_wait_max_cycles = 183
stat.switch.fabric.node_egress_wait_max_cycles = 1
stat.switch.fabric.pool_ingress_wait_max_cycles = 286
stat.switch.fabric.pool_egress_wait_max_cycles = 1
stat.switch.fabric.node_ingress_queue_wait_max_cycles = 55
stat.switch.fabric.pool_ingress_queue_wait_max_cycles = 141
stat.switch.fabric.node_ready_wait_max_cycles = 0
stat.switch.fabric.pool_ready_wait_max_cycles = 0
stat.switch.fabric.node_ingress_occ_bytes = 128
stat.switch.fabric.pool_ingress_occ_bytes = 640
stat.switch.fabric.node_ready_occ_avg_pkts = 0.0175183
stat.switch.fabric.pool_ready_occ_avg_pkts = 0.00555761
stat.switch.fabric.node_ready_occ_pkts = 0
stat.switch.fabric.pool_ready_occ_pkts = 0
stat.switch.fabric.node_ready_occ_max_pkts = 1
stat.switch.fabric.pool_ready_occ_max_pkts = 1
stat.switch.fabric.node_ready_retry_count = 0
stat.switch.fabric.pool_ready_retry_count = 0
stat.switch.fabric.node_ingress_arrival_burst_max_pkts = 2
stat.switch.fabric.node_ingress_arrival_burst_max_bytes = 72
stat.switch.fabric.node_ingress_arrival_burst_avg_pkts = 1.009
stat.switch.fabric.node_ingress_arrival_burst_avg_bytes = 28.6988
stat.switch.fabric.node_ingress_arrival_burst_stddev_pkts = 0.0944482
stat.switch.fabric.node_ingress_arrival_burst_stddev_bytes = 27.1164
stat.switch.fabric.node_ingress_arrival_nonempty_frac = 0.0173632
stat.switch.fabric.node_ingress_arrival_run_max_cycles = 7
stat.switch.fabric.node_ingress_arrival_run_avg_cycles = 1.12407
stat.switch.fabric.node_ingress_arrival_run_stddev_cycles = 0.413743
stat.switch.fabric.node_ingress_arrival_gap_max_cycles = 670
stat.switch.fabric.node_ingress_arrival_gap_avg_cycles = 42.5495
stat.switch.fabric.node_ingress_arrival_gap_stddev_cycles = 81.6376
stat.switch.fabric.node_ingress_release_burst_max_pkts = 1
stat.switch.fabric.node_ingress_release_burst_max_bytes = 64
stat.switch.fabric.node_ingress_release_burst_avg_pkts = 1
stat.switch.fabric.node_ingress_release_burst_avg_bytes = 28.4402
stat.switch.fabric.node_ingress_release_burst_stddev_pkts = 0
stat.switch.fabric.node_ingress_release_burst_stddev_bytes = 26.9601
stat.switch.fabric.node_ingress_release_nonempty_frac = 0.0175183
stat.switch.fabric.node_ingress_release_run_max_cycles = 1
stat.switch.fabric.node_ingress_release_run_avg_cycles = 1
stat.switch.fabric.node_ingress_release_run_stddev_cycles = 0
stat.switch.fabric.node_ingress_release_gap_max_cycles = 685
stat.switch.fabric.node_ingress_release_gap_avg_cycles = 37.5035
stat.switch.fabric.node_ingress_release_gap_stddev_cycles = 80.887
stat.switch.fabric.pool_ingress_arrival_burst_max_pkts = 1
stat.switch.fabric.pool_ingress_arrival_burst_max_bytes = 64
stat.switch.fabric.pool_ingress_arrival_burst_avg_pkts = 1
stat.switch.fabric.pool_ingress_arrival_burst_avg_bytes = 64
stat.switch.fabric.pool_ingress_arrival_burst_stddev_pkts = 0
stat.switch.fabric.pool_ingress_arrival_burst_stddev_bytes = 0
stat.switch.fabric.pool_ingress_arrival_nonempty_frac = 0.00556076
stat.switch.fabric.pool_ingress_arrival_run_max_cycles = 1
stat.switch.fabric.pool_ingress_arrival_run_avg_cycles = 1
stat.switch.fabric.pool_ingress_arrival_run_stddev_cycles = 0
stat.switch.fabric.pool_ingress_arrival_gap_max_cycles = 1206
stat.switch.fabric.pool_ingress_arrival_gap_avg_cycles = 120.289
stat.switch.fabric.pool_ingress_arrival_gap_stddev_cycles = 172.843
stat.switch.fabric.pool_ingress_release_burst_max_pkts = 1
stat.switch.fabric.pool_ingress_release_burst_max_bytes = 64
stat.switch.fabric.pool_ingress_release_burst_avg_pkts = 1
stat.switch.fabric.pool_ingress_release_burst_avg_bytes = 64
stat.switch.fabric.pool_ingress_release_burst_stddev_pkts = 0
stat.switch.fabric.pool_ingress_release_burst_stddev_bytes = 0
stat.switch.fabric.pool_ingress_release_nonempty_frac = 0.00555761
stat.switch.fabric.pool_ingress_release_run_max_cycles = 1
stat.switch.fabric.pool_ingress_release_run_avg_cycles = 1
stat.switch.fabric.pool_ingress_release_run_stddev_cycles = 0
stat.switch.fabric.pool_ingress_release_gap_max_cycles = 1168
stat.switch.fabric.pool_ingress_release_gap_avg_cycles = 120.328
stat.switch.fabric.pool_ingress_release_gap_stddev_cycles = 160.126
stat.switch.fabric.node_ingress_occ_avg_bytes = 71.15
stat.switch.fabric.node_ingress_occ_stddev_bytes = 96.5612
stat.switch.fabric.node_ingress_occ_max_bytes = 504
stat.switch.fabric.node_ingress_occ_nonempty_frac = 0.482484
stat.switch.fabric.node_ingress_occ_run_max_cycles = 2356
stat.switch.fabric.node_ingress_occ_run_avg_cycles = 433.51
stat.switch.fabric.node_ingress_occ_run_stddev_cycles = 186.622
stat.switch.fabric.node_ingress_occ_gap_max_cycles = 542
stat.switch.fabric.node_ingress_occ_gap_avg_cycles = 172.706
stat.switch.fabric.node_ingress_occ_gap_stddev_cycles = 118.979
stat.switch.fabric.pool_ingress_occ_avg_bytes = 56.4595
stat.switch.fabric.pool_ingress_occ_stddev_bytes = 91.1057
stat.switch.fabric.pool_ingress_occ_max_bytes = 512
stat.switch.fabric.pool_ingress_occ_nonempty_frac = 0.37483
stat.switch.fabric.pool_ingress_occ_run_max_cycles = 815
stat.switch.fabric.pool_ingress_occ_run_avg_cycles = 264.293
stat.switch.fabric.pool_ingress_occ_run_stddev_cycles = 107.648
stat.switch.fabric.pool_ingress_occ_gap_max_cycles = 1025
stat.switch.fabric.pool_ingress_occ_gap_avg_cycles = 211.309
stat.switch.fabric.pool_ingress_occ_gap_stddev_cycles = 156.809
stat.switch.route.blocked_to_node = 0
stat.switch.route.blocked_to_pool = 0
stat.switch.route.blocked_replicated_write = 0
stat.switch.route.send_fail_to_node = 0
stat.switch.route.send_fail_to_pool = 0
stat.switch.route.attempt_to_node.demand_req = 0
stat.switch.route.attempt_to_pool.demand_req = 17614
stat.switch.route.blocked_to_node.demand_req = 0
stat.switch.route.blocked_to_pool.demand_req = 0
stat.switch.route.send_fail_to_node.demand_req = 0
stat.switch.route.send_fail_to_pool.demand_req = 0
stat.switch.route.replicated_clones.demand_req = 0
stat.switch.fabric.node_rx_bytes.demand_req = 140912
stat.switch.fabric.node_tx_bytes.demand_req = 0
stat.switch.fabric.pool_rx_bytes.demand_req = 0
stat.switch.fabric.pool_tx_bytes.demand_req = 140912
stat.switch.fabric.node_rx_pkts.demand_req = 17614
stat.switch.fabric.node_tx_pkts.demand_req = 0
stat.switch.fabric.pool_rx_pkts.demand_req = 0
stat.switch.fabric.pool_tx_pkts.demand_req = 17614
stat.switch.route.attempt_to_node.write_req = 0
stat.switch.route.attempt_to_pool.write_req = 20292
stat.switch.route.blocked_to_node.write_req = 0
stat.switch.route.blocked_to_pool.write_req = 0
stat.switch.route.send_fail_to_node.write_req = 0
stat.switch.route.send_fail_to_pool.write_req = 0
stat.switch.route.replicated_clones.write_req = 20292
stat.switch.fabric.node_rx_bytes.write_req = 649472
stat.switch.fabric.node_tx_bytes.write_req = 0
stat.switch.fabric.pool_rx_bytes.write_req = 0
stat.switch.fabric.pool_tx_bytes.write_req = 1298688
stat.switch.fabric.node_rx_pkts.write_req = 10148
stat.switch.fabric.node_tx_pkts.write_req = 0
stat.switch.fabric.pool_rx_pkts.write_req = 0
stat.switch.fabric.pool_tx_pkts.write_req = 20292
stat.switch.route.attempt_to_node.response = 17637
stat.switch.route.attempt_to_pool.response = 0
stat.switch.route.blocked_to_node.response = 0
stat.switch.route.blocked_to_pool.response = 0
stat.switch.route.send_fail_to_node.response = 0
stat.switch.route.send_fail_to_pool.response = 0
stat.switch.route.replicated_clones.response = 0
stat.switch.fabric.node_rx_bytes.response = 0
stat.switch.fabric.node_tx_bytes.response = 1128768
stat.switch.fabric.pool_rx_bytes.response = 1129408
stat.switch.fabric.pool_tx_bytes.response = 0
stat.switch.fabric.node_rx_pkts.response = 0
stat.switch.fabric.node_tx_pkts.response = 17637
stat.switch.fabric.pool_rx_pkts.response = 17647
stat.switch.fabric.pool_tx_pkts.response = 0
stat.switch.route.attempt_to_node.other_req = 0
stat.switch.route.attempt_to_pool.other_req = 37
stat.switch.route.blocked_to_node.other_req = 0
stat.switch.route.blocked_to_pool.other_req = 0
stat.switch.route.send_fail_to_node.other_req = 0
stat.switch.route.send_fail_to_pool.other_req = 0
stat.switch.route.replicated_clones.other_req = 0
stat.switch.fabric.node_rx_bytes.other_req = 296
stat.switch.fabric.node_tx_bytes.other_req = 0
stat.switch.fabric.pool_rx_bytes.other_req = 0
stat.switch.fabric.pool_tx_bytes.other_req = 296
stat.switch.fabric.node_rx_pkts.other_req = 37
stat.switch.fabric.node_tx_pkts.other_req = 0
stat.switch.fabric.pool_rx_pkts.other_req = 0
stat.switch.fabric.pool_tx_pkts.other_req = 37
stat.switch.bw.host_to_switch_gbps = 1.19593
stat.switch.bw.switch_to_host_gbps = 1.7073
stat.switch.bw.host_link_total_gbps = 2.90323
stat.switch.port.node.0.ingress_wait_avg_cycles = 136.694
stat.switch.port.node.0.ingress_wait_max_cycles = 183
stat.switch.port.node.0.egress_wait_avg_cycles = 1
stat.switch.port.node.0.egress_wait_max_cycles = 1
stat.switch.port.node.0.ingress_queue_wait_avg_cycles = 5.02925
stat.switch.port.node.0.ingress_queue_wait_max_cycles = 55
stat.switch.port.node.0.egress_occ_avg_bytes = 0
stat.switch.port.node.0.egress_occ_stddev_bytes = 0
stat.switch.port.node.0.egress_occ_max_bytes = 0
stat.switch.port.node.0.egress_occ_nonempty_frac = 0
stat.switch.port.node.0.egress_blocked_cycles = 0
stat.switch.port.node.0.egress_blocked_nonempty_frac = 0
stat.switch.port.node.0.egress_blocked_avg_occ_bytes = 0
stat.switch.port.node.0.egress_blocked_max_occ_bytes = 0
stat.switch.port.node.0.egress_send_burst_max_pkts = 2
stat.switch.port.node.0.egress_send_burst_max_bytes = 128
stat.switch.port.node.0.egress_send_burst_avg_pkts = 1.26105
stat.switch.port.node.0.egress_send_burst_avg_bytes = 80.707
stat.switch.port.node.0.egress_send_burst_stddev_pkts = 0.439205
stat.switch.port.node.0.egress_send_burst_stddev_bytes = 28.1091
stat.switch.port.node.0.egress_send_nonempty_frac = 0.00881428
stat.switch.port.node.0.ingress_arrival_burst_avg_bytes = 28.6988
stat.switch.port.node.0.ingress_arrival_nonempty_frac = 0.0173632
stat.switch.port.node.0.ingress_arrival_run_max_cycles = 7
stat.switch.port.node.0.ingress_arrival_run_avg_cycles = 1.12407
stat.switch.port.node.0.ingress_arrival_gap_max_cycles = 670
stat.switch.port.node.0.ingress_arrival_gap_avg_cycles = 42.5495
stat.switch.port.node.0.ingress_release_burst_avg_bytes = 28.4402
stat.switch.port.node.0.ingress_release_nonempty_frac = 0.0175183
stat.switch.port.node.0.ingress_release_run_max_cycles = 1
stat.switch.port.node.0.ingress_release_run_avg_cycles = 1
stat.switch.port.node.0.ingress_release_gap_max_cycles = 685
stat.switch.port.node.0.ingress_release_gap_avg_cycles = 37.5035
stat.switch.port.node.0.ingress_occ_avg_bytes = 71.15
stat.switch.port.node.0.ingress_occ_stddev_bytes = 96.5612
stat.switch.port.node.0.ingress_occ_max_bytes = 504
stat.switch.port.node.0.ingress_occ_nonempty_frac = 0.482484
stat.switch.port.node.0.ingress_occ_run_max_cycles = 2356
stat.switch.port.node.0.ingress_occ_run_avg_cycles = 433.51
stat.switch.port.node.0.ingress_occ_gap_max_cycles = 542
stat.switch.port.node.0.ingress_occ_gap_avg_cycles = 172.706
stat.switch.port.node.0.ingress_wait_avg_cycles.demand_req = 131.011
stat.switch.port.node.0.ingress_wait_max_cycles.demand_req = 179
stat.switch.port.node.0.ingress_queue_wait_avg_cycles.demand_req = 7.01073
stat.switch.port.node.0.ingress_queue_wait_max_cycles.demand_req = 55
stat.switch.port.node.0.egress_wait_avg_cycles.demand_req = 0
stat.switch.port.node.0.egress_wait_max_cycles.demand_req = 0
stat.switch.port.node.0.egress_occ_avg_bytes.demand_req = 0
stat.switch.port.node.0.egress_occ_max_bytes.demand_req = 0
stat.switch.port.node.0.egress_blocked_cycles.demand_req = 0
stat.switch.port.node.0.ingress_arrival_empty_packets.demand_req = 249
stat.switch.port.node.0.ingress_arrival_nonempty_packets.demand_req = 17365
stat.switch.port.node.0.ingress_arrival_nonempty_packet_frac.demand_req = 0.985864
stat.switch.port.node.0.ingress_nonempty_arrival_pre_occ_avg_bytes.demand_req = 184.38
stat.switch.port.node.0.ingress_nonempty_arrival_pre_occ_max_bytes.demand_req = 496
stat.switch.port.node.0.ingress_release_after_empty_arrival_packets.demand_req = 249
stat.switch.port.node.0.ingress_release_after_nonempty_arrival_packets.demand_req = 17365
stat.switch.port.node.0.ingress_wait_after_empty_arrival_avg_cycles.demand_req = 124
stat.switch.port.node.0.ingress_wait_after_nonempty_arrival_avg_cycles.demand_req = 131.111
stat.switch.port.node.0.ingress_queue_wait_after_empty_arrival_avg_cycles.demand_req = 0
stat.switch.port.node.0.ingress_queue_wait_after_nonempty_arrival_avg_cycles.demand_req = 7.11126
stat.switch.port.node.0.ingress_queue_wait_after_empty_arrival_max_cycles.demand_req = 0
stat.switch.port.node.0.ingress_queue_wait_after_nonempty_arrival_max_cycles.demand_req = 55
stat.switch.port.node.0.rx_bytes.demand_req = 140912
stat.switch.port.node.0.tx_bytes.demand_req = 0
stat.switch.port.node.0.rx_pkts.demand_req = 17614
stat.switch.port.node.0.tx_pkts.demand_req = 0
stat.switch.port.node.0.ingress_wait_avg_cycles.write_req = 146.585
stat.switch.port.node.0.ingress_wait_max_cycles.write_req = 183
stat.switch.port.node.0.ingress_queue_wait_avg_cycles.write_req = 1.58476
stat.switch.port.node.0.ingress_queue_wait_max_cycles.write_req = 38
stat.switch.port.node.0.egress_wait_avg_cycles.write_req = 0
stat.switch.port.node.0.egress_wait_max_cycles.write_req = 0
stat.switch.port.node.0.egress_occ_avg_bytes.write_req = 0
stat.switch.port.node.0.egress_occ_max_bytes.write_req = 0
stat.switch.port.node.0.egress_blocked_cycles.write_req = 0
stat.switch.port.node.0.ingress_arrival_empty_packets.write_req = 1516
stat.switch.port.node.0.ingress_arrival_nonempty_packets.write_req = 8632
stat.switch.port.node.0.ingress_arrival_nonempty_packet_frac.write_req = 0.850611
stat.switch.port.node.0.ingress_nonempty_arrival_pre_occ_avg_bytes.write_req = 155.789
stat.switch.port.node.0.ingress_nonempty_arrival_pre_occ_max_bytes.write_req = 432
stat.switch.port.node.0.ingress_release_after_empty_arrival_packets.write_req = 1515
stat.switch.port.node.0.ingress_release_after_nonempty_arrival_packets.write_req = 8631
stat.switch.port.node.0.ingress_wait_after_empty_arrival_avg_cycles.write_req = 145
stat.switch.port.node.0.ingress_wait_after_nonempty_arrival_avg_cycles.write_req = 146.863
stat.switch.port.node.0.ingress_queue_wait_after_empty_arrival_avg_cycles.write_req = 0
stat.switch.port.node.0.ingress_queue_wait_after_nonempty_arrival_avg_cycles.write_req = 1.86294
stat.switch.port.node.0.ingress_queue_wait_after_empty_arrival_max_cycles.write_req = 0
stat.switch.port.node.0.ingress_queue_wait_after_nonempty_arrival_max_cycles.write_req = 38
stat.switch.port.node.0.rx_bytes.write_req = 649472
stat.switch.port.node.0.tx_bytes.write_req = 0
stat.switch.port.node.0.rx_pkts.write_req = 10148
stat.switch.port.node.0.tx_pkts.write_req = 0
stat.switch.port.node.0.ingress_wait_avg_cycles.response = 0
stat.switch.port.node.0.ingress_wait_max_cycles.response = 0
stat.switch.port.node.0.ingress_queue_wait_avg_cycles.response = 0
stat.switch.port.node.0.ingress_queue_wait_max_cycles.response = 0
stat.switch.port.node.0.egress_wait_avg_cycles.response = 1
stat.switch.port.node.0.egress_wait_max_cycles.response = 1
stat.switch.port.node.0.egress_occ_avg_bytes.response = 0
stat.switch.port.node.0.egress_occ_max_bytes.response = 0
stat.switch.port.node.0.egress_blocked_cycles.response = 0
stat.switch.port.node.0.ingress_arrival_empty_packets.response = 0
stat.switch.port.node.0.ingress_arrival_nonempty_packets.response = 0
stat.switch.port.node.0.ingress_arrival_nonempty_packet_frac.response = 0
stat.switch.port.node.0.ingress_nonempty_arrival_pre_occ_avg_bytes.response = 0
stat.switch.port.node.0.ingress_nonempty_arrival_pre_occ_max_bytes.response = 0
stat.switch.port.node.0.ingress_release_after_empty_arrival_packets.response = 0
stat.switch.port.node.0.ingress_release_after_nonempty_arrival_packets.response = 0
stat.switch.port.node.0.ingress_wait_after_empty_arrival_avg_cycles.response = 0
stat.switch.port.node.0.ingress_wait_after_nonempty_arrival_avg_cycles.response = 0
stat.switch.port.node.0.ingress_queue_wait_after_empty_arrival_avg_cycles.response = 0
stat.switch.port.node.0.ingress_queue_wait_after_nonempty_arrival_avg_cycles.response = 0
stat.switch.port.node.0.ingress_queue_wait_after_empty_arrival_max_cycles.response = 0
stat.switch.port.node.0.ingress_queue_wait_after_nonempty_arrival_max_cycles.response = 0
stat.switch.port.node.0.rx_bytes.response = 0
stat.switch.port.node.0.tx_bytes.response = 1128768
stat.switch.port.node.0.rx_pkts.response = 0
stat.switch.port.node.0.tx_pkts.response = 17637
stat.switch.port.node.0.ingress_wait_avg_cycles.other_req = 130.27
stat.switch.port.node.0.ingress_wait_max_cycles.other_req = 162
stat.switch.port.node.0.ingress_queue_wait_avg_cycles.other_req = 6.27027
stat.switch.port.node.0.ingress_queue_wait_max_cycles.other_req = 38
stat.switch.port.node.0.egress_wait_avg_cycles.other_req = 0
stat.switch.port.node.0.egress_wait_max_cycles.other_req = 0
stat.switch.port.node.0.egress_occ_avg_bytes.other_req = 0
stat.switch.port.node.0.egress_occ_max_bytes.other_req = 0
stat.switch.port.node.0.egress_blocked_cycles.other_req = 0
stat.switch.port.node.0.ingress_arrival_empty_packets.other_req = 1
stat.switch.port.node.0.ingress_arrival_nonempty_packets.other_req = 36
stat.switch.port.node.0.ingress_arrival_nonempty_packet_frac.other_req = 0.972973
stat.switch.port.node.0.ingress_nonempty_arrival_pre_occ_avg_bytes.other_req = 194.222
stat.switch.port.node.0.ingress_nonempty_arrival_pre_occ_max_bytes.other_req = 392
stat.switch.port.node.0.ingress_release_after_empty_arrival_packets.other_req = 1
stat.switch.port.node.0.ingress_release_after_nonempty_arrival_packets.other_req = 36
stat.switch.port.node.0.ingress_wait_after_empty_arrival_avg_cycles.other_req = 124
stat.switch.port.node.0.ingress_wait_after_nonempty_arrival_avg_cycles.other_req = 130.444
stat.switch.port.node.0.ingress_queue_wait_after_empty_arrival_avg_cycles.other_req = 0
stat.switch.port.node.0.ingress_queue_wait_after_nonempty_arrival_avg_cycles.other_req = 6.44444
stat.switch.port.node.0.ingress_queue_wait_after_empty_arrival_max_cycles.other_req = 0
stat.switch.port.node.0.ingress_queue_wait_after_nonempty_arrival_max_cycles.other_req = 38
stat.switch.port.node.0.rx_bytes.other_req = 296
stat.switch.port.node.0.tx_bytes.other_req = 0
stat.switch.port.node.0.rx_pkts.other_req = 37
stat.switch.port.node.0.tx_pkts.other_req = 0
stat.switch.port.node.0.ingress_occ_bucket_bytes.0 = 821165
stat.switch.port.node.0.ready_occ_bucket_bytes.0 = 1558946
stat.switch.port.node.0.ingress_occ_bucket_bytes.1_64 = 184191
stat.switch.port.node.0.ready_occ_bucket_bytes.1_64 = 27797
stat.switch.port.node.0.ingress_occ_bucket_bytes.65_256 = 481799
stat.switch.port.node.0.ready_occ_bucket_bytes.65_256 = 0
stat.switch.port.node.0.ingress_occ_bucket_bytes.257_1024 = 99588
stat.switch.port.node.0.ready_occ_bucket_bytes.257_1024 = 0
stat.switch.port.node.0.ingress_occ_bucket_bytes.1025_4096 = 0
stat.switch.port.node.0.ready_occ_bucket_bytes.1025_4096 = 0
stat.switch.port.node.0.ingress_occ_bucket_bytes.4097_plus = 0
stat.switch.port.node.0.ready_occ_bucket_bytes.4097_plus = 0
stat.switch.port.node.0.ingress_episode.count = 1765
stat.switch.port.node.0.ingress_episode.avg_cycles = 433.726
stat.switch.port.node.0.ingress_episode.max_cycles = 2356
stat.switch.port.node.0.ingress_episode.avg_peak_occ_bytes = 259.182
stat.switch.port.node.0.ingress_episode.max_peak_occ_bytes = 504
stat.switch.port.node.0.ingress_episode.avg_arrival_pkts = 15.749
stat.switch.port.node.0.ingress_episode.max_arrival_pkts = 80
stat.switch.port.node.0.ingress_episode.avg_arrival_bytes = 447.905
stat.switch.port.node.0.ingress_episode.max_arrival_bytes = 2656
stat.switch.port.node.0.ingress_episode.avg_release_pkts = 15.749
stat.switch.port.node.0.ingress_episode.max_release_pkts = 80
stat.switch.port.node.0.ingress_episode.avg_release_bytes = 447.905
stat.switch.port.node.0.ingress_episode.max_release_bytes = 2656
stat.switch.port.node.0.ingress_episode.avg_wait_cycles = 2152.8
stat.switch.port.node.0.ingress_episode.max_wait_cycles = 183
stat.switch.port.node.0.ingress_episode.avg_queue_wait_cycles = 79.2057
stat.switch.port.node.0.ingress_episode.max_queue_wait_cycles = 55
stat.switch.port.node.0.ingress_episode.avg_src_distinct = 1
stat.switch.port.node.0.ingress_episode.max_src_distinct = 1
stat.switch.port.node.0.ingress_episode.avg_dst_distinct = 1
stat.switch.port.node.0.ingress_episode.max_dst_distinct = 1
stat.switch.port.node.0.ingress_episode.avg_arrival_pkts.demand_req = 9.9796
stat.switch.port.node.0.ingress_episode.max_arrival_pkts.demand_req = 44
stat.switch.port.node.0.ingress_episode.avg_release_pkts.demand_req = 9.9796
stat.switch.port.node.0.ingress_episode.max_release_pkts.demand_req = 44
stat.switch.port.node.0.ingress_pre_occ_bucket.demand_req.0 = 249
stat.switch.port.node.0.ingress_queue_wait_bucket.demand_req.0 = 8038
stat.switch.port.node.0.ingress_pre_occ_bucket.demand_req.1_64 = 1411
stat.switch.port.node.0.ingress_queue_wait_bucket.demand_req.1_63 = 9576
stat.switch.port.node.0.ingress_pre_occ_bucket.demand_req.65_256 = 12361
stat.switch.port.node.0.ingress_queue_wait_bucket.demand_req.64_255 = 0
stat.switch.port.node.0.ingress_pre_occ_bucket.demand_req.257_1024 = 3593
stat.switch.port.node.0.ingress_queue_wait_bucket.demand_req.256_1023 = 0
stat.switch.port.node.0.ingress_pre_occ_bucket.demand_req.1025_4096 = 0
stat.switch.port.node.0.ingress_queue_wait_bucket.demand_req.1024_4095 = 0
stat.switch.port.node.0.ingress_pre_occ_bucket.demand_req.4097_plus = 0
stat.switch.port.node.0.ingress_queue_wait_bucket.demand_req.4096_plus = 0
stat.switch.port.node.0.ingress_episode.avg_arrival_pkts.write_req = 5.74844
stat.switch.port.node.0.ingress_episode.max_arrival_pkts.write_req = 36
stat.switch.port.node.0.ingress_episode.avg_release_pkts.write_req = 5.74844
stat.switch.port.node.0.ingress_episode.max_release_pkts.write_req = 36
stat.switch.port.node.0.ingress_pre_occ_bucket.write_req.0 = 1516
stat.switch.port.node.0.ingress_queue_wait_bucket.write_req.0 = 7998
stat.switch.port.node.0.ingress_pre_occ_bucket.write_req.1_64 = 1708
stat.switch.port.node.0.ingress_queue_wait_bucket.write_req.1_63 = 2148
stat.switch.port.node.0.ingress_pre_occ_bucket.write_req.65_256 = 5809
stat.switch.port.node.0.ingress_queue_wait_bucket.write_req.64_255 = 0
stat.switch.port.node.0.ingress_pre_occ_bucket.write_req.257_1024 = 1115
stat.switch.port.node.0.ingress_queue_wait_bucket.write_req.256_1023 = 0
stat.switch.port.node.0.ingress_pre_occ_bucket.write_req.1025_4096 = 0
stat.switch.port.node.0.ingress_queue_wait_bucket.write_req.1024_4095 = 0
stat.switch.port.node.0.ingress_pre_occ_bucket.write_req.4097_plus = 0
stat.switch.port.node.0.ingress_queue_wait_bucket.write_req.4096_plus = 0
stat.switch.port.node.0.ingress_episode.avg_arrival_pkts.response = 0
stat.switch.port.node.0.ingress_episode.max_arrival_pkts.response = 0
stat.switch.port.node.0.ingress_episode.avg_release_pkts.response = 0
stat.switch.port.node.0.ingress_episode.max_release_pkts.response = 0
stat.switch.port.node.0.ingress_pre_occ_bucket.response.0 = 0
stat.switch.port.node.0.ingress_queue_wait_bucket.response.0 = 0
stat.switch.port.node.0.ingress_pre_occ_bucket.response.1_64 = 0
stat.switch.port.node.0.ingress_queue_wait_bucket.response.1_63 = 0
stat.switch.port.node.0.ingress_pre_occ_bucket.response.65_256 = 0
stat.switch.port.node.0.ingress_queue_wait_bucket.response.64_255 = 0
stat.switch.port.node.0.ingress_pre_occ_bucket.response.257_1024 = 0
stat.switch.port.node.0.ingress_queue_wait_bucket.response.256_1023 = 0
stat.switch.port.node.0.ingress_pre_occ_bucket.response.1025_4096 = 0
stat.switch.port.node.0.ingress_queue_wait_bucket.response.1024_4095 = 0
stat.switch.port.node.0.ingress_pre_occ_bucket.response.4097_plus = 0
stat.switch.port.node.0.ingress_queue_wait_bucket.response.4096_plus = 0
stat.switch.port.node.0.ingress_episode.avg_arrival_pkts.other_req = 0.0209632
stat.switch.port.node.0.ingress_episode.max_arrival_pkts.other_req = 1
stat.switch.port.node.0.ingress_episode.avg_release_pkts.other_req = 0.0209632
stat.switch.port.node.0.ingress_episode.max_release_pkts.other_req = 1
stat.switch.port.node.0.ingress_pre_occ_bucket.other_req.0 = 1
stat.switch.port.node.0.ingress_queue_wait_bucket.other_req.0 = 14
stat.switch.port.node.0.ingress_pre_occ_bucket.other_req.1_64 = 2
stat.switch.port.node.0.ingress_queue_wait_bucket.other_req.1_63 = 23
stat.switch.port.node.0.ingress_pre_occ_bucket.other_req.65_256 = 26
stat.switch.port.node.0.ingress_queue_wait_bucket.other_req.64_255 = 0
stat.switch.port.node.0.ingress_pre_occ_bucket.other_req.257_1024 = 8
stat.switch.port.node.0.ingress_queue_wait_bucket.other_req.256_1023 = 0
stat.switch.port.node.0.ingress_pre_occ_bucket.other_req.1025_4096 = 0
stat.switch.port.node.0.ingress_queue_wait_bucket.other_req.1024_4095 = 0
stat.switch.port.node.0.ingress_pre_occ_bucket.other_req.4097_plus = 0
stat.switch.port.node.0.ingress_queue_wait_bucket.other_req.4096_plus = 0
stat.switch.port.node.0.peer_src.0.rx_bytes.demand_req = 140912
stat.switch.port.node.0.peer_src.0.rx_pkts.demand_req = 17614
stat.switch.port.node.0.peer_src.0.tx_bytes.demand_req = 0
stat.switch.port.node.0.peer_src.0.tx_pkts.demand_req = 0
stat.switch.port.node.0.peer_src.0.ingress_arrivals.demand_req = 17614
stat.switch.port.node.0.peer_src.0.ingress_arrival_nonempty_packet_frac.demand_req = 0.985864
stat.switch.port.node.0.peer_src.0.ingress_nonempty_arrival_pre_occ_avg_bytes.demand_req = 184.38
stat.switch.port.node.0.peer_src.0.ingress_nonempty_arrival_pre_occ_max_bytes.demand_req = 496
stat.switch.port.node.0.peer_src.0.ingress_wait_avg_cycles.demand_req = 131.011
stat.switch.port.node.0.peer_src.0.ingress_queue_wait_avg_cycles.demand_req = 7.01073
stat.switch.port.node.0.peer_src.0.ingress_queue_wait_after_nonempty_arrival_avg_cycles.demand_req = 7.11126
stat.switch.port.node.0.peer_src.0.ingress_pre_occ_bucket.demand_req.0 = 249
stat.switch.port.node.0.peer_src.0.ingress_queue_wait_bucket.demand_req.0 = 8038
stat.switch.port.node.0.peer_src.0.ingress_pre_occ_bucket.demand_req.1_64 = 1411
stat.switch.port.node.0.peer_src.0.ingress_queue_wait_bucket.demand_req.1_63 = 9576
stat.switch.port.node.0.peer_src.0.ingress_pre_occ_bucket.demand_req.65_256 = 12361
stat.switch.port.node.0.peer_src.0.ingress_queue_wait_bucket.demand_req.64_255 = 0
stat.switch.port.node.0.peer_src.0.ingress_pre_occ_bucket.demand_req.257_1024 = 3593
stat.switch.port.node.0.peer_src.0.ingress_queue_wait_bucket.demand_req.256_1023 = 0
stat.switch.port.node.0.peer_src.0.ingress_pre_occ_bucket.demand_req.1025_4096 = 0
stat.switch.port.node.0.peer_src.0.ingress_queue_wait_bucket.demand_req.1024_4095 = 0
stat.switch.port.node.0.peer_src.0.ingress_pre_occ_bucket.demand_req.4097_plus = 0
stat.switch.port.node.0.peer_src.0.ingress_queue_wait_bucket.demand_req.4096_plus = 0
stat.switch.port.node.0.peer_src.0.rx_bytes.write_req = 649472
stat.switch.port.node.0.peer_src.0.rx_pkts.write_req = 10148
stat.switch.port.node.0.peer_src.0.tx_bytes.write_req = 0
stat.switch.port.node.0.peer_src.0.tx_pkts.write_req = 0
stat.switch.port.node.0.peer_src.0.ingress_arrivals.write_req = 10148
stat.switch.port.node.0.peer_src.0.ingress_arrival_nonempty_packet_frac.write_req = 0.850611
stat.switch.port.node.0.peer_src.0.ingress_nonempty_arrival_pre_occ_avg_bytes.write_req = 155.789
stat.switch.port.node.0.peer_src.0.ingress_nonempty_arrival_pre_occ_max_bytes.write_req = 432
stat.switch.port.node.0.peer_src.0.ingress_wait_avg_cycles.write_req = 146.585
stat.switch.port.node.0.peer_src.0.ingress_queue_wait_avg_cycles.write_req = 1.58476
stat.switch.port.node.0.peer_src.0.ingress_queue_wait_after_nonempty_arrival_avg_cycles.write_req = 1.86294
stat.switch.port.node.0.peer_src.0.ingress_pre_occ_bucket.write_req.0 = 1516
stat.switch.port.node.0.peer_src.0.ingress_queue_wait_bucket.write_req.0 = 7998
stat.switch.port.node.0.peer_src.0.ingress_pre_occ_bucket.write_req.1_64 = 1708
stat.switch.port.node.0.peer_src.0.ingress_queue_wait_bucket.write_req.1_63 = 2148
stat.switch.port.node.0.peer_src.0.ingress_pre_occ_bucket.write_req.65_256 = 5809
stat.switch.port.node.0.peer_src.0.ingress_queue_wait_bucket.write_req.64_255 = 0
stat.switch.port.node.0.peer_src.0.ingress_pre_occ_bucket.write_req.257_1024 = 1115
stat.switch.port.node.0.peer_src.0.ingress_queue_wait_bucket.write_req.256_1023 = 0
stat.switch.port.node.0.peer_src.0.ingress_pre_occ_bucket.write_req.1025_4096 = 0
stat.switch.port.node.0.peer_src.0.ingress_queue_wait_bucket.write_req.1024_4095 = 0
stat.switch.port.node.0.peer_src.0.ingress_pre_occ_bucket.write_req.4097_plus = 0
stat.switch.port.node.0.peer_src.0.ingress_queue_wait_bucket.write_req.4096_plus = 0
stat.switch.port.node.0.peer_src.0.rx_bytes.other_req = 296
stat.switch.port.node.0.peer_src.0.rx_pkts.other_req = 37
stat.switch.port.node.0.peer_src.0.tx_bytes.other_req = 0
stat.switch.port.node.0.peer_src.0.tx_pkts.other_req = 0
stat.switch.port.node.0.peer_src.0.ingress_arrivals.other_req = 37
stat.switch.port.node.0.peer_src.0.ingress_arrival_nonempty_packet_frac.other_req = 0.972973
stat.switch.port.node.0.peer_src.0.ingress_nonempty_arrival_pre_occ_avg_bytes.other_req = 194.222
stat.switch.port.node.0.peer_src.0.ingress_nonempty_arrival_pre_occ_max_bytes.other_req = 392
stat.switch.port.node.0.peer_src.0.ingress_wait_avg_cycles.other_req = 130.27
stat.switch.port.node.0.peer_src.0.ingress_queue_wait_avg_cycles.other_req = 6.27027
stat.switch.port.node.0.peer_src.0.ingress_queue_wait_after_nonempty_arrival_avg_cycles.other_req = 6.44444
stat.switch.port.node.0.peer_src.0.ingress_pre_occ_bucket.other_req.0 = 1
stat.switch.port.node.0.peer_src.0.ingress_queue_wait_bucket.other_req.0 = 14
stat.switch.port.node.0.peer_src.0.ingress_pre_occ_bucket.other_req.1_64 = 2
stat.switch.port.node.0.peer_src.0.ingress_queue_wait_bucket.other_req.1_63 = 23
stat.switch.port.node.0.peer_src.0.ingress_pre_occ_bucket.other_req.65_256 = 26
stat.switch.port.node.0.peer_src.0.ingress_queue_wait_bucket.other_req.64_255 = 0
stat.switch.port.node.0.peer_src.0.ingress_pre_occ_bucket.other_req.257_1024 = 8
stat.switch.port.node.0.peer_src.0.ingress_queue_wait_bucket.other_req.256_1023 = 0
stat.switch.port.node.0.peer_src.0.ingress_pre_occ_bucket.other_req.1025_4096 = 0
stat.switch.port.node.0.peer_src.0.ingress_queue_wait_bucket.other_req.1024_4095 = 0
stat.switch.port.node.0.peer_src.0.ingress_pre_occ_bucket.other_req.4097_plus = 0
stat.switch.port.node.0.peer_src.0.ingress_queue_wait_bucket.other_req.4096_plus = 0
stat.switch.port.node.0.peer_dst.100.rx_bytes.demand_req = 140912
stat.switch.port.node.0.peer_dst.100.rx_pkts.demand_req = 17614
stat.switch.port.node.0.peer_dst.100.tx_bytes.demand_req = 0
stat.switch.port.node.0.peer_dst.100.tx_pkts.demand_req = 0
stat.switch.port.node.0.peer_dst.100.ingress_arrivals.demand_req = 17614
stat.switch.port.node.0.peer_dst.100.ingress_arrival_nonempty_packet_frac.demand_req = 0.985864
stat.switch.port.node.0.peer_dst.100.ingress_nonempty_arrival_pre_occ_avg_bytes.demand_req = 184.38
stat.switch.port.node.0.peer_dst.100.ingress_nonempty_arrival_pre_occ_max_bytes.demand_req = 496
stat.switch.port.node.0.peer_dst.100.ingress_wait_avg_cycles.demand_req = 131.011
stat.switch.port.node.0.peer_dst.100.ingress_queue_wait_avg_cycles.demand_req = 7.01073
stat.switch.port.node.0.peer_dst.100.ingress_queue_wait_after_nonempty_arrival_avg_cycles.demand_req = 7.11126
stat.switch.port.node.0.peer_dst.100.ingress_pre_occ_bucket.demand_req.0 = 249
stat.switch.port.node.0.peer_dst.100.ingress_queue_wait_bucket.demand_req.0 = 8038
stat.switch.port.node.0.peer_dst.100.ingress_pre_occ_bucket.demand_req.1_64 = 1411
stat.switch.port.node.0.peer_dst.100.ingress_queue_wait_bucket.demand_req.1_63 = 9576
stat.switch.port.node.0.peer_dst.100.ingress_pre_occ_bucket.demand_req.65_256 = 12361
stat.switch.port.node.0.peer_dst.100.ingress_queue_wait_bucket.demand_req.64_255 = 0
stat.switch.port.node.0.peer_dst.100.ingress_pre_occ_bucket.demand_req.257_1024 = 3593
stat.switch.port.node.0.peer_dst.100.ingress_queue_wait_bucket.demand_req.256_1023 = 0
stat.switch.port.node.0.peer_dst.100.ingress_pre_occ_bucket.demand_req.1025_4096 = 0
stat.switch.port.node.0.peer_dst.100.ingress_queue_wait_bucket.demand_req.1024_4095 = 0
stat.switch.port.node.0.peer_dst.100.ingress_pre_occ_bucket.demand_req.4097_plus = 0
stat.switch.port.node.0.peer_dst.100.ingress_queue_wait_bucket.demand_req.4096_plus = 0
stat.switch.port.node.0.peer_dst.100.rx_bytes.write_req = 649472
stat.switch.port.node.0.peer_dst.100.rx_pkts.write_req = 10148
stat.switch.port.node.0.peer_dst.100.tx_bytes.write_req = 0
stat.switch.port.node.0.peer_dst.100.tx_pkts.write_req = 0
stat.switch.port.node.0.peer_dst.100.ingress_arrivals.write_req = 10148
stat.switch.port.node.0.peer_dst.100.ingress_arrival_nonempty_packet_frac.write_req = 0.850611
stat.switch.port.node.0.peer_dst.100.ingress_nonempty_arrival_pre_occ_avg_bytes.write_req = 155.789
stat.switch.port.node.0.peer_dst.100.ingress_nonempty_arrival_pre_occ_max_bytes.write_req = 432
stat.switch.port.node.0.peer_dst.100.ingress_wait_avg_cycles.write_req = 146.585
stat.switch.port.node.0.peer_dst.100.ingress_queue_wait_avg_cycles.write_req = 1.58476
stat.switch.port.node.0.peer_dst.100.ingress_queue_wait_after_nonempty_arrival_avg_cycles.write_req = 1.86294
stat.switch.port.node.0.peer_dst.100.ingress_pre_occ_bucket.write_req.0 = 1516
stat.switch.port.node.0.peer_dst.100.ingress_queue_wait_bucket.write_req.0 = 7998
stat.switch.port.node.0.peer_dst.100.ingress_pre_occ_bucket.write_req.1_64 = 1708
stat.switch.port.node.0.peer_dst.100.ingress_queue_wait_bucket.write_req.1_63 = 2148
stat.switch.port.node.0.peer_dst.100.ingress_pre_occ_bucket.write_req.65_256 = 5809
stat.switch.port.node.0.peer_dst.100.ingress_queue_wait_bucket.write_req.64_255 = 0
stat.switch.port.node.0.peer_dst.100.ingress_pre_occ_bucket.write_req.257_1024 = 1115
stat.switch.port.node.0.peer_dst.100.ingress_queue_wait_bucket.write_req.256_1023 = 0
stat.switch.port.node.0.peer_dst.100.ingress_pre_occ_bucket.write_req.1025_4096 = 0
stat.switch.port.node.0.peer_dst.100.ingress_queue_wait_bucket.write_req.1024_4095 = 0
stat.switch.port.node.0.peer_dst.100.ingress_pre_occ_bucket.write_req.4097_plus = 0
stat.switch.port.node.0.peer_dst.100.ingress_queue_wait_bucket.write_req.4096_plus = 0
stat.switch.port.node.0.peer_dst.100.rx_bytes.other_req = 296
stat.switch.port.node.0.peer_dst.100.rx_pkts.other_req = 37
stat.switch.port.node.0.peer_dst.100.tx_bytes.other_req = 0
stat.switch.port.node.0.peer_dst.100.tx_pkts.other_req = 0
stat.switch.port.node.0.peer_dst.100.ingress_arrivals.other_req = 37
stat.switch.port.node.0.peer_dst.100.ingress_arrival_nonempty_packet_frac.other_req = 0.972973
stat.switch.port.node.0.peer_dst.100.ingress_nonempty_arrival_pre_occ_avg_bytes.other_req = 194.222
stat.switch.port.node.0.peer_dst.100.ingress_nonempty_arrival_pre_occ_max_bytes.other_req = 392
stat.switch.port.node.0.peer_dst.100.ingress_wait_avg_cycles.other_req = 130.27
stat.switch.port.node.0.peer_dst.100.ingress_queue_wait_avg_cycles.other_req = 6.27027
stat.switch.port.node.0.peer_dst.100.ingress_queue_wait_after_nonempty_arrival_avg_cycles.other_req = 6.44444
stat.switch.port.node.0.peer_dst.100.ingress_pre_occ_bucket.other_req.0 = 1
stat.switch.port.node.0.peer_dst.100.ingress_queue_wait_bucket.other_req.0 = 14
stat.switch.port.node.0.peer_dst.100.ingress_pre_occ_bucket.other_req.1_64 = 2
stat.switch.port.node.0.peer_dst.100.ingress_queue_wait_bucket.other_req.1_63 = 23
stat.switch.port.node.0.peer_dst.100.ingress_pre_occ_bucket.other_req.65_256 = 26
stat.switch.port.node.0.peer_dst.100.ingress_queue_wait_bucket.other_req.64_255 = 0
stat.switch.port.node.0.peer_dst.100.ingress_pre_occ_bucket.other_req.257_1024 = 8
stat.switch.port.node.0.peer_dst.100.ingress_queue_wait_bucket.other_req.256_1023 = 0
stat.switch.port.node.0.peer_dst.100.ingress_pre_occ_bucket.other_req.1025_4096 = 0
stat.switch.port.node.0.peer_dst.100.ingress_queue_wait_bucket.other_req.1024_4095 = 0
stat.switch.port.node.0.peer_dst.100.ingress_pre_occ_bucket.other_req.4097_plus = 0
stat.switch.port.node.0.peer_dst.100.ingress_queue_wait_bucket.other_req.4096_plus = 0
stat.switch.port.node.0.tx_src.100.rx_bytes.response = 0
stat.switch.port.node.0.tx_src.100.rx_pkts.response = 0
stat.switch.port.node.0.tx_src.100.tx_bytes.response = 564416
stat.switch.port.node.0.tx_src.100.tx_pkts.response = 8819
stat.switch.port.node.0.tx_src.100.ingress_arrivals.response = 0
stat.switch.port.node.0.tx_src.100.ingress_arrival_nonempty_packet_frac.response = 0
stat.switch.port.node.0.tx_src.100.ingress_nonempty_arrival_pre_occ_avg_bytes.response = 0
stat.switch.port.node.0.tx_src.100.ingress_nonempty_arrival_pre_occ_max_bytes.response = 0
stat.switch.port.node.0.tx_src.100.ingress_wait_avg_cycles.response = 0
stat.switch.port.node.0.tx_src.100.ingress_queue_wait_avg_cycles.response = 0
stat.switch.port.node.0.tx_src.100.ingress_queue_wait_after_nonempty_arrival_avg_cycles.response = 0
stat.switch.port.node.0.tx_src.100.ingress_pre_occ_bucket.response.0 = 0
stat.switch.port.node.0.tx_src.100.ingress_queue_wait_bucket.response.0 = 0
stat.switch.port.node.0.tx_src.100.ingress_pre_occ_bucket.response.1_64 = 0
stat.switch.port.node.0.tx_src.100.ingress_queue_wait_bucket.response.1_63 = 0
stat.switch.port.node.0.tx_src.100.ingress_pre_occ_bucket.response.65_256 = 0
stat.switch.port.node.0.tx_src.100.ingress_queue_wait_bucket.response.64_255 = 0
stat.switch.port.node.0.tx_src.100.ingress_pre_occ_bucket.response.257_1024 = 0
stat.switch.port.node.0.tx_src.100.ingress_queue_wait_bucket.response.256_1023 = 0
stat.switch.port.node.0.tx_src.100.ingress_pre_occ_bucket.response.1025_4096 = 0
stat.switch.port.node.0.tx_src.100.ingress_queue_wait_bucket.response.1024_4095 = 0
stat.switch.port.node.0.tx_src.100.ingress_pre_occ_bucket.response.4097_plus = 0
stat.switch.port.node.0.tx_src.100.ingress_queue_wait_bucket.response.4096_plus = 0
stat.switch.port.node.0.tx_src.101.rx_bytes.response = 0
stat.switch.port.node.0.tx_src.101.rx_pkts.response = 0
stat.switch.port.node.0.tx_src.101.tx_bytes.response = 564352
stat.switch.port.node.0.tx_src.101.tx_pkts.response = 8818
stat.switch.port.node.0.tx_src.101.ingress_arrivals.response = 0
stat.switch.port.node.0.tx_src.101.ingress_arrival_nonempty_packet_frac.response = 0
stat.switch.port.node.0.tx_src.101.ingress_nonempty_arrival_pre_occ_avg_bytes.response = 0
stat.switch.port.node.0.tx_src.101.ingress_nonempty_arrival_pre_occ_max_bytes.response = 0
stat.switch.port.node.0.tx_src.101.ingress_wait_avg_cycles.response = 0
stat.switch.port.node.0.tx_src.101.ingress_queue_wait_avg_cycles.response = 0
stat.switch.port.node.0.tx_src.101.ingress_queue_wait_after_nonempty_arrival_avg_cycles.response = 0
stat.switch.port.node.0.tx_src.101.ingress_pre_occ_bucket.response.0 = 0
stat.switch.port.node.0.tx_src.101.ingress_queue_wait_bucket.response.0 = 0
stat.switch.port.node.0.tx_src.101.ingress_pre_occ_bucket.response.1_64 = 0
stat.switch.port.node.0.tx_src.101.ingress_queue_wait_bucket.response.1_63 = 0
stat.switch.port.node.0.tx_src.101.ingress_pre_occ_bucket.response.65_256 = 0
stat.switch.port.node.0.tx_src.101.ingress_queue_wait_bucket.response.64_255 = 0
stat.switch.port.node.0.tx_src.101.ingress_pre_occ_bucket.response.257_1024 = 0
stat.switch.port.node.0.tx_src.101.ingress_queue_wait_bucket.response.256_1023 = 0
stat.switch.port.node.0.tx_src.101.ingress_pre_occ_bucket.response.1025_4096 = 0
stat.switch.port.node.0.tx_src.101.ingress_queue_wait_bucket.response.1024_4095 = 0
stat.switch.port.node.0.tx_src.101.ingress_pre_occ_bucket.response.4097_plus = 0
stat.switch.port.node.0.tx_src.101.ingress_queue_wait_bucket.response.4096_plus = 0
stat.switch.port.node.0.tx_dst.0.rx_bytes.response = 0
stat.switch.port.node.0.tx_dst.0.rx_pkts.response = 0
stat.switch.port.node.0.tx_dst.0.tx_bytes.response = 1128768
stat.switch.port.node.0.tx_dst.0.tx_pkts.response = 17637
stat.switch.port.node.0.tx_dst.0.ingress_arrivals.response = 0
stat.switch.port.node.0.tx_dst.0.ingress_arrival_nonempty_packet_frac.response = 0
stat.switch.port.node.0.tx_dst.0.ingress_nonempty_arrival_pre_occ_avg_bytes.response = 0
stat.switch.port.node.0.tx_dst.0.ingress_nonempty_arrival_pre_occ_max_bytes.response = 0
stat.switch.port.node.0.tx_dst.0.ingress_wait_avg_cycles.response = 0
stat.switch.port.node.0.tx_dst.0.ingress_queue_wait_avg_cycles.response = 0
stat.switch.port.node.0.tx_dst.0.ingress_queue_wait_after_nonempty_arrival_avg_cycles.response = 0
stat.switch.port.node.0.tx_dst.0.ingress_pre_occ_bucket.response.0 = 0
stat.switch.port.node.0.tx_dst.0.ingress_queue_wait_bucket.response.0 = 0
stat.switch.port.node.0.tx_dst.0.ingress_pre_occ_bucket.response.1_64 = 0
stat.switch.port.node.0.tx_dst.0.ingress_queue_wait_bucket.response.1_63 = 0
stat.switch.port.node.0.tx_dst.0.ingress_pre_occ_bucket.response.65_256 = 0
stat.switch.port.node.0.tx_dst.0.ingress_queue_wait_bucket.response.64_255 = 0
stat.switch.port.node.0.tx_dst.0.ingress_pre_occ_bucket.response.257_1024 = 0
stat.switch.port.node.0.tx_dst.0.ingress_queue_wait_bucket.response.256_1023 = 0
stat.switch.port.node.0.tx_dst.0.ingress_pre_occ_bucket.response.1025_4096 = 0
stat.switch.port.node.0.tx_dst.0.ingress_queue_wait_bucket.response.1024_4095 = 0
stat.switch.port.node.0.tx_dst.0.ingress_pre_occ_bucket.response.4097_plus = 0
stat.switch.port.node.0.tx_dst.0.ingress_queue_wait_bucket.response.4096_plus = 0
stat.switch.port.pool.0.ingress_wait_avg_cycles = 159.871
stat.switch.port.pool.0.ingress_wait_max_cycles = 282
stat.switch.port.pool.0.egress_wait_avg_cycles = 1
stat.switch.port.pool.0.egress_wait_max_cycles = 1
stat.switch.port.pool.0.ingress_queue_wait_avg_cycles = 14.8707
stat.switch.port.pool.0.ingress_queue_wait_max_cycles = 137
stat.switch.port.pool.0.egress_occ_avg_bytes = 0
stat.switch.port.pool.0.egress_occ_stddev_bytes = 0
stat.switch.port.pool.0.egress_occ_max_bytes = 0
stat.switch.port.pool.0.egress_occ_nonempty_frac = 0
stat.switch.port.pool.0.egress_blocked_cycles = 0
stat.switch.port.pool.0.egress_blocked_nonempty_frac = 0
stat.switch.port.pool.0.egress_blocked_avg_occ_bytes = 0
stat.switch.port.pool.0.egress_blocked_max_occ_bytes = 0
stat.switch.port.pool.0.egress_send_burst_max_pkts = 1
stat.switch.port.pool.0.egress_send_burst_max_bytes = 64
stat.switch.port.pool.0.egress_send_burst_avg_pkts = 1
stat.switch.port.pool.0.egress_send_burst_avg_bytes = 37.9481
stat.switch.port.pool.0.egress_send_burst_stddev_pkts = 0
stat.switch.port.pool.0.egress_send_burst_stddev_bytes = 27.9321
stat.switch.port.pool.0.egress_send_nonempty_frac = 0.0119566
stat.switch.port.pool.0.ingress_arrival_burst_avg_bytes = 64
stat.switch.port.pool.0.ingress_arrival_nonempty_frac = 0.00556108
stat.switch.port.pool.0.ingress_arrival_run_max_cycles = 1
stat.switch.port.pool.0.ingress_arrival_run_avg_cycles = 1
stat.switch.port.pool.0.ingress_arrival_gap_max_cycles = 1032
stat.switch.port.pool.0.ingress_arrival_gap_avg_cycles = 120.282
stat.switch.port.pool.0.ingress_release_burst_avg_bytes = 64
stat.switch.port.pool.0.ingress_release_nonempty_frac = 0.00555793
stat.switch.port.pool.0.ingress_release_run_max_cycles = 1
stat.switch.port.pool.0.ingress_release_run_avg_cycles = 1
stat.switch.port.pool.0.ingress_release_gap_max_cycles = 1032
stat.switch.port.pool.0.ingress_release_gap_avg_cycles = 120.321
stat.switch.port.pool.0.ingress_occ_avg_bytes = 56.5133
stat.switch.port.pool.0.ingress_occ_stddev_bytes = 91.2727
stat.switch.port.pool.0.ingress_occ_max_bytes = 512
stat.switch.port.pool.0.ingress_occ_nonempty_frac = 0.374831
stat.switch.port.pool.0.ingress_occ_run_max_cycles = 720
stat.switch.port.pool.0.ingress_occ_run_avg_cycles = 262.356
stat.switch.port.pool.0.ingress_occ_gap_max_cycles = 889
stat.switch.port.pool.0.ingress_occ_gap_avg_cycles = 209.759
stat.switch.port.pool.0.ingress_wait_avg_cycles.demand_req = 0
stat.switch.port.pool.0.ingress_wait_max_cycles.demand_req = 0
stat.switch.port.pool.0.ingress_queue_wait_avg_cycles.demand_req = 0
stat.switch.port.pool.0.ingress_queue_wait_max_cycles.demand_req = 0
stat.switch.port.pool.0.egress_wait_avg_cycles.demand_req = 1
stat.switch.port.pool.0.egress_wait_max_cycles.demand_req = 1
stat.switch.port.pool.0.egress_occ_avg_bytes.demand_req = 0
stat.switch.port.pool.0.egress_occ_max_bytes.demand_req = 0
stat.switch.port.pool.0.egress_blocked_cycles.demand_req = 0
stat.switch.port.pool.0.ingress_arrival_empty_packets.demand_req = 0
stat.switch.port.pool.0.ingress_arrival_nonempty_packets.demand_req = 0
stat.switch.port.pool.0.ingress_arrival_nonempty_packet_frac.demand_req = 0
stat.switch.port.pool.0.ingress_nonempty_arrival_pre_occ_avg_bytes.demand_req = 0
stat.switch.port.pool.0.ingress_nonempty_arrival_pre_occ_max_bytes.demand_req = 0
stat.switch.port.pool.0.ingress_release_after_empty_arrival_packets.demand_req = 0
stat.switch.port.pool.0.ingress_release_after_nonempty_arrival_packets.demand_req = 0
stat.switch.port.pool.0.ingress_wait_after_empty_arrival_avg_cycles.demand_req = 0
stat.switch.port.pool.0.ingress_wait_after_nonempty_arrival_avg_cycles.demand_req = 0
stat.switch.port.pool.0.ingress_queue_wait_after_empty_arrival_avg_cycles.demand_req = 0
stat.switch.port.pool.0.ingress_queue_wait_after_nonempty_arrival_avg_cycles.demand_req = 0
stat.switch.port.pool.0.ingress_queue_wait_after_empty_arrival_max_cycles.demand_req = 0
stat.switch.port.pool.0.ingress_queue_wait_after_nonempty_arrival_max_cycles.demand_req = 0
stat.switch.port.pool.0.rx_bytes.demand_req = 0
stat.switch.port.pool.0.tx_bytes.demand_req = 70416
stat.switch.port.pool.0.rx_pkts.demand_req = 0
stat.switch.port.pool.0.tx_pkts.demand_req = 8802
stat.switch.port.pool.0.ingress_wait_avg_cycles.write_req = 0
stat.switch.port.pool.0.ingress_wait_max_cycles.write_req = 0
stat.switch.port.pool.0.ingress_queue_wait_avg_cycles.write_req = 0
stat.switch.port.pool.0.ingress_queue_wait_max_cycles.write_req = 0
stat.switch.port.pool.0.egress_wait_avg_cycles.write_req = 1
stat.switch.port.pool.0.egress_wait_max_cycles.write_req = 1
stat.switch.port.pool.0.egress_occ_avg_bytes.write_req = 0
stat.switch.port.pool.0.egress_occ_max_bytes.write_req = 0
stat.switch.port.pool.0.egress_blocked_cycles.write_req = 0
stat.switch.port.pool.0.ingress_arrival_empty_packets.write_req = 0
stat.switch.port.pool.0.ingress_arrival_nonempty_packets.write_req = 0
stat.switch.port.pool.0.ingress_arrival_nonempty_packet_frac.write_req = 0
stat.switch.port.pool.0.ingress_nonempty_arrival_pre_occ_avg_bytes.write_req = 0
stat.switch.port.pool.0.ingress_nonempty_arrival_pre_occ_max_bytes.write_req = 0
stat.switch.port.pool.0.ingress_release_after_empty_arrival_packets.write_req = 0
stat.switch.port.pool.0.ingress_release_after_nonempty_arrival_packets.write_req = 0
stat.switch.port.pool.0.ingress_wait_after_empty_arrival_avg_cycles.write_req = 0
stat.switch.port.pool.0.ingress_wait_after_nonempty_arrival_avg_cycles.write_req = 0
stat.switch.port.pool.0.ingress_queue_wait_after_empty_arrival_avg_cycles.write_req = 0
stat.switch.port.pool.0.ingress_queue_wait_after_nonempty_arrival_avg_cycles.write_req = 0
stat.switch.port.pool.0.ingress_queue_wait_after_empty_arrival_max_cycles.write_req = 0
stat.switch.port.pool.0.ingress_queue_wait_after_nonempty_arrival_max_cycles.write_req = 0
stat.switch.port.pool.0.rx_bytes.write_req = 0
stat.switch.port.pool.0.tx_bytes.write_req = 649344
stat.switch.port.pool.0.rx_pkts.write_req = 0
stat.switch.port.pool.0.tx_pkts.write_req = 10146
stat.switch.port.pool.0.ingress_wait_avg_cycles.response = 159.871
stat.switch.port.pool.0.ingress_wait_max_cycles.response = 282
stat.switch.port.pool.0.ingress_queue_wait_avg_cycles.response = 14.8707
stat.switch.port.pool.0.ingress_queue_wait_max_cycles.response = 137
stat.switch.port.pool.0.egress_wait_avg_cycles.response = 0
stat.switch.port.pool.0.egress_wait_max_cycles.response = 0
stat.switch.port.pool.0.egress_occ_avg_bytes.response = 0
stat.switch.port.pool.0.egress_occ_max_bytes.response = 0
stat.switch.port.pool.0.egress_blocked_cycles.response = 0
stat.switch.port.pool.0.ingress_arrival_empty_packets.response = 2267
stat.switch.port.pool.0.ingress_arrival_nonempty_packets.response = 6557
stat.switch.port.pool.0.ingress_arrival_nonempty_packet_frac.response = 0.743087
stat.switch.port.pool.0.ingress_nonempty_arrival_pre_occ_avg_bytes.response = 145.579
stat.switch.port.pool.0.ingress_nonempty_arrival_pre_occ_max_bytes.response = 448
stat.switch.port.pool.0.ingress_release_after_empty_arrival_packets.response = 2266
stat.switch.port.pool.0.ingress_release_after_nonempty_arrival_packets.response = 6553
stat.switch.port.pool.0.ingress_wait_after_empty_arrival_avg_cycles.response = 145
stat.switch.port.pool.0.ingress_wait_after_nonempty_arrival_avg_cycles.response = 165.013
stat.switch.port.pool.0.ingress_queue_wait_after_empty_arrival_avg_cycles.response = 0
stat.switch.port.pool.0.ingress_queue_wait_after_nonempty_arrival_avg_cycles.response = 20.013
stat.switch.port.pool.0.ingress_queue_wait_after_empty_arrival_max_cycles.response = 0
stat.switch.port.pool.0.ingress_queue_wait_after_nonempty_arrival_max_cycles.response = 137
stat.switch.port.pool.0.rx_bytes.response = 564736
stat.switch.port.pool.0.tx_bytes.response = 0
stat.switch.port.pool.0.rx_pkts.response = 8824
stat.switch.port.pool.0.tx_pkts.response = 0
stat.switch.port.pool.0.ingress_wait_avg_cycles.other_req = 0
stat.switch.port.pool.0.ingress_wait_max_cycles.other_req = 0
stat.switch.port.pool.0.ingress_queue_wait_avg_cycles.other_req = 0
stat.switch.port.pool.0.ingress_queue_wait_max_cycles.other_req = 0
stat.switch.port.pool.0.egress_wait_avg_cycles.other_req = 1
stat.switch.port.pool.0.egress_wait_max_cycles.other_req = 1
stat.switch.port.pool.0.egress_occ_avg_bytes.other_req = 0
stat.switch.port.pool.0.egress_occ_max_bytes.other_req = 0
stat.switch.port.pool.0.egress_blocked_cycles.other_req = 0
stat.switch.port.pool.0.ingress_arrival_empty_packets.other_req = 0
stat.switch.port.pool.0.ingress_arrival_nonempty_packets.other_req = 0
stat.switch.port.pool.0.ingress_arrival_nonempty_packet_frac.other_req = 0
stat.switch.port.pool.0.ingress_nonempty_arrival_pre_occ_avg_bytes.other_req = 0
stat.switch.port.pool.0.ingress_nonempty_arrival_pre_occ_max_bytes.other_req = 0
stat.switch.port.pool.0.ingress_release_after_empty_arrival_packets.other_req = 0
stat.switch.port.pool.0.ingress_release_after_nonempty_arrival_packets.other_req = 0
stat.switch.port.pool.0.ingress_wait_after_empty_arrival_avg_cycles.other_req = 0
stat.switch.port.pool.0.ingress_wait_after_nonempty_arrival_avg_cycles.other_req = 0
stat.switch.port.pool.0.ingress_queue_wait_after_empty_arrival_avg_cycles.other_req = 0
stat.switch.port.pool.0.ingress_queue_wait_after_nonempty_arrival_avg_cycles.other_req = 0
stat.switch.port.pool.0.ingress_queue_wait_after_empty_arrival_max_cycles.other_req = 0
stat.switch.port.pool.0.ingress_queue_wait_after_nonempty_arrival_max_cycles.other_req = 0
stat.switch.port.pool.0.rx_bytes.other_req = 0
stat.switch.port.pool.0.tx_bytes.other_req = 192
stat.switch.port.pool.0.rx_pkts.other_req = 0
stat.switch.port.pool.0.tx_pkts.other_req = 24
stat.switch.port.pool.0.ingress_occ_bucket_bytes.0 = 991982
stat.switch.port.pool.0.ready_occ_bucket_bytes.0 = 1577924
stat.switch.port.pool.0.ingress_occ_bucket_bytes.1_64 = 203087
stat.switch.port.pool.0.ready_occ_bucket_bytes.1_64 = 8819
stat.switch.port.pool.0.ingress_occ_bucket_bytes.65_256 = 340538
stat.switch.port.pool.0.ready_occ_bucket_bytes.65_256 = 0
stat.switch.port.pool.0.ingress_occ_bucket_bytes.257_1024 = 51136
stat.switch.port.pool.0.ready_occ_bucket_bytes.257_1024 = 0
stat.switch.port.pool.0.ingress_occ_bucket_bytes.1025_4096 = 0
stat.switch.port.pool.0.ready_occ_bucket_bytes.1025_4096 = 0
stat.switch.port.pool.0.ingress_occ_bucket_bytes.4097_plus = 0
stat.switch.port.pool.0.ready_occ_bucket_bytes.4097_plus = 0
stat.switch.port.pool.0.ingress_episode.count = 2266
stat.switch.port.pool.0.ingress_episode.avg_cycles = 262.464
stat.switch.port.pool.0.ingress_episode.max_cycles = 720
stat.switch.port.pool.0.ingress_episode.avg_peak_occ_bytes = 211.883
stat.switch.port.pool.0.ingress_episode.max_peak_occ_bytes = 512
stat.switch.port.pool.0.ingress_episode.avg_arrival_pkts = 3.89188
stat.switch.port.pool.0.ingress_episode.max_arrival_pkts = 8
stat.switch.port.pool.0.ingress_episode.avg_arrival_bytes = 249.08
stat.switch.port.pool.0.ingress_episode.max_arrival_bytes = 512
stat.switch.port.pool.0.ingress_episode.avg_release_pkts = 3.89188
stat.switch.port.pool.0.ingress_episode.max_release_pkts = 8
stat.switch.port.pool.0.ingress_episode.avg_release_bytes = 249.08
stat.switch.port.pool.0.ingress_episode.max_release_bytes = 512
stat.switch.port.pool.0.ingress_episode.avg_wait_cycles = 622.198
stat.switch.port.pool.0.ingress_episode.max_wait_cycles = 282
stat.switch.port.pool.0.ingress_episode.avg_queue_wait_cycles = 57.8751
stat.switch.port.pool.0.ingress_episode.max_queue_wait_cycles = 137
stat.switch.port.pool.0.ingress_episode.avg_src_distinct = 1
stat.switch.port.pool.0.ingress_episode.max_src_distinct = 1
stat.switch.port.pool.0.ingress_episode.avg_dst_distinct = 1
stat.switch.port.pool.0.ingress_episode.max_dst_distinct = 1
stat.switch.port.pool.0.ingress_episode.avg_arrival_pkts.demand_req = 0
stat.switch.port.pool.0.ingress_episode.max_arrival_pkts.demand_req = 0
stat.switch.port.pool.0.ingress_episode.avg_release_pkts.demand_req = 0
stat.switch.port.pool.0.ingress_episode.max_release_pkts.demand_req = 0
stat.switch.port.pool.0.ingress_pre_occ_bucket.demand_req.0 = 0
stat.switch.port.pool.0.ingress_queue_wait_bucket.demand_req.0 = 0
stat.switch.port.pool.0.ingress_pre_occ_bucket.demand_req.1_64 = 0
stat.switch.port.pool.0.ingress_queue_wait_bucket.demand_req.1_63 = 0
stat.switch.port.pool.0.ingress_pre_occ_bucket.demand_req.65_256 = 0
stat.switch.port.pool.0.ingress_queue_wait_bucket.demand_req.64_255 = 0
stat.switch.port.pool.0.ingress_pre_occ_bucket.demand_req.257_1024 = 0
stat.switch.port.pool.0.ingress_queue_wait_bucket.demand_req.256_1023 = 0
stat.switch.port.pool.0.ingress_pre_occ_bucket.demand_req.1025_4096 = 0
stat.switch.port.pool.0.ingress_queue_wait_bucket.demand_req.1024_4095 = 0
stat.switch.port.pool.0.ingress_pre_occ_bucket.demand_req.4097_plus = 0
stat.switch.port.pool.0.ingress_queue_wait_bucket.demand_req.4096_plus = 0
stat.switch.port.pool.0.ingress_episode.avg_arrival_pkts.write_req = 0
stat.switch.port.pool.0.ingress_episode.max_arrival_pkts.write_req = 0
stat.switch.port.pool.0.ingress_episode.avg_release_pkts.write_req = 0
stat.switch.port.pool.0.ingress_episode.max_release_pkts.write_req = 0
stat.switch.port.pool.0.ingress_pre_occ_bucket.write_req.0 = 0
stat.switch.port.pool.0.ingress_queue_wait_bucket.write_req.0 = 0
stat.switch.port.pool.0.ingress_pre_occ_bucket.write_req.1_64 = 0
stat.switch.port.pool.0.ingress_queue_wait_bucket.write_req.1_63 = 0
stat.switch.port.pool.0.ingress_pre_occ_bucket.write_req.65_256 = 0
stat.switch.port.pool.0.ingress_queue_wait_bucket.write_req.64_255 = 0
stat.switch.port.pool.0.ingress_pre_occ_bucket.write_req.257_1024 = 0
stat.switch.port.pool.0.ingress_queue_wait_bucket.write_req.256_1023 = 0
stat.switch.port.pool.0.ingress_pre_occ_bucket.write_req.1025_4096 = 0
stat.switch.port.pool.0.ingress_queue_wait_bucket.write_req.1024_4095 = 0
stat.switch.port.pool.0.ingress_pre_occ_bucket.write_req.4097_plus = 0
stat.switch.port.pool.0.ingress_queue_wait_bucket.write_req.4096_plus = 0
stat.switch.port.pool.0.ingress_episode.avg_arrival_pkts.response = 3.89188
stat.switch.port.pool.0.ingress_episode.max_arrival_pkts.response = 8
stat.switch.port.pool.0.ingress_episode.avg_release_pkts.response = 3.89188
stat.switch.port.pool.0.ingress_episode.max_release_pkts.response = 8
stat.switch.port.pool.0.ingress_pre_occ_bucket.response.0 = 2267
stat.switch.port.pool.0.ingress_queue_wait_bucket.response.0 = 4682
stat.switch.port.pool.0.ingress_pre_occ_bucket.response.1_64 = 2311
stat.switch.port.pool.0.ingress_queue_wait_bucket.response.1_63 = 3843
stat.switch.port.pool.0.ingress_pre_occ_bucket.response.65_256 = 3779
stat.switch.port.pool.0.ingress_queue_wait_bucket.response.64_255 = 294
stat.switch.port.pool.0.ingress_pre_occ_bucket.response.257_1024 = 467
stat.switch.port.pool.0.ingress_queue_wait_bucket.response.256_1023 = 0
stat.switch.port.pool.0.ingress_pre_occ_bucket.response.1025_4096 = 0
stat.switch.port.pool.0.ingress_queue_wait_bucket.response.1024_4095 = 0
stat.switch.port.pool.0.ingress_pre_occ_bucket.response.4097_plus = 0
stat.switch.port.pool.0.ingress_queue_wait_bucket.response.4096_plus = 0
stat.switch.port.pool.0.ingress_episode.avg_arrival_pkts.other_req = 0
stat.switch.port.pool.0.ingress_episode.max_arrival_pkts.other_req = 0
stat.switch.port.pool.0.ingress_episode.avg_release_pkts.other_req = 0
stat.switch.port.pool.0.ingress_episode.max_release_pkts.other_req = 0
stat.switch.port.pool.0.ingress_pre_occ_bucket.other_req.0 = 0
stat.switch.port.pool.0.ingress_queue_wait_bucket.other_req.0 = 0
stat.switch.port.pool.0.ingress_pre_occ_bucket.other_req.1_64 = 0
stat.switch.port.pool.0.ingress_queue_wait_bucket.other_req.1_63 = 0
stat.switch.port.pool.0.ingress_pre_occ_bucket.other_req.65_256 = 0
stat.switch.port.pool.0.ingress_queue_wait_bucket.other_req.64_255 = 0
stat.switch.port.pool.0.ingress_pre_occ_bucket.other_req.257_1024 = 0
stat.switch.port.pool.0.ingress_queue_wait_bucket.other_req.256_1023 = 0
stat.switch.port.pool.0.ingress_pre_occ_bucket.other_req.1025_4096 = 0
stat.switch.port.pool.0.ingress_queue_wait_bucket.other_req.1024_4095 = 0
stat.switch.port.pool.0.ingress_pre_occ_bucket.other_req.4097_plus = 0
stat.switch.port.pool.0.ingress_queue_wait_bucket.other_req.4096_plus = 0
stat.switch.port.pool.0.peer_src.100.rx_bytes.response = 564736
stat.switch.port.pool.0.peer_src.100.rx_pkts.response = 8824
stat.switch.port.pool.0.peer_src.100.tx_bytes.response = 0
stat.switch.port.pool.0.peer_src.100.tx_pkts.response = 0
stat.switch.port.pool.0.peer_src.100.ingress_arrivals.response = 8824
stat.switch.port.pool.0.peer_src.100.ingress_arrival_nonempty_packet_frac.response = 0.743087
stat.switch.port.pool.0.peer_src.100.ingress_nonempty_arrival_pre_occ_avg_bytes.response = 145.579
stat.switch.port.pool.0.peer_src.100.ingress_nonempty_arrival_pre_occ_max_bytes.response = 448
stat.switch.port.pool.0.peer_src.100.ingress_wait_avg_cycles.response = 159.871
stat.switch.port.pool.0.peer_src.100.ingress_queue_wait_avg_cycles.response = 14.8707
stat.switch.port.pool.0.peer_src.100.ingress_queue_wait_after_nonempty_arrival_avg_cycles.response = 20.013
stat.switch.port.pool.0.peer_src.100.ingress_pre_occ_bucket.response.0 = 2267
stat.switch.port.pool.0.peer_src.100.ingress_queue_wait_bucket.response.0 = 4682
stat.switch.port.pool.0.peer_src.100.ingress_pre_occ_bucket.response.1_64 = 2311
stat.switch.port.pool.0.peer_src.100.ingress_queue_wait_bucket.response.1_63 = 3843
stat.switch.port.pool.0.peer_src.100.ingress_pre_occ_bucket.response.65_256 = 3779
stat.switch.port.pool.0.peer_src.100.ingress_queue_wait_bucket.response.64_255 = 294
stat.switch.port.pool.0.peer_src.100.ingress_pre_occ_bucket.response.257_1024 = 467
stat.switch.port.pool.0.peer_src.100.ingress_queue_wait_bucket.response.256_1023 = 0
stat.switch.port.pool.0.peer_src.100.ingress_pre_occ_bucket.response.1025_4096 = 0
stat.switch.port.pool.0.peer_src.100.ingress_queue_wait_bucket.response.1024_4095 = 0
stat.switch.port.pool.0.peer_src.100.ingress_pre_occ_bucket.response.4097_plus = 0
stat.switch.port.pool.0.peer_src.100.ingress_queue_wait_bucket.response.4096_plus = 0
stat.switch.port.pool.0.peer_dst.0.rx_bytes.response = 564736
stat.switch.port.pool.0.peer_dst.0.rx_pkts.response = 8824
stat.switch.port.pool.0.peer_dst.0.tx_bytes.response = 0
stat.switch.port.pool.0.peer_dst.0.tx_pkts.response = 0
stat.switch.port.pool.0.peer_dst.0.ingress_arrivals.response = 8824
stat.switch.port.pool.0.peer_dst.0.ingress_arrival_nonempty_packet_frac.response = 0.743087
stat.switch.port.pool.0.peer_dst.0.ingress_nonempty_arrival_pre_occ_avg_bytes.response = 145.579
stat.switch.port.pool.0.peer_dst.0.ingress_nonempty_arrival_pre_occ_max_bytes.response = 448
stat.switch.port.pool.0.peer_dst.0.ingress_wait_avg_cycles.response = 159.871
stat.switch.port.pool.0.peer_dst.0.ingress_queue_wait_avg_cycles.response = 14.8707
stat.switch.port.pool.0.peer_dst.0.ingress_queue_wait_after_nonempty_arrival_avg_cycles.response = 20.013
stat.switch.port.pool.0.peer_dst.0.ingress_pre_occ_bucket.response.0 = 2267
stat.switch.port.pool.0.peer_dst.0.ingress_queue_wait_bucket.response.0 = 4682
stat.switch.port.pool.0.peer_dst.0.ingress_pre_occ_bucket.response.1_64 = 2311
stat.switch.port.pool.0.peer_dst.0.ingress_queue_wait_bucket.response.1_63 = 3843
stat.switch.port.pool.0.peer_dst.0.ingress_pre_occ_bucket.response.65_256 = 3779
stat.switch.port.pool.0.peer_dst.0.ingress_queue_wait_bucket.response.64_255 = 294
stat.switch.port.pool.0.peer_dst.0.ingress_pre_occ_bucket.response.257_1024 = 467
stat.switch.port.pool.0.peer_dst.0.ingress_queue_wait_bucket.response.256_1023 = 0
stat.switch.port.pool.0.peer_dst.0.ingress_pre_occ_bucket.response.1025_4096 = 0
stat.switch.port.pool.0.peer_dst.0.ingress_queue_wait_bucket.response.1024_4095 = 0
stat.switch.port.pool.0.peer_dst.0.ingress_pre_occ_bucket.response.4097_plus = 0
stat.switch.port.pool.0.peer_dst.0.ingress_queue_wait_bucket.response.4096_plus = 0
stat.switch.port.pool.0.tx_src.0.rx_bytes.demand_req = 0
stat.switch.port.pool.0.tx_src.0.rx_pkts.demand_req = 0
stat.switch.port.pool.0.tx_src.0.tx_bytes.demand_req = 70416
stat.switch.port.pool.0.tx_src.0.tx_pkts.demand_req = 8802
stat.switch.port.pool.0.tx_src.0.ingress_arrivals.demand_req = 0
stat.switch.port.pool.0.tx_src.0.ingress_arrival_nonempty_packet_frac.demand_req = 0
stat.switch.port.pool.0.tx_src.0.ingress_nonempty_arrival_pre_occ_avg_bytes.demand_req = 0
stat.switch.port.pool.0.tx_src.0.ingress_nonempty_arrival_pre_occ_max_bytes.demand_req = 0
stat.switch.port.pool.0.tx_src.0.ingress_wait_avg_cycles.demand_req = 0
stat.switch.port.pool.0.tx_src.0.ingress_queue_wait_avg_cycles.demand_req = 0
stat.switch.port.pool.0.tx_src.0.ingress_queue_wait_after_nonempty_arrival_avg_cycles.demand_req = 0
stat.switch.port.pool.0.tx_src.0.ingress_pre_occ_bucket.demand_req.0 = 0
stat.switch.port.pool.0.tx_src.0.ingress_queue_wait_bucket.demand_req.0 = 0
stat.switch.port.pool.0.tx_src.0.ingress_pre_occ_bucket.demand_req.1_64 = 0
stat.switch.port.pool.0.tx_src.0.ingress_queue_wait_bucket.demand_req.1_63 = 0
stat.switch.port.pool.0.tx_src.0.ingress_pre_occ_bucket.demand_req.65_256 = 0
stat.switch.port.pool.0.tx_src.0.ingress_queue_wait_bucket.demand_req.64_255 = 0
stat.switch.port.pool.0.tx_src.0.ingress_pre_occ_bucket.demand_req.257_1024 = 0
stat.switch.port.pool.0.tx_src.0.ingress_queue_wait_bucket.demand_req.256_1023 = 0
stat.switch.port.pool.0.tx_src.0.ingress_pre_occ_bucket.demand_req.1025_4096 = 0
stat.switch.port.pool.0.tx_src.0.ingress_queue_wait_bucket.demand_req.1024_4095 = 0
stat.switch.port.pool.0.tx_src.0.ingress_pre_occ_bucket.demand_req.4097_plus = 0
stat.switch.port.pool.0.tx_src.0.ingress_queue_wait_bucket.demand_req.4096_plus = 0
stat.switch.port.pool.0.tx_src.0.rx_bytes.write_req = 0
stat.switch.port.pool.0.tx_src.0.rx_pkts.write_req = 0
stat.switch.port.pool.0.tx_src.0.tx_bytes.write_req = 649344
stat.switch.port.pool.0.tx_src.0.tx_pkts.write_req = 10146
stat.switch.port.pool.0.tx_src.0.ingress_arrivals.write_req = 0
stat.switch.port.pool.0.tx_src.0.ingress_arrival_nonempty_packet_frac.write_req = 0
stat.switch.port.pool.0.tx_src.0.ingress_nonempty_arrival_pre_occ_avg_bytes.write_req = 0
stat.switch.port.pool.0.tx_src.0.ingress_nonempty_arrival_pre_occ_max_bytes.write_req = 0
stat.switch.port.pool.0.tx_src.0.ingress_wait_avg_cycles.write_req = 0
stat.switch.port.pool.0.tx_src.0.ingress_queue_wait_avg_cycles.write_req = 0
stat.switch.port.pool.0.tx_src.0.ingress_queue_wait_after_nonempty_arrival_avg_cycles.write_req = 0
stat.switch.port.pool.0.tx_src.0.ingress_pre_occ_bucket.write_req.0 = 0
stat.switch.port.pool.0.tx_src.0.ingress_queue_wait_bucket.write_req.0 = 0
stat.switch.port.pool.0.tx_src.0.ingress_pre_occ_bucket.write_req.1_64 = 0
stat.switch.port.pool.0.tx_src.0.ingress_queue_wait_bucket.write_req.1_63 = 0
stat.switch.port.pool.0.tx_src.0.ingress_pre_occ_bucket.write_req.65_256 = 0
stat.switch.port.pool.0.tx_src.0.ingress_queue_wait_bucket.write_req.64_255 = 0
stat.switch.port.pool.0.tx_src.0.ingress_pre_occ_bucket.write_req.257_1024 = 0
stat.switch.port.pool.0.tx_src.0.ingress_queue_wait_bucket.write_req.256_1023 = 0
stat.switch.port.pool.0.tx_src.0.ingress_pre_occ_bucket.write_req.1025_4096 = 0
stat.switch.port.pool.0.tx_src.0.ingress_queue_wait_bucket.write_req.1024_4095 = 0
stat.switch.port.pool.0.tx_src.0.ingress_pre_occ_bucket.write_req.4097_plus = 0
stat.switch.port.pool.0.tx_src.0.ingress_queue_wait_bucket.write_req.4096_plus = 0
stat.switch.port.pool.0.tx_src.0.rx_bytes.other_req = 0
stat.switch.port.pool.0.tx_src.0.rx_pkts.other_req = 0
stat.switch.port.pool.0.tx_src.0.tx_bytes.other_req = 192
stat.switch.port.pool.0.tx_src.0.tx_pkts.other_req = 24
stat.switch.port.pool.0.tx_src.0.ingress_arrivals.other_req = 0
stat.switch.port.pool.0.tx_src.0.ingress_arrival_nonempty_packet_frac.other_req = 0
stat.switch.port.pool.0.tx_src.0.ingress_nonempty_arrival_pre_occ_avg_bytes.other_req = 0
stat.switch.port.pool.0.tx_src.0.ingress_nonempty_arrival_pre_occ_max_bytes.other_req = 0
stat.switch.port.pool.0.tx_src.0.ingress_wait_avg_cycles.other_req = 0
stat.switch.port.pool.0.tx_src.0.ingress_queue_wait_avg_cycles.other_req = 0
stat.switch.port.pool.0.tx_src.0.ingress_queue_wait_after_nonempty_arrival_avg_cycles.other_req = 0
stat.switch.port.pool.0.tx_src.0.ingress_pre_occ_bucket.other_req.0 = 0
stat.switch.port.pool.0.tx_src.0.ingress_queue_wait_bucket.other_req.0 = 0
stat.switch.port.pool.0.tx_src.0.ingress_pre_occ_bucket.other_req.1_64 = 0
stat.switch.port.pool.0.tx_src.0.ingress_queue_wait_bucket.other_req.1_63 = 0
stat.switch.port.pool.0.tx_src.0.ingress_pre_occ_bucket.other_req.65_256 = 0
stat.switch.port.pool.0.tx_src.0.ingress_queue_wait_bucket.other_req.64_255 = 0
stat.switch.port.pool.0.tx_src.0.ingress_pre_occ_bucket.other_req.257_1024 = 0
stat.switch.port.pool.0.tx_src.0.ingress_queue_wait_bucket.other_req.256_1023 = 0
stat.switch.port.pool.0.tx_src.0.ingress_pre_occ_bucket.other_req.1025_4096 = 0
stat.switch.port.pool.0.tx_src.0.ingress_queue_wait_bucket.other_req.1024_4095 = 0
stat.switch.port.pool.0.tx_src.0.ingress_pre_occ_bucket.other_req.4097_plus = 0
stat.switch.port.pool.0.tx_src.0.ingress_queue_wait_bucket.other_req.4096_plus = 0
stat.switch.port.pool.0.tx_dst.100.rx_bytes.demand_req = 0
stat.switch.port.pool.0.tx_dst.100.rx_pkts.demand_req = 0
stat.switch.port.pool.0.tx_dst.100.tx_bytes.demand_req = 70416
stat.switch.port.pool.0.tx_dst.100.tx_pkts.demand_req = 8802
stat.switch.port.pool.0.tx_dst.100.ingress_arrivals.demand_req = 0
stat.switch.port.pool.0.tx_dst.100.ingress_arrival_nonempty_packet_frac.demand_req = 0
stat.switch.port.pool.0.tx_dst.100.ingress_nonempty_arrival_pre_occ_avg_bytes.demand_req = 0
stat.switch.port.pool.0.tx_dst.100.ingress_nonempty_arrival_pre_occ_max_bytes.demand_req = 0
stat.switch.port.pool.0.tx_dst.100.ingress_wait_avg_cycles.demand_req = 0
stat.switch.port.pool.0.tx_dst.100.ingress_queue_wait_avg_cycles.demand_req = 0
stat.switch.port.pool.0.tx_dst.100.ingress_queue_wait_after_nonempty_arrival_avg_cycles.demand_req = 0
stat.switch.port.pool.0.tx_dst.100.ingress_pre_occ_bucket.demand_req.0 = 0
stat.switch.port.pool.0.tx_dst.100.ingress_queue_wait_bucket.demand_req.0 = 0
stat.switch.port.pool.0.tx_dst.100.ingress_pre_occ_bucket.demand_req.1_64 = 0
stat.switch.port.pool.0.tx_dst.100.ingress_queue_wait_bucket.demand_req.1_63 = 0
stat.switch.port.pool.0.tx_dst.100.ingress_pre_occ_bucket.demand_req.65_256 = 0
stat.switch.port.pool.0.tx_dst.100.ingress_queue_wait_bucket.demand_req.64_255 = 0
stat.switch.port.pool.0.tx_dst.100.ingress_pre_occ_bucket.demand_req.257_1024 = 0
stat.switch.port.pool.0.tx_dst.100.ingress_queue_wait_bucket.demand_req.256_1023 = 0
stat.switch.port.pool.0.tx_dst.100.ingress_pre_occ_bucket.demand_req.1025_4096 = 0
stat.switch.port.pool.0.tx_dst.100.ingress_queue_wait_bucket.demand_req.1024_4095 = 0
stat.switch.port.pool.0.tx_dst.100.ingress_pre_occ_bucket.demand_req.4097_plus = 0
stat.switch.port.pool.0.tx_dst.100.ingress_queue_wait_bucket.demand_req.4096_plus = 0
stat.switch.port.pool.0.tx_dst.100.rx_bytes.write_req = 0
stat.switch.port.pool.0.tx_dst.100.rx_pkts.write_req = 0
stat.switch.port.pool.0.tx_dst.100.tx_bytes.write_req = 649344
stat.switch.port.pool.0.tx_dst.100.tx_pkts.write_req = 10146
stat.switch.port.pool.0.tx_dst.100.ingress_arrivals.write_req = 0
stat.switch.port.pool.0.tx_dst.100.ingress_arrival_nonempty_packet_frac.write_req = 0
stat.switch.port.pool.0.tx_dst.100.ingress_nonempty_arrival_pre_occ_avg_bytes.write_req = 0
stat.switch.port.pool.0.tx_dst.100.ingress_nonempty_arrival_pre_occ_max_bytes.write_req = 0
stat.switch.port.pool.0.tx_dst.100.ingress_wait_avg_cycles.write_req = 0
stat.switch.port.pool.0.tx_dst.100.ingress_queue_wait_avg_cycles.write_req = 0
stat.switch.port.pool.0.tx_dst.100.ingress_queue_wait_after_nonempty_arrival_avg_cycles.write_req = 0
stat.switch.port.pool.0.tx_dst.100.ingress_pre_occ_bucket.write_req.0 = 0
stat.switch.port.pool.0.tx_dst.100.ingress_queue_wait_bucket.write_req.0 = 0
stat.switch.port.pool.0.tx_dst.100.ingress_pre_occ_bucket.write_req.1_64 = 0
stat.switch.port.pool.0.tx_dst.100.ingress_queue_wait_bucket.write_req.1_63 = 0
stat.switch.port.pool.0.tx_dst.100.ingress_pre_occ_bucket.write_req.65_256 = 0
stat.switch.port.pool.0.tx_dst.100.ingress_queue_wait_bucket.write_req.64_255 = 0
stat.switch.port.pool.0.tx_dst.100.ingress_pre_occ_bucket.write_req.257_1024 = 0
stat.switch.port.pool.0.tx_dst.100.ingress_queue_wait_bucket.write_req.256_1023 = 0
stat.switch.port.pool.0.tx_dst.100.ingress_pre_occ_bucket.write_req.1025_4096 = 0
stat.switch.port.pool.0.tx_dst.100.ingress_queue_wait_bucket.write_req.1024_4095 = 0
stat.switch.port.pool.0.tx_dst.100.ingress_pre_occ_bucket.write_req.4097_plus = 0
stat.switch.port.pool.0.tx_dst.100.ingress_queue_wait_bucket.write_req.4096_plus = 0
stat.switch.port.pool.0.tx_dst.100.rx_bytes.other_req = 0
stat.switch.port.pool.0.tx_dst.100.rx_pkts.other_req = 0
stat.switch.port.pool.0.tx_dst.100.tx_bytes.other_req = 192
stat.switch.port.pool.0.tx_dst.100.tx_pkts.other_req = 24
stat.switch.port.pool.0.tx_dst.100.ingress_arrivals.other_req = 0
stat.switch.port.pool.0.tx_dst.100.ingress_arrival_nonempty_packet_frac.other_req = 0
stat.switch.port.pool.0.tx_dst.100.ingress_nonempty_arrival_pre_occ_avg_bytes.other_req = 0
stat.switch.port.pool.0.tx_dst.100.ingress_nonempty_arrival_pre_occ_max_bytes.other_req = 0
stat.switch.port.pool.0.tx_dst.100.ingress_wait_avg_cycles.other_req = 0
stat.switch.port.pool.0.tx_dst.100.ingress_queue_wait_avg_cycles.other_req = 0
stat.switch.port.pool.0.tx_dst.100.ingress_queue_wait_after_nonempty_arrival_avg_cycles.other_req = 0
stat.switch.port.pool.0.tx_dst.100.ingress_pre_occ_bucket.other_req.0 = 0
stat.switch.port.pool.0.tx_dst.100.ingress_queue_wait_bucket.other_req.0 = 0
stat.switch.port.pool.0.tx_dst.100.ingress_pre_occ_bucket.other_req.1_64 = 0
stat.switch.port.pool.0.tx_dst.100.ingress_queue_wait_bucket.other_req.1_63 = 0
stat.switch.port.pool.0.tx_dst.100.ingress_pre_occ_bucket.other_req.65_256 = 0
stat.switch.port.pool.0.tx_dst.100.ingress_queue_wait_bucket.other_req.64_255 = 0
stat.switch.port.pool.0.tx_dst.100.ingress_pre_occ_bucket.other_req.257_1024 = 0
stat.switch.port.pool.0.tx_dst.100.ingress_queue_wait_bucket.other_req.256_1023 = 0
stat.switch.port.pool.0.tx_dst.100.ingress_pre_occ_bucket.other_req.1025_4096 = 0
stat.switch.port.pool.0.tx_dst.100.ingress_queue_wait_bucket.other_req.1024_4095 = 0
stat.switch.port.pool.0.tx_dst.100.ingress_pre_occ_bucket.other_req.4097_plus = 0
stat.switch.port.pool.0.tx_dst.100.ingress_queue_wait_bucket.other_req.4096_plus = 0
stat.switch.port.pool.1.ingress_wait_avg_cycles = 159.586
stat.switch.port.pool.1.ingress_wait_max_cycles = 286
stat.switch.port.pool.1.egress_wait_avg_cycles = 1
stat.switch.port.pool.1.egress_wait_max_cycles = 1
stat.switch.port.pool.1.ingress_queue_wait_avg_cycles = 14.5862
stat.switch.port.pool.1.ingress_queue_wait_max_cycles = 141
stat.switch.port.pool.1.egress_occ_avg_bytes = 0
stat.switch.port.pool.1.egress_occ_stddev_bytes = 0
stat.switch.port.pool.1.egress_occ_max_bytes = 0
stat.switch.port.pool.1.egress_occ_nonempty_frac = 0
stat.switch.port.pool.1.egress_blocked_cycles = 0
stat.switch.port.pool.1.egress_blocked_nonempty_frac = 0
stat.switch.port.pool.1.egress_blocked_avg_occ_bytes = 0
stat.switch.port.pool.1.egress_blocked_max_occ_bytes = 0
stat.switch.port.pool.1.egress_send_burst_max_pkts = 1
stat.switch.port.pool.1.egress_send_burst_max_bytes = 64
stat.switch.port.pool.1.egress_send_burst_avg_pkts = 1
stat.switch.port.pool.1.egress_send_burst_avg_bytes = 37.9497
stat.switch.port.pool.1.egress_send_burst_stddev_pkts = 0
stat.switch.port.pool.1.egress_send_burst_stddev_bytes = 27.932
stat.switch.port.pool.1.egress_send_nonempty_frac = 0.0119559
stat.switch.port.pool.1.ingress_arrival_burst_avg_bytes = 64
stat.switch.port.pool.1.ingress_arrival_nonempty_frac = 0.00556045
stat.switch.port.pool.1.ingress_arrival_run_max_cycles = 1
stat.switch.port.pool.1.ingress_arrival_run_avg_cycles = 1
stat.switch.port.pool.1.ingress_arrival_gap_max_cycles = 1206
stat.switch.port.pool.1.ingress_arrival_gap_avg_cycles = 120.296
stat.switch.port.pool.1.ingress_release_burst_avg_bytes = 64
stat.switch.port.pool.1.ingress_release_nonempty_frac = 0.0055573
stat.switch.port.pool.1.ingress_release_run_max_cycles = 1
stat.switch.port.pool.1.ingress_release_run_avg_cycles = 1
stat.switch.port.pool.1.ingress_release_gap_max_cycles = 1168
stat.switch.port.pool.1.ingress_release_gap_avg_cycles = 120.335
stat.switch.port.pool.1.ingress_occ_avg_bytes = 56.4057
stat.switch.port.pool.1.ingress_occ_stddev_bytes = 90.9388
stat.switch.port.pool.1.ingress_occ_max_bytes = 512
stat.switch.port.pool.1.ingress_occ_nonempty_frac = 0.374829
stat.switch.port.pool.1.ingress_occ_run_max_cycles = 815
stat.switch.port.pool.1.ingress_occ_run_avg_cycles = 266.23
stat.switch.port.pool.1.ingress_occ_gap_max_cycles = 1025
stat.switch.port.pool.1.ingress_occ_gap_avg_cycles = 212.859
stat.switch.port.pool.1.ingress_wait_avg_cycles.demand_req = 0
stat.switch.port.pool.1.ingress_wait_max_cycles.demand_req = 0
stat.switch.port.pool.1.ingress_queue_wait_avg_cycles.demand_req = 0
stat.switch.port.pool.1.ingress_queue_wait_max_cycles.demand_req = 0
stat.switch.port.pool.1.egress_wait_avg_cycles.demand_req = 1
stat.switch.port.pool.1.egress_wait_max_cycles.demand_req = 1
stat.switch.port.pool.1.egress_occ_avg_bytes.demand_req = 0
stat.switch.port.pool.1.egress_occ_max_bytes.demand_req = 0
stat.switch.port.pool.1.egress_blocked_cycles.demand_req = 0
stat.switch.port.pool.1.ingress_arrival_empty_packets.demand_req = 0
stat.switch.port.pool.1.ingress_arrival_nonempty_packets.demand_req = 0
stat.switch.port.pool.1.ingress_arrival_nonempty_packet_frac.demand_req = 0
stat.switch.port.pool.1.ingress_nonempty_arrival_pre_occ_avg_bytes.demand_req = 0
stat.switch.port.pool.1.ingress_nonempty_arrival_pre_occ_max_bytes.demand_req = 0
stat.switch.port.pool.1.ingress_release_after_empty_arrival_packets.demand_req = 0
stat.switch.port.pool.1.ingress_release_after_nonempty_arrival_packets.demand_req = 0
stat.switch.port.pool.1.ingress_wait_after_empty_arrival_avg_cycles.demand_req = 0
stat.switch.port.pool.1.ingress_wait_after_nonempty_arrival_avg_cycles.demand_req = 0
stat.switch.port.pool.1.ingress_queue_wait_after_empty_arrival_avg_cycles.demand_req = 0
stat.switch.port.pool.1.ingress_queue_wait_after_nonempty_arrival_avg_cycles.demand_req = 0
stat.switch.port.pool.1.ingress_queue_wait_after_empty_arrival_max_cycles.demand_req = 0
stat.switch.port.pool.1.ingress_queue_wait_after_nonempty_arrival_max_cycles.demand_req = 0
stat.switch.port.pool.1.rx_bytes.demand_req = 0
stat.switch.port.pool.1.tx_bytes.demand_req = 70496
stat.switch.port.pool.1.rx_pkts.demand_req = 0
stat.switch.port.pool.1.tx_pkts.demand_req = 8812
stat.switch.port.pool.1.ingress_wait_avg_cycles.write_req = 0
stat.switch.port.pool.1.ingress_wait_max_cycles.write_req = 0
stat.switch.port.pool.1.ingress_queue_wait_avg_cycles.write_req = 0
stat.switch.port.pool.1.ingress_queue_wait_max_cycles.write_req = 0
stat.switch.port.pool.1.egress_wait_avg_cycles.write_req = 1
stat.switch.port.pool.1.egress_wait_max_cycles.write_req = 1
stat.switch.port.pool.1.egress_occ_avg_bytes.write_req = 0
stat.switch.port.pool.1.egress_occ_max_bytes.write_req = 0
stat.switch.port.pool.1.egress_blocked_cycles.write_req = 0
stat.switch.port.pool.1.ingress_arrival_empty_packets.write_req = 0
stat.switch.port.pool.1.ingress_arrival_nonempty_packets.write_req = 0
stat.switch.port.pool.1.ingress_arrival_nonempty_packet_frac.write_req = 0
stat.switch.port.pool.1.ingress_nonempty_arrival_pre_occ_avg_bytes.write_req = 0
stat.switch.port.pool.1.ingress_nonempty_arrival_pre_occ_max_bytes.write_req = 0
stat.switch.port.pool.1.ingress_release_after_empty_arrival_packets.write_req = 0
stat.switch.port.pool.1.ingress_release_after_nonempty_arrival_packets.write_req = 0
stat.switch.port.pool.1.ingress_wait_after_empty_arrival_avg_cycles.write_req = 0
stat.switch.port.pool.1.ingress_wait_after_nonempty_arrival_avg_cycles.write_req = 0
stat.switch.port.pool.1.ingress_queue_wait_after_empty_arrival_avg_cycles.write_req = 0
stat.switch.port.pool.1.ingress_queue_wait_after_nonempty_arrival_avg_cycles.write_req = 0
stat.switch.port.pool.1.ingress_queue_wait_after_empty_arrival_max_cycles.write_req = 0
stat.switch.port.pool.1.ingress_queue_wait_after_nonempty_arrival_max_cycles.write_req = 0
stat.switch.port.pool.1.rx_bytes.write_req = 0
stat.switch.port.pool.1.tx_bytes.write_req = 649344
stat.switch.port.pool.1.rx_pkts.write_req = 0
stat.switch.port.pool.1.tx_pkts.write_req = 10146
stat.switch.port.pool.1.ingress_wait_avg_cycles.response = 159.586
stat.switch.port.pool.1.ingress_wait_max_cycles.response = 286
stat.switch.port.pool.1.ingress_queue_wait_avg_cycles.response = 14.5862
stat.switch.port.pool.1.ingress_queue_wait_max_cycles.response = 141
stat.switch.port.pool.1.egress_wait_avg_cycles.response = 0
stat.switch.port.pool.1.egress_wait_max_cycles.response = 0
stat.switch.port.pool.1.egress_occ_avg_bytes.response = 0
stat.switch.port.pool.1.egress_occ_max_bytes.response = 0
stat.switch.port.pool.1.egress_blocked_cycles.response = 0
stat.switch.port.pool.1.ingress_arrival_empty_packets.response = 2234
stat.switch.port.pool.1.ingress_arrival_nonempty_packets.response = 6589
stat.switch.port.pool.1.ingress_arrival_nonempty_packet_frac.response = 0.746798
stat.switch.port.pool.1.ingress_nonempty_arrival_pre_occ_avg_bytes.response = 144.677
stat.switch.port.pool.1.ingress_nonempty_arrival_pre_occ_max_bytes.response = 448
stat.switch.port.pool.1.ingress_release_after_empty_arrival_packets.response = 2233
stat.switch.port.pool.1.ingress_release_after_nonempty_arrival_packets.response = 6585
stat.switch.port.pool.1.ingress_wait_after_empty_arrival_avg_cycles.response = 145
stat.switch.port.pool.1.ingress_wait_after_nonempty_arrival_avg_cycles.response = 164.532
stat.switch.port.pool.1.ingress_queue_wait_after_empty_arrival_avg_cycles.response = 0
stat.switch.port.pool.1.ingress_queue_wait_after_nonempty_arrival_avg_cycles.response = 19.5324
stat.switch.port.pool.1.ingress_queue_wait_after_empty_arrival_max_cycles.response = 0
stat.switch.port.pool.1.ingress_queue_wait_after_nonempty_arrival_max_cycles.response = 141
stat.switch.port.pool.1.rx_bytes.response = 564672
stat.switch.port.pool.1.tx_bytes.response = 0
stat.switch.port.pool.1.rx_pkts.response = 8823
stat.switch.port.pool.1.tx_pkts.response = 0
stat.switch.port.pool.1.ingress_wait_avg_cycles.other_req = 0
stat.switch.port.pool.1.ingress_wait_max_cycles.other_req = 0
stat.switch.port.pool.1.ingress_queue_wait_avg_cycles.other_req = 0
stat.switch.port.pool.1.ingress_queue_wait_max_cycles.other_req = 0
stat.switch.port.pool.1.egress_wait_avg_cycles.other_req = 1
stat.switch.port.pool.1.egress_wait_max_cycles.other_req = 1
stat.switch.port.pool.1.egress_occ_avg_bytes.other_req = 0
stat.switch.port.pool.1.egress_occ_max_bytes.other_req = 0
stat.switch.port.pool.1.egress_blocked_cycles.other_req = 0
stat.switch.port.pool.1.ingress_arrival_empty_packets.other_req = 0
stat.switch.port.pool.1.ingress_arrival_nonempty_packets.other_req = 0
stat.switch.port.pool.1.ingress_arrival_nonempty_packet_frac.other_req = 0
stat.switch.port.pool.1.ingress_nonempty_arrival_pre_occ_avg_bytes.other_req = 0
stat.switch.port.pool.1.ingress_nonempty_arrival_pre_occ_max_bytes.other_req = 0
stat.switch.port.pool.1.ingress_release_after_empty_arrival_packets.other_req = 0
stat.switch.port.pool.1.ingress_release_after_nonempty_arrival_packets.other_req = 0
stat.switch.port.pool.1.ingress_wait_after_empty_arrival_avg_cycles.other_req = 0
stat.switch.port.pool.1.ingress_wait_after_nonempty_arrival_avg_cycles.other_req = 0
stat.switch.port.pool.1.ingress_queue_wait_after_empty_arrival_avg_cycles.other_req = 0
stat.switch.port.pool.1.ingress_queue_wait_after_nonempty_arrival_avg_cycles.other_req = 0
stat.switch.port.pool.1.ingress_queue_wait_after_empty_arrival_max_cycles.other_req = 0
stat.switch.port.pool.1.ingress_queue_wait_after_nonempty_arrival_max_cycles.other_req = 0
stat.switch.port.pool.1.rx_bytes.other_req = 0
stat.switch.port.pool.1.tx_bytes.other_req = 104
stat.switch.port.pool.1.rx_pkts.other_req = 0
stat.switch.port.pool.1.tx_pkts.other_req = 13
stat.switch.port.pool.1.ingress_occ_bucket_bytes.0 = 991985
stat.switch.port.pool.1.ready_occ_bucket_bytes.0 = 1577925
stat.switch.port.pool.1.ingress_occ_bucket_bytes.1_64 = 203156
stat.switch.port.pool.1.ready_occ_bucket_bytes.1_64 = 8818
stat.switch.port.pool.1.ingress_occ_bucket_bytes.65_256 = 341516
stat.switch.port.pool.1.ready_occ_bucket_bytes.65_256 = 0
stat.switch.port.pool.1.ingress_occ_bucket_bytes.257_1024 = 50086
stat.switch.port.pool.1.ready_occ_bucket_bytes.257_1024 = 0
stat.switch.port.pool.1.ingress_occ_bucket_bytes.1025_4096 = 0
stat.switch.port.pool.1.ready_occ_bucket_bytes.1025_4096 = 0
stat.switch.port.pool.1.ingress_occ_bucket_bytes.4097_plus = 0
stat.switch.port.pool.1.ready_occ_bucket_bytes.4097_plus = 0
stat.switch.port.pool.1.ingress_episode.count = 2233
stat.switch.port.pool.1.ingress_episode.avg_cycles = 266.342
stat.switch.port.pool.1.ingress_episode.max_cycles = 815
stat.switch.port.pool.1.ingress_episode.avg_peak_occ_bytes = 213.61
stat.switch.port.pool.1.ingress_episode.max_peak_occ_bytes = 512
stat.switch.port.pool.1.ingress_episode.avg_arrival_pkts = 3.94895
stat.switch.port.pool.1.ingress_episode.max_arrival_pkts = 9
stat.switch.port.pool.1.ingress_episode.avg_arrival_bytes = 252.733
stat.switch.port.pool.1.ingress_episode.max_arrival_bytes = 576
stat.switch.port.pool.1.ingress_episode.avg_release_pkts = 3.94895
stat.switch.port.pool.1.ingress_episode.max_release_pkts = 9
stat.switch.port.pool.1.ingress_episode.avg_release_bytes = 252.733
stat.switch.port.pool.1.ingress_episode.max_release_bytes = 576
stat.switch.port.pool.1.ingress_episode.avg_wait_cycles = 630.197
stat.switch.port.pool.1.ingress_episode.max_wait_cycles = 286
stat.switch.port.pool.1.ingress_episode.avg_queue_wait_cycles = 57.6001
stat.switch.port.pool.1.ingress_episode.max_queue_wait_cycles = 141
stat.switch.port.pool.1.ingress_episode.avg_src_distinct = 1
stat.switch.port.pool.1.ingress_episode.max_src_distinct = 1
stat.switch.port.pool.1.ingress_episode.avg_dst_distinct = 1
stat.switch.port.pool.1.ingress_episode.max_dst_distinct = 1
stat.switch.port.pool.1.ingress_episode.avg_arrival_pkts.demand_req = 0
stat.switch.port.pool.1.ingress_episode.max_arrival_pkts.demand_req = 0
stat.switch.port.pool.1.ingress_episode.avg_release_pkts.demand_req = 0
stat.switch.port.pool.1.ingress_episode.max_release_pkts.demand_req = 0
stat.switch.port.pool.1.ingress_pre_occ_bucket.demand_req.0 = 0
stat.switch.port.pool.1.ingress_queue_wait_bucket.demand_req.0 = 0
stat.switch.port.pool.1.ingress_pre_occ_bucket.demand_req.1_64 = 0
stat.switch.port.pool.1.ingress_queue_wait_bucket.demand_req.1_63 = 0
stat.switch.port.pool.1.ingress_pre_occ_bucket.demand_req.65_256 = 0
stat.switch.port.pool.1.ingress_queue_wait_bucket.demand_req.64_255 = 0
stat.switch.port.pool.1.ingress_pre_occ_bucket.demand_req.257_1024 = 0
stat.switch.port.pool.1.ingress_queue_wait_bucket.demand_req.256_1023 = 0
stat.switch.port.pool.1.ingress_pre_occ_bucket.demand_req.1025_4096 = 0
stat.switch.port.pool.1.ingress_queue_wait_bucket.demand_req.1024_4095 = 0
stat.switch.port.pool.1.ingress_pre_occ_bucket.demand_req.4097_plus = 0
stat.switch.port.pool.1.ingress_queue_wait_bucket.demand_req.4096_plus = 0
stat.switch.port.pool.1.ingress_episode.avg_arrival_pkts.write_req = 0
stat.switch.port.pool.1.ingress_episode.max_arrival_pkts.write_req = 0
stat.switch.port.pool.1.ingress_episode.avg_release_pkts.write_req = 0
stat.switch.port.pool.1.ingress_episode.max_release_pkts.write_req = 0
stat.switch.port.pool.1.ingress_pre_occ_bucket.write_req.0 = 0
stat.switch.port.pool.1.ingress_queue_wait_bucket.write_req.0 = 0
stat.switch.port.pool.1.ingress_pre_occ_bucket.write_req.1_64 = 0
stat.switch.port.pool.1.ingress_queue_wait_bucket.write_req.1_63 = 0
stat.switch.port.pool.1.ingress_pre_occ_bucket.write_req.65_256 = 0
stat.switch.port.pool.1.ingress_queue_wait_bucket.write_req.64_255 = 0
stat.switch.port.pool.1.ingress_pre_occ_bucket.write_req.257_1024 = 0
stat.switch.port.pool.1.ingress_queue_wait_bucket.write_req.256_1023 = 0
stat.switch.port.pool.1.ingress_pre_occ_bucket.write_req.1025_4096 = 0
stat.switch.port.pool.1.ingress_queue_wait_bucket.write_req.1024_4095 = 0
stat.switch.port.pool.1.ingress_pre_occ_bucket.write_req.4097_plus = 0
stat.switch.port.pool.1.ingress_queue_wait_bucket.write_req.4096_plus = 0
stat.switch.port.pool.1.ingress_episode.avg_arrival_pkts.response = 3.94895
stat.switch.port.pool.1.ingress_episode.max_arrival_pkts.response = 9
stat.switch.port.pool.1.ingress_episode.avg_release_pkts.response = 3.94895
stat.switch.port.pool.1.ingress_episode.max_release_pkts.response = 9
stat.switch.port.pool.1.ingress_pre_occ_bucket.response.0 = 2234
stat.switch.port.pool.1.ingress_queue_wait_bucket.response.0 = 4718
stat.switch.port.pool.1.ingress_pre_occ_bucket.response.1_64 = 2329
stat.switch.port.pool.1.ingress_queue_wait_bucket.response.1_63 = 3823
stat.switch.port.pool.1.ingress_pre_occ_bucket.response.65_256 = 3819
stat.switch.port.pool.1.ingress_queue_wait_bucket.response.64_255 = 277
stat.switch.port.pool.1.ingress_pre_occ_bucket.response.257_1024 = 441
stat.switch.port.pool.1.ingress_queue_wait_bucket.response.256_1023 = 0
stat.switch.port.pool.1.ingress_pre_occ_bucket.response.1025_4096 = 0
stat.switch.port.pool.1.ingress_queue_wait_bucket.response.1024_4095 = 0
stat.switch.port.pool.1.ingress_pre_occ_bucket.response.4097_plus = 0
stat.switch.port.pool.1.ingress_queue_wait_bucket.response.4096_plus = 0
stat.switch.port.pool.1.ingress_episode.avg_arrival_pkts.other_req = 0
stat.switch.port.pool.1.ingress_episode.max_arrival_pkts.other_req = 0
stat.switch.port.pool.1.ingress_episode.avg_release_pkts.other_req = 0
stat.switch.port.pool.1.ingress_episode.max_release_pkts.other_req = 0
stat.switch.port.pool.1.ingress_pre_occ_bucket.other_req.0 = 0
stat.switch.port.pool.1.ingress_queue_wait_bucket.other_req.0 = 0
stat.switch.port.pool.1.ingress_pre_occ_bucket.other_req.1_64 = 0
stat.switch.port.pool.1.ingress_queue_wait_bucket.other_req.1_63 = 0
stat.switch.port.pool.1.ingress_pre_occ_bucket.other_req.65_256 = 0
stat.switch.port.pool.1.ingress_queue_wait_bucket.other_req.64_255 = 0
stat.switch.port.pool.1.ingress_pre_occ_bucket.other_req.257_1024 = 0
stat.switch.port.pool.1.ingress_queue_wait_bucket.other_req.256_1023 = 0
stat.switch.port.pool.1.ingress_pre_occ_bucket.other_req.1025_4096 = 0
stat.switch.port.pool.1.ingress_queue_wait_bucket.other_req.1024_4095 = 0
stat.switch.port.pool.1.ingress_pre_occ_bucket.other_req.4097_plus = 0
stat.switch.port.pool.1.ingress_queue_wait_bucket.other_req.4096_plus = 0
stat.switch.port.pool.1.peer_src.101.rx_bytes.response = 564672
stat.switch.port.pool.1.peer_src.101.rx_pkts.response = 8823
stat.switch.port.pool.1.peer_src.101.tx_bytes.response = 0
stat.switch.port.pool.1.peer_src.101.tx_pkts.response = 0
stat.switch.port.pool.1.peer_src.101.ingress_arrivals.response = 8823
stat.switch.port.pool.1.peer_src.101.ingress_arrival_nonempty_packet_frac.response = 0.746798
stat.switch.port.pool.1.peer_src.101.ingress_nonempty_arrival_pre_occ_avg_bytes.response = 144.677
stat.switch.port.pool.1.peer_src.101.ingress_nonempty_arrival_pre_occ_max_bytes.response = 448
stat.switch.port.pool.1.peer_src.101.ingress_wait_avg_cycles.response = 159.586
stat.switch.port.pool.1.peer_src.101.ingress_queue_wait_avg_cycles.response = 14.5862
stat.switch.port.pool.1.peer_src.101.ingress_queue_wait_after_nonempty_arrival_avg_cycles.response = 19.5324
stat.switch.port.pool.1.peer_src.101.ingress_pre_occ_bucket.response.0 = 2234
stat.switch.port.pool.1.peer_src.101.ingress_queue_wait_bucket.response.0 = 4718
stat.switch.port.pool.1.peer_src.101.ingress_pre_occ_bucket.response.1_64 = 2329
stat.switch.port.pool.1.peer_src.101.ingress_queue_wait_bucket.response.1_63 = 3823
stat.switch.port.pool.1.peer_src.101.ingress_pre_occ_bucket.response.65_256 = 3819
stat.switch.port.pool.1.peer_src.101.ingress_queue_wait_bucket.response.64_255 = 277
stat.switch.port.pool.1.peer_src.101.ingress_pre_occ_bucket.response.257_1024 = 441
stat.switch.port.pool.1.peer_src.101.ingress_queue_wait_bucket.response.256_1023 = 0
stat.switch.port.pool.1.peer_src.101.ingress_pre_occ_bucket.response.1025_4096 = 0
stat.switch.port.pool.1.peer_src.101.ingress_queue_wait_bucket.response.1024_4095 = 0
stat.switch.port.pool.1.peer_src.101.ingress_pre_occ_bucket.response.4097_plus = 0
stat.switch.port.pool.1.peer_src.101.ingress_queue_wait_bucket.response.4096_plus = 0
stat.switch.port.pool.1.peer_dst.0.rx_bytes.response = 564672
stat.switch.port.pool.1.peer_dst.0.rx_pkts.response = 8823
stat.switch.port.pool.1.peer_dst.0.tx_bytes.response = 0
stat.switch.port.pool.1.peer_dst.0.tx_pkts.response = 0
stat.switch.port.pool.1.peer_dst.0.ingress_arrivals.response = 8823
stat.switch.port.pool.1.peer_dst.0.ingress_arrival_nonempty_packet_frac.response = 0.746798
stat.switch.port.pool.1.peer_dst.0.ingress_nonempty_arrival_pre_occ_avg_bytes.response = 144.677
stat.switch.port.pool.1.peer_dst.0.ingress_nonempty_arrival_pre_occ_max_bytes.response = 448
stat.switch.port.pool.1.peer_dst.0.ingress_wait_avg_cycles.response = 159.586
stat.switch.port.pool.1.peer_dst.0.ingress_queue_wait_avg_cycles.response = 14.5862
stat.switch.port.pool.1.peer_dst.0.ingress_queue_wait_after_nonempty_arrival_avg_cycles.response = 19.5324
stat.switch.port.pool.1.peer_dst.0.ingress_pre_occ_bucket.response.0 = 2234
stat.switch.port.pool.1.peer_dst.0.ingress_queue_wait_bucket.response.0 = 4718
stat.switch.port.pool.1.peer_dst.0.ingress_pre_occ_bucket.response.1_64 = 2329
stat.switch.port.pool.1.peer_dst.0.ingress_queue_wait_bucket.response.1_63 = 3823
stat.switch.port.pool.1.peer_dst.0.ingress_pre_occ_bucket.response.65_256 = 3819
stat.switch.port.pool.1.peer_dst.0.ingress_queue_wait_bucket.response.64_255 = 277
stat.switch.port.pool.1.peer_dst.0.ingress_pre_occ_bucket.response.257_1024 = 441
stat.switch.port.pool.1.peer_dst.0.ingress_queue_wait_bucket.response.256_1023 = 0
stat.switch.port.pool.1.peer_dst.0.ingress_pre_occ_bucket.response.1025_4096 = 0
stat.switch.port.pool.1.peer_dst.0.ingress_queue_wait_bucket.response.1024_4095 = 0
stat.switch.port.pool.1.peer_dst.0.ingress_pre_occ_bucket.response.4097_plus = 0
stat.switch.port.pool.1.peer_dst.0.ingress_queue_wait_bucket.response.4096_plus = 0
stat.switch.port.pool.1.tx_src.0.rx_bytes.demand_req = 0
stat.switch.port.pool.1.tx_src.0.rx_pkts.demand_req = 0
stat.switch.port.pool.1.tx_src.0.tx_bytes.demand_req = 70496
stat.switch.port.pool.1.tx_src.0.tx_pkts.demand_req = 8812
stat.switch.port.pool.1.tx_src.0.ingress_arrivals.demand_req = 0
stat.switch.port.pool.1.tx_src.0.ingress_arrival_nonempty_packet_frac.demand_req = 0
stat.switch.port.pool.1.tx_src.0.ingress_nonempty_arrival_pre_occ_avg_bytes.demand_req = 0
stat.switch.port.pool.1.tx_src.0.ingress_nonempty_arrival_pre_occ_max_bytes.demand_req = 0
stat.switch.port.pool.1.tx_src.0.ingress_wait_avg_cycles.demand_req = 0
stat.switch.port.pool.1.tx_src.0.ingress_queue_wait_avg_cycles.demand_req = 0
stat.switch.port.pool.1.tx_src.0.ingress_queue_wait_after_nonempty_arrival_avg_cycles.demand_req = 0
stat.switch.port.pool.1.tx_src.0.ingress_pre_occ_bucket.demand_req.0 = 0
stat.switch.port.pool.1.tx_src.0.ingress_queue_wait_bucket.demand_req.0 = 0
stat.switch.port.pool.1.tx_src.0.ingress_pre_occ_bucket.demand_req.1_64 = 0
stat.switch.port.pool.1.tx_src.0.ingress_queue_wait_bucket.demand_req.1_63 = 0
stat.switch.port.pool.1.tx_src.0.ingress_pre_occ_bucket.demand_req.65_256 = 0
stat.switch.port.pool.1.tx_src.0.ingress_queue_wait_bucket.demand_req.64_255 = 0
stat.switch.port.pool.1.tx_src.0.ingress_pre_occ_bucket.demand_req.257_1024 = 0
stat.switch.port.pool.1.tx_src.0.ingress_queue_wait_bucket.demand_req.256_1023 = 0
stat.switch.port.pool.1.tx_src.0.ingress_pre_occ_bucket.demand_req.1025_4096 = 0
stat.switch.port.pool.1.tx_src.0.ingress_queue_wait_bucket.demand_req.1024_4095 = 0
stat.switch.port.pool.1.tx_src.0.ingress_pre_occ_bucket.demand_req.4097_plus = 0
stat.switch.port.pool.1.tx_src.0.ingress_queue_wait_bucket.demand_req.4096_plus = 0
stat.switch.port.pool.1.tx_src.0.rx_bytes.write_req = 0
stat.switch.port.pool.1.tx_src.0.rx_pkts.write_req = 0
stat.switch.port.pool.1.tx_src.0.tx_bytes.write_req = 649344
stat.switch.port.pool.1.tx_src.0.tx_pkts.write_req = 10146
stat.switch.port.pool.1.tx_src.0.ingress_arrivals.write_req = 0
stat.switch.port.pool.1.tx_src.0.ingress_arrival_nonempty_packet_frac.write_req = 0
stat.switch.port.pool.1.tx_src.0.ingress_nonempty_arrival_pre_occ_avg_bytes.write_req = 0
stat.switch.port.pool.1.tx_src.0.ingress_nonempty_arrival_pre_occ_max_bytes.write_req = 0
stat.switch.port.pool.1.tx_src.0.ingress_wait_avg_cycles.write_req = 0
stat.switch.port.pool.1.tx_src.0.ingress_queue_wait_avg_cycles.write_req = 0
stat.switch.port.pool.1.tx_src.0.ingress_queue_wait_after_nonempty_arrival_avg_cycles.write_req = 0
stat.switch.port.pool.1.tx_src.0.ingress_pre_occ_bucket.write_req.0 = 0
stat.switch.port.pool.1.tx_src.0.ingress_queue_wait_bucket.write_req.0 = 0
stat.switch.port.pool.1.tx_src.0.ingress_pre_occ_bucket.write_req.1_64 = 0
stat.switch.port.pool.1.tx_src.0.ingress_queue_wait_bucket.write_req.1_63 = 0
stat.switch.port.pool.1.tx_src.0.ingress_pre_occ_bucket.write_req.65_256 = 0
stat.switch.port.pool.1.tx_src.0.ingress_queue_wait_bucket.write_req.64_255 = 0
stat.switch.port.pool.1.tx_src.0.ingress_pre_occ_bucket.write_req.257_1024 = 0
stat.switch.port.pool.1.tx_src.0.ingress_queue_wait_bucket.write_req.256_1023 = 0
stat.switch.port.pool.1.tx_src.0.ingress_pre_occ_bucket.write_req.1025_4096 = 0
stat.switch.port.pool.1.tx_src.0.ingress_queue_wait_bucket.write_req.1024_4095 = 0
stat.switch.port.pool.1.tx_src.0.ingress_pre_occ_bucket.write_req.4097_plus = 0
stat.switch.port.pool.1.tx_src.0.ingress_queue_wait_bucket.write_req.4096_plus = 0
stat.switch.port.pool.1.tx_src.0.rx_bytes.other_req = 0
stat.switch.port.pool.1.tx_src.0.rx_pkts.other_req = 0
stat.switch.port.pool.1.tx_src.0.tx_bytes.other_req = 104
stat.switch.port.pool.1.tx_src.0.tx_pkts.other_req = 13
stat.switch.port.pool.1.tx_src.0.ingress_arrivals.other_req = 0
stat.switch.port.pool.1.tx_src.0.ingress_arrival_nonempty_packet_frac.other_req = 0
stat.switch.port.pool.1.tx_src.0.ingress_nonempty_arrival_pre_occ_avg_bytes.other_req = 0
stat.switch.port.pool.1.tx_src.0.ingress_nonempty_arrival_pre_occ_max_bytes.other_req = 0
stat.switch.port.pool.1.tx_src.0.ingress_wait_avg_cycles.other_req = 0
stat.switch.port.pool.1.tx_src.0.ingress_queue_wait_avg_cycles.other_req = 0
stat.switch.port.pool.1.tx_src.0.ingress_queue_wait_after_nonempty_arrival_avg_cycles.other_req = 0
stat.switch.port.pool.1.tx_src.0.ingress_pre_occ_bucket.other_req.0 = 0
stat.switch.port.pool.1.tx_src.0.ingress_queue_wait_bucket.other_req.0 = 0
stat.switch.port.pool.1.tx_src.0.ingress_pre_occ_bucket.other_req.1_64 = 0
stat.switch.port.pool.1.tx_src.0.ingress_queue_wait_bucket.other_req.1_63 = 0
stat.switch.port.pool.1.tx_src.0.ingress_pre_occ_bucket.other_req.65_256 = 0
stat.switch.port.pool.1.tx_src.0.ingress_queue_wait_bucket.other_req.64_255 = 0
stat.switch.port.pool.1.tx_src.0.ingress_pre_occ_bucket.other_req.257_1024 = 0
stat.switch.port.pool.1.tx_src.0.ingress_queue_wait_bucket.other_req.256_1023 = 0
stat.switch.port.pool.1.tx_src.0.ingress_pre_occ_bucket.other_req.1025_4096 = 0
stat.switch.port.pool.1.tx_src.0.ingress_queue_wait_bucket.other_req.1024_4095 = 0
stat.switch.port.pool.1.tx_src.0.ingress_pre_occ_bucket.other_req.4097_plus = 0
stat.switch.port.pool.1.tx_src.0.ingress_queue_wait_bucket.other_req.4096_plus = 0
stat.switch.port.pool.1.tx_dst.101.rx_bytes.demand_req = 0
stat.switch.port.pool.1.tx_dst.101.rx_pkts.demand_req = 0
stat.switch.port.pool.1.tx_dst.101.tx_bytes.demand_req = 70496
stat.switch.port.pool.1.tx_dst.101.tx_pkts.demand_req = 8812
stat.switch.port.pool.1.tx_dst.101.ingress_arrivals.demand_req = 0
stat.switch.port.pool.1.tx_dst.101.ingress_arrival_nonempty_packet_frac.demand_req = 0
stat.switch.port.pool.1.tx_dst.101.ingress_nonempty_arrival_pre_occ_avg_bytes.demand_req = 0
stat.switch.port.pool.1.tx_dst.101.ingress_nonempty_arrival_pre_occ_max_bytes.demand_req = 0
stat.switch.port.pool.1.tx_dst.101.ingress_wait_avg_cycles.demand_req = 0
stat.switch.port.pool.1.tx_dst.101.ingress_queue_wait_avg_cycles.demand_req = 0
stat.switch.port.pool.1.tx_dst.101.ingress_queue_wait_after_nonempty_arrival_avg_cycles.demand_req = 0
stat.switch.port.pool.1.tx_dst.101.ingress_pre_occ_bucket.demand_req.0 = 0
stat.switch.port.pool.1.tx_dst.101.ingress_queue_wait_bucket.demand_req.0 = 0
stat.switch.port.pool.1.tx_dst.101.ingress_pre_occ_bucket.demand_req.1_64 = 0
stat.switch.port.pool.1.tx_dst.101.ingress_queue_wait_bucket.demand_req.1_63 = 0
stat.switch.port.pool.1.tx_dst.101.ingress_pre_occ_bucket.demand_req.65_256 = 0
stat.switch.port.pool.1.tx_dst.101.ingress_queue_wait_bucket.demand_req.64_255 = 0
stat.switch.port.pool.1.tx_dst.101.ingress_pre_occ_bucket.demand_req.257_1024 = 0
stat.switch.port.pool.1.tx_dst.101.ingress_queue_wait_bucket.demand_req.256_1023 = 0
stat.switch.port.pool.1.tx_dst.101.ingress_pre_occ_bucket.demand_req.1025_4096 = 0
stat.switch.port.pool.1.tx_dst.101.ingress_queue_wait_bucket.demand_req.1024_4095 = 0
stat.switch.port.pool.1.tx_dst.101.ingress_pre_occ_bucket.demand_req.4097_plus = 0
stat.switch.port.pool.1.tx_dst.101.ingress_queue_wait_bucket.demand_req.4096_plus = 0
stat.switch.port.pool.1.tx_dst.101.rx_bytes.write_req = 0
stat.switch.port.pool.1.tx_dst.101.rx_pkts.write_req = 0
stat.switch.port.pool.1.tx_dst.101.tx_bytes.write_req = 649344
stat.switch.port.pool.1.tx_dst.101.tx_pkts.write_req = 10146
stat.switch.port.pool.1.tx_dst.101.ingress_arrivals.write_req = 0
stat.switch.port.pool.1.tx_dst.101.ingress_arrival_nonempty_packet_frac.write_req = 0
stat.switch.port.pool.1.tx_dst.101.ingress_nonempty_arrival_pre_occ_avg_bytes.write_req = 0
stat.switch.port.pool.1.tx_dst.101.ingress_nonempty_arrival_pre_occ_max_bytes.write_req = 0
stat.switch.port.pool.1.tx_dst.101.ingress_wait_avg_cycles.write_req = 0
stat.switch.port.pool.1.tx_dst.101.ingress_queue_wait_avg_cycles.write_req = 0
stat.switch.port.pool.1.tx_dst.101.ingress_queue_wait_after_nonempty_arrival_avg_cycles.write_req = 0
stat.switch.port.pool.1.tx_dst.101.ingress_pre_occ_bucket.write_req.0 = 0
stat.switch.port.pool.1.tx_dst.101.ingress_queue_wait_bucket.write_req.0 = 0
stat.switch.port.pool.1.tx_dst.101.ingress_pre_occ_bucket.write_req.1_64 = 0
stat.switch.port.pool.1.tx_dst.101.ingress_queue_wait_bucket.write_req.1_63 = 0
stat.switch.port.pool.1.tx_dst.101.ingress_pre_occ_bucket.write_req.65_256 = 0
stat.switch.port.pool.1.tx_dst.101.ingress_queue_wait_bucket.write_req.64_255 = 0
stat.switch.port.pool.1.tx_dst.101.ingress_pre_occ_bucket.write_req.257_1024 = 0
stat.switch.port.pool.1.tx_dst.101.ingress_queue_wait_bucket.write_req.256_1023 = 0
stat.switch.port.pool.1.tx_dst.101.ingress_pre_occ_bucket.write_req.1025_4096 = 0
stat.switch.port.pool.1.tx_dst.101.ingress_queue_wait_bucket.write_req.1024_4095 = 0
stat.switch.port.pool.1.tx_dst.101.ingress_pre_occ_bucket.write_req.4097_plus = 0
stat.switch.port.pool.1.tx_dst.101.ingress_queue_wait_bucket.write_req.4096_plus = 0
stat.switch.port.pool.1.tx_dst.101.rx_bytes.other_req = 0
stat.switch.port.pool.1.tx_dst.101.rx_pkts.other_req = 0
stat.switch.port.pool.1.tx_dst.101.tx_bytes.other_req = 104
stat.switch.port.pool.1.tx_dst.101.tx_pkts.other_req = 13
stat.switch.port.pool.1.tx_dst.101.ingress_arrivals.other_req = 0
stat.switch.port.pool.1.tx_dst.101.ingress_arrival_nonempty_packet_frac.other_req = 0
stat.switch.port.pool.1.tx_dst.101.ingress_nonempty_arrival_pre_occ_avg_bytes.other_req = 0
stat.switch.port.pool.1.tx_dst.101.ingress_nonempty_arrival_pre_occ_max_bytes.other_req = 0
stat.switch.port.pool.1.tx_dst.101.ingress_wait_avg_cycles.other_req = 0
stat.switch.port.pool.1.tx_dst.101.ingress_queue_wait_avg_cycles.other_req = 0
stat.switch.port.pool.1.tx_dst.101.ingress_queue_wait_after_nonempty_arrival_avg_cycles.other_req = 0
stat.switch.port.pool.1.tx_dst.101.ingress_pre_occ_bucket.other_req.0 = 0
stat.switch.port.pool.1.tx_dst.101.ingress_queue_wait_bucket.other_req.0 = 0
stat.switch.port.pool.1.tx_dst.101.ingress_pre_occ_bucket.other_req.1_64 = 0
stat.switch.port.pool.1.tx_dst.101.ingress_queue_wait_bucket.other_req.1_63 = 0
stat.switch.port.pool.1.tx_dst.101.ingress_pre_occ_bucket.other_req.65_256 = 0
stat.switch.port.pool.1.tx_dst.101.ingress_queue_wait_bucket.other_req.64_255 = 0
stat.switch.port.pool.1.tx_dst.101.ingress_pre_occ_bucket.other_req.257_1024 = 0
stat.switch.port.pool.1.tx_dst.101.ingress_queue_wait_bucket.other_req.256_1023 = 0
stat.switch.port.pool.1.tx_dst.101.ingress_pre_occ_bucket.other_req.1025_4096 = 0
stat.switch.port.pool.1.tx_dst.101.ingress_queue_wait_bucket.other_req.1024_4095 = 0
stat.switch.port.pool.1.tx_dst.101.ingress_pre_occ_bucket.other_req.4097_plus = 0
stat.switch.port.pool.1.tx_dst.101.ingress_queue_wait_bucket.other_req.4096_plus = 0
stat.switch.walltime_s = 149.818
stat.switch.active_time_s = 3.12874
Simulation is complete, simulated time: 661.672 us
