stat.node.0.llc.pool_accesses = 11615
stat.node.0.llc.pool_completed = 11605
stat.node.0.llc.avg_pool_roundtrip_lat = 686.957
stat.node.0.llc.cxl_miss = 11584
stat.node.0.llc.total_miss = 11592
stat.node.0.llc.avg_miss_lat = 687.986
stat.node.0.llc.avg_cxl_lat = 687.983
stat.node.0.llc.miss_lat_hist_bin_ns = 10
stat.node.0.llc.miss_lat_hist = [0,0,0,0,0,0,0,0,0,0,0,0,0,0,0,0,0,0,0,0,0,0,0,0,0,0,3010,2640,1965,1382,910,613,456,271,166,79,56,24,12,6,1,1]
stat.node.0.util.dram_avg = 1.54513e-05
stat.node.0.fabric.ingress_wait_avg_cycles = 181.96
stat.node.0.fabric.egress_wait_avg_cycles = 1
stat.node.0.fabric.ingress_wait_max_cycles = 345
stat.node.0.fabric.egress_wait_max_cycles = 1
stat.node.0.fabric.ingress_queue_wait_avg_cycles = 36.9603
stat.node.0.fabric.ingress_queue_wait_max_cycles = 200
stat.node.0.fabric.egress_occ_avg_bytes = 0
stat.node.0.fabric.egress_occ_stddev_bytes = 0
stat.node.0.fabric.egress_occ_max_bytes = 0
stat.node.0.fabric.egress_occ_nonempty_frac = 0
stat.node.0.fabric.egress_blocked_cycles = 0
stat.node.0.fabric.egress_blocked_nonempty_frac = 0
stat.node.0.fabric.egress_blocked_avg_occ_bytes = 0
stat.node.0.fabric.egress_blocked_max_occ_bytes = 0
stat.node.0.fabric.egress_send_burst_max_pkts = 2
stat.node.0.fabric.egress_send_burst_max_bytes = 72
stat.node.0.fabric.egress_send_burst_avg_pkts = 1.00779
stat.node.0.fabric.egress_send_burst_avg_bytes = 26.2943
stat.node.0.fabric.egress_send_burst_stddev_pkts = 0.0879238
stat.node.0.fabric.egress_send_burst_stddev_bytes = 26.3399
stat.node.0.fabric.egress_send_nonempty_frac = 0.0147083
stat.node.0.fabric.ingress_occ_bytes = 64
stat.node.0.fabric.ready_wait_avg_cycles = 0
stat.node.0.fabric.ready_wait_max_cycles = 0
stat.node.0.fabric.ready_occ_avg_pkts = 0.0100279
stat.node.0.fabric.ready_occ_pkts = 0
stat.node.0.fabric.ready_occ_max_pkts = 1
stat.node.0.fabric.ready_retry_count = 0
stat.node.0.fabric.ingress_arrival_burst_max_pkts = 2
stat.node.0.fabric.ingress_arrival_burst_max_bytes = 128
stat.node.0.fabric.ingress_arrival_burst_avg_pkts = 1.21914
stat.node.0.fabric.ingress_arrival_burst_avg_bytes = 78.0252
stat.node.0.fabric.ingress_arrival_burst_stddev_pkts = 0.413666
stat.node.0.fabric.ingress_arrival_burst_stddev_bytes = 26.4746
stat.node.0.fabric.ingress_arrival_nonempty_frac = 0.00822587
stat.node.0.fabric.ingress_arrival_run_max_cycles = 2
stat.node.0.fabric.ingress_arrival_run_avg_cycles = 1.00709
stat.node.0.fabric.ingress_arrival_run_stddev_cycles = 0.0839259
stat.node.0.fabric.ingress_arrival_gap_max_cycles = 770
stat.node.0.fabric.ingress_arrival_gap_avg_cycles = 81.1861
stat.node.0.fabric.ingress_arrival_gap_stddev_cycles = 138.875
stat.node.0.fabric.ingress_release_burst_max_pkts = 1
stat.node.0.fabric.ingress_release_burst_max_bytes = 64
stat.node.0.fabric.ingress_release_burst_avg_pkts = 1
stat.node.0.fabric.ingress_release_burst_avg_bytes = 64
stat.node.0.fabric.ingress_release_burst_stddev_pkts = 0
stat.node.0.fabric.ingress_release_burst_stddev_bytes = 0
stat.node.0.fabric.ingress_release_nonempty_frac = 0.0100279
stat.node.0.fabric.ingress_release_run_max_cycles = 1
stat.node.0.fabric.ingress_release_run_avg_cycles = 1
stat.node.0.fabric.ingress_release_run_stddev_cycles = 0
stat.node.0.fabric.ingress_release_gap_max_cycles = 695
stat.node.0.fabric.ingress_release_gap_avg_cycles = 65.9465
stat.node.0.fabric.ingress_release_gap_stddev_cycles = 107.567
stat.node.0.fabric.ingress_occ_avg_bytes = 116.146
stat.node.0.fabric.ingress_occ_stddev_bytes = 168.479
stat.node.0.fabric.ingress_occ_max_bytes = 896
stat.node.0.fabric.ingress_occ_nonempty_frac = 0.449542
stat.node.0.fabric.ingress_occ_run_max_cycles = 2269
stat.node.0.fabric.ingress_occ_run_avg_cycles = 368.281
stat.node.0.fabric.ingress_occ_run_stddev_cycles = 160.941
stat.node.0.fabric.ingress_occ_gap_max_cycles = 552
stat.node.0.fabric.ingress_occ_gap_avg_cycles = 181.869
stat.node.0.fabric.ingress_occ_gap_stddev_cycles = 126.805
stat.node.0.fabric.ingress_wait_avg_cycles.demand_req = 0
stat.node.0.fabric.ingress_wait_max_cycles.demand_req = 0
stat.node.0.fabric.ingress_queue_wait_avg_cycles.demand_req = 0
stat.node.0.fabric.ingress_queue_wait_max_cycles.demand_req = 0
stat.node.0.fabric.egress_wait_avg_cycles.demand_req = 1
stat.node.0.fabric.egress_wait_max_cycles.demand_req = 1
stat.node.0.fabric.egress_occ_avg_bytes.demand_req = 0
stat.node.0.fabric.egress_occ_max_bytes.demand_req = 0
stat.node.0.fabric.egress_blocked_cycles.demand_req = 0
stat.node.0.fabric.ingress_arrival_empty_packets.demand_req = 0
stat.node.0.fabric.ingress_arrival_nonempty_packets.demand_req = 0
stat.node.0.fabric.ingress_arrival_nonempty_packet_frac.demand_req = 0
stat.node.0.fabric.ingress_nonempty_arrival_pre_occ_avg_bytes.demand_req = 0
stat.node.0.fabric.ingress_nonempty_arrival_pre_occ_max_bytes.demand_req = 0
stat.node.0.fabric.ingress_release_after_empty_arrival_packets.demand_req = 0
stat.node.0.fabric.ingress_release_after_nonempty_arrival_packets.demand_req = 0
stat.node.0.fabric.ingress_wait_after_empty_arrival_avg_cycles.demand_req = 0
stat.node.0.fabric.ingress_wait_after_nonempty_arrival_avg_cycles.demand_req = 0
stat.node.0.fabric.ingress_queue_wait_after_empty_arrival_avg_cycles.demand_req = 0
stat.node.0.fabric.ingress_queue_wait_after_nonempty_arrival_avg_cycles.demand_req = 0
stat.node.0.fabric.ingress_queue_wait_after_empty_arrival_max_cycles.demand_req = 0
stat.node.0.fabric.ingress_queue_wait_after_nonempty_arrival_max_cycles.demand_req = 0
stat.node.0.fabric.rx_bytes.demand_req = 0
stat.node.0.fabric.tx_bytes.demand_req = 124488
stat.node.0.fabric.rx_pkts.demand_req = 0
stat.node.0.fabric.tx_pkts.demand_req = 15561
stat.node.0.fabric.ingress_wait_avg_cycles.write_req = 0
stat.node.0.fabric.ingress_wait_max_cycles.write_req = 0
stat.node.0.fabric.ingress_queue_wait_avg_cycles.write_req = 0
stat.node.0.fabric.ingress_queue_wait_max_cycles.write_req = 0
stat.node.0.fabric.egress_wait_avg_cycles.write_req = 1
stat.node.0.fabric.egress_wait_max_cycles.write_req = 1
stat.node.0.fabric.egress_occ_avg_bytes.write_req = 0
stat.node.0.fabric.egress_occ_max_bytes.write_req = 0
stat.node.0.fabric.egress_blocked_cycles.write_req = 0
stat.node.0.fabric.ingress_arrival_empty_packets.write_req = 0
stat.node.0.fabric.ingress_arrival_nonempty_packets.write_req = 0
stat.node.0.fabric.ingress_arrival_nonempty_packet_frac.write_req = 0
stat.node.0.fabric.ingress_nonempty_arrival_pre_occ_avg_bytes.write_req = 0
stat.node.0.fabric.ingress_nonempty_arrival_pre_occ_max_bytes.write_req = 0
stat.node.0.fabric.ingress_release_after_empty_arrival_packets.write_req = 0
stat.node.0.fabric.ingress_release_after_nonempty_arrival_packets.write_req = 0
stat.node.0.fabric.ingress_wait_after_empty_arrival_avg_cycles.write_req = 0
stat.node.0.fabric.ingress_wait_after_nonempty_arrival_avg_cycles.write_req = 0
stat.node.0.fabric.ingress_queue_wait_after_empty_arrival_avg_cycles.write_req = 0
stat.node.0.fabric.ingress_queue_wait_after_nonempty_arrival_avg_cycles.write_req = 0
stat.node.0.fabric.ingress_queue_wait_after_empty_arrival_max_cycles.write_req = 0
stat.node.0.fabric.ingress_queue_wait_after_nonempty_arrival_max_cycles.write_req = 0
stat.node.0.fabric.rx_bytes.write_req = 0
stat.node.0.fabric.tx_bytes.write_req = 476032
stat.node.0.fabric.rx_pkts.write_req = 0
stat.node.0.fabric.tx_pkts.write_req = 7438
stat.node.0.fabric.ingress_wait_avg_cycles.response = 181.96
stat.node.0.fabric.ingress_wait_max_cycles.response = 345
stat.node.0.fabric.ingress_queue_wait_avg_cycles.response = 36.9603
stat.node.0.fabric.ingress_queue_wait_max_cycles.response = 200
stat.node.0.fabric.egress_wait_avg_cycles.response = 0
stat.node.0.fabric.egress_wait_max_cycles.response = 0
stat.node.0.fabric.egress_occ_avg_bytes.response = 0
stat.node.0.fabric.egress_occ_max_bytes.response = 0
stat.node.0.fabric.egress_blocked_cycles.response = 0
stat.node.0.fabric.ingress_arrival_empty_packets.response = 1896
stat.node.0.fabric.ingress_arrival_nonempty_packets.response = 13681
stat.node.0.fabric.ingress_arrival_nonempty_packet_frac.response = 0.878282
stat.node.0.fabric.ingress_nonempty_arrival_pre_occ_avg_bytes.response = 271.812
stat.node.0.fabric.ingress_nonempty_arrival_pre_occ_max_bytes.response = 832
stat.node.0.fabric.ingress_release_after_empty_arrival_packets.response = 1896
stat.node.0.fabric.ingress_release_after_nonempty_arrival_packets.response = 13680
stat.node.0.fabric.ingress_wait_after_empty_arrival_avg_cycles.response = 145
stat.node.0.fabric.ingress_wait_after_nonempty_arrival_avg_cycles.response = 187.083
stat.node.0.fabric.ingress_queue_wait_after_empty_arrival_avg_cycles.response = 0
stat.node.0.fabric.ingress_queue_wait_after_nonempty_arrival_avg_cycles.response = 42.0828
stat.node.0.fabric.ingress_queue_wait_after_empty_arrival_max_cycles.response = 0
stat.node.0.fabric.ingress_queue_wait_after_nonempty_arrival_max_cycles.response = 200
stat.node.0.fabric.rx_bytes.response = 996928
stat.node.0.fabric.tx_bytes.response = 0
stat.node.0.fabric.rx_pkts.response = 15577
stat.node.0.fabric.tx_pkts.response = 0
stat.node.0.fabric.ingress_wait_avg_cycles.other_req = 0
stat.node.0.fabric.ingress_wait_max_cycles.other_req = 0
stat.node.0.fabric.ingress_queue_wait_avg_cycles.other_req = 0
stat.node.0.fabric.ingress_queue_wait_max_cycles.other_req = 0
stat.node.0.fabric.egress_wait_avg_cycles.other_req = 1
stat.node.0.fabric.egress_wait_max_cycles.other_req = 1
stat.node.0.fabric.egress_occ_avg_bytes.other_req = 0
stat.node.0.fabric.egress_occ_max_bytes.other_req = 0
stat.node.0.fabric.egress_blocked_cycles.other_req = 0
stat.node.0.fabric.ingress_arrival_empty_packets.other_req = 0
stat.node.0.fabric.ingress_arrival_nonempty_packets.other_req = 0
stat.node.0.fabric.ingress_arrival_nonempty_packet_frac.other_req = 0
stat.node.0.fabric.ingress_nonempty_arrival_pre_occ_avg_bytes.other_req = 0
stat.node.0.fabric.ingress_nonempty_arrival_pre_occ_max_bytes.other_req = 0
stat.node.0.fabric.ingress_release_after_empty_arrival_packets.other_req = 0
stat.node.0.fabric.ingress_release_after_nonempty_arrival_packets.other_req = 0
stat.node.0.fabric.ingress_wait_after_empty_arrival_avg_cycles.other_req = 0
stat.node.0.fabric.ingress_wait_after_nonempty_arrival_avg_cycles.other_req = 0
stat.node.0.fabric.ingress_queue_wait_after_empty_arrival_avg_cycles.other_req = 0
stat.node.0.fabric.ingress_queue_wait_after_nonempty_arrival_avg_cycles.other_req = 0
stat.node.0.fabric.ingress_queue_wait_after_empty_arrival_max_cycles.other_req = 0
stat.node.0.fabric.ingress_queue_wait_after_nonempty_arrival_max_cycles.other_req = 0
stat.node.0.fabric.rx_bytes.other_req = 0
stat.node.0.fabric.tx_bytes.other_req = 200
stat.node.0.fabric.rx_pkts.other_req = 0
stat.node.0.fabric.tx_pkts.other_req = 25
stat.node.0.fabric.ingress_occ_bucket_bytes.0 = 855010
stat.node.0.fabric.ready_occ_bucket_bytes.0 = 1537695
stat.node.0.fabric.ingress_occ_bucket_bytes.1_64 = 112817
stat.node.0.fabric.ready_occ_bucket_bytes.1_64 = 15576
stat.node.0.fabric.ingress_occ_bucket_bytes.65_256 = 328503
stat.node.0.fabric.ready_occ_bucket_bytes.65_256 = 0
stat.node.0.fabric.ingress_occ_bucket_bytes.257_1024 = 256941
stat.node.0.fabric.ready_occ_bucket_bytes.257_1024 = 0
stat.node.0.fabric.ingress_occ_bucket_bytes.1025_4096 = 0
stat.node.0.fabric.ready_occ_bucket_bytes.1025_4096 = 0
stat.node.0.fabric.ingress_occ_bucket_bytes.4097_plus = 0
stat.node.0.fabric.ready_occ_bucket_bytes.4097_plus = 0
stat.node.0.fabric.ingress_episode.count = 1895
stat.node.0.fabric.ingress_episode.avg_cycles = 368.344
stat.node.0.fabric.ingress_episode.max_cycles = 2269
stat.node.0.fabric.ingress_episode.avg_peak_occ_bytes = 403.386
stat.node.0.fabric.ingress_episode.max_peak_occ_bytes = 896
stat.node.0.fabric.ingress_episode.avg_arrival_pkts = 8.21689
stat.node.0.fabric.ingress_episode.max_arrival_pkts = 51
stat.node.0.fabric.ingress_episode.avg_arrival_bytes = 525.881
stat.node.0.fabric.ingress_episode.max_arrival_bytes = 3264
stat.node.0.fabric.ingress_episode.avg_release_pkts = 8.21689
stat.node.0.fabric.ingress_episode.max_release_pkts = 51
stat.node.0.fabric.ingress_episode.avg_release_bytes = 525.881
stat.node.0.fabric.ingress_episode.max_release_bytes = 3264
stat.node.0.fabric.ingress_episode.avg_wait_cycles = 1495.17
stat.node.0.fabric.ingress_episode.max_wait_cycles = 345
stat.node.0.fabric.ingress_episode.avg_queue_wait_cycles = 303.717
stat.node.0.fabric.ingress_episode.max_queue_wait_cycles = 200
stat.node.0.fabric.ingress_episode.avg_src_distinct = 1.92296
stat.node.0.fabric.ingress_episode.max_src_distinct = 2
stat.node.0.fabric.ingress_episode.avg_dst_distinct = 1
stat.node.0.fabric.ingress_episode.max_dst_distinct = 1
stat.node.0.fabric.ingress_episode.avg_arrival_pkts.demand_req = 0
stat.node.0.fabric.ingress_episode.max_arrival_pkts.demand_req = 0
stat.node.0.fabric.ingress_episode.avg_release_pkts.demand_req = 0
stat.node.0.fabric.ingress_episode.max_release_pkts.demand_req = 0
stat.node.0.fabric.ingress_pre_occ_bucket.demand_req.0 = 0
stat.node.0.fabric.ingress_queue_wait_bucket.demand_req.0 = 0
stat.node.0.fabric.ingress_pre_occ_bucket.demand_req.1_64 = 0
stat.node.0.fabric.ingress_queue_wait_bucket.demand_req.1_63 = 0
stat.node.0.fabric.ingress_pre_occ_bucket.demand_req.65_256 = 0
stat.node.0.fabric.ingress_queue_wait_bucket.demand_req.64_255 = 0
stat.node.0.fabric.ingress_pre_occ_bucket.demand_req.257_1024 = 0
stat.node.0.fabric.ingress_queue_wait_bucket.demand_req.256_1023 = 0
stat.node.0.fabric.ingress_pre_occ_bucket.demand_req.1025_4096 = 0
stat.node.0.fabric.ingress_queue_wait_bucket.demand_req.1024_4095 = 0
stat.node.0.fabric.ingress_pre_occ_bucket.demand_req.4097_plus = 0
stat.node.0.fabric.ingress_queue_wait_bucket.demand_req.4096_plus = 0
stat.node.0.fabric.ingress_episode.avg_arrival_pkts.write_req = 0
stat.node.0.fabric.ingress_episode.max_arrival_pkts.write_req = 0
stat.node.0.fabric.ingress_episode.avg_release_pkts.write_req = 0
stat.node.0.fabric.ingress_episode.max_release_pkts.write_req = 0
stat.node.0.fabric.ingress_pre_occ_bucket.write_req.0 = 0
stat.node.0.fabric.ingress_queue_wait_bucket.write_req.0 = 0
stat.node.0.fabric.ingress_pre_occ_bucket.write_req.1_64 = 0
stat.node.0.fabric.ingress_queue_wait_bucket.write_req.1_63 = 0
stat.node.0.fabric.ingress_pre_occ_bucket.write_req.65_256 = 0
stat.node.0.fabric.ingress_queue_wait_bucket.write_req.64_255 = 0
stat.node.0.fabric.ingress_pre_occ_bucket.write_req.257_1024 = 0
stat.node.0.fabric.ingress_queue_wait_bucket.write_req.256_1023 = 0
stat.node.0.fabric.ingress_pre_occ_bucket.write_req.1025_4096 = 0
stat.node.0.fabric.ingress_queue_wait_bucket.write_req.1024_4095 = 0
stat.node.0.fabric.ingress_pre_occ_bucket.write_req.4097_plus = 0
stat.node.0.fabric.ingress_queue_wait_bucket.write_req.4096_plus = 0
stat.node.0.fabric.ingress_episode.avg_arrival_pkts.response = 8.21689
stat.node.0.fabric.ingress_episode.max_arrival_pkts.response = 51
stat.node.0.fabric.ingress_episode.avg_release_pkts.response = 8.21689
stat.node.0.fabric.ingress_episode.max_release_pkts.response = 51
stat.node.0.fabric.ingress_pre_occ_bucket.response.0 = 1896
stat.node.0.fabric.ingress_queue_wait_bucket.response.0 = 3951
stat.node.0.fabric.ingress_pre_occ_bucket.response.1_64 = 2064
stat.node.0.fabric.ingress_queue_wait_bucket.response.1_63 = 8343
stat.node.0.fabric.ingress_pre_occ_bucket.response.65_256 = 6087
stat.node.0.fabric.ingress_queue_wait_bucket.response.64_255 = 3282
stat.node.0.fabric.ingress_pre_occ_bucket.response.257_1024 = 5530
stat.node.0.fabric.ingress_queue_wait_bucket.response.256_1023 = 0
stat.node.0.fabric.ingress_pre_occ_bucket.response.1025_4096 = 0
stat.node.0.fabric.ingress_queue_wait_bucket.response.1024_4095 = 0
stat.node.0.fabric.ingress_pre_occ_bucket.response.4097_plus = 0
stat.node.0.fabric.ingress_queue_wait_bucket.response.4096_plus = 0
stat.node.0.fabric.ingress_episode.avg_arrival_pkts.other_req = 0
stat.node.0.fabric.ingress_episode.max_arrival_pkts.other_req = 0
stat.node.0.fabric.ingress_episode.avg_release_pkts.other_req = 0
stat.node.0.fabric.ingress_episode.max_release_pkts.other_req = 0
stat.node.0.fabric.ingress_pre_occ_bucket.other_req.0 = 0
stat.node.0.fabric.ingress_queue_wait_bucket.other_req.0 = 0
stat.node.0.fabric.ingress_pre_occ_bucket.other_req.1_64 = 0
stat.node.0.fabric.ingress_queue_wait_bucket.other_req.1_63 = 0
stat.node.0.fabric.ingress_pre_occ_bucket.other_req.65_256 = 0
stat.node.0.fabric.ingress_queue_wait_bucket.other_req.64_255 = 0
stat.node.0.fabric.ingress_pre_occ_bucket.other_req.257_1024 = 0
stat.node.0.fabric.ingress_queue_wait_bucket.other_req.256_1023 = 0
stat.node.0.fabric.ingress_pre_occ_bucket.other_req.1025_4096 = 0
stat.node.0.fabric.ingress_queue_wait_bucket.other_req.1024_4095 = 0
stat.node.0.fabric.ingress_pre_occ_bucket.other_req.4097_plus = 0
stat.node.0.fabric.ingress_queue_wait_bucket.other_req.4096_plus = 0
stat.node.0.fabric.peer_src.100.rx_bytes.response = 498496
stat.node.0.fabric.peer_src.100.rx_pkts.response = 7789
stat.node.0.fabric.peer_src.100.tx_bytes.response = 0
stat.node.0.fabric.peer_src.100.tx_pkts.response = 0
stat.node.0.fabric.peer_src.100.ingress_arrivals.response = 7789
stat.node.0.fabric.peer_src.100.ingress_arrival_nonempty_packet_frac.response = 0.839646
stat.node.0.fabric.peer_src.100.ingress_nonempty_arrival_pre_occ_avg_bytes.response = 270.287
stat.node.0.fabric.peer_src.100.ingress_nonempty_arrival_pre_occ_max_bytes.response = 832
stat.node.0.fabric.peer_src.100.ingress_wait_avg_cycles.response = 177.448
stat.node.0.fabric.peer_src.100.ingress_queue_wait_avg_cycles.response = 32.4483
stat.node.0.fabric.peer_src.100.ingress_queue_wait_after_nonempty_arrival_avg_cycles.response = 38.6453
stat.node.0.fabric.peer_src.100.ingress_pre_occ_bucket.response.0 = 1249
stat.node.0.fabric.peer_src.100.ingress_queue_wait_bucket.response.0 = 2593
stat.node.0.fabric.peer_src.100.ingress_pre_occ_bucket.response.1_64 = 850
stat.node.0.fabric.peer_src.100.ingress_queue_wait_bucket.response.1_63 = 3765
stat.node.0.fabric.peer_src.100.ingress_pre_occ_bucket.response.65_256 = 3149
stat.node.0.fabric.peer_src.100.ingress_queue_wait_bucket.response.64_255 = 1431
stat.node.0.fabric.peer_src.100.ingress_pre_occ_bucket.response.257_1024 = 2541
stat.node.0.fabric.peer_src.100.ingress_queue_wait_bucket.response.256_1023 = 0
stat.node.0.fabric.peer_src.100.ingress_pre_occ_bucket.response.1025_4096 = 0
stat.node.0.fabric.peer_src.100.ingress_queue_wait_bucket.response.1024_4095 = 0
stat.node.0.fabric.peer_src.100.ingress_pre_occ_bucket.response.4097_plus = 0
stat.node.0.fabric.peer_src.100.ingress_queue_wait_bucket.response.4096_plus = 0
stat.node.0.fabric.peer_src.101.rx_bytes.response = 498432
stat.node.0.fabric.peer_src.101.rx_pkts.response = 7788
stat.node.0.fabric.peer_src.101.tx_bytes.response = 0
stat.node.0.fabric.peer_src.101.tx_pkts.response = 0
stat.node.0.fabric.peer_src.101.ingress_arrivals.response = 7788
stat.node.0.fabric.peer_src.101.ingress_arrival_nonempty_packet_frac.response = 0.916923
stat.node.0.fabric.peer_src.101.ingress_nonempty_arrival_pre_occ_avg_bytes.response = 273.208
stat.node.0.fabric.peer_src.101.ingress_nonempty_arrival_pre_occ_max_bytes.response = 832
stat.node.0.fabric.peer_src.101.ingress_wait_avg_cycles.response = 186.473
stat.node.0.fabric.peer_src.101.ingress_queue_wait_avg_cycles.response = 41.4734
stat.node.0.fabric.peer_src.101.ingress_queue_wait_after_nonempty_arrival_avg_cycles.response = 45.2315
stat.node.0.fabric.peer_src.101.ingress_pre_occ_bucket.response.0 = 647
stat.node.0.fabric.peer_src.101.ingress_queue_wait_bucket.response.0 = 1358
stat.node.0.fabric.peer_src.101.ingress_pre_occ_bucket.response.1_64 = 1214
stat.node.0.fabric.peer_src.101.ingress_queue_wait_bucket.response.1_63 = 4578
stat.node.0.fabric.peer_src.101.ingress_pre_occ_bucket.response.65_256 = 2938
stat.node.0.fabric.peer_src.101.ingress_queue_wait_bucket.response.64_255 = 1851
stat.node.0.fabric.peer_src.101.ingress_pre_occ_bucket.response.257_1024 = 2989
stat.node.0.fabric.peer_src.101.ingress_queue_wait_bucket.response.256_1023 = 0
stat.node.0.fabric.peer_src.101.ingress_pre_occ_bucket.response.1025_4096 = 0
stat.node.0.fabric.peer_src.101.ingress_queue_wait_bucket.response.1024_4095 = 0
stat.node.0.fabric.peer_src.101.ingress_pre_occ_bucket.response.4097_plus = 0
stat.node.0.fabric.peer_src.101.ingress_queue_wait_bucket.response.4096_plus = 0
stat.node.0.fabric.peer_dst.0.rx_bytes.response = 996928
stat.node.0.fabric.peer_dst.0.rx_pkts.response = 15577
stat.node.0.fabric.peer_dst.0.tx_bytes.response = 0
stat.node.0.fabric.peer_dst.0.tx_pkts.response = 0
stat.node.0.fabric.peer_dst.0.ingress_arrivals.response = 15577
stat.node.0.fabric.peer_dst.0.ingress_arrival_nonempty_packet_frac.response = 0.878282
stat.node.0.fabric.peer_dst.0.ingress_nonempty_arrival_pre_occ_avg_bytes.response = 271.812
stat.node.0.fabric.peer_dst.0.ingress_nonempty_arrival_pre_occ_max_bytes.response = 832
stat.node.0.fabric.peer_dst.0.ingress_wait_avg_cycles.response = 181.96
stat.node.0.fabric.peer_dst.0.ingress_queue_wait_avg_cycles.response = 36.9603
stat.node.0.fabric.peer_dst.0.ingress_queue_wait_after_nonempty_arrival_avg_cycles.response = 42.0828
stat.node.0.fabric.peer_dst.0.ingress_pre_occ_bucket.response.0 = 1896
stat.node.0.fabric.peer_dst.0.ingress_queue_wait_bucket.response.0 = 3951
stat.node.0.fabric.peer_dst.0.ingress_pre_occ_bucket.response.1_64 = 2064
stat.node.0.fabric.peer_dst.0.ingress_queue_wait_bucket.response.1_63 = 8343
stat.node.0.fabric.peer_dst.0.ingress_pre_occ_bucket.response.65_256 = 6087
stat.node.0.fabric.peer_dst.0.ingress_queue_wait_bucket.response.64_255 = 3282
stat.node.0.fabric.peer_dst.0.ingress_pre_occ_bucket.response.257_1024 = 5530
stat.node.0.fabric.peer_dst.0.ingress_queue_wait_bucket.response.256_1023 = 0
stat.node.0.fabric.peer_dst.0.ingress_pre_occ_bucket.response.1025_4096 = 0
stat.node.0.fabric.peer_dst.0.ingress_queue_wait_bucket.response.1024_4095 = 0
stat.node.0.fabric.peer_dst.0.ingress_pre_occ_bucket.response.4097_plus = 0
stat.node.0.fabric.peer_dst.0.ingress_queue_wait_bucket.response.4096_plus = 0
stat.node.0.fabric.tx_src.0.rx_bytes.demand_req = 0
stat.node.0.fabric.tx_src.0.rx_pkts.demand_req = 0
stat.node.0.fabric.tx_src.0.tx_bytes.demand_req = 124488
stat.node.0.fabric.tx_src.0.tx_pkts.demand_req = 15561
stat.node.0.fabric.tx_src.0.ingress_arrivals.demand_req = 0
stat.node.0.fabric.tx_src.0.ingress_arrival_nonempty_packet_frac.demand_req = 0
stat.node.0.fabric.tx_src.0.ingress_nonempty_arrival_pre_occ_avg_bytes.demand_req = 0
stat.node.0.fabric.tx_src.0.ingress_nonempty_arrival_pre_occ_max_bytes.demand_req = 0
stat.node.0.fabric.tx_src.0.ingress_wait_avg_cycles.demand_req = 0
stat.node.0.fabric.tx_src.0.ingress_queue_wait_avg_cycles.demand_req = 0
stat.node.0.fabric.tx_src.0.ingress_queue_wait_after_nonempty_arrival_avg_cycles.demand_req = 0
stat.node.0.fabric.tx_src.0.ingress_pre_occ_bucket.demand_req.0 = 0
stat.node.0.fabric.tx_src.0.ingress_queue_wait_bucket.demand_req.0 = 0
stat.node.0.fabric.tx_src.0.ingress_pre_occ_bucket.demand_req.1_64 = 0
stat.node.0.fabric.tx_src.0.ingress_queue_wait_bucket.demand_req.1_63 = 0
stat.node.0.fabric.tx_src.0.ingress_pre_occ_bucket.demand_req.65_256 = 0
stat.node.0.fabric.tx_src.0.ingress_queue_wait_bucket.demand_req.64_255 = 0
stat.node.0.fabric.tx_src.0.ingress_pre_occ_bucket.demand_req.257_1024 = 0
stat.node.0.fabric.tx_src.0.ingress_queue_wait_bucket.demand_req.256_1023 = 0
stat.node.0.fabric.tx_src.0.ingress_pre_occ_bucket.demand_req.1025_4096 = 0
stat.node.0.fabric.tx_src.0.ingress_queue_wait_bucket.demand_req.1024_4095 = 0
stat.node.0.fabric.tx_src.0.ingress_pre_occ_bucket.demand_req.4097_plus = 0
stat.node.0.fabric.tx_src.0.ingress_queue_wait_bucket.demand_req.4096_plus = 0
stat.node.0.fabric.tx_src.0.rx_bytes.write_req = 0
stat.node.0.fabric.tx_src.0.rx_pkts.write_req = 0
stat.node.0.fabric.tx_src.0.tx_bytes.write_req = 476032
stat.node.0.fabric.tx_src.0.tx_pkts.write_req = 7438
stat.node.0.fabric.tx_src.0.ingress_arrivals.write_req = 0
stat.node.0.fabric.tx_src.0.ingress_arrival_nonempty_packet_frac.write_req = 0
stat.node.0.fabric.tx_src.0.ingress_nonempty_arrival_pre_occ_avg_bytes.write_req = 0
stat.node.0.fabric.tx_src.0.ingress_nonempty_arrival_pre_occ_max_bytes.write_req = 0
stat.node.0.fabric.tx_src.0.ingress_wait_avg_cycles.write_req = 0
stat.node.0.fabric.tx_src.0.ingress_queue_wait_avg_cycles.write_req = 0
stat.node.0.fabric.tx_src.0.ingress_queue_wait_after_nonempty_arrival_avg_cycles.write_req = 0
stat.node.0.fabric.tx_src.0.ingress_pre_occ_bucket.write_req.0 = 0
stat.node.0.fabric.tx_src.0.ingress_queue_wait_bucket.write_req.0 = 0
stat.node.0.fabric.tx_src.0.ingress_pre_occ_bucket.write_req.1_64 = 0
stat.node.0.fabric.tx_src.0.ingress_queue_wait_bucket.write_req.1_63 = 0
stat.node.0.fabric.tx_src.0.ingress_pre_occ_bucket.write_req.65_256 = 0
stat.node.0.fabric.tx_src.0.ingress_queue_wait_bucket.write_req.64_255 = 0
stat.node.0.fabric.tx_src.0.ingress_pre_occ_bucket.write_req.257_1024 = 0
stat.node.0.fabric.tx_src.0.ingress_queue_wait_bucket.write_req.256_1023 = 0
stat.node.0.fabric.tx_src.0.ingress_pre_occ_bucket.write_req.1025_4096 = 0
stat.node.0.fabric.tx_src.0.ingress_queue_wait_bucket.write_req.1024_4095 = 0
stat.node.0.fabric.tx_src.0.ingress_pre_occ_bucket.write_req.4097_plus = 0
stat.node.0.fabric.tx_src.0.ingress_queue_wait_bucket.write_req.4096_plus = 0
stat.node.0.fabric.tx_src.0.rx_bytes.other_req = 0
stat.node.0.fabric.tx_src.0.rx_pkts.other_req = 0
stat.node.0.fabric.tx_src.0.tx_bytes.other_req = 200
stat.node.0.fabric.tx_src.0.tx_pkts.other_req = 25
stat.node.0.fabric.tx_src.0.ingress_arrivals.other_req = 0
stat.node.0.fabric.tx_src.0.ingress_arrival_nonempty_packet_frac.other_req = 0
stat.node.0.fabric.tx_src.0.ingress_nonempty_arrival_pre_occ_avg_bytes.other_req = 0
stat.node.0.fabric.tx_src.0.ingress_nonempty_arrival_pre_occ_max_bytes.other_req = 0
stat.node.0.fabric.tx_src.0.ingress_wait_avg_cycles.other_req = 0
stat.node.0.fabric.tx_src.0.ingress_queue_wait_avg_cycles.other_req = 0
stat.node.0.fabric.tx_src.0.ingress_queue_wait_after_nonempty_arrival_avg_cycles.other_req = 0
stat.node.0.fabric.tx_src.0.ingress_pre_occ_bucket.other_req.0 = 0
stat.node.0.fabric.tx_src.0.ingress_queue_wait_bucket.other_req.0 = 0
stat.node.0.fabric.tx_src.0.ingress_pre_occ_bucket.other_req.1_64 = 0
stat.node.0.fabric.tx_src.0.ingress_queue_wait_bucket.other_req.1_63 = 0
stat.node.0.fabric.tx_src.0.ingress_pre_occ_bucket.other_req.65_256 = 0
stat.node.0.fabric.tx_src.0.ingress_queue_wait_bucket.other_req.64_255 = 0
stat.node.0.fabric.tx_src.0.ingress_pre_occ_bucket.other_req.257_1024 = 0
stat.node.0.fabric.tx_src.0.ingress_queue_wait_bucket.other_req.256_1023 = 0
stat.node.0.fabric.tx_src.0.ingress_pre_occ_bucket.other_req.1025_4096 = 0
stat.node.0.fabric.tx_src.0.ingress_queue_wait_bucket.other_req.1024_4095 = 0
stat.node.0.fabric.tx_src.0.ingress_pre_occ_bucket.other_req.4097_plus = 0
stat.node.0.fabric.tx_src.0.ingress_queue_wait_bucket.other_req.4096_plus = 0
stat.node.0.fabric.tx_dst.100.rx_bytes.demand_req = 0
stat.node.0.fabric.tx_dst.100.rx_pkts.demand_req = 0
stat.node.0.fabric.tx_dst.100.tx_bytes.demand_req = 124488
stat.node.0.fabric.tx_dst.100.tx_pkts.demand_req = 15561
stat.node.0.fabric.tx_dst.100.ingress_arrivals.demand_req = 0
stat.node.0.fabric.tx_dst.100.ingress_arrival_nonempty_packet_frac.demand_req = 0
stat.node.0.fabric.tx_dst.100.ingress_nonempty_arrival_pre_occ_avg_bytes.demand_req = 0
stat.node.0.fabric.tx_dst.100.ingress_nonempty_arrival_pre_occ_max_bytes.demand_req = 0
stat.node.0.fabric.tx_dst.100.ingress_wait_avg_cycles.demand_req = 0
stat.node.0.fabric.tx_dst.100.ingress_queue_wait_avg_cycles.demand_req = 0
stat.node.0.fabric.tx_dst.100.ingress_queue_wait_after_nonempty_arrival_avg_cycles.demand_req = 0
stat.node.0.fabric.tx_dst.100.ingress_pre_occ_bucket.demand_req.0 = 0
stat.node.0.fabric.tx_dst.100.ingress_queue_wait_bucket.demand_req.0 = 0
stat.node.0.fabric.tx_dst.100.ingress_pre_occ_bucket.demand_req.1_64 = 0
stat.node.0.fabric.tx_dst.100.ingress_queue_wait_bucket.demand_req.1_63 = 0
stat.node.0.fabric.tx_dst.100.ingress_pre_occ_bucket.demand_req.65_256 = 0
stat.node.0.fabric.tx_dst.100.ingress_queue_wait_bucket.demand_req.64_255 = 0
stat.node.0.fabric.tx_dst.100.ingress_pre_occ_bucket.demand_req.257_1024 = 0
stat.node.0.fabric.tx_dst.100.ingress_queue_wait_bucket.demand_req.256_1023 = 0
stat.node.0.fabric.tx_dst.100.ingress_pre_occ_bucket.demand_req.1025_4096 = 0
stat.node.0.fabric.tx_dst.100.ingress_queue_wait_bucket.demand_req.1024_4095 = 0
stat.node.0.fabric.tx_dst.100.ingress_pre_occ_bucket.demand_req.4097_plus = 0
stat.node.0.fabric.tx_dst.100.ingress_queue_wait_bucket.demand_req.4096_plus = 0
stat.node.0.fabric.tx_dst.100.rx_bytes.write_req = 0
stat.node.0.fabric.tx_dst.100.rx_pkts.write_req = 0
stat.node.0.fabric.tx_dst.100.tx_bytes.write_req = 476032
stat.node.0.fabric.tx_dst.100.tx_pkts.write_req = 7438
stat.node.0.fabric.tx_dst.100.ingress_arrivals.write_req = 0
stat.node.0.fabric.tx_dst.100.ingress_arrival_nonempty_packet_frac.write_req = 0
stat.node.0.fabric.tx_dst.100.ingress_nonempty_arrival_pre_occ_avg_bytes.write_req = 0
stat.node.0.fabric.tx_dst.100.ingress_nonempty_arrival_pre_occ_max_bytes.write_req = 0
stat.node.0.fabric.tx_dst.100.ingress_wait_avg_cycles.write_req = 0
stat.node.0.fabric.tx_dst.100.ingress_queue_wait_avg_cycles.write_req = 0
stat.node.0.fabric.tx_dst.100.ingress_queue_wait_after_nonempty_arrival_avg_cycles.write_req = 0
stat.node.0.fabric.tx_dst.100.ingress_pre_occ_bucket.write_req.0 = 0
stat.node.0.fabric.tx_dst.100.ingress_queue_wait_bucket.write_req.0 = 0
stat.node.0.fabric.tx_dst.100.ingress_pre_occ_bucket.write_req.1_64 = 0
stat.node.0.fabric.tx_dst.100.ingress_queue_wait_bucket.write_req.1_63 = 0
stat.node.0.fabric.tx_dst.100.ingress_pre_occ_bucket.write_req.65_256 = 0
stat.node.0.fabric.tx_dst.100.ingress_queue_wait_bucket.write_req.64_255 = 0
stat.node.0.fabric.tx_dst.100.ingress_pre_occ_bucket.write_req.257_1024 = 0
stat.node.0.fabric.tx_dst.100.ingress_queue_wait_bucket.write_req.256_1023 = 0
stat.node.0.fabric.tx_dst.100.ingress_pre_occ_bucket.write_req.1025_4096 = 0
stat.node.0.fabric.tx_dst.100.ingress_queue_wait_bucket.write_req.1024_4095 = 0
stat.node.0.fabric.tx_dst.100.ingress_pre_occ_bucket.write_req.4097_plus = 0
stat.node.0.fabric.tx_dst.100.ingress_queue_wait_bucket.write_req.4096_plus = 0
stat.node.0.fabric.tx_dst.100.rx_bytes.other_req = 0
stat.node.0.fabric.tx_dst.100.rx_pkts.other_req = 0
stat.node.0.fabric.tx_dst.100.tx_bytes.other_req = 200
stat.node.0.fabric.tx_dst.100.tx_pkts.other_req = 25
stat.node.0.fabric.tx_dst.100.ingress_arrivals.other_req = 0
stat.node.0.fabric.tx_dst.100.ingress_arrival_nonempty_packet_frac.other_req = 0
stat.node.0.fabric.tx_dst.100.ingress_nonempty_arrival_pre_occ_avg_bytes.other_req = 0
stat.node.0.fabric.tx_dst.100.ingress_nonempty_arrival_pre_occ_max_bytes.other_req = 0
stat.node.0.fabric.tx_dst.100.ingress_wait_avg_cycles.other_req = 0
stat.node.0.fabric.tx_dst.100.ingress_queue_wait_avg_cycles.other_req = 0
stat.node.0.fabric.tx_dst.100.ingress_queue_wait_after_nonempty_arrival_avg_cycles.other_req = 0
stat.node.0.fabric.tx_dst.100.ingress_pre_occ_bucket.other_req.0 = 0
stat.node.0.fabric.tx_dst.100.ingress_queue_wait_bucket.other_req.0 = 0
stat.node.0.fabric.tx_dst.100.ingress_pre_occ_bucket.other_req.1_64 = 0
stat.node.0.fabric.tx_dst.100.ingress_queue_wait_bucket.other_req.1_63 = 0
stat.node.0.fabric.tx_dst.100.ingress_pre_occ_bucket.other_req.65_256 = 0
stat.node.0.fabric.tx_dst.100.ingress_queue_wait_bucket.other_req.64_255 = 0
stat.node.0.fabric.tx_dst.100.ingress_pre_occ_bucket.other_req.257_1024 = 0
stat.node.0.fabric.tx_dst.100.ingress_queue_wait_bucket.other_req.256_1023 = 0
stat.node.0.fabric.tx_dst.100.ingress_pre_occ_bucket.other_req.1025_4096 = 0
stat.node.0.fabric.tx_dst.100.ingress_queue_wait_bucket.other_req.1024_4095 = 0
stat.node.0.fabric.tx_dst.100.ingress_pre_occ_bucket.other_req.4097_plus = 0
stat.node.0.fabric.tx_dst.100.ingress_queue_wait_bucket.other_req.4096_plus = 0
stat.node.0.walltime_s = 144.5
stat.node.0.active_time_s = 118.058
stat.pool.101.util.mem_avg = 0.0391977
stat.pool.101.util.req_link_avg = 0.135319
stat.pool.101.memq.demand.completed = 7775
stat.pool.101.memq.demand.response_completed = 7775
stat.pool.101.memq.demand.queue_wait_avg_cycles = 1.22984
stat.pool.101.memq.demand.queue_wait_max_cycles = 8
stat.pool.101.memq.demand.service_avg_cycles = 75
stat.pool.101.memq.demand.service_max_cycles = 75
stat.pool.101.memq.demand.total_avg_cycles = 76.2298
stat.pool.101.memq.demand.total_max_cycles = 83
stat.pool.101.memq.demand.ahead_pkts_avg.load = 0.585595
stat.pool.101.memq.demand.ahead_pkts_max.load = 5
stat.pool.101.memq.demand.ahead_bytes_avg.load = 37.4781
stat.pool.101.memq.demand.ahead_bytes_max.load = 320
stat.pool.101.memq.demand.ahead_pkts_avg.rfo = 0.509453
stat.pool.101.memq.demand.ahead_pkts_max.rfo = 5
stat.pool.101.memq.demand.ahead_bytes_avg.rfo = 32.605
stat.pool.101.memq.demand.ahead_bytes_max.rfo = 320
stat.pool.101.memq.demand.ahead_pkts_avg.write = 1.40386
stat.pool.101.memq.demand.ahead_pkts_max.write = 3
stat.pool.101.memq.demand.ahead_bytes_avg.write = 89.8469
stat.pool.101.memq.demand.ahead_bytes_max.write = 192
stat.pool.101.memq.demand.ahead_pkts_avg.other = 0.00244373
stat.pool.101.memq.demand.ahead_pkts_max.other = 1
stat.pool.101.memq.demand.ahead_bytes_avg.other = 0.156399
stat.pool.101.memq.demand.ahead_bytes_max.other = 64
stat.pool.101.memq.demand.queue_wait_bucket.0 = 0
stat.pool.101.memq.demand.service_bucket.0 = 0
stat.pool.101.memq.demand.total_bucket.0 = 0
stat.pool.101.memq.demand.ahead_total_pkts_bucket.0 = 488
stat.pool.101.memq.demand.ahead_total_bytes_bucket.0 = 488
stat.pool.101.memq.demand.queue_wait_bucket.1_63 = 7775
stat.pool.101.memq.demand.service_bucket.1_63 = 0
stat.pool.101.memq.demand.total_bucket.1_63 = 0
stat.pool.101.memq.demand.ahead_total_pkts_bucket.1 = 1537
stat.pool.101.memq.demand.ahead_total_bytes_bucket.1_64 = 1537
stat.pool.101.memq.demand.queue_wait_bucket.64_255 = 0
stat.pool.101.memq.demand.service_bucket.64_255 = 7775
stat.pool.101.memq.demand.total_bucket.64_255 = 7775
stat.pool.101.memq.demand.ahead_total_pkts_bucket.2 = 2196
stat.pool.101.memq.demand.ahead_total_bytes_bucket.65_256 = 5015
stat.pool.101.memq.demand.queue_wait_bucket.256_1023 = 0
stat.pool.101.memq.demand.service_bucket.256_1023 = 0
stat.pool.101.memq.demand.total_bucket.256_1023 = 0
stat.pool.101.memq.demand.ahead_total_pkts_bucket.3_4 = 2819
stat.pool.101.memq.demand.ahead_total_bytes_bucket.257_1024 = 735
stat.pool.101.memq.demand.queue_wait_bucket.1024_4095 = 0
stat.pool.101.memq.demand.service_bucket.1024_4095 = 0
stat.pool.101.memq.demand.total_bucket.1024_4095 = 0
stat.pool.101.memq.demand.ahead_total_pkts_bucket.5_8 = 733
stat.pool.101.memq.demand.ahead_total_bytes_bucket.1025_4096 = 0
stat.pool.101.memq.demand.queue_wait_bucket.4096_plus = 0
stat.pool.101.memq.demand.service_bucket.4096_plus = 0
stat.pool.101.memq.demand.total_bucket.4096_plus = 0
stat.pool.101.memq.demand.ahead_total_pkts_bucket.9_plus = 2
stat.pool.101.memq.demand.ahead_total_bytes_bucket.4097_plus = 0
stat.pool.101.memq.queue_occ_avg_bytes = 47.7451
stat.pool.101.memq.queue_occ_stddev_bytes = 84.5023
stat.pool.101.memq.queue_occ_max_bytes = 640
stat.pool.101.memq.queue_occ_nonempty_frac = 0.323155
stat.pool.101.memq.enqueue_burst_avg_pkts = 1
stat.pool.101.memq.enqueue_burst_stddev_pkts = 0
stat.pool.101.memq.enqueue_burst_max_pkts = 1
stat.pool.101.memq.complete_burst_avg_pkts = 1
stat.pool.101.memq.complete_burst_stddev_pkts = 0
stat.pool.101.memq.complete_burst_max_pkts = 1
stat.pool.101.memq.queue_episode.count = 2935
stat.pool.101.memq.queue_episode.avg_cycles = 170.983
stat.pool.101.memq.queue_episode.max_cycles = 535
stat.pool.101.memq.queue_episode.avg_peak_occ_bytes = 226.933
stat.pool.101.memq.queue_episode.max_peak_occ_bytes = 640
stat.pool.101.memq.queue_episode.avg_enqueue_pkts = 5.18569
stat.pool.101.memq.queue_episode.max_enqueue_pkts = 21
stat.pool.101.memq.queue_episode.avg_complete_pkts = 4.18569
stat.pool.101.memq.queue_episode.max_complete_pkts = 20
stat.pool.101.memq.queue_occ_bucket.0 = 1051324
stat.pool.101.memq.enqueue_burst_bucket.0 = 0
stat.pool.101.memq.complete_burst_bucket.0 = 0
stat.pool.101.memq.queue_occ_bucket.1_64 = 173892
stat.pool.101.memq.enqueue_burst_bucket.1 = 15226
stat.pool.101.memq.complete_burst_bucket.1 = 15222
stat.pool.101.memq.queue_occ_bucket.65_256 = 291638
stat.pool.101.memq.enqueue_burst_bucket.2 = 0
stat.pool.101.memq.complete_burst_bucket.2 = 0
stat.pool.101.memq.queue_occ_bucket.257_1024 = 36417
stat.pool.101.memq.enqueue_burst_bucket.3_4 = 0
stat.pool.101.memq.complete_burst_bucket.3_4 = 0
stat.pool.101.memq.queue_occ_bucket.1025_4096 = 0
stat.pool.101.memq.enqueue_burst_bucket.5_8 = 0
stat.pool.101.memq.complete_burst_bucket.5_8 = 0
stat.pool.101.memq.queue_occ_bucket.4097_plus = 0
stat.pool.101.memq.enqueue_burst_bucket.9_plus = 0
stat.pool.101.memq.complete_burst_bucket.9_plus = 0
stat.pool.101.memq.queue_occ_avg_bytes.load = 14.7021
stat.pool.101.memq.queue_occ_max_bytes.load = 384
stat.pool.101.memq.queue_occ_avg_pkts.load = 0.22972
stat.pool.101.memq.queue_occ_max_pkts.load = 6
stat.pool.101.memq.enqueue_burst_avg_pkts.load = 0.307369
stat.pool.101.memq.enqueue_burst_max_pkts.load = 1
stat.pool.101.memq.complete_burst_avg_pkts.load = 0.307384
stat.pool.101.memq.complete_burst_max_pkts.load = 1
stat.pool.101.memq.queue_occ_avg_bytes.rfo = 9.72173
stat.pool.101.memq.queue_occ_max_bytes.rfo = 320
stat.pool.101.memq.queue_occ_avg_pkts.rfo = 0.151902
stat.pool.101.memq.queue_occ_max_pkts.rfo = 5
stat.pool.101.memq.enqueue_burst_avg_pkts.rfo = 0.203468
stat.pool.101.memq.enqueue_burst_max_pkts.rfo = 1
stat.pool.101.memq.complete_burst_avg_pkts.rfo = 0.20339
stat.pool.101.memq.complete_burst_max_pkts.rfo = 1
stat.pool.101.memq.queue_occ_avg_bytes.write = 23.2774
stat.pool.101.memq.queue_occ_max_bytes.write = 256
stat.pool.101.memq.queue_occ_avg_pkts.write = 0.36371
stat.pool.101.memq.queue_occ_max_pkts.write = 4
stat.pool.101.memq.enqueue_burst_avg_pkts.write = 0.488244
stat.pool.101.memq.enqueue_burst_max_pkts.write = 1
stat.pool.101.memq.complete_burst_avg_pkts.write = 0.488306
stat.pool.101.memq.complete_burst_max_pkts.write = 1
stat.pool.101.memq.queue_occ_avg_bytes.other = 0.0439228
stat.pool.101.memq.queue_occ_max_bytes.other = 64
stat.pool.101.memq.queue_occ_avg_pkts.other = 0.000686294
stat.pool.101.memq.queue_occ_max_pkts.other = 1
stat.pool.101.memq.enqueue_burst_avg_pkts.other = 0.00091948
stat.pool.101.memq.enqueue_burst_max_pkts.other = 1
stat.pool.101.memq.complete_burst_avg_pkts.other = 0.000919721
stat.pool.101.memq.complete_burst_max_pkts.other = 1
stat.pool.101.memq.load.completed = 4679
stat.pool.101.memq.load.response_completed = 4679
stat.pool.101.memq.load.queue_wait_avg_cycles = 1.25326
stat.pool.101.memq.load.queue_wait_max_cycles = 8
stat.pool.101.memq.load.service_avg_cycles = 75
stat.pool.101.memq.load.service_max_cycles = 75
stat.pool.101.memq.load.total_avg_cycles = 76.2533
stat.pool.101.memq.load.total_max_cycles = 83
stat.pool.101.memq.load.ahead_pkts_avg.load = 0.63582
stat.pool.101.memq.load.ahead_pkts_max.load = 5
stat.pool.101.memq.load.ahead_bytes_avg.load = 40.6925
stat.pool.101.memq.load.ahead_bytes_max.load = 320
stat.pool.101.memq.load.ahead_pkts_avg.rfo = 0.561231
stat.pool.101.memq.load.ahead_pkts_max.rfo = 5
stat.pool.101.memq.load.ahead_bytes_avg.rfo = 35.9188
stat.pool.101.memq.load.ahead_bytes_max.rfo = 320
stat.pool.101.memq.load.ahead_pkts_avg.write = 1.39816
stat.pool.101.memq.load.ahead_pkts_max.write = 3
stat.pool.101.memq.load.ahead_bytes_avg.write = 89.4824
stat.pool.101.memq.load.ahead_bytes_max.write = 192
stat.pool.101.memq.load.ahead_pkts_avg.other = 0.00320581
stat.pool.101.memq.load.ahead_pkts_max.other = 1
stat.pool.101.memq.load.ahead_bytes_avg.other = 0.205172
stat.pool.101.memq.load.ahead_bytes_max.other = 64
stat.pool.101.memq.load.queue_wait_bucket.0 = 0
stat.pool.101.memq.load.service_bucket.0 = 0
stat.pool.101.memq.load.total_bucket.0 = 0
stat.pool.101.memq.load.ahead_total_pkts_bucket.0 = 267
stat.pool.101.memq.load.ahead_total_bytes_bucket.0 = 267
stat.pool.101.memq.load.queue_wait_bucket.1_63 = 4679
stat.pool.101.memq.load.service_bucket.1_63 = 0
stat.pool.101.memq.load.total_bucket.1_63 = 0
stat.pool.101.memq.load.ahead_total_pkts_bucket.1 = 855
stat.pool.101.memq.load.ahead_total_bytes_bucket.1_64 = 855
stat.pool.101.memq.load.queue_wait_bucket.64_255 = 0
stat.pool.101.memq.load.service_bucket.64_255 = 4679
stat.pool.101.memq.load.total_bucket.64_255 = 4679
stat.pool.101.memq.load.ahead_total_pkts_bucket.2 = 1277
stat.pool.101.memq.load.ahead_total_bytes_bucket.65_256 = 3062
stat.pool.101.memq.load.queue_wait_bucket.256_1023 = 0
stat.pool.101.memq.load.service_bucket.256_1023 = 0
stat.pool.101.memq.load.total_bucket.256_1023 = 0
stat.pool.101.memq.load.ahead_total_pkts_bucket.3_4 = 1785
stat.pool.101.memq.load.ahead_total_bytes_bucket.257_1024 = 495
stat.pool.101.memq.load.queue_wait_bucket.1024_4095 = 0
stat.pool.101.memq.load.service_bucket.1024_4095 = 0
stat.pool.101.memq.load.total_bucket.1024_4095 = 0
stat.pool.101.memq.load.ahead_total_pkts_bucket.5_8 = 493
stat.pool.101.memq.load.ahead_total_bytes_bucket.1025_4096 = 0
stat.pool.101.memq.load.queue_wait_bucket.4096_plus = 0
stat.pool.101.memq.load.service_bucket.4096_plus = 0
stat.pool.101.memq.load.total_bucket.4096_plus = 0
stat.pool.101.memq.load.ahead_total_pkts_bucket.9_plus = 2
stat.pool.101.memq.load.ahead_total_bytes_bucket.4097_plus = 0
stat.pool.101.respq.load.attempted = 4679
stat.pool.101.respq.load.completed = 4679
stat.pool.101.respq.load.can_send_blocked = 0
stat.pool.101.respq.load.send_failed = 0
stat.pool.101.respq.load.wait_avg_cycles = 0
stat.pool.101.respq.load.wait_max_cycles = 0
stat.pool.101.memq.rfo.completed = 3096
stat.pool.101.memq.rfo.response_completed = 3096
stat.pool.101.memq.rfo.queue_wait_avg_cycles = 1.19444
stat.pool.101.memq.rfo.queue_wait_max_cycles = 6
stat.pool.101.memq.rfo.service_avg_cycles = 75
stat.pool.101.memq.rfo.service_max_cycles = 75
stat.pool.101.memq.rfo.total_avg_cycles = 76.1944
stat.pool.101.memq.rfo.total_max_cycles = 81
stat.pool.101.memq.rfo.ahead_pkts_avg.load = 0.50969
stat.pool.101.memq.rfo.ahead_pkts_max.load = 4
stat.pool.101.memq.rfo.ahead_bytes_avg.load = 32.6202
stat.pool.101.memq.rfo.ahead_bytes_max.load = 256
stat.pool.101.memq.rfo.ahead_pkts_avg.rfo = 0.431202
stat.pool.101.memq.rfo.ahead_pkts_max.rfo = 4
stat.pool.101.memq.rfo.ahead_bytes_avg.rfo = 27.5969
stat.pool.101.memq.rfo.ahead_bytes_max.rfo = 256
stat.pool.101.memq.rfo.ahead_pkts_avg.write = 1.41247
stat.pool.101.memq.rfo.ahead_pkts_max.write = 3
stat.pool.101.memq.rfo.ahead_bytes_avg.write = 90.3979
stat.pool.101.memq.rfo.ahead_bytes_max.write = 192
stat.pool.101.memq.rfo.ahead_pkts_avg.other = 0.00129199
stat.pool.101.memq.rfo.ahead_pkts_max.other = 1
stat.pool.101.memq.rfo.ahead_bytes_avg.other = 0.0826873
stat.pool.101.memq.rfo.ahead_bytes_max.other = 64
stat.pool.101.memq.rfo.queue_wait_bucket.0 = 0
stat.pool.101.memq.rfo.service_bucket.0 = 0
stat.pool.101.memq.rfo.total_bucket.0 = 0
stat.pool.101.memq.rfo.ahead_total_pkts_bucket.0 = 221
stat.pool.101.memq.rfo.ahead_total_bytes_bucket.0 = 221
stat.pool.101.memq.rfo.queue_wait_bucket.1_63 = 3096
stat.pool.101.memq.rfo.service_bucket.1_63 = 0
stat.pool.101.memq.rfo.total_bucket.1_63 = 0
stat.pool.101.memq.rfo.ahead_total_pkts_bucket.1 = 682
stat.pool.101.memq.rfo.ahead_total_bytes_bucket.1_64 = 682
stat.pool.101.memq.rfo.queue_wait_bucket.64_255 = 0
stat.pool.101.memq.rfo.service_bucket.64_255 = 3096
stat.pool.101.memq.rfo.total_bucket.64_255 = 3096
stat.pool.101.memq.rfo.ahead_total_pkts_bucket.2 = 919
stat.pool.101.memq.rfo.ahead_total_bytes_bucket.65_256 = 1953
stat.pool.101.memq.rfo.queue_wait_bucket.256_1023 = 0
stat.pool.101.memq.rfo.service_bucket.256_1023 = 0
stat.pool.101.memq.rfo.total_bucket.256_1023 = 0
stat.pool.101.memq.rfo.ahead_total_pkts_bucket.3_4 = 1034
stat.pool.101.memq.rfo.ahead_total_bytes_bucket.257_1024 = 240
stat.pool.101.memq.rfo.queue_wait_bucket.1024_4095 = 0
stat.pool.101.memq.rfo.service_bucket.1024_4095 = 0
stat.pool.101.memq.rfo.total_bucket.1024_4095 = 0
stat.pool.101.memq.rfo.ahead_total_pkts_bucket.5_8 = 240
stat.pool.101.memq.rfo.ahead_total_bytes_bucket.1025_4096 = 0
stat.pool.101.memq.rfo.queue_wait_bucket.4096_plus = 0
stat.pool.101.memq.rfo.service_bucket.4096_plus = 0
stat.pool.101.memq.rfo.total_bucket.4096_plus = 0
stat.pool.101.memq.rfo.ahead_total_pkts_bucket.9_plus = 0
stat.pool.101.memq.rfo.ahead_total_bytes_bucket.4097_plus = 0
stat.pool.101.respq.rfo.attempted = 3096
stat.pool.101.respq.rfo.completed = 3096
stat.pool.101.respq.rfo.can_send_blocked = 0
stat.pool.101.respq.rfo.send_failed = 0
stat.pool.101.respq.rfo.wait_avg_cycles = 0
stat.pool.101.respq.rfo.wait_max_cycles = 0
stat.pool.101.memq.write.completed = 7433
stat.pool.101.memq.write.response_completed = 0
stat.pool.101.memq.write.queue_wait_avg_cycles = 1
stat.pool.101.memq.write.queue_wait_max_cycles = 1
stat.pool.101.memq.write.service_avg_cycles = 75
stat.pool.101.memq.write.service_max_cycles = 75
stat.pool.101.memq.write.total_avg_cycles = 76
stat.pool.101.memq.write.total_max_cycles = 76
stat.pool.101.memq.write.ahead_pkts_avg.load = 0.22279
stat.pool.101.memq.write.ahead_pkts_max.load = 4
stat.pool.101.memq.write.ahead_bytes_avg.load = 14.2586
stat.pool.101.memq.write.ahead_bytes_max.load = 256
stat.pool.101.memq.write.ahead_pkts_avg.rfo = 0.15633
stat.pool.101.memq.write.ahead_pkts_max.rfo = 4
stat.pool.101.memq.write.ahead_bytes_avg.rfo = 10.0051
stat.pool.101.memq.write.ahead_bytes_max.rfo = 256
stat.pool.101.memq.write.ahead_pkts_avg.write = 0.87542
stat.pool.101.memq.write.ahead_pkts_max.write = 3
stat.pool.101.memq.write.ahead_bytes_avg.write = 56.0269
stat.pool.101.memq.write.ahead_bytes_max.write = 192
stat.pool.101.memq.write.ahead_pkts_avg.other = 0.00026907
stat.pool.101.memq.write.ahead_pkts_max.other = 1
stat.pool.101.memq.write.ahead_bytes_avg.other = 0.0172205
stat.pool.101.memq.write.ahead_bytes_max.other = 64
stat.pool.101.memq.write.queue_wait_bucket.0 = 0
stat.pool.101.memq.write.service_bucket.0 = 0
stat.pool.101.memq.write.total_bucket.0 = 0
stat.pool.101.memq.write.ahead_total_pkts_bucket.0 = 2458
stat.pool.101.memq.write.ahead_total_bytes_bucket.0 = 2458
stat.pool.101.memq.write.queue_wait_bucket.1_63 = 7433
stat.pool.101.memq.write.service_bucket.1_63 = 0
stat.pool.101.memq.write.total_bucket.1_63 = 0
stat.pool.101.memq.write.ahead_total_pkts_bucket.1 = 2203
stat.pool.101.memq.write.ahead_total_bytes_bucket.1_64 = 2203
stat.pool.101.memq.write.queue_wait_bucket.64_255 = 0
stat.pool.101.memq.write.service_bucket.64_255 = 7433
stat.pool.101.memq.write.total_bucket.64_255 = 7433
stat.pool.101.memq.write.ahead_total_pkts_bucket.2 = 1621
stat.pool.101.memq.write.ahead_total_bytes_bucket.65_256 = 2681
stat.pool.101.memq.write.queue_wait_bucket.256_1023 = 0
stat.pool.101.memq.write.service_bucket.256_1023 = 0
stat.pool.101.memq.write.total_bucket.256_1023 = 0
stat.pool.101.memq.write.ahead_total_pkts_bucket.3_4 = 1060
stat.pool.101.memq.write.ahead_total_bytes_bucket.257_1024 = 91
stat.pool.101.memq.write.queue_wait_bucket.1024_4095 = 0
stat.pool.101.memq.write.service_bucket.1024_4095 = 0
stat.pool.101.memq.write.total_bucket.1024_4095 = 0
stat.pool.101.memq.write.ahead_total_pkts_bucket.5_8 = 91
stat.pool.101.memq.write.ahead_total_bytes_bucket.1025_4096 = 0
stat.pool.101.memq.write.queue_wait_bucket.4096_plus = 0
stat.pool.101.memq.write.service_bucket.4096_plus = 0
stat.pool.101.memq.write.total_bucket.4096_plus = 0
stat.pool.101.memq.write.ahead_total_pkts_bucket.9_plus = 0
stat.pool.101.memq.write.ahead_total_bytes_bucket.4097_plus = 0
stat.pool.101.respq.write.attempted = 0
stat.pool.101.respq.write.completed = 0
stat.pool.101.respq.write.can_send_blocked = 0
stat.pool.101.respq.write.send_failed = 0
stat.pool.101.respq.write.wait_avg_cycles = 0
stat.pool.101.respq.write.wait_max_cycles = 0
stat.pool.101.memq.other.completed = 14
stat.pool.101.memq.other.response_completed = 14
stat.pool.101.memq.other.queue_wait_avg_cycles = 1.14286
stat.pool.101.memq.other.queue_wait_max_cycles = 2
stat.pool.101.memq.other.service_avg_cycles = 75
stat.pool.101.memq.other.service_max_cycles = 75
stat.pool.101.memq.other.total_avg_cycles = 76.1429
stat.pool.101.memq.other.total_max_cycles = 77
stat.pool.101.memq.other.ahead_pkts_avg.load = 0.214286
stat.pool.101.memq.other.ahead_pkts_max.load = 1
stat.pool.101.memq.other.ahead_bytes_avg.load = 13.7143
stat.pool.101.memq.other.ahead_bytes_max.load = 64
stat.pool.101.memq.other.ahead_pkts_avg.rfo = 0.428571
stat.pool.101.memq.other.ahead_pkts_max.rfo = 2
stat.pool.101.memq.other.ahead_bytes_avg.rfo = 27.4286
stat.pool.101.memq.other.ahead_bytes_max.rfo = 128
stat.pool.101.memq.other.ahead_pkts_avg.write = 1.57143
stat.pool.101.memq.other.ahead_pkts_max.write = 3
stat.pool.101.memq.other.ahead_bytes_avg.write = 100.571
stat.pool.101.memq.other.ahead_bytes_max.write = 192
stat.pool.101.memq.other.ahead_pkts_avg.other = 0
stat.pool.101.memq.other.ahead_pkts_max.other = 0
stat.pool.101.memq.other.ahead_bytes_avg.other = 0
stat.pool.101.memq.other.ahead_bytes_max.other = 0
stat.pool.101.memq.other.queue_wait_bucket.0 = 0
stat.pool.101.memq.other.service_bucket.0 = 0
stat.pool.101.memq.other.total_bucket.0 = 0
stat.pool.101.memq.other.ahead_total_pkts_bucket.0 = 1
stat.pool.101.memq.other.ahead_total_bytes_bucket.0 = 1
stat.pool.101.memq.other.queue_wait_bucket.1_63 = 14
stat.pool.101.memq.other.service_bucket.1_63 = 0
stat.pool.101.memq.other.total_bucket.1_63 = 0
stat.pool.101.memq.other.ahead_total_pkts_bucket.1 = 3
stat.pool.101.memq.other.ahead_total_bytes_bucket.1_64 = 3
stat.pool.101.memq.other.queue_wait_bucket.64_255 = 0
stat.pool.101.memq.other.service_bucket.64_255 = 14
stat.pool.101.memq.other.total_bucket.64_255 = 14
stat.pool.101.memq.other.ahead_total_pkts_bucket.2 = 3
stat.pool.101.memq.other.ahead_total_bytes_bucket.65_256 = 10
stat.pool.101.memq.other.queue_wait_bucket.256_1023 = 0
stat.pool.101.memq.other.service_bucket.256_1023 = 0
stat.pool.101.memq.other.total_bucket.256_1023 = 0
stat.pool.101.memq.other.ahead_total_pkts_bucket.3_4 = 7
stat.pool.101.memq.other.ahead_total_bytes_bucket.257_1024 = 0
stat.pool.101.memq.other.queue_wait_bucket.1024_4095 = 0
stat.pool.101.memq.other.service_bucket.1024_4095 = 0
stat.pool.101.memq.other.total_bucket.1024_4095 = 0
stat.pool.101.memq.other.ahead_total_pkts_bucket.5_8 = 0
stat.pool.101.memq.other.ahead_total_bytes_bucket.1025_4096 = 0
stat.pool.101.memq.other.queue_wait_bucket.4096_plus = 0
stat.pool.101.memq.other.service_bucket.4096_plus = 0
stat.pool.101.memq.other.total_bucket.4096_plus = 0
stat.pool.101.memq.other.ahead_total_pkts_bucket.9_plus = 0
stat.pool.101.memq.other.ahead_total_bytes_bucket.4097_plus = 0
stat.pool.101.respq.other.attempted = 14
stat.pool.101.respq.other.completed = 14
stat.pool.101.respq.other.can_send_blocked = 0
stat.pool.101.respq.other.send_failed = 0
stat.pool.101.respq.other.wait_avg_cycles = 0
stat.pool.101.respq.other.wait_max_cycles = 0
stat.pool.101.response.returned_burst_max_pkts = 1
stat.pool.101.response.returned_burst_avg_pkts = 1
stat.pool.101.response.returned_burst_stddev_pkts = 0
stat.pool.101.response.returned_nonempty_frac = 0.00501458
stat.pool.101.response.sent_burst_max_pkts = 1
stat.pool.101.response.sent_burst_avg_pkts = 1
stat.pool.101.response.sent_burst_stddev_pkts = 0
stat.pool.101.response.sent_nonempty_frac = 0.00501458
stat.pool.101.response.blocked_cycles = 0
stat.pool.101.response.blocked_avg_pending_pkts = 0
stat.pool.101.response.blocked_max_pending_pkts = 0
stat.pool.101.response.returned_occ_avg_pkts = 0.00501458
stat.pool.101.response.returned_occ_stddev_pkts = 0.0706359
stat.pool.101.response.returned_occ_max_pkts = 1
stat.pool.101.response.pending_occ_avg = 0.387323
stat.pool.101.response.pending_occ_stddev = 0.901133
stat.pool.101.response.pending_occ_max = 8
stat.pool.101.request.accept_src.distinct_avg = 1
stat.pool.101.request.accept_src.distinct_max = 1
stat.pool.101.request.accept_src.nonempty_frac = 0.00980254
stat.pool.101.request.blocked_src.distinct_avg = 0
stat.pool.101.request.blocked_src.distinct_max = 0
stat.pool.101.request.blocked_src.nonempty_frac = 0
stat.pool.101.pending.src.distinct_avg = 1
stat.pool.101.pending.src.distinct_max = 1
stat.pool.101.pending.src.nonempty_frac = 0.21139
stat.pool.101.pending.ready_src.distinct_avg = 0
stat.pool.101.pending.ready_src.distinct_max = 0
stat.pool.101.pending.ready_src.nonempty_frac = 0
stat.pool.101.response.ready_src.distinct_avg = 1
stat.pool.101.response.ready_src.distinct_max = 1
stat.pool.101.response.ready_src.nonempty_frac = 0.00501458
stat.pool.101.response.sent_dst.distinct_avg = 1
stat.pool.101.response.sent_dst.distinct_max = 1
stat.pool.101.response.sent_dst.nonempty_frac = 0.00501458
stat.pool.101.pending_episode.count = 3088
stat.pool.101.pending_episode.avg_cycles = 106.298
stat.pool.101.pending_episode.max_cycles = 367
stat.pool.101.pending_episode.avg_peak_occ = 2.34229
stat.pool.101.pending_episode.max_peak_occ = 8
stat.pool.101.pending_episode.avg_accepted = 3.159
stat.pool.101.pending_episode.max_accepted = 13
stat.pool.101.pending_episode.avg_sent = 2.52202
stat.pool.101.pending_episode.max_sent = 8
stat.pool.101.pending_episode.avg_pending_distinct_src = 1
stat.pool.101.pending_episode.max_pending_distinct_src = 1
stat.pool.101.pending_episode.avg_ready_distinct_src = 0
stat.pool.101.pending_episode.max_ready_distinct_src = 0
stat.pool.101.pending_episode.avg_sent_distinct_dst = 1
stat.pool.101.pending_episode.max_sent_distinct_dst = 1
stat.pool.101.response.returned_episode.count = 7789
stat.pool.101.response.returned_episode.avg_cycles = 1
stat.pool.101.response.returned_episode.max_cycles = 1
stat.pool.101.response.returned_episode.avg_peak_occ = 1
stat.pool.101.response.returned_episode.max_peak_occ = 1
stat.pool.101.response.returned_episode.avg_sent = 1
stat.pool.101.response.returned_episode.max_sent = 1
stat.pool.101.response.returned_episode.avg_ready_distinct_src = 1
stat.pool.101.response.returned_episode.max_ready_distinct_src = 1
stat.pool.101.response.returned_episode.avg_sent_distinct_dst = 1
stat.pool.101.response.returned_episode.max_sent_distinct_dst = 1
stat.pool.101.node.0.pending_occ_avg = 0.387323
stat.pool.101.node.0.pending_occ_max = 8
stat.pool.101.node.0.ready_occ_avg = 0
stat.pool.101.node.0.ready_occ_max = 0
stat.pool.101.node.0.pending_age_avg_cycles = 38.1142
stat.pool.101.node.0.pending_age_max_cycles = 83
stat.pool.101.node.0.ready_age_avg_cycles = 0
stat.pool.101.node.0.ready_age_max_cycles = 0
stat.pool.101.node.0.request_enqueued.load = 4680
stat.pool.101.node.0.request_blocked.load = 0
stat.pool.101.node.0.response_ready.load = 4679
stat.pool.101.node.0.response_sent.load = 4679
stat.pool.101.node.0.response_blocked.load = 0
stat.pool.101.node.0.pending_occ_avg.load = 0.232732
stat.pool.101.node.0.pending_occ_max.load = 6
stat.pool.101.node.0.ready_occ_avg.load = 0
stat.pool.101.node.0.ready_occ_max.load = 0
stat.pool.101.node.0.mem_ready_avg_cycles.load = 76.2533
stat.pool.101.node.0.mem_ready_max_cycles.load = 83
stat.pool.101.node.0.response_wait_avg_cycles.load = 0
stat.pool.101.node.0.response_wait_max_cycles.load = 0
stat.pool.101.node.0.request_enqueue_gap_avg_cycles.load = 222.931
stat.pool.101.node.0.request_enqueue_gap_max_cycles.load = 1527
stat.pool.101.node.0.response_ready_gap_avg_cycles.load = 222.884
stat.pool.101.node.0.response_ready_gap_max_cycles.load = 1527
stat.pool.101.node.0.response_sent_gap_avg_cycles.load = 222.884
stat.pool.101.node.0.response_sent_gap_max_cycles.load = 1527
stat.pool.101.node.0.total_turnaround_avg_cycles.load = 76.2533
stat.pool.101.node.0.total_turnaround_max_cycles.load = 83
stat.pool.101.node.0.request_enqueued.rfo = 3098
stat.pool.101.node.0.request_blocked.rfo = 0
stat.pool.101.node.0.response_ready.rfo = 3096
stat.pool.101.node.0.response_sent.rfo = 3096
stat.pool.101.node.0.response_blocked.rfo = 0
stat.pool.101.node.0.pending_occ_avg.rfo = 0.153895
stat.pool.101.node.0.pending_occ_max.rfo = 5
stat.pool.101.node.0.ready_occ_avg.rfo = 0
stat.pool.101.node.0.ready_occ_max.rfo = 0
stat.pool.101.node.0.mem_ready_avg_cycles.rfo = 76.1944
stat.pool.101.node.0.mem_ready_max_cycles.rfo = 81
stat.pool.101.node.0.response_wait_avg_cycles.rfo = 0
stat.pool.101.node.0.response_wait_max_cycles.rfo = 0
stat.pool.101.node.0.request_enqueue_gap_avg_cycles.rfo = 336.812
stat.pool.101.node.0.request_enqueue_gap_max_cycles.rfo = 3157
stat.pool.101.node.0.response_ready_gap_avg_cycles.rfo = 337.005
stat.pool.101.node.0.response_ready_gap_max_cycles.rfo = 3157
stat.pool.101.node.0.response_sent_gap_avg_cycles.rfo = 337.005
stat.pool.101.node.0.response_sent_gap_max_cycles.rfo = 3157
stat.pool.101.node.0.total_turnaround_avg_cycles.rfo = 76.1944
stat.pool.101.node.0.total_turnaround_max_cycles.rfo = 81
stat.pool.101.node.0.request_enqueued.write = 7434
stat.pool.101.node.0.request_blocked.write = 0
stat.pool.101.node.0.response_ready.write = 0
stat.pool.101.node.0.response_sent.write = 0
stat.pool.101.node.0.response_blocked.write = 0
stat.pool.101.node.0.pending_occ_avg.write = 0
stat.pool.101.node.0.pending_occ_max.write = 0
stat.pool.101.node.0.ready_occ_avg.write = 0
stat.pool.101.node.0.ready_occ_max.write = 0
stat.pool.101.node.0.mem_ready_avg_cycles.write = 0
stat.pool.101.node.0.mem_ready_max_cycles.write = 0
stat.pool.101.node.0.response_wait_avg_cycles.write = 0
stat.pool.101.node.0.response_wait_max_cycles.write = 0
stat.pool.101.node.0.request_enqueue_gap_avg_cycles.write = 140.244
stat.pool.101.node.0.request_enqueue_gap_max_cycles.write = 1428
stat.pool.101.node.0.response_ready_gap_avg_cycles.write = 0
stat.pool.101.node.0.response_ready_gap_max_cycles.write = 0
stat.pool.101.node.0.response_sent_gap_avg_cycles.write = 0
stat.pool.101.node.0.response_sent_gap_max_cycles.write = 0
stat.pool.101.node.0.total_turnaround_avg_cycles.write = 0
stat.pool.101.node.0.total_turnaround_max_cycles.write = 0
stat.pool.101.node.0.request_enqueued.other = 14
stat.pool.101.node.0.request_blocked.other = 0
stat.pool.101.node.0.response_ready.other = 14
stat.pool.101.node.0.response_sent.other = 14
stat.pool.101.node.0.response_blocked.other = 0
stat.pool.101.node.0.pending_occ_avg.other = 0.000695307
stat.pool.101.node.0.pending_occ_max.other = 1
stat.pool.101.node.0.ready_occ_avg.other = 0
stat.pool.101.node.0.ready_occ_max.other = 0
stat.pool.101.node.0.mem_ready_avg_cycles.other = 76.1429
stat.pool.101.node.0.mem_ready_max_cycles.other = 77
stat.pool.101.node.0.response_wait_avg_cycles.other = 0
stat.pool.101.node.0.response_wait_max_cycles.other = 0
stat.pool.101.node.0.request_enqueue_gap_avg_cycles.other = 78801.6
stat.pool.101.node.0.request_enqueue_gap_max_cycles.other = 272155
stat.pool.101.node.0.response_ready_gap_avg_cycles.other = 78801.6
stat.pool.101.node.0.response_ready_gap_max_cycles.other = 272155
stat.pool.101.node.0.response_sent_gap_avg_cycles.other = 78801.6
stat.pool.101.node.0.response_sent_gap_max_cycles.other = 272155
stat.pool.101.node.0.total_turnaround_avg_cycles.other = 76.1429
stat.pool.101.node.0.total_turnaround_max_cycles.other = 77
stat.pool.101.fabric.ingress_wait_avg_cycles = 137.729
stat.pool.101.fabric.egress_wait_avg_cycles = 1
stat.pool.101.fabric.ingress_wait_max_cycles = 146
stat.pool.101.fabric.egress_wait_max_cycles = 1
stat.pool.101.fabric.ingress_queue_wait_avg_cycles = 3.47636
stat.pool.101.fabric.ingress_queue_wait_max_cycles = 22
stat.pool.101.fabric.ingress_occ_bytes = 8
stat.pool.101.fabric.ready_wait_avg_cycles = 0
stat.pool.101.fabric.ready_wait_max_cycles = 0
stat.pool.101.fabric.ready_occ_avg_pkts = 0.00980254
stat.pool.101.fabric.ready_occ_pkts = 0
stat.pool.101.fabric.ready_occ_max_pkts = 1
stat.pool.101.fabric.ready_retry_count = 0
stat.pool.101.fabric.ingress_arrival_burst_max_pkts = 1
stat.pool.101.fabric.ingress_arrival_burst_max_bytes = 64
stat.pool.101.fabric.ingress_arrival_burst_avg_pkts = 1
stat.pool.101.fabric.ingress_arrival_burst_avg_bytes = 35.3399
stat.pool.101.fabric.ingress_arrival_burst_stddev_pkts = 0
stat.pool.101.fabric.ingress_arrival_burst_stddev_bytes = 27.9922
stat.pool.101.fabric.ingress_arrival_nonempty_frac = 0.00980318
stat.pool.101.fabric.ingress_arrival_run_max_cycles = 1
stat.pool.101.fabric.ingress_arrival_run_avg_cycles = 1
stat.pool.101.fabric.ingress_arrival_run_stddev_cycles = 0
stat.pool.101.fabric.ingress_arrival_gap_max_cycles = 706
stat.pool.101.fabric.ingress_arrival_gap_avg_cycles = 67.5097
stat.pool.101.fabric.ingress_arrival_gap_stddev_cycles = 112.781
stat.pool.101.fabric.ingress_release_burst_max_pkts = 1
stat.pool.101.fabric.ingress_release_burst_max_bytes = 64
stat.pool.101.fabric.ingress_release_burst_avg_pkts = 1
stat.pool.101.fabric.ingress_release_burst_avg_bytes = 35.3417
stat.pool.101.fabric.ingress_release_burst_stddev_pkts = 0
stat.pool.101.fabric.ingress_release_burst_stddev_bytes = 27.9923
stat.pool.101.fabric.ingress_release_nonempty_frac = 0.00980254
stat.pool.101.fabric.ingress_release_run_max_cycles = 1
stat.pool.101.fabric.ingress_release_run_avg_cycles = 1
stat.pool.101.fabric.ingress_release_run_stddev_cycles = 0
stat.pool.101.fabric.ingress_release_gap_max_cycles = 727
stat.pool.101.fabric.ingress_release_gap_avg_cycles = 67.5097
stat.pool.101.fabric.ingress_release_gap_stddev_cycles = 117.478
stat.pool.101.fabric.ingress_occ_avg_bytes = 49.3203
stat.pool.101.fabric.ingress_occ_stddev_bytes = 75.7074
stat.pool.101.fabric.ingress_occ_max_bytes = 408
stat.pool.101.fabric.ingress_occ_nonempty_frac = 0.422546
stat.pool.101.fabric.ingress_occ_run_max_cycles = 1094
stat.pool.101.fabric.ingress_occ_run_avg_cycles = 329.647
stat.pool.101.fabric.ingress_occ_run_stddev_cycles = 140.944
stat.pool.101.fabric.ingress_occ_gap_max_cycles = 584
stat.pool.101.fabric.ingress_occ_gap_avg_cycles = 194.434
stat.pool.101.fabric.ingress_occ_gap_stddev_cycles = 135.348
stat.pool.101.fabric.rx_bytes.demand_req = 62232
stat.pool.101.fabric.tx_bytes.demand_req = 0
stat.pool.101.fabric.rx_pkts.demand_req = 7779
stat.pool.101.fabric.tx_pkts.demand_req = 0
stat.pool.101.fabric.rx_bytes.write_req = 475776
stat.pool.101.fabric.tx_bytes.write_req = 0
stat.pool.101.fabric.rx_pkts.write_req = 7434
stat.pool.101.fabric.tx_pkts.write_req = 0
stat.pool.101.fabric.rx_bytes.response = 0
stat.pool.101.fabric.tx_bytes.response = 498496
stat.pool.101.fabric.rx_pkts.response = 0
stat.pool.101.fabric.tx_pkts.response = 7789
stat.pool.101.fabric.rx_bytes.other_req = 112
stat.pool.101.fabric.tx_bytes.other_req = 0
stat.pool.101.fabric.rx_pkts.other_req = 14
stat.pool.101.fabric.tx_pkts.other_req = 0
stat.pool.101.port.switch.ingress_wait_avg_cycles = 137.729
stat.pool.101.port.switch.ingress_wait_max_cycles = 146
stat.pool.101.port.switch.egress_wait_avg_cycles = 1
stat.pool.101.port.switch.egress_wait_max_cycles = 1
stat.pool.101.port.switch.ingress_queue_wait_avg_cycles = 3.47636
stat.pool.101.port.switch.ingress_queue_wait_max_cycles = 22
stat.pool.101.port.switch.egress_occ_avg_bytes = 0
stat.pool.101.port.switch.egress_occ_stddev_bytes = 0
stat.pool.101.port.switch.egress_occ_max_bytes = 0
stat.pool.101.port.switch.egress_occ_nonempty_frac = 0
stat.pool.101.port.switch.egress_blocked_cycles = 0
stat.pool.101.port.switch.egress_blocked_nonempty_frac = 0
stat.pool.101.port.switch.egress_blocked_avg_occ_bytes = 0
stat.pool.101.port.switch.egress_blocked_max_occ_bytes = 0
stat.pool.101.port.switch.egress_send_burst_max_pkts = 1
stat.pool.101.port.switch.egress_send_burst_max_bytes = 64
stat.pool.101.port.switch.egress_send_burst_avg_pkts = 1
stat.pool.101.port.switch.egress_send_burst_avg_bytes = 64
stat.pool.101.port.switch.egress_send_burst_stddev_pkts = 0
stat.pool.101.port.switch.egress_send_burst_stddev_bytes = 0
stat.pool.101.port.switch.egress_send_nonempty_frac = 0.00501458
stat.pool.101.port.switch.ingress_arrival_burst_avg_bytes = 35.3399
stat.pool.101.port.switch.ingress_arrival_nonempty_frac = 0.00980318
stat.pool.101.port.switch.ingress_arrival_run_max_cycles = 1
stat.pool.101.port.switch.ingress_arrival_run_avg_cycles = 1
stat.pool.101.port.switch.ingress_arrival_gap_max_cycles = 706
stat.pool.101.port.switch.ingress_arrival_gap_avg_cycles = 67.5097
stat.pool.101.port.switch.ingress_release_burst_avg_bytes = 35.3417
stat.pool.101.port.switch.ingress_release_nonempty_frac = 0.00980254
stat.pool.101.port.switch.ingress_release_run_max_cycles = 1
stat.pool.101.port.switch.ingress_release_run_avg_cycles = 1
stat.pool.101.port.switch.ingress_release_gap_max_cycles = 727
stat.pool.101.port.switch.ingress_release_gap_avg_cycles = 67.5097
stat.pool.101.port.switch.ingress_occ_avg_bytes = 49.3203
stat.pool.101.port.switch.ingress_occ_stddev_bytes = 75.7074
stat.pool.101.port.switch.ingress_occ_max_bytes = 408
stat.pool.101.port.switch.ingress_occ_nonempty_frac = 0.422546
stat.pool.101.port.switch.ingress_occ_run_max_cycles = 1094
stat.pool.101.port.switch.ingress_occ_run_avg_cycles = 329.647
stat.pool.101.port.switch.ingress_occ_gap_max_cycles = 584
stat.pool.101.port.switch.ingress_occ_gap_avg_cycles = 194.434
stat.pool.101.port.switch.ingress_wait_avg_cycles.demand_req = 130.786
stat.pool.101.port.switch.ingress_wait_max_cycles.demand_req = 146
stat.pool.101.port.switch.ingress_queue_wait_avg_cycles.demand_req = 6.78555
stat.pool.101.port.switch.ingress_queue_wait_max_cycles.demand_req = 22
stat.pool.101.port.switch.egress_wait_avg_cycles.demand_req = 0
stat.pool.101.port.switch.egress_wait_max_cycles.demand_req = 0
stat.pool.101.port.switch.egress_occ_avg_bytes.demand_req = 0
stat.pool.101.port.switch.egress_occ_max_bytes.demand_req = 0
stat.pool.101.port.switch.egress_blocked_cycles.demand_req = 0
stat.pool.101.port.switch.ingress_arrival_empty_packets.demand_req = 325
stat.pool.101.port.switch.ingress_arrival_nonempty_packets.demand_req = 7454
stat.pool.101.port.switch.ingress_arrival_nonempty_packet_frac.demand_req = 0.958221
stat.pool.101.port.switch.ingress_nonempty_arrival_pre_occ_avg_bytes.demand_req = 151.645
stat.pool.101.port.switch.ingress_nonempty_arrival_pre_occ_max_bytes.demand_req = 400
stat.pool.101.port.switch.ingress_release_after_empty_arrival_packets.demand_req = 325
stat.pool.101.port.switch.ingress_release_after_nonempty_arrival_packets.demand_req = 7453
stat.pool.101.port.switch.ingress_wait_after_empty_arrival_avg_cycles.demand_req = 124
stat.pool.101.port.switch.ingress_wait_after_nonempty_arrival_avg_cycles.demand_req = 131.081
stat.pool.101.port.switch.ingress_queue_wait_after_empty_arrival_avg_cycles.demand_req = 0
stat.pool.101.port.switch.ingress_queue_wait_after_nonempty_arrival_avg_cycles.demand_req = 7.08144
stat.pool.101.port.switch.ingress_queue_wait_after_empty_arrival_max_cycles.demand_req = 0
stat.pool.101.port.switch.ingress_queue_wait_after_nonempty_arrival_max_cycles.demand_req = 22
stat.pool.101.port.switch.rx_bytes.demand_req = 62232
stat.pool.101.port.switch.tx_bytes.demand_req = 0
stat.pool.101.port.switch.rx_pkts.demand_req = 7779
stat.pool.101.port.switch.tx_pkts.demand_req = 0
stat.pool.101.port.switch.ingress_wait_avg_cycles.write_req = 145.01
stat.pool.101.port.switch.ingress_wait_max_cycles.write_req = 146
stat.pool.101.port.switch.ingress_queue_wait_avg_cycles.write_req = 0.0102233
stat.pool.101.port.switch.ingress_queue_wait_max_cycles.write_req = 1
stat.pool.101.port.switch.egress_wait_avg_cycles.write_req = 0
stat.pool.101.port.switch.egress_wait_max_cycles.write_req = 0
stat.pool.101.port.switch.egress_occ_avg_bytes.write_req = 0
stat.pool.101.port.switch.egress_occ_max_bytes.write_req = 0
stat.pool.101.port.switch.egress_blocked_cycles.write_req = 0
stat.pool.101.port.switch.ingress_arrival_empty_packets.write_req = 1666
stat.pool.101.port.switch.ingress_arrival_nonempty_packets.write_req = 5768
stat.pool.101.port.switch.ingress_arrival_nonempty_packet_frac.write_req = 0.775895
stat.pool.101.port.switch.ingress_nonempty_arrival_pre_occ_avg_bytes.write_req = 126.666
stat.pool.101.port.switch.ingress_nonempty_arrival_pre_occ_max_bytes.write_req = 344
stat.pool.101.port.switch.ingress_release_after_empty_arrival_packets.write_req = 1666
stat.pool.101.port.switch.ingress_release_after_nonempty_arrival_packets.write_req = 5768
stat.pool.101.port.switch.ingress_wait_after_empty_arrival_avg_cycles.write_req = 145
stat.pool.101.port.switch.ingress_wait_after_nonempty_arrival_avg_cycles.write_req = 145.013
stat.pool.101.port.switch.ingress_queue_wait_after_empty_arrival_avg_cycles.write_req = 0
stat.pool.101.port.switch.ingress_queue_wait_after_nonempty_arrival_avg_cycles.write_req = 0.0131761
stat.pool.101.port.switch.ingress_queue_wait_after_empty_arrival_max_cycles.write_req = 0
stat.pool.101.port.switch.ingress_queue_wait_after_nonempty_arrival_max_cycles.write_req = 1
stat.pool.101.port.switch.rx_bytes.write_req = 475776
stat.pool.101.port.switch.tx_bytes.write_req = 0
stat.pool.101.port.switch.rx_pkts.write_req = 7434
stat.pool.101.port.switch.tx_pkts.write_req = 0
stat.pool.101.port.switch.ingress_wait_avg_cycles.response = 0
stat.pool.101.port.switch.ingress_wait_max_cycles.response = 0
stat.pool.101.port.switch.ingress_queue_wait_avg_cycles.response = 0
stat.pool.101.port.switch.ingress_queue_wait_max_cycles.response = 0
stat.pool.101.port.switch.egress_wait_avg_cycles.response = 1
stat.pool.101.port.switch.egress_wait_max_cycles.response = 1
stat.pool.101.port.switch.egress_occ_avg_bytes.response = 0
stat.pool.101.port.switch.egress_occ_max_bytes.response = 0
stat.pool.101.port.switch.egress_blocked_cycles.response = 0
stat.pool.101.port.switch.ingress_arrival_empty_packets.response = 0
stat.pool.101.port.switch.ingress_arrival_nonempty_packets.response = 0
stat.pool.101.port.switch.ingress_arrival_nonempty_packet_frac.response = 0
stat.pool.101.port.switch.ingress_nonempty_arrival_pre_occ_avg_bytes.response = 0
stat.pool.101.port.switch.ingress_nonempty_arrival_pre_occ_max_bytes.response = 0
stat.pool.101.port.switch.ingress_release_after_empty_arrival_packets.response = 0
stat.pool.101.port.switch.ingress_release_after_nonempty_arrival_packets.response = 0
stat.pool.101.port.switch.ingress_wait_after_empty_arrival_avg_cycles.response = 0
stat.pool.101.port.switch.ingress_wait_after_nonempty_arrival_avg_cycles.response = 0
stat.pool.101.port.switch.ingress_queue_wait_after_empty_arrival_avg_cycles.response = 0
stat.pool.101.port.switch.ingress_queue_wait_after_nonempty_arrival_avg_cycles.response = 0
stat.pool.101.port.switch.ingress_queue_wait_after_empty_arrival_max_cycles.response = 0
stat.pool.101.port.switch.ingress_queue_wait_after_nonempty_arrival_max_cycles.response = 0
stat.pool.101.port.switch.rx_bytes.response = 0
stat.pool.101.port.switch.tx_bytes.response = 498496
stat.pool.101.port.switch.rx_pkts.response = 0
stat.pool.101.port.switch.tx_pkts.response = 7789
stat.pool.101.port.switch.ingress_wait_avg_cycles.other_req = 129.5
stat.pool.101.port.switch.ingress_wait_max_cycles.other_req = 145
stat.pool.101.port.switch.ingress_queue_wait_avg_cycles.other_req = 5.5
stat.pool.101.port.switch.ingress_queue_wait_max_cycles.other_req = 21
stat.pool.101.port.switch.egress_wait_avg_cycles.other_req = 0
stat.pool.101.port.switch.egress_wait_max_cycles.other_req = 0
stat.pool.101.port.switch.egress_occ_avg_bytes.other_req = 0
stat.pool.101.port.switch.egress_occ_max_bytes.other_req = 0
stat.pool.101.port.switch.egress_blocked_cycles.other_req = 0
stat.pool.101.port.switch.ingress_arrival_empty_packets.other_req = 0
stat.pool.101.port.switch.ingress_arrival_nonempty_packets.other_req = 14
stat.pool.101.port.switch.ingress_arrival_nonempty_packet_frac.other_req = 1
stat.pool.101.port.switch.ingress_nonempty_arrival_pre_occ_avg_bytes.other_req = 130.286
stat.pool.101.port.switch.ingress_nonempty_arrival_pre_occ_max_bytes.other_req = 256
stat.pool.101.port.switch.ingress_release_after_empty_arrival_packets.other_req = 0
stat.pool.101.port.switch.ingress_release_after_nonempty_arrival_packets.other_req = 14
stat.pool.101.port.switch.ingress_wait_after_empty_arrival_avg_cycles.other_req = 0
stat.pool.101.port.switch.ingress_wait_after_nonempty_arrival_avg_cycles.other_req = 129.5
stat.pool.101.port.switch.ingress_queue_wait_after_empty_arrival_avg_cycles.other_req = 0
stat.pool.101.port.switch.ingress_queue_wait_after_nonempty_arrival_avg_cycles.other_req = 5.5
stat.pool.101.port.switch.ingress_queue_wait_after_empty_arrival_max_cycles.other_req = 0
stat.pool.101.port.switch.ingress_queue_wait_after_nonempty_arrival_max_cycles.other_req = 21
stat.pool.101.port.switch.rx_bytes.other_req = 112
stat.pool.101.port.switch.tx_bytes.other_req = 0
stat.pool.101.port.switch.rx_pkts.other_req = 14
stat.pool.101.port.switch.tx_pkts.other_req = 0
stat.pool.101.port.switch.ingress_occ_bucket_bytes.0 = 896943
stat.pool.101.port.switch.ready_occ_bucket_bytes.0 = 1538045
stat.pool.101.port.switch.ingress_occ_bucket_bytes.1_64 = 198581
stat.pool.101.port.switch.ready_occ_bucket_bytes.1_64 = 15226
stat.pool.101.port.switch.ingress_occ_bucket_bytes.65_256 = 418216
stat.pool.101.port.switch.ready_occ_bucket_bytes.65_256 = 0
stat.pool.101.port.switch.ingress_occ_bucket_bytes.257_1024 = 39531
stat.pool.101.port.switch.ready_occ_bucket_bytes.257_1024 = 0
stat.pool.101.port.switch.ingress_occ_bucket_bytes.1025_4096 = 0
stat.pool.101.port.switch.ready_occ_bucket_bytes.1025_4096 = 0
stat.pool.101.port.switch.ingress_occ_bucket_bytes.4097_plus = 0
stat.pool.101.port.switch.ready_occ_bucket_bytes.4097_plus = 0
stat.pool.101.port.switch.ingress_episode.count = 1990
stat.pool.101.port.switch.ingress_episode.avg_cycles = 329.685
stat.pool.101.port.switch.ingress_episode.max_cycles = 1094
stat.pool.101.port.switch.ingress_episode.avg_peak_occ_bytes = 188.261
stat.pool.101.port.switch.ingress_episode.max_peak_occ_bytes = 408
stat.pool.101.port.switch.ingress_episode.avg_arrival_pkts = 7.64824
stat.pool.101.port.switch.ingress_episode.max_arrival_pkts = 22
stat.pool.101.port.switch.ingress_episode.avg_arrival_bytes = 270.328
stat.pool.101.port.switch.ingress_episode.max_arrival_bytes = 1016
stat.pool.101.port.switch.ingress_episode.avg_release_pkts = 7.64824
stat.pool.101.port.switch.ingress_episode.max_release_pkts = 22
stat.pool.101.port.switch.ingress_episode.avg_release_bytes = 270.328
stat.pool.101.port.switch.ingress_episode.max_release_bytes = 1016
stat.pool.101.port.switch.ingress_episode.avg_wait_cycles = 1053.39
stat.pool.101.port.switch.ingress_episode.max_wait_cycles = 146
stat.pool.101.port.switch.ingress_episode.avg_queue_wait_cycles = 26.5819
stat.pool.101.port.switch.ingress_episode.max_queue_wait_cycles = 22
stat.pool.101.port.switch.ingress_episode.avg_src_distinct = 1
stat.pool.101.port.switch.ingress_episode.max_src_distinct = 1
stat.pool.101.port.switch.ingress_episode.avg_dst_distinct = 1
stat.pool.101.port.switch.ingress_episode.max_dst_distinct = 1
stat.pool.101.port.switch.ingress_episode.avg_arrival_pkts.demand_req = 3.90653
stat.pool.101.port.switch.ingress_episode.max_arrival_pkts.demand_req = 11
stat.pool.101.port.switch.ingress_episode.avg_release_pkts.demand_req = 3.90653
stat.pool.101.port.switch.ingress_episode.max_release_pkts.demand_req = 11
stat.pool.101.port.switch.ingress_pre_occ_bucket.demand_req.0 = 325
stat.pool.101.port.switch.ingress_queue_wait_bucket.demand_req.0 = 4580
stat.pool.101.port.switch.ingress_pre_occ_bucket.demand_req.1_64 = 1139
stat.pool.101.port.switch.ingress_queue_wait_bucket.demand_req.1_63 = 3198
stat.pool.101.port.switch.ingress_pre_occ_bucket.demand_req.65_256 = 5421
stat.pool.101.port.switch.ingress_queue_wait_bucket.demand_req.64_255 = 0
stat.pool.101.port.switch.ingress_pre_occ_bucket.demand_req.257_1024 = 894
stat.pool.101.port.switch.ingress_queue_wait_bucket.demand_req.256_1023 = 0
stat.pool.101.port.switch.ingress_pre_occ_bucket.demand_req.1025_4096 = 0
stat.pool.101.port.switch.ingress_queue_wait_bucket.demand_req.1024_4095 = 0
stat.pool.101.port.switch.ingress_pre_occ_bucket.demand_req.4097_plus = 0
stat.pool.101.port.switch.ingress_queue_wait_bucket.demand_req.4096_plus = 0
stat.pool.101.port.switch.ingress_episode.avg_arrival_pkts.write_req = 3.73467
stat.pool.101.port.switch.ingress_episode.max_arrival_pkts.write_req = 15
stat.pool.101.port.switch.ingress_episode.avg_release_pkts.write_req = 3.73467
stat.pool.101.port.switch.ingress_episode.max_release_pkts.write_req = 15
stat.pool.101.port.switch.ingress_pre_occ_bucket.write_req.0 = 1666
stat.pool.101.port.switch.ingress_queue_wait_bucket.write_req.0 = 7358
stat.pool.101.port.switch.ingress_pre_occ_bucket.write_req.1_64 = 1635
stat.pool.101.port.switch.ingress_queue_wait_bucket.write_req.1_63 = 76
stat.pool.101.port.switch.ingress_pre_occ_bucket.write_req.65_256 = 3775
stat.pool.101.port.switch.ingress_queue_wait_bucket.write_req.64_255 = 0
stat.pool.101.port.switch.ingress_pre_occ_bucket.write_req.257_1024 = 358
stat.pool.101.port.switch.ingress_queue_wait_bucket.write_req.256_1023 = 0
stat.pool.101.port.switch.ingress_pre_occ_bucket.write_req.1025_4096 = 0
stat.pool.101.port.switch.ingress_queue_wait_bucket.write_req.1024_4095 = 0
stat.pool.101.port.switch.ingress_pre_occ_bucket.write_req.4097_plus = 0
stat.pool.101.port.switch.ingress_queue_wait_bucket.write_req.4096_plus = 0
stat.pool.101.port.switch.ingress_episode.avg_arrival_pkts.response = 0
stat.pool.101.port.switch.ingress_episode.max_arrival_pkts.response = 0
stat.pool.101.port.switch.ingress_episode.avg_release_pkts.response = 0
stat.pool.101.port.switch.ingress_episode.max_release_pkts.response = 0
stat.pool.101.port.switch.ingress_pre_occ_bucket.response.0 = 0
stat.pool.101.port.switch.ingress_queue_wait_bucket.response.0 = 0
stat.pool.101.port.switch.ingress_pre_occ_bucket.response.1_64 = 0
stat.pool.101.port.switch.ingress_queue_wait_bucket.response.1_63 = 0
stat.pool.101.port.switch.ingress_pre_occ_bucket.response.65_256 = 0
stat.pool.101.port.switch.ingress_queue_wait_bucket.response.64_255 = 0
stat.pool.101.port.switch.ingress_pre_occ_bucket.response.257_1024 = 0
stat.pool.101.port.switch.ingress_queue_wait_bucket.response.256_1023 = 0
stat.pool.101.port.switch.ingress_pre_occ_bucket.response.1025_4096 = 0
stat.pool.101.port.switch.ingress_queue_wait_bucket.response.1024_4095 = 0
stat.pool.101.port.switch.ingress_pre_occ_bucket.response.4097_plus = 0
stat.pool.101.port.switch.ingress_queue_wait_bucket.response.4096_plus = 0
stat.pool.101.port.switch.ingress_episode.avg_arrival_pkts.other_req = 0.00703518
stat.pool.101.port.switch.ingress_episode.max_arrival_pkts.other_req = 1
stat.pool.101.port.switch.ingress_episode.avg_release_pkts.other_req = 0.00703518
stat.pool.101.port.switch.ingress_episode.max_release_pkts.other_req = 1
stat.pool.101.port.switch.ingress_pre_occ_bucket.other_req.0 = 0
stat.pool.101.port.switch.ingress_queue_wait_bucket.other_req.0 = 10
stat.pool.101.port.switch.ingress_pre_occ_bucket.other_req.1_64 = 5
stat.pool.101.port.switch.ingress_queue_wait_bucket.other_req.1_63 = 4
stat.pool.101.port.switch.ingress_pre_occ_bucket.other_req.65_256 = 9
stat.pool.101.port.switch.ingress_queue_wait_bucket.other_req.64_255 = 0
stat.pool.101.port.switch.ingress_pre_occ_bucket.other_req.257_1024 = 0
stat.pool.101.port.switch.ingress_queue_wait_bucket.other_req.256_1023 = 0
stat.pool.101.port.switch.ingress_pre_occ_bucket.other_req.1025_4096 = 0
stat.pool.101.port.switch.ingress_queue_wait_bucket.other_req.1024_4095 = 0
stat.pool.101.port.switch.ingress_pre_occ_bucket.other_req.4097_plus = 0
stat.pool.101.port.switch.ingress_queue_wait_bucket.other_req.4096_plus = 0
stat.pool.101.port.switch.peer_src.0.rx_bytes.demand_req = 62232
stat.pool.101.port.switch.peer_src.0.rx_pkts.demand_req = 7779
stat.pool.101.port.switch.peer_src.0.tx_bytes.demand_req = 0
stat.pool.101.port.switch.peer_src.0.tx_pkts.demand_req = 0
stat.pool.101.port.switch.peer_src.0.ingress_arrivals.demand_req = 7779
stat.pool.101.port.switch.peer_src.0.ingress_arrival_nonempty_packet_frac.demand_req = 0.958221
stat.pool.101.port.switch.peer_src.0.ingress_nonempty_arrival_pre_occ_avg_bytes.demand_req = 151.645
stat.pool.101.port.switch.peer_src.0.ingress_nonempty_arrival_pre_occ_max_bytes.demand_req = 400
stat.pool.101.port.switch.peer_src.0.ingress_wait_avg_cycles.demand_req = 130.786
stat.pool.101.port.switch.peer_src.0.ingress_queue_wait_avg_cycles.demand_req = 6.78555
stat.pool.101.port.switch.peer_src.0.ingress_queue_wait_after_nonempty_arrival_avg_cycles.demand_req = 7.08144
stat.pool.101.port.switch.peer_src.0.ingress_pre_occ_bucket.demand_req.0 = 325
stat.pool.101.port.switch.peer_src.0.ingress_queue_wait_bucket.demand_req.0 = 4580
stat.pool.101.port.switch.peer_src.0.ingress_pre_occ_bucket.demand_req.1_64 = 1139
stat.pool.101.port.switch.peer_src.0.ingress_queue_wait_bucket.demand_req.1_63 = 3198
stat.pool.101.port.switch.peer_src.0.ingress_pre_occ_bucket.demand_req.65_256 = 5421
stat.pool.101.port.switch.peer_src.0.ingress_queue_wait_bucket.demand_req.64_255 = 0
stat.pool.101.port.switch.peer_src.0.ingress_pre_occ_bucket.demand_req.257_1024 = 894
stat.pool.101.port.switch.peer_src.0.ingress_queue_wait_bucket.demand_req.256_1023 = 0
stat.pool.101.port.switch.peer_src.0.ingress_pre_occ_bucket.demand_req.1025_4096 = 0
stat.pool.101.port.switch.peer_src.0.ingress_queue_wait_bucket.demand_req.1024_4095 = 0
stat.pool.101.port.switch.peer_src.0.ingress_pre_occ_bucket.demand_req.4097_plus = 0
stat.pool.101.port.switch.peer_src.0.ingress_queue_wait_bucket.demand_req.4096_plus = 0
stat.pool.101.port.switch.peer_src.0.rx_bytes.write_req = 475776
stat.pool.101.port.switch.peer_src.0.rx_pkts.write_req = 7434
stat.pool.101.port.switch.peer_src.0.tx_bytes.write_req = 0
stat.pool.101.port.switch.peer_src.0.tx_pkts.write_req = 0
stat.pool.101.port.switch.peer_src.0.ingress_arrivals.write_req = 7434
stat.pool.101.port.switch.peer_src.0.ingress_arrival_nonempty_packet_frac.write_req = 0.775895
stat.pool.101.port.switch.peer_src.0.ingress_nonempty_arrival_pre_occ_avg_bytes.write_req = 126.666
stat.pool.101.port.switch.peer_src.0.ingress_nonempty_arrival_pre_occ_max_bytes.write_req = 344
stat.pool.101.port.switch.peer_src.0.ingress_wait_avg_cycles.write_req = 145.01
stat.pool.101.port.switch.peer_src.0.ingress_queue_wait_avg_cycles.write_req = 0.0102233
stat.pool.101.port.switch.peer_src.0.ingress_queue_wait_after_nonempty_arrival_avg_cycles.write_req = 0.0131761
stat.pool.101.port.switch.peer_src.0.ingress_pre_occ_bucket.write_req.0 = 1666
stat.pool.101.port.switch.peer_src.0.ingress_queue_wait_bucket.write_req.0 = 7358
stat.pool.101.port.switch.peer_src.0.ingress_pre_occ_bucket.write_req.1_64 = 1635
stat.pool.101.port.switch.peer_src.0.ingress_queue_wait_bucket.write_req.1_63 = 76
stat.pool.101.port.switch.peer_src.0.ingress_pre_occ_bucket.write_req.65_256 = 3775
stat.pool.101.port.switch.peer_src.0.ingress_queue_wait_bucket.write_req.64_255 = 0
stat.pool.101.port.switch.peer_src.0.ingress_pre_occ_bucket.write_req.257_1024 = 358
stat.pool.101.port.switch.peer_src.0.ingress_queue_wait_bucket.write_req.256_1023 = 0
stat.pool.101.port.switch.peer_src.0.ingress_pre_occ_bucket.write_req.1025_4096 = 0
stat.pool.101.port.switch.peer_src.0.ingress_queue_wait_bucket.write_req.1024_4095 = 0
stat.pool.101.port.switch.peer_src.0.ingress_pre_occ_bucket.write_req.4097_plus = 0
stat.pool.101.port.switch.peer_src.0.ingress_queue_wait_bucket.write_req.4096_plus = 0
stat.pool.101.port.switch.peer_src.0.rx_bytes.other_req = 112
stat.pool.101.port.switch.peer_src.0.rx_pkts.other_req = 14
stat.pool.101.port.switch.peer_src.0.tx_bytes.other_req = 0
stat.pool.101.port.switch.peer_src.0.tx_pkts.other_req = 0
stat.pool.101.port.switch.peer_src.0.ingress_arrivals.other_req = 14
stat.pool.101.port.switch.peer_src.0.ingress_arrival_nonempty_packet_frac.other_req = 1
stat.pool.101.port.switch.peer_src.0.ingress_nonempty_arrival_pre_occ_avg_bytes.other_req = 130.286
stat.pool.101.port.switch.peer_src.0.ingress_nonempty_arrival_pre_occ_max_bytes.other_req = 256
stat.pool.101.port.switch.peer_src.0.ingress_wait_avg_cycles.other_req = 129.5
stat.pool.101.port.switch.peer_src.0.ingress_queue_wait_avg_cycles.other_req = 5.5
stat.pool.101.port.switch.peer_src.0.ingress_queue_wait_after_nonempty_arrival_avg_cycles.other_req = 5.5
stat.pool.101.port.switch.peer_src.0.ingress_pre_occ_bucket.other_req.0 = 0
stat.pool.101.port.switch.peer_src.0.ingress_queue_wait_bucket.other_req.0 = 10
stat.pool.101.port.switch.peer_src.0.ingress_pre_occ_bucket.other_req.1_64 = 5
stat.pool.101.port.switch.peer_src.0.ingress_queue_wait_bucket.other_req.1_63 = 4
stat.pool.101.port.switch.peer_src.0.ingress_pre_occ_bucket.other_req.65_256 = 9
stat.pool.101.port.switch.peer_src.0.ingress_queue_wait_bucket.other_req.64_255 = 0
stat.pool.101.port.switch.peer_src.0.ingress_pre_occ_bucket.other_req.257_1024 = 0
stat.pool.101.port.switch.peer_src.0.ingress_queue_wait_bucket.other_req.256_1023 = 0
stat.pool.101.port.switch.peer_src.0.ingress_pre_occ_bucket.other_req.1025_4096 = 0
stat.pool.101.port.switch.peer_src.0.ingress_queue_wait_bucket.other_req.1024_4095 = 0
stat.pool.101.port.switch.peer_src.0.ingress_pre_occ_bucket.other_req.4097_plus = 0
stat.pool.101.port.switch.peer_src.0.ingress_queue_wait_bucket.other_req.4096_plus = 0
stat.pool.101.port.switch.peer_dst.101.rx_bytes.demand_req = 62232
stat.pool.101.port.switch.peer_dst.101.rx_pkts.demand_req = 7779
stat.pool.101.port.switch.peer_dst.101.tx_bytes.demand_req = 0
stat.pool.101.port.switch.peer_dst.101.tx_pkts.demand_req = 0
stat.pool.101.port.switch.peer_dst.101.ingress_arrivals.demand_req = 7779
stat.pool.101.port.switch.peer_dst.101.ingress_arrival_nonempty_packet_frac.demand_req = 0.958221
stat.pool.101.port.switch.peer_dst.101.ingress_nonempty_arrival_pre_occ_avg_bytes.demand_req = 151.645
stat.pool.101.port.switch.peer_dst.101.ingress_nonempty_arrival_pre_occ_max_bytes.demand_req = 400
stat.pool.101.port.switch.peer_dst.101.ingress_wait_avg_cycles.demand_req = 130.786
stat.pool.101.port.switch.peer_dst.101.ingress_queue_wait_avg_cycles.demand_req = 6.78555
stat.pool.101.port.switch.peer_dst.101.ingress_queue_wait_after_nonempty_arrival_avg_cycles.demand_req = 7.08144
stat.pool.101.port.switch.peer_dst.101.ingress_pre_occ_bucket.demand_req.0 = 325
stat.pool.101.port.switch.peer_dst.101.ingress_queue_wait_bucket.demand_req.0 = 4580
stat.pool.101.port.switch.peer_dst.101.ingress_pre_occ_bucket.demand_req.1_64 = 1139
stat.pool.101.port.switch.peer_dst.101.ingress_queue_wait_bucket.demand_req.1_63 = 3198
stat.pool.101.port.switch.peer_dst.101.ingress_pre_occ_bucket.demand_req.65_256 = 5421
stat.pool.101.port.switch.peer_dst.101.ingress_queue_wait_bucket.demand_req.64_255 = 0
stat.pool.101.port.switch.peer_dst.101.ingress_pre_occ_bucket.demand_req.257_1024 = 894
stat.pool.101.port.switch.peer_dst.101.ingress_queue_wait_bucket.demand_req.256_1023 = 0
stat.pool.101.port.switch.peer_dst.101.ingress_pre_occ_bucket.demand_req.1025_4096 = 0
stat.pool.101.port.switch.peer_dst.101.ingress_queue_wait_bucket.demand_req.1024_4095 = 0
stat.pool.101.port.switch.peer_dst.101.ingress_pre_occ_bucket.demand_req.4097_plus = 0
stat.pool.101.port.switch.peer_dst.101.ingress_queue_wait_bucket.demand_req.4096_plus = 0
stat.pool.101.port.switch.peer_dst.101.rx_bytes.write_req = 475776
stat.pool.101.port.switch.peer_dst.101.rx_pkts.write_req = 7434
stat.pool.101.port.switch.peer_dst.101.tx_bytes.write_req = 0
stat.pool.101.port.switch.peer_dst.101.tx_pkts.write_req = 0
stat.pool.101.port.switch.peer_dst.101.ingress_arrivals.write_req = 7434
stat.pool.101.port.switch.peer_dst.101.ingress_arrival_nonempty_packet_frac.write_req = 0.775895
stat.pool.101.port.switch.peer_dst.101.ingress_nonempty_arrival_pre_occ_avg_bytes.write_req = 126.666
stat.pool.101.port.switch.peer_dst.101.ingress_nonempty_arrival_pre_occ_max_bytes.write_req = 344
stat.pool.101.port.switch.peer_dst.101.ingress_wait_avg_cycles.write_req = 145.01
stat.pool.101.port.switch.peer_dst.101.ingress_queue_wait_avg_cycles.write_req = 0.0102233
stat.pool.101.port.switch.peer_dst.101.ingress_queue_wait_after_nonempty_arrival_avg_cycles.write_req = 0.0131761
stat.pool.101.port.switch.peer_dst.101.ingress_pre_occ_bucket.write_req.0 = 1666
stat.pool.101.port.switch.peer_dst.101.ingress_queue_wait_bucket.write_req.0 = 7358
stat.pool.101.port.switch.peer_dst.101.ingress_pre_occ_bucket.write_req.1_64 = 1635
stat.pool.101.port.switch.peer_dst.101.ingress_queue_wait_bucket.write_req.1_63 = 76
stat.pool.101.port.switch.peer_dst.101.ingress_pre_occ_bucket.write_req.65_256 = 3775
stat.pool.101.port.switch.peer_dst.101.ingress_queue_wait_bucket.write_req.64_255 = 0
stat.pool.101.port.switch.peer_dst.101.ingress_pre_occ_bucket.write_req.257_1024 = 358
stat.pool.101.port.switch.peer_dst.101.ingress_queue_wait_bucket.write_req.256_1023 = 0
stat.pool.101.port.switch.peer_dst.101.ingress_pre_occ_bucket.write_req.1025_4096 = 0
stat.pool.101.port.switch.peer_dst.101.ingress_queue_wait_bucket.write_req.1024_4095 = 0
stat.pool.101.port.switch.peer_dst.101.ingress_pre_occ_bucket.write_req.4097_plus = 0
stat.pool.101.port.switch.peer_dst.101.ingress_queue_wait_bucket.write_req.4096_plus = 0
stat.pool.101.port.switch.peer_dst.101.rx_bytes.other_req = 112
stat.pool.101.port.switch.peer_dst.101.rx_pkts.other_req = 14
stat.pool.101.port.switch.peer_dst.101.tx_bytes.other_req = 0
stat.pool.101.port.switch.peer_dst.101.tx_pkts.other_req = 0
stat.pool.101.port.switch.peer_dst.101.ingress_arrivals.other_req = 14
stat.pool.101.port.switch.peer_dst.101.ingress_arrival_nonempty_packet_frac.other_req = 1
stat.pool.101.port.switch.peer_dst.101.ingress_nonempty_arrival_pre_occ_avg_bytes.other_req = 130.286
stat.pool.101.port.switch.peer_dst.101.ingress_nonempty_arrival_pre_occ_max_bytes.other_req = 256
stat.pool.101.port.switch.peer_dst.101.ingress_wait_avg_cycles.other_req = 129.5
stat.pool.101.port.switch.peer_dst.101.ingress_queue_wait_avg_cycles.other_req = 5.5
stat.pool.101.port.switch.peer_dst.101.ingress_queue_wait_after_nonempty_arrival_avg_cycles.other_req = 5.5
stat.pool.101.port.switch.peer_dst.101.ingress_pre_occ_bucket.other_req.0 = 0
stat.pool.101.port.switch.peer_dst.101.ingress_queue_wait_bucket.other_req.0 = 10
stat.pool.101.port.switch.peer_dst.101.ingress_pre_occ_bucket.other_req.1_64 = 5
stat.pool.101.port.switch.peer_dst.101.ingress_queue_wait_bucket.other_req.1_63 = 4
stat.pool.101.port.switch.peer_dst.101.ingress_pre_occ_bucket.other_req.65_256 = 9
stat.pool.101.port.switch.peer_dst.101.ingress_queue_wait_bucket.other_req.64_255 = 0
stat.pool.101.port.switch.peer_dst.101.ingress_pre_occ_bucket.other_req.257_1024 = 0
stat.pool.101.port.switch.peer_dst.101.ingress_queue_wait_bucket.other_req.256_1023 = 0
stat.pool.101.port.switch.peer_dst.101.ingress_pre_occ_bucket.other_req.1025_4096 = 0
stat.pool.101.port.switch.peer_dst.101.ingress_queue_wait_bucket.other_req.1024_4095 = 0
stat.pool.101.port.switch.peer_dst.101.ingress_pre_occ_bucket.other_req.4097_plus = 0
stat.pool.101.port.switch.peer_dst.101.ingress_queue_wait_bucket.other_req.4096_plus = 0
stat.pool.101.port.switch.tx_src.101.rx_bytes.response = 0
stat.pool.101.port.switch.tx_src.101.rx_pkts.response = 0
stat.pool.101.port.switch.tx_src.101.tx_bytes.response = 498496
stat.pool.101.port.switch.tx_src.101.tx_pkts.response = 7789
stat.pool.101.port.switch.tx_src.101.ingress_arrivals.response = 0
stat.pool.101.port.switch.tx_src.101.ingress_arrival_nonempty_packet_frac.response = 0
stat.pool.101.port.switch.tx_src.101.ingress_nonempty_arrival_pre_occ_avg_bytes.response = 0
stat.pool.101.port.switch.tx_src.101.ingress_nonempty_arrival_pre_occ_max_bytes.response = 0
stat.pool.101.port.switch.tx_src.101.ingress_wait_avg_cycles.response = 0
stat.pool.101.port.switch.tx_src.101.ingress_queue_wait_avg_cycles.response = 0
stat.pool.101.port.switch.tx_src.101.ingress_queue_wait_after_nonempty_arrival_avg_cycles.response = 0
stat.pool.101.port.switch.tx_src.101.ingress_pre_occ_bucket.response.0 = 0
stat.pool.101.port.switch.tx_src.101.ingress_queue_wait_bucket.response.0 = 0
stat.pool.101.port.switch.tx_src.101.ingress_pre_occ_bucket.response.1_64 = 0
stat.pool.101.port.switch.tx_src.101.ingress_queue_wait_bucket.response.1_63 = 0
stat.pool.101.port.switch.tx_src.101.ingress_pre_occ_bucket.response.65_256 = 0
stat.pool.101.port.switch.tx_src.101.ingress_queue_wait_bucket.response.64_255 = 0
stat.pool.101.port.switch.tx_src.101.ingress_pre_occ_bucket.response.257_1024 = 0
stat.pool.101.port.switch.tx_src.101.ingress_queue_wait_bucket.response.256_1023 = 0
stat.pool.101.port.switch.tx_src.101.ingress_pre_occ_bucket.response.1025_4096 = 0
stat.pool.101.port.switch.tx_src.101.ingress_queue_wait_bucket.response.1024_4095 = 0
stat.pool.101.port.switch.tx_src.101.ingress_pre_occ_bucket.response.4097_plus = 0
stat.pool.101.port.switch.tx_src.101.ingress_queue_wait_bucket.response.4096_plus = 0
stat.pool.101.port.switch.tx_dst.0.rx_bytes.response = 0
stat.pool.101.port.switch.tx_dst.0.rx_pkts.response = 0
stat.pool.101.port.switch.tx_dst.0.tx_bytes.response = 498496
stat.pool.101.port.switch.tx_dst.0.tx_pkts.response = 7789
stat.pool.101.port.switch.tx_dst.0.ingress_arrivals.response = 0
stat.pool.101.port.switch.tx_dst.0.ingress_arrival_nonempty_packet_frac.response = 0
stat.pool.101.port.switch.tx_dst.0.ingress_nonempty_arrival_pre_occ_avg_bytes.response = 0
stat.pool.101.port.switch.tx_dst.0.ingress_nonempty_arrival_pre_occ_max_bytes.response = 0
stat.pool.101.port.switch.tx_dst.0.ingress_wait_avg_cycles.response = 0
stat.pool.101.port.switch.tx_dst.0.ingress_queue_wait_avg_cycles.response = 0
stat.pool.101.port.switch.tx_dst.0.ingress_queue_wait_after_nonempty_arrival_avg_cycles.response = 0
stat.pool.101.port.switch.tx_dst.0.ingress_pre_occ_bucket.response.0 = 0
stat.pool.101.port.switch.tx_dst.0.ingress_queue_wait_bucket.response.0 = 0
stat.pool.101.port.switch.tx_dst.0.ingress_pre_occ_bucket.response.1_64 = 0
stat.pool.101.port.switch.tx_dst.0.ingress_queue_wait_bucket.response.1_63 = 0
stat.pool.101.port.switch.tx_dst.0.ingress_pre_occ_bucket.response.65_256 = 0
stat.pool.101.port.switch.tx_dst.0.ingress_queue_wait_bucket.response.64_255 = 0
stat.pool.101.port.switch.tx_dst.0.ingress_pre_occ_bucket.response.257_1024 = 0
stat.pool.101.port.switch.tx_dst.0.ingress_queue_wait_bucket.response.256_1023 = 0
stat.pool.101.port.switch.tx_dst.0.ingress_pre_occ_bucket.response.1025_4096 = 0
stat.pool.101.port.switch.tx_dst.0.ingress_queue_wait_bucket.response.1024_4095 = 0
stat.pool.101.port.switch.tx_dst.0.ingress_pre_occ_bucket.response.4097_plus = 0
stat.pool.101.port.switch.tx_dst.0.ingress_queue_wait_bucket.response.4096_plus = 0
stat.pool.101.walltime_s = 144.502
stat.pool.101.active_time_s = 10.3511
stat.pool.100.util.mem_avg = 0.0391995
stat.pool.100.util.req_link_avg = 0.135319
stat.pool.100.memq.demand.completed = 7778
stat.pool.100.memq.demand.response_completed = 7778
stat.pool.100.memq.demand.queue_wait_avg_cycles = 1.22602
stat.pool.100.memq.demand.queue_wait_max_cycles = 7
stat.pool.100.memq.demand.service_avg_cycles = 75
stat.pool.100.memq.demand.service_max_cycles = 75
stat.pool.100.memq.demand.total_avg_cycles = 76.226
stat.pool.100.memq.demand.total_max_cycles = 82
stat.pool.100.memq.demand.ahead_pkts_avg.load = 0.60774
stat.pool.100.memq.demand.ahead_pkts_max.load = 7
stat.pool.100.memq.demand.ahead_bytes_avg.load = 38.8953
stat.pool.100.memq.demand.ahead_bytes_max.load = 448
stat.pool.100.memq.demand.ahead_pkts_avg.rfo = 0.4901
stat.pool.100.memq.demand.ahead_pkts_max.rfo = 7
stat.pool.100.memq.demand.ahead_bytes_avg.rfo = 31.3664
stat.pool.100.memq.demand.ahead_bytes_max.rfo = 448
stat.pool.100.memq.demand.ahead_pkts_avg.write = 1.40087
stat.pool.100.memq.demand.ahead_pkts_max.write = 3
stat.pool.100.memq.demand.ahead_bytes_avg.write = 89.656
stat.pool.100.memq.demand.ahead_bytes_max.write = 192
stat.pool.100.memq.demand.ahead_pkts_avg.other = 0.00167138
stat.pool.100.memq.demand.ahead_pkts_max.other = 1
stat.pool.100.memq.demand.ahead_bytes_avg.other = 0.106968
stat.pool.100.memq.demand.ahead_bytes_max.other = 64
stat.pool.100.memq.demand.queue_wait_bucket.0 = 0
stat.pool.100.memq.demand.service_bucket.0 = 0
stat.pool.100.memq.demand.total_bucket.0 = 0
stat.pool.100.memq.demand.ahead_total_pkts_bucket.0 = 482
stat.pool.100.memq.demand.ahead_total_bytes_bucket.0 = 482
stat.pool.100.memq.demand.queue_wait_bucket.1_63 = 7778
stat.pool.100.memq.demand.service_bucket.1_63 = 0
stat.pool.100.memq.demand.total_bucket.1_63 = 0
stat.pool.100.memq.demand.ahead_total_pkts_bucket.1 = 1539
stat.pool.100.memq.demand.ahead_total_bytes_bucket.1_64 = 1539
stat.pool.100.memq.demand.queue_wait_bucket.64_255 = 0
stat.pool.100.memq.demand.service_bucket.64_255 = 7778
stat.pool.100.memq.demand.total_bucket.64_255 = 7778
stat.pool.100.memq.demand.ahead_total_pkts_bucket.2 = 2180
stat.pool.100.memq.demand.ahead_total_bytes_bucket.65_256 = 5029
stat.pool.100.memq.demand.queue_wait_bucket.256_1023 = 0
stat.pool.100.memq.demand.service_bucket.256_1023 = 0
stat.pool.100.memq.demand.total_bucket.256_1023 = 0
stat.pool.100.memq.demand.ahead_total_pkts_bucket.3_4 = 2849
stat.pool.100.memq.demand.ahead_total_bytes_bucket.257_1024 = 728
stat.pool.100.memq.demand.queue_wait_bucket.1024_4095 = 0
stat.pool.100.memq.demand.service_bucket.1024_4095 = 0
stat.pool.100.memq.demand.total_bucket.1024_4095 = 0
stat.pool.100.memq.demand.ahead_total_pkts_bucket.5_8 = 727
stat.pool.100.memq.demand.ahead_total_bytes_bucket.1025_4096 = 0
stat.pool.100.memq.demand.queue_wait_bucket.4096_plus = 0
stat.pool.100.memq.demand.service_bucket.4096_plus = 0
stat.pool.100.memq.demand.total_bucket.4096_plus = 0
stat.pool.100.memq.demand.ahead_total_pkts_bucket.9_plus = 1
stat.pool.100.memq.demand.ahead_total_bytes_bucket.4097_plus = 0
stat.pool.100.memq.queue_occ_avg_bytes = 47.7447
stat.pool.100.memq.queue_occ_stddev_bytes = 84.3803
stat.pool.100.memq.queue_occ_max_bytes = 640
stat.pool.100.memq.queue_occ_nonempty_frac = 0.323369
stat.pool.100.memq.enqueue_burst_avg_pkts = 1
stat.pool.100.memq.enqueue_burst_stddev_pkts = 0
stat.pool.100.memq.enqueue_burst_max_pkts = 1
stat.pool.100.memq.complete_burst_avg_pkts = 1
stat.pool.100.memq.complete_burst_stddev_pkts = 0
stat.pool.100.memq.complete_burst_max_pkts = 1
stat.pool.100.memq.queue_episode.count = 2925
stat.pool.100.memq.queue_episode.avg_cycles = 171.708
stat.pool.100.memq.queue_episode.max_cycles = 559
stat.pool.100.memq.queue_episode.avg_peak_occ_bytes = 225.98
stat.pool.100.memq.queue_episode.max_peak_occ_bytes = 640
stat.pool.100.memq.queue_episode.avg_enqueue_pkts = 5.2041
stat.pool.100.memq.queue_episode.max_enqueue_pkts = 22
stat.pool.100.memq.queue_episode.avg_complete_pkts = 4.2041
stat.pool.100.memq.queue_episode.max_complete_pkts = 21
stat.pool.100.memq.queue_occ_bucket.0 = 1050992
stat.pool.100.memq.enqueue_burst_bucket.0 = 0
stat.pool.100.memq.complete_burst_bucket.0 = 0
stat.pool.100.memq.queue_occ_bucket.1_64 = 173908
stat.pool.100.memq.enqueue_burst_bucket.1 = 15227
stat.pool.100.memq.complete_burst_bucket.1 = 15222
stat.pool.100.memq.queue_occ_bucket.65_256 = 292612
stat.pool.100.memq.enqueue_burst_bucket.2 = 0
stat.pool.100.memq.complete_burst_bucket.2 = 0
stat.pool.100.memq.queue_occ_bucket.257_1024 = 35759
stat.pool.100.memq.enqueue_burst_bucket.3_4 = 0
stat.pool.100.memq.complete_burst_bucket.3_4 = 0
stat.pool.100.memq.queue_occ_bucket.1025_4096 = 0
stat.pool.100.memq.enqueue_burst_bucket.5_8 = 0
stat.pool.100.memq.complete_burst_bucket.5_8 = 0
stat.pool.100.memq.queue_occ_bucket.4097_plus = 0
stat.pool.100.memq.enqueue_burst_bucket.9_plus = 0
stat.pool.100.memq.complete_burst_bucket.9_plus = 0
stat.pool.100.memq.queue_occ_avg_bytes.load = 14.962
stat.pool.100.memq.queue_occ_max_bytes.load = 448
stat.pool.100.memq.queue_occ_avg_pkts.load = 0.233781
stat.pool.100.memq.queue_occ_max_pkts.load = 7
stat.pool.100.memq.enqueue_burst_avg_pkts.load = 0.312865
stat.pool.100.memq.enqueue_burst_max_pkts.load = 1
stat.pool.100.memq.complete_burst_avg_pkts.load = 0.312837
stat.pool.100.memq.complete_burst_max_pkts.load = 1
stat.pool.100.memq.queue_occ_avg_bytes.rfo = 9.47076
stat.pool.100.memq.queue_occ_max_bytes.rfo = 448
stat.pool.100.memq.queue_occ_avg_pkts.rfo = 0.147981
stat.pool.100.memq.queue_occ_max_pkts.rfo = 7
stat.pool.100.memq.enqueue_burst_avg_pkts.rfo = 0.198201
stat.pool.100.memq.enqueue_burst_max_pkts.rfo = 1
stat.pool.100.memq.complete_burst_avg_pkts.rfo = 0.198134
stat.pool.100.memq.complete_burst_max_pkts.rfo = 1
stat.pool.100.memq.queue_occ_avg_bytes.write = 23.2774
stat.pool.100.memq.queue_occ_max_bytes.write = 256
stat.pool.100.memq.queue_occ_avg_pkts.write = 0.36371
stat.pool.100.memq.queue_occ_max_pkts.write = 4
stat.pool.100.memq.enqueue_burst_avg_pkts.write = 0.488212
stat.pool.100.memq.enqueue_burst_max_pkts.write = 1
stat.pool.100.memq.complete_burst_avg_pkts.write = 0.488306
stat.pool.100.memq.complete_burst_max_pkts.write = 1
stat.pool.100.memq.queue_occ_avg_bytes.other = 0.034446
stat.pool.100.memq.queue_occ_max_bytes.other = 64
stat.pool.100.memq.queue_occ_avg_pkts.other = 0.000538219
stat.pool.100.memq.queue_occ_max_pkts.other = 1
stat.pool.100.memq.enqueue_burst_avg_pkts.other = 0.000722401
stat.pool.100.memq.enqueue_burst_max_pkts.other = 1
stat.pool.100.memq.complete_burst_avg_pkts.other = 0.000722638
stat.pool.100.memq.complete_burst_max_pkts.other = 1
stat.pool.100.memq.load.completed = 4762
stat.pool.100.memq.load.response_completed = 4762
stat.pool.100.memq.load.queue_wait_avg_cycles = 1.24633
stat.pool.100.memq.load.queue_wait_max_cycles = 7
stat.pool.100.memq.load.service_avg_cycles = 75
stat.pool.100.memq.load.service_max_cycles = 75
stat.pool.100.memq.load.total_avg_cycles = 76.2463
stat.pool.100.memq.load.total_max_cycles = 82
stat.pool.100.memq.load.ahead_pkts_avg.load = 0.664427
stat.pool.100.memq.load.ahead_pkts_max.load = 6
stat.pool.100.memq.load.ahead_bytes_avg.load = 42.5233
stat.pool.100.memq.load.ahead_bytes_max.load = 384
stat.pool.100.memq.load.ahead_pkts_avg.rfo = 0.532549
stat.pool.100.memq.load.ahead_pkts_max.rfo = 7
stat.pool.100.memq.load.ahead_bytes_avg.rfo = 34.0832
stat.pool.100.memq.load.ahead_bytes_max.rfo = 448
stat.pool.100.memq.load.ahead_pkts_avg.write = 1.39353
stat.pool.100.memq.load.ahead_pkts_max.write = 3
stat.pool.100.memq.load.ahead_bytes_avg.write = 89.1861
stat.pool.100.memq.load.ahead_bytes_max.write = 192
stat.pool.100.memq.load.ahead_pkts_avg.other = 0.00167997
stat.pool.100.memq.load.ahead_pkts_max.other = 1
stat.pool.100.memq.load.ahead_bytes_avg.other = 0.107518
stat.pool.100.memq.load.ahead_bytes_max.other = 64
stat.pool.100.memq.load.queue_wait_bucket.0 = 0
stat.pool.100.memq.load.service_bucket.0 = 0
stat.pool.100.memq.load.total_bucket.0 = 0
stat.pool.100.memq.load.ahead_total_pkts_bucket.0 = 268
stat.pool.100.memq.load.ahead_total_bytes_bucket.0 = 268
stat.pool.100.memq.load.queue_wait_bucket.1_63 = 4762
stat.pool.100.memq.load.service_bucket.1_63 = 0
stat.pool.100.memq.load.total_bucket.1_63 = 0
stat.pool.100.memq.load.ahead_total_pkts_bucket.1 = 877
stat.pool.100.memq.load.ahead_total_bytes_bucket.1_64 = 877
stat.pool.100.memq.load.queue_wait_bucket.64_255 = 0
stat.pool.100.memq.load.service_bucket.64_255 = 4762
stat.pool.100.memq.load.total_bucket.64_255 = 4762
stat.pool.100.memq.load.ahead_total_pkts_bucket.2 = 1311
stat.pool.100.memq.load.ahead_total_bytes_bucket.65_256 = 3113
stat.pool.100.memq.load.queue_wait_bucket.256_1023 = 0
stat.pool.100.memq.load.service_bucket.256_1023 = 0
stat.pool.100.memq.load.total_bucket.256_1023 = 0
stat.pool.100.memq.load.ahead_total_pkts_bucket.3_4 = 1802
stat.pool.100.memq.load.ahead_total_bytes_bucket.257_1024 = 504
stat.pool.100.memq.load.queue_wait_bucket.1024_4095 = 0
stat.pool.100.memq.load.service_bucket.1024_4095 = 0
stat.pool.100.memq.load.total_bucket.1024_4095 = 0
stat.pool.100.memq.load.ahead_total_pkts_bucket.5_8 = 504
stat.pool.100.memq.load.ahead_total_bytes_bucket.1025_4096 = 0
stat.pool.100.memq.load.queue_wait_bucket.4096_plus = 0
stat.pool.100.memq.load.service_bucket.4096_plus = 0
stat.pool.100.memq.load.total_bucket.4096_plus = 0
stat.pool.100.memq.load.ahead_total_pkts_bucket.9_plus = 0
stat.pool.100.memq.load.ahead_total_bytes_bucket.4097_plus = 0
stat.pool.100.respq.load.attempted = 4762
stat.pool.100.respq.load.completed = 4762
stat.pool.100.respq.load.can_send_blocked = 0
stat.pool.100.respq.load.send_failed = 0
stat.pool.100.respq.load.wait_avg_cycles = 0
stat.pool.100.respq.load.wait_max_cycles = 0
stat.pool.100.memq.rfo.completed = 3016
stat.pool.100.memq.rfo.response_completed = 3016
stat.pool.100.memq.rfo.queue_wait_avg_cycles = 1.19397
stat.pool.100.memq.rfo.queue_wait_max_cycles = 7
stat.pool.100.memq.rfo.service_avg_cycles = 75
stat.pool.100.memq.rfo.service_max_cycles = 75
stat.pool.100.memq.rfo.total_avg_cycles = 76.194
stat.pool.100.memq.rfo.total_max_cycles = 82
stat.pool.100.memq.rfo.ahead_pkts_avg.load = 0.518236
stat.pool.100.memq.rfo.ahead_pkts_max.load = 7
stat.pool.100.memq.rfo.ahead_bytes_avg.load = 33.1671
stat.pool.100.memq.rfo.ahead_bytes_max.load = 448
stat.pool.100.memq.rfo.ahead_pkts_avg.rfo = 0.423077
stat.pool.100.memq.rfo.ahead_pkts_max.rfo = 6
stat.pool.100.memq.rfo.ahead_bytes_avg.rfo = 27.0769
stat.pool.100.memq.rfo.ahead_bytes_max.rfo = 384
stat.pool.100.memq.rfo.ahead_pkts_avg.write = 1.41247
stat.pool.100.memq.rfo.ahead_pkts_max.write = 3
stat.pool.100.memq.rfo.ahead_bytes_avg.write = 90.3979
stat.pool.100.memq.rfo.ahead_bytes_max.write = 192
stat.pool.100.memq.rfo.ahead_pkts_avg.other = 0.00165782
stat.pool.100.memq.rfo.ahead_pkts_max.other = 1
stat.pool.100.memq.rfo.ahead_bytes_avg.other = 0.106101
stat.pool.100.memq.rfo.ahead_bytes_max.other = 64
stat.pool.100.memq.rfo.queue_wait_bucket.0 = 0
stat.pool.100.memq.rfo.service_bucket.0 = 0
stat.pool.100.memq.rfo.total_bucket.0 = 0
stat.pool.100.memq.rfo.ahead_total_pkts_bucket.0 = 214
stat.pool.100.memq.rfo.ahead_total_bytes_bucket.0 = 214
stat.pool.100.memq.rfo.queue_wait_bucket.1_63 = 3016
stat.pool.100.memq.rfo.service_bucket.1_63 = 0
stat.pool.100.memq.rfo.total_bucket.1_63 = 0
stat.pool.100.memq.rfo.ahead_total_pkts_bucket.1 = 662
stat.pool.100.memq.rfo.ahead_total_bytes_bucket.1_64 = 662
stat.pool.100.memq.rfo.queue_wait_bucket.64_255 = 0
stat.pool.100.memq.rfo.service_bucket.64_255 = 3016
stat.pool.100.memq.rfo.total_bucket.64_255 = 3016
stat.pool.100.memq.rfo.ahead_total_pkts_bucket.2 = 869
stat.pool.100.memq.rfo.ahead_total_bytes_bucket.65_256 = 1916
stat.pool.100.memq.rfo.queue_wait_bucket.256_1023 = 0
stat.pool.100.memq.rfo.service_bucket.256_1023 = 0
stat.pool.100.memq.rfo.total_bucket.256_1023 = 0
stat.pool.100.memq.rfo.ahead_total_pkts_bucket.3_4 = 1047
stat.pool.100.memq.rfo.ahead_total_bytes_bucket.257_1024 = 224
stat.pool.100.memq.rfo.queue_wait_bucket.1024_4095 = 0
stat.pool.100.memq.rfo.service_bucket.1024_4095 = 0
stat.pool.100.memq.rfo.total_bucket.1024_4095 = 0
stat.pool.100.memq.rfo.ahead_total_pkts_bucket.5_8 = 223
stat.pool.100.memq.rfo.ahead_total_bytes_bucket.1025_4096 = 0
stat.pool.100.memq.rfo.queue_wait_bucket.4096_plus = 0
stat.pool.100.memq.rfo.service_bucket.4096_plus = 0
stat.pool.100.memq.rfo.total_bucket.4096_plus = 0
stat.pool.100.memq.rfo.ahead_total_pkts_bucket.9_plus = 1
stat.pool.100.memq.rfo.ahead_total_bytes_bucket.4097_plus = 0
stat.pool.100.respq.rfo.attempted = 3016
stat.pool.100.respq.rfo.completed = 3016
stat.pool.100.respq.rfo.can_send_blocked = 0
stat.pool.100.respq.rfo.send_failed = 0
stat.pool.100.respq.rfo.wait_avg_cycles = 0
stat.pool.100.respq.rfo.wait_max_cycles = 0
stat.pool.100.memq.write.completed = 7433
stat.pool.100.memq.write.response_completed = 0
stat.pool.100.memq.write.queue_wait_avg_cycles = 1
stat.pool.100.memq.write.queue_wait_max_cycles = 1
stat.pool.100.memq.write.service_avg_cycles = 75
stat.pool.100.memq.write.service_max_cycles = 75
stat.pool.100.memq.write.total_avg_cycles = 76
stat.pool.100.memq.write.total_max_cycles = 76
stat.pool.100.memq.write.ahead_pkts_avg.load = 0.233149
stat.pool.100.memq.write.ahead_pkts_max.load = 5
stat.pool.100.memq.write.ahead_bytes_avg.load = 14.9216
stat.pool.100.memq.write.ahead_bytes_max.load = 320
stat.pool.100.memq.write.ahead_pkts_avg.rfo = 0.144625
stat.pool.100.memq.write.ahead_pkts_max.rfo = 4
stat.pool.100.memq.write.ahead_bytes_avg.rfo = 9.25602
stat.pool.100.memq.write.ahead_bytes_max.rfo = 256
stat.pool.100.memq.write.ahead_pkts_avg.write = 0.87542
stat.pool.100.memq.write.ahead_pkts_max.write = 3
stat.pool.100.memq.write.ahead_bytes_avg.write = 56.0269
stat.pool.100.memq.write.ahead_bytes_max.write = 192
stat.pool.100.memq.write.ahead_pkts_avg.other = 0.000403606
stat.pool.100.memq.write.ahead_pkts_max.other = 1
stat.pool.100.memq.write.ahead_bytes_avg.other = 0.0258308
stat.pool.100.memq.write.ahead_bytes_max.other = 64
stat.pool.100.memq.write.queue_wait_bucket.0 = 0
stat.pool.100.memq.write.service_bucket.0 = 0
stat.pool.100.memq.write.total_bucket.0 = 0
stat.pool.100.memq.write.ahead_total_pkts_bucket.0 = 2452
stat.pool.100.memq.write.ahead_total_bytes_bucket.0 = 2452
stat.pool.100.memq.write.queue_wait_bucket.1_63 = 7433
stat.pool.100.memq.write.service_bucket.1_63 = 0
stat.pool.100.memq.write.total_bucket.1_63 = 0
stat.pool.100.memq.write.ahead_total_pkts_bucket.1 = 2198
stat.pool.100.memq.write.ahead_total_bytes_bucket.1_64 = 2198
stat.pool.100.memq.write.queue_wait_bucket.64_255 = 0
stat.pool.100.memq.write.service_bucket.64_255 = 7433
stat.pool.100.memq.write.total_bucket.64_255 = 7433
stat.pool.100.memq.write.ahead_total_pkts_bucket.2 = 1641
stat.pool.100.memq.write.ahead_total_bytes_bucket.65_256 = 2699
stat.pool.100.memq.write.queue_wait_bucket.256_1023 = 0
stat.pool.100.memq.write.service_bucket.256_1023 = 0
stat.pool.100.memq.write.total_bucket.256_1023 = 0
stat.pool.100.memq.write.ahead_total_pkts_bucket.3_4 = 1058
stat.pool.100.memq.write.ahead_total_bytes_bucket.257_1024 = 84
stat.pool.100.memq.write.queue_wait_bucket.1024_4095 = 0
stat.pool.100.memq.write.service_bucket.1024_4095 = 0
stat.pool.100.memq.write.total_bucket.1024_4095 = 0
stat.pool.100.memq.write.ahead_total_pkts_bucket.5_8 = 84
stat.pool.100.memq.write.ahead_total_bytes_bucket.1025_4096 = 0
stat.pool.100.memq.write.queue_wait_bucket.4096_plus = 0
stat.pool.100.memq.write.service_bucket.4096_plus = 0
stat.pool.100.memq.write.total_bucket.4096_plus = 0
stat.pool.100.memq.write.ahead_total_pkts_bucket.9_plus = 0
stat.pool.100.memq.write.ahead_total_bytes_bucket.4097_plus = 0
stat.pool.100.respq.write.attempted = 0
stat.pool.100.respq.write.completed = 0
stat.pool.100.respq.write.can_send_blocked = 0
stat.pool.100.respq.write.send_failed = 0
stat.pool.100.respq.write.wait_avg_cycles = 0
stat.pool.100.respq.write.wait_max_cycles = 0
stat.pool.100.memq.other.completed = 11
stat.pool.100.memq.other.response_completed = 11
stat.pool.100.memq.other.queue_wait_avg_cycles = 1
stat.pool.100.memq.other.queue_wait_max_cycles = 1
stat.pool.100.memq.other.service_avg_cycles = 75
stat.pool.100.memq.other.service_max_cycles = 75
stat.pool.100.memq.other.total_avg_cycles = 76
stat.pool.100.memq.other.total_max_cycles = 76
stat.pool.100.memq.other.ahead_pkts_avg.load = 0.636364
stat.pool.100.memq.other.ahead_pkts_max.load = 2
stat.pool.100.memq.other.ahead_bytes_avg.load = 40.7273
stat.pool.100.memq.other.ahead_bytes_max.load = 128
stat.pool.100.memq.other.ahead_pkts_avg.rfo = 0.636364
stat.pool.100.memq.other.ahead_pkts_max.rfo = 2
stat.pool.100.memq.other.ahead_bytes_avg.rfo = 40.7273
stat.pool.100.memq.other.ahead_bytes_max.rfo = 128
stat.pool.100.memq.other.ahead_pkts_avg.write = 0.818182
stat.pool.100.memq.other.ahead_pkts_max.write = 2
stat.pool.100.memq.other.ahead_bytes_avg.write = 52.3636
stat.pool.100.memq.other.ahead_bytes_max.write = 128
stat.pool.100.memq.other.ahead_pkts_avg.other = 0
stat.pool.100.memq.other.ahead_pkts_max.other = 0
stat.pool.100.memq.other.ahead_bytes_avg.other = 0
stat.pool.100.memq.other.ahead_bytes_max.other = 0
stat.pool.100.memq.other.queue_wait_bucket.0 = 0
stat.pool.100.memq.other.service_bucket.0 = 0
stat.pool.100.memq.other.total_bucket.0 = 0
stat.pool.100.memq.other.ahead_total_pkts_bucket.0 = 3
stat.pool.100.memq.other.ahead_total_bytes_bucket.0 = 3
stat.pool.100.memq.other.queue_wait_bucket.1_63 = 11
stat.pool.100.memq.other.service_bucket.1_63 = 0
stat.pool.100.memq.other.total_bucket.1_63 = 0
stat.pool.100.memq.other.ahead_total_pkts_bucket.1 = 2
stat.pool.100.memq.other.ahead_total_bytes_bucket.1_64 = 2
stat.pool.100.memq.other.queue_wait_bucket.64_255 = 0
stat.pool.100.memq.other.service_bucket.64_255 = 11
stat.pool.100.memq.other.total_bucket.64_255 = 11
stat.pool.100.memq.other.ahead_total_pkts_bucket.2 = 2
stat.pool.100.memq.other.ahead_total_bytes_bucket.65_256 = 4
stat.pool.100.memq.other.queue_wait_bucket.256_1023 = 0
stat.pool.100.memq.other.service_bucket.256_1023 = 0
stat.pool.100.memq.other.total_bucket.256_1023 = 0
stat.pool.100.memq.other.ahead_total_pkts_bucket.3_4 = 2
stat.pool.100.memq.other.ahead_total_bytes_bucket.257_1024 = 2
stat.pool.100.memq.other.queue_wait_bucket.1024_4095 = 0
stat.pool.100.memq.other.service_bucket.1024_4095 = 0
stat.pool.100.memq.other.total_bucket.1024_4095 = 0
stat.pool.100.memq.other.ahead_total_pkts_bucket.5_8 = 2
stat.pool.100.memq.other.ahead_total_bytes_bucket.1025_4096 = 0
stat.pool.100.memq.other.queue_wait_bucket.4096_plus = 0
stat.pool.100.memq.other.service_bucket.4096_plus = 0
stat.pool.100.memq.other.total_bucket.4096_plus = 0
stat.pool.100.memq.other.ahead_total_pkts_bucket.9_plus = 0
stat.pool.100.memq.other.ahead_total_bytes_bucket.4097_plus = 0
stat.pool.100.respq.other.attempted = 11
stat.pool.100.respq.other.completed = 11
stat.pool.100.respq.other.can_send_blocked = 0
stat.pool.100.respq.other.send_failed = 0
stat.pool.100.respq.other.wait_avg_cycles = 0
stat.pool.100.respq.other.wait_max_cycles = 0
stat.pool.100.response.returned_burst_max_pkts = 1
stat.pool.100.response.returned_burst_avg_pkts = 1
stat.pool.100.response.returned_burst_stddev_pkts = 0
stat.pool.100.response.returned_nonempty_frac = 0.00501458
stat.pool.100.response.sent_burst_max_pkts = 1
stat.pool.100.response.sent_burst_avg_pkts = 1
stat.pool.100.response.sent_burst_stddev_pkts = 0
stat.pool.100.response.sent_nonempty_frac = 0.00501458
stat.pool.100.response.blocked_cycles = 0
stat.pool.100.response.blocked_avg_pending_pkts = 0
stat.pool.100.response.blocked_max_pending_pkts = 0
stat.pool.100.response.returned_occ_avg_pkts = 0.00501458
stat.pool.100.response.returned_occ_stddev_pkts = 0.0706359
stat.pool.100.response.returned_occ_max_pkts = 1
stat.pool.100.response.pending_occ_avg = 0.387315
stat.pool.100.response.pending_occ_stddev = 0.900615
stat.pool.100.response.pending_occ_max = 8
stat.pool.100.request.accept_src.distinct_avg = 1
stat.pool.100.request.accept_src.distinct_max = 1
stat.pool.100.request.accept_src.nonempty_frac = 0.00980318
stat.pool.100.request.blocked_src.distinct_avg = 0
stat.pool.100.request.blocked_src.distinct_max = 0
stat.pool.100.request.blocked_src.nonempty_frac = 0
stat.pool.100.pending.src.distinct_avg = 1
stat.pool.100.pending.src.distinct_max = 1
stat.pool.100.pending.src.nonempty_frac = 0.211416
stat.pool.100.pending.ready_src.distinct_avg = 0
stat.pool.100.pending.ready_src.distinct_max = 0
stat.pool.100.pending.ready_src.nonempty_frac = 0
stat.pool.100.response.ready_src.distinct_avg = 1
stat.pool.100.response.ready_src.distinct_max = 1
stat.pool.100.response.ready_src.nonempty_frac = 0.00501458
stat.pool.100.response.sent_dst.distinct_avg = 1
stat.pool.100.response.sent_dst.distinct_max = 1
stat.pool.100.response.sent_dst.nonempty_frac = 0.00501458
stat.pool.100.pending_episode.count = 3075
stat.pool.100.pending_episode.avg_cycles = 106.783
stat.pool.100.pending_episode.max_cycles = 451
stat.pool.100.pending_episode.avg_peak_occ = 2.34179
stat.pool.100.pending_episode.max_peak_occ = 8
stat.pool.100.pending_episode.avg_accepted = 3.17561
stat.pool.100.pending_episode.max_accepted = 18
stat.pool.100.pending_episode.avg_sent = 2.53301
stat.pool.100.pending_episode.max_sent = 8
stat.pool.100.pending_episode.avg_pending_distinct_src = 1
stat.pool.100.pending_episode.max_pending_distinct_src = 1
stat.pool.100.pending_episode.avg_ready_distinct_src = 0
stat.pool.100.pending_episode.max_ready_distinct_src = 0
stat.pool.100.pending_episode.avg_sent_distinct_dst = 1
stat.pool.100.pending_episode.max_sent_distinct_dst = 1
stat.pool.100.response.returned_episode.count = 7789
stat.pool.100.response.returned_episode.avg_cycles = 1
stat.pool.100.response.returned_episode.max_cycles = 1
stat.pool.100.response.returned_episode.avg_peak_occ = 1
stat.pool.100.response.returned_episode.max_peak_occ = 1
stat.pool.100.response.returned_episode.avg_sent = 1
stat.pool.100.response.returned_episode.max_sent = 1
stat.pool.100.response.returned_episode.avg_ready_distinct_src = 1
stat.pool.100.response.returned_episode.max_ready_distinct_src = 1
stat.pool.100.response.returned_episode.avg_sent_distinct_dst = 1
stat.pool.100.response.returned_episode.max_sent_distinct_dst = 1
stat.pool.100.node.0.pending_occ_avg = 0.387315
stat.pool.100.node.0.pending_occ_max = 8
stat.pool.100.node.0.ready_occ_avg = 0
stat.pool.100.node.0.ready_occ_max = 0
stat.pool.100.node.0.pending_age_avg_cycles = 38.1114
stat.pool.100.node.0.pending_age_max_cycles = 82
stat.pool.100.node.0.ready_age_avg_cycles = 0
stat.pool.100.node.0.ready_age_max_cycles = 0
stat.pool.100.node.0.request_enqueued.load = 4764
stat.pool.100.node.0.request_blocked.load = 0
stat.pool.100.node.0.response_ready.load = 4762
stat.pool.100.node.0.response_sent.load = 4762
stat.pool.100.node.0.response_blocked.load = 0
stat.pool.100.node.0.pending_occ_avg.load = 0.236847
stat.pool.100.node.0.pending_occ_max.load = 7
stat.pool.100.node.0.ready_occ_avg.load = 0
stat.pool.100.node.0.ready_occ_max.load = 0
stat.pool.100.node.0.mem_ready_avg_cycles.load = 76.2463
stat.pool.100.node.0.mem_ready_max_cycles.load = 82
stat.pool.100.node.0.response_wait_avg_cycles.load = 0
stat.pool.100.node.0.response_wait_max_cycles.load = 0
stat.pool.100.node.0.request_enqueue_gap_avg_cycles.load = 219.002
stat.pool.100.node.0.request_enqueue_gap_max_cycles.load = 2038
stat.pool.100.node.0.response_ready_gap_avg_cycles.load = 218.999
stat.pool.100.node.0.response_ready_gap_max_cycles.load = 2038
stat.pool.100.node.0.response_sent_gap_avg_cycles.load = 218.999
stat.pool.100.node.0.response_sent_gap_max_cycles.load = 2038
stat.pool.100.node.0.total_turnaround_avg_cycles.load = 76.2463
stat.pool.100.node.0.total_turnaround_max_cycles.load = 82
stat.pool.100.node.0.request_enqueued.rfo = 3018
stat.pool.100.node.0.request_blocked.rfo = 0
stat.pool.100.node.0.response_ready.rfo = 3016
stat.pool.100.node.0.response_sent.rfo = 3016
stat.pool.100.node.0.response_blocked.rfo = 0
stat.pool.100.node.0.pending_occ_avg.rfo = 0.149922
stat.pool.100.node.0.pending_occ_max.rfo = 7
stat.pool.100.node.0.ready_occ_avg.rfo = 0
stat.pool.100.node.0.ready_occ_max.rfo = 0
stat.pool.100.node.0.mem_ready_avg_cycles.rfo = 76.194
stat.pool.100.node.0.mem_ready_max_cycles.rfo = 82
stat.pool.100.node.0.response_wait_avg_cycles.rfo = 0
stat.pool.100.node.0.response_wait_max_cycles.rfo = 0
stat.pool.100.node.0.request_enqueue_gap_avg_cycles.rfo = 345.743
stat.pool.100.node.0.request_enqueue_gap_max_cycles.rfo = 2436
stat.pool.100.node.0.response_ready_gap_avg_cycles.rfo = 345.582
stat.pool.100.node.0.response_ready_gap_max_cycles.rfo = 2435
stat.pool.100.node.0.response_sent_gap_avg_cycles.rfo = 345.582
stat.pool.100.node.0.response_sent_gap_max_cycles.rfo = 2435
stat.pool.100.node.0.total_turnaround_avg_cycles.rfo = 76.194
stat.pool.100.node.0.total_turnaround_max_cycles.rfo = 82
stat.pool.100.node.0.request_enqueued.write = 7434
stat.pool.100.node.0.request_blocked.write = 0
stat.pool.100.node.0.response_ready.write = 0
stat.pool.100.node.0.response_sent.write = 0
stat.pool.100.node.0.response_blocked.write = 0
stat.pool.100.node.0.pending_occ_avg.write = 0
stat.pool.100.node.0.pending_occ_max.write = 0
stat.pool.100.node.0.ready_occ_avg.write = 0
stat.pool.100.node.0.ready_occ_max.write = 0
stat.pool.100.node.0.mem_ready_avg_cycles.write = 0
stat.pool.100.node.0.mem_ready_max_cycles.write = 0
stat.pool.100.node.0.response_wait_avg_cycles.write = 0
stat.pool.100.node.0.response_wait_max_cycles.write = 0
stat.pool.100.node.0.request_enqueue_gap_avg_cycles.write = 140.244
stat.pool.100.node.0.request_enqueue_gap_max_cycles.write = 1428
stat.pool.100.node.0.response_ready_gap_avg_cycles.write = 0
stat.pool.100.node.0.response_ready_gap_max_cycles.write = 0
stat.pool.100.node.0.response_sent_gap_avg_cycles.write = 0
stat.pool.100.node.0.response_sent_gap_max_cycles.write = 0
stat.pool.100.node.0.total_turnaround_avg_cycles.write = 0
stat.pool.100.node.0.total_turnaround_max_cycles.write = 0
stat.pool.100.node.0.request_enqueued.other = 11
stat.pool.100.node.0.request_blocked.other = 0
stat.pool.100.node.0.response_ready.other = 11
stat.pool.100.node.0.response_sent.other = 11
stat.pool.100.node.0.response_blocked.other = 0
stat.pool.100.node.0.pending_occ_avg.other = 0.000545301
stat.pool.100.node.0.pending_occ_max.other = 1
stat.pool.100.node.0.ready_occ_avg.other = 0
stat.pool.100.node.0.ready_occ_max.other = 0
stat.pool.100.node.0.mem_ready_avg_cycles.other = 76
stat.pool.100.node.0.mem_ready_max_cycles.other = 76
stat.pool.100.node.0.response_wait_avg_cycles.other = 0
stat.pool.100.node.0.response_wait_max_cycles.other = 0
stat.pool.100.node.0.request_enqueue_gap_avg_cycles.other = 94786.1
stat.pool.100.node.0.request_enqueue_gap_max_cycles.other = 283740
stat.pool.100.node.0.response_ready_gap_avg_cycles.other = 94786.1
stat.pool.100.node.0.response_ready_gap_max_cycles.other = 283740
stat.pool.100.node.0.response_sent_gap_avg_cycles.other = 94786.1
stat.pool.100.node.0.response_sent_gap_max_cycles.other = 283740
stat.pool.100.node.0.total_turnaround_avg_cycles.other = 76
stat.pool.100.node.0.total_turnaround_max_cycles.other = 76
stat.pool.100.fabric.ingress_wait_avg_cycles = 137.717
stat.pool.100.fabric.egress_wait_avg_cycles = 1
stat.pool.100.fabric.ingress_wait_max_cycles = 146
stat.pool.100.fabric.egress_wait_max_cycles = 1
stat.pool.100.fabric.ingress_queue_wait_avg_cycles = 3.46424
stat.pool.100.fabric.ingress_queue_wait_max_cycles = 22
stat.pool.100.fabric.ingress_occ_bytes = 0
stat.pool.100.fabric.ready_wait_avg_cycles = 0
stat.pool.100.fabric.ready_wait_max_cycles = 0
stat.pool.100.fabric.ready_occ_avg_pkts = 0.00980318
stat.pool.100.fabric.ready_occ_pkts = 0
stat.pool.100.fabric.ready_occ_max_pkts = 1
stat.pool.100.fabric.ready_retry_count = 0
stat.pool.100.fabric.ingress_arrival_burst_max_pkts = 1
stat.pool.100.fabric.ingress_arrival_burst_max_bytes = 64
stat.pool.100.fabric.ingress_arrival_burst_avg_pkts = 1
stat.pool.100.fabric.ingress_arrival_burst_avg_bytes = 35.3399
stat.pool.100.fabric.ingress_arrival_burst_stddev_pkts = 0
stat.pool.100.fabric.ingress_arrival_burst_stddev_bytes = 27.9922
stat.pool.100.fabric.ingress_arrival_nonempty_frac = 0.00980318
stat.pool.100.fabric.ingress_arrival_run_max_cycles = 1
stat.pool.100.fabric.ingress_arrival_run_avg_cycles = 1
stat.pool.100.fabric.ingress_arrival_run_stddev_cycles = 0
stat.pool.100.fabric.ingress_arrival_gap_max_cycles = 704
stat.pool.100.fabric.ingress_arrival_gap_avg_cycles = 67.5086
stat.pool.100.fabric.ingress_arrival_gap_stddev_cycles = 112.968
stat.pool.100.fabric.ingress_release_burst_max_pkts = 1
stat.pool.100.fabric.ingress_release_burst_max_bytes = 64
stat.pool.100.fabric.ingress_release_burst_avg_pkts = 1
stat.pool.100.fabric.ingress_release_burst_avg_bytes = 35.3399
stat.pool.100.fabric.ingress_release_burst_stddev_pkts = 0
stat.pool.100.fabric.ingress_release_burst_stddev_bytes = 27.9922
stat.pool.100.fabric.ingress_release_nonempty_frac = 0.00980318
stat.pool.100.fabric.ingress_release_run_max_cycles = 1
stat.pool.100.fabric.ingress_release_run_avg_cycles = 1
stat.pool.100.fabric.ingress_release_run_stddev_cycles = 0
stat.pool.100.fabric.ingress_release_gap_max_cycles = 724
stat.pool.100.fabric.ingress_release_gap_avg_cycles = 67.5054
stat.pool.100.fabric.ingress_release_gap_stddev_cycles = 117.579
stat.pool.100.fabric.ingress_occ_avg_bytes = 49.319
stat.pool.100.fabric.ingress_occ_stddev_bytes = 75.6907
stat.pool.100.fabric.ingress_occ_max_bytes = 408
stat.pool.100.fabric.ingress_occ_nonempty_frac = 0.422339
stat.pool.100.fabric.ingress_occ_run_max_cycles = 1503
stat.pool.100.fabric.ingress_occ_run_avg_cycles = 333.168
stat.pool.100.fabric.ingress_occ_run_stddev_cycles = 143.019
stat.pool.100.fabric.ingress_occ_gap_max_cycles = 581
stat.pool.100.fabric.ingress_occ_gap_avg_cycles = 196.672
stat.pool.100.fabric.ingress_occ_gap_stddev_cycles = 135.118
stat.pool.100.fabric.rx_bytes.demand_req = 62256
stat.pool.100.fabric.tx_bytes.demand_req = 0
stat.pool.100.fabric.rx_pkts.demand_req = 7782
stat.pool.100.fabric.tx_pkts.demand_req = 0
stat.pool.100.fabric.rx_bytes.write_req = 475776
stat.pool.100.fabric.tx_bytes.write_req = 0
stat.pool.100.fabric.rx_pkts.write_req = 7434
stat.pool.100.fabric.tx_pkts.write_req = 0
stat.pool.100.fabric.rx_bytes.response = 0
stat.pool.100.fabric.tx_bytes.response = 498496
stat.pool.100.fabric.rx_pkts.response = 0
stat.pool.100.fabric.tx_pkts.response = 7789
stat.pool.100.fabric.rx_bytes.other_req = 88
stat.pool.100.fabric.tx_bytes.other_req = 0
stat.pool.100.fabric.rx_pkts.other_req = 11
stat.pool.100.fabric.tx_pkts.other_req = 0
stat.pool.100.port.switch.ingress_wait_avg_cycles = 137.717
stat.pool.100.port.switch.ingress_wait_max_cycles = 146
stat.pool.100.port.switch.egress_wait_avg_cycles = 1
stat.pool.100.port.switch.egress_wait_max_cycles = 1
stat.pool.100.port.switch.ingress_queue_wait_avg_cycles = 3.46424
stat.pool.100.port.switch.ingress_queue_wait_max_cycles = 22
stat.pool.100.port.switch.egress_occ_avg_bytes = 0
stat.pool.100.port.switch.egress_occ_stddev_bytes = 0
stat.pool.100.port.switch.egress_occ_max_bytes = 0
stat.pool.100.port.switch.egress_occ_nonempty_frac = 0
stat.pool.100.port.switch.egress_blocked_cycles = 0
stat.pool.100.port.switch.egress_blocked_nonempty_frac = 0
stat.pool.100.port.switch.egress_blocked_avg_occ_bytes = 0
stat.pool.100.port.switch.egress_blocked_max_occ_bytes = 0
stat.pool.100.port.switch.egress_send_burst_max_pkts = 1
stat.pool.100.port.switch.egress_send_burst_max_bytes = 64
stat.pool.100.port.switch.egress_send_burst_avg_pkts = 1
stat.pool.100.port.switch.egress_send_burst_avg_bytes = 64
stat.pool.100.port.switch.egress_send_burst_stddev_pkts = 0
stat.pool.100.port.switch.egress_send_burst_stddev_bytes = 0
stat.pool.100.port.switch.egress_send_nonempty_frac = 0.00501458
stat.pool.100.port.switch.ingress_arrival_burst_avg_bytes = 35.3399
stat.pool.100.port.switch.ingress_arrival_nonempty_frac = 0.00980318
stat.pool.100.port.switch.ingress_arrival_run_max_cycles = 1
stat.pool.100.port.switch.ingress_arrival_run_avg_cycles = 1
stat.pool.100.port.switch.ingress_arrival_gap_max_cycles = 704
stat.pool.100.port.switch.ingress_arrival_gap_avg_cycles = 67.5086
stat.pool.100.port.switch.ingress_release_burst_avg_bytes = 35.3399
stat.pool.100.port.switch.ingress_release_nonempty_frac = 0.00980318
stat.pool.100.port.switch.ingress_release_run_max_cycles = 1
stat.pool.100.port.switch.ingress_release_run_avg_cycles = 1
stat.pool.100.port.switch.ingress_release_gap_max_cycles = 724
stat.pool.100.port.switch.ingress_release_gap_avg_cycles = 67.5054
stat.pool.100.port.switch.ingress_occ_avg_bytes = 49.319
stat.pool.100.port.switch.ingress_occ_stddev_bytes = 75.6907
stat.pool.100.port.switch.ingress_occ_max_bytes = 408
stat.pool.100.port.switch.ingress_occ_nonempty_frac = 0.422339
stat.pool.100.port.switch.ingress_occ_run_max_cycles = 1503
stat.pool.100.port.switch.ingress_occ_run_avg_cycles = 333.168
stat.pool.100.port.switch.ingress_occ_gap_max_cycles = 581
stat.pool.100.port.switch.ingress_occ_gap_avg_cycles = 196.672
stat.pool.100.port.switch.ingress_wait_avg_cycles.demand_req = 130.767
stat.pool.100.port.switch.ingress_wait_max_cycles.demand_req = 146
stat.pool.100.port.switch.ingress_queue_wait_avg_cycles.demand_req = 6.76715
stat.pool.100.port.switch.ingress_queue_wait_max_cycles.demand_req = 22
stat.pool.100.port.switch.egress_wait_avg_cycles.demand_req = 0
stat.pool.100.port.switch.egress_wait_max_cycles.demand_req = 0
stat.pool.100.port.switch.egress_occ_avg_bytes.demand_req = 0
stat.pool.100.port.switch.egress_occ_max_bytes.demand_req = 0
stat.pool.100.port.switch.egress_blocked_cycles.demand_req = 0
stat.pool.100.port.switch.ingress_arrival_empty_packets.demand_req = 316
stat.pool.100.port.switch.ingress_arrival_nonempty_packets.demand_req = 7466
stat.pool.100.port.switch.ingress_arrival_nonempty_packet_frac.demand_req = 0.959393
stat.pool.100.port.switch.ingress_nonempty_arrival_pre_occ_avg_bytes.demand_req = 150.942
stat.pool.100.port.switch.ingress_nonempty_arrival_pre_occ_max_bytes.demand_req = 400
stat.pool.100.port.switch.ingress_release_after_empty_arrival_packets.demand_req = 316
stat.pool.100.port.switch.ingress_release_after_nonempty_arrival_packets.demand_req = 7466
stat.pool.100.port.switch.ingress_wait_after_empty_arrival_avg_cycles.demand_req = 124
stat.pool.100.port.switch.ingress_wait_after_nonempty_arrival_avg_cycles.demand_req = 131.054
stat.pool.100.port.switch.ingress_queue_wait_after_empty_arrival_avg_cycles.demand_req = 0
stat.pool.100.port.switch.ingress_queue_wait_after_nonempty_arrival_avg_cycles.demand_req = 7.05358
stat.pool.100.port.switch.ingress_queue_wait_after_empty_arrival_max_cycles.demand_req = 0
stat.pool.100.port.switch.ingress_queue_wait_after_nonempty_arrival_max_cycles.demand_req = 22
stat.pool.100.port.switch.rx_bytes.demand_req = 62256
stat.pool.100.port.switch.tx_bytes.demand_req = 0
stat.pool.100.port.switch.rx_pkts.demand_req = 7782
stat.pool.100.port.switch.tx_pkts.demand_req = 0
stat.pool.100.port.switch.ingress_wait_avg_cycles.write_req = 145.009
stat.pool.100.port.switch.ingress_wait_max_cycles.write_req = 146
stat.pool.100.port.switch.ingress_queue_wait_avg_cycles.write_req = 0.00887813
stat.pool.100.port.switch.ingress_queue_wait_max_cycles.write_req = 1
stat.pool.100.port.switch.egress_wait_avg_cycles.write_req = 0
stat.pool.100.port.switch.egress_wait_max_cycles.write_req = 0
stat.pool.100.port.switch.egress_occ_avg_bytes.write_req = 0
stat.pool.100.port.switch.egress_occ_max_bytes.write_req = 0
stat.pool.100.port.switch.egress_blocked_cycles.write_req = 0
stat.pool.100.port.switch.ingress_arrival_empty_packets.write_req = 1652
stat.pool.100.port.switch.ingress_arrival_nonempty_packets.write_req = 5782
stat.pool.100.port.switch.ingress_arrival_nonempty_packet_frac.write_req = 0.777778
stat.pool.100.port.switch.ingress_nonempty_arrival_pre_occ_avg_bytes.write_req = 126.42
stat.pool.100.port.switch.ingress_nonempty_arrival_pre_occ_max_bytes.write_req = 344
stat.pool.100.port.switch.ingress_release_after_empty_arrival_packets.write_req = 1652
stat.pool.100.port.switch.ingress_release_after_nonempty_arrival_packets.write_req = 5782
stat.pool.100.port.switch.ingress_wait_after_empty_arrival_avg_cycles.write_req = 145
stat.pool.100.port.switch.ingress_wait_after_nonempty_arrival_avg_cycles.write_req = 145.011
stat.pool.100.port.switch.ingress_queue_wait_after_empty_arrival_avg_cycles.write_req = 0
stat.pool.100.port.switch.ingress_queue_wait_after_nonempty_arrival_avg_cycles.write_req = 0.0114147
stat.pool.100.port.switch.ingress_queue_wait_after_empty_arrival_max_cycles.write_req = 0
stat.pool.100.port.switch.ingress_queue_wait_after_nonempty_arrival_max_cycles.write_req = 1
stat.pool.100.port.switch.rx_bytes.write_req = 475776
stat.pool.100.port.switch.tx_bytes.write_req = 0
stat.pool.100.port.switch.rx_pkts.write_req = 7434
stat.pool.100.port.switch.tx_pkts.write_req = 0
stat.pool.100.port.switch.ingress_wait_avg_cycles.response = 0
stat.pool.100.port.switch.ingress_wait_max_cycles.response = 0
stat.pool.100.port.switch.ingress_queue_wait_avg_cycles.response = 0
stat.pool.100.port.switch.ingress_queue_wait_max_cycles.response = 0
stat.pool.100.port.switch.egress_wait_avg_cycles.response = 1
stat.pool.100.port.switch.egress_wait_max_cycles.response = 1
stat.pool.100.port.switch.egress_occ_avg_bytes.response = 0
stat.pool.100.port.switch.egress_occ_max_bytes.response = 0
stat.pool.100.port.switch.egress_blocked_cycles.response = 0
stat.pool.100.port.switch.ingress_arrival_empty_packets.response = 0
stat.pool.100.port.switch.ingress_arrival_nonempty_packets.response = 0
stat.pool.100.port.switch.ingress_arrival_nonempty_packet_frac.response = 0
stat.pool.100.port.switch.ingress_nonempty_arrival_pre_occ_avg_bytes.response = 0
stat.pool.100.port.switch.ingress_nonempty_arrival_pre_occ_max_bytes.response = 0
stat.pool.100.port.switch.ingress_release_after_empty_arrival_packets.response = 0
stat.pool.100.port.switch.ingress_release_after_nonempty_arrival_packets.response = 0
stat.pool.100.port.switch.ingress_wait_after_empty_arrival_avg_cycles.response = 0
stat.pool.100.port.switch.ingress_wait_after_nonempty_arrival_avg_cycles.response = 0
stat.pool.100.port.switch.ingress_queue_wait_after_empty_arrival_avg_cycles.response = 0
stat.pool.100.port.switch.ingress_queue_wait_after_nonempty_arrival_avg_cycles.response = 0
stat.pool.100.port.switch.ingress_queue_wait_after_empty_arrival_max_cycles.response = 0
stat.pool.100.port.switch.ingress_queue_wait_after_nonempty_arrival_max_cycles.response = 0
stat.pool.100.port.switch.rx_bytes.response = 0
stat.pool.100.port.switch.tx_bytes.response = 498496
stat.pool.100.port.switch.rx_pkts.response = 0
stat.pool.100.port.switch.tx_pkts.response = 7789
stat.pool.100.port.switch.ingress_wait_avg_cycles.other_req = 126
stat.pool.100.port.switch.ingress_wait_max_cycles.other_req = 146
stat.pool.100.port.switch.ingress_queue_wait_avg_cycles.other_req = 2
stat.pool.100.port.switch.ingress_queue_wait_max_cycles.other_req = 22
stat.pool.100.port.switch.egress_wait_avg_cycles.other_req = 0
stat.pool.100.port.switch.egress_wait_max_cycles.other_req = 0
stat.pool.100.port.switch.egress_occ_avg_bytes.other_req = 0
stat.pool.100.port.switch.egress_occ_max_bytes.other_req = 0
stat.pool.100.port.switch.egress_blocked_cycles.other_req = 0
stat.pool.100.port.switch.ingress_arrival_empty_packets.other_req = 1
stat.pool.100.port.switch.ingress_arrival_nonempty_packets.other_req = 10
stat.pool.100.port.switch.ingress_arrival_nonempty_packet_frac.other_req = 0.909091
stat.pool.100.port.switch.ingress_nonempty_arrival_pre_occ_avg_bytes.other_req = 108
stat.pool.100.port.switch.ingress_nonempty_arrival_pre_occ_max_bytes.other_req = 216
stat.pool.100.port.switch.ingress_release_after_empty_arrival_packets.other_req = 1
stat.pool.100.port.switch.ingress_release_after_nonempty_arrival_packets.other_req = 10
stat.pool.100.port.switch.ingress_wait_after_empty_arrival_avg_cycles.other_req = 124
stat.pool.100.port.switch.ingress_wait_after_nonempty_arrival_avg_cycles.other_req = 126.2
stat.pool.100.port.switch.ingress_queue_wait_after_empty_arrival_avg_cycles.other_req = 0
stat.pool.100.port.switch.ingress_queue_wait_after_nonempty_arrival_avg_cycles.other_req = 2.2
stat.pool.100.port.switch.ingress_queue_wait_after_empty_arrival_max_cycles.other_req = 0
stat.pool.100.port.switch.ingress_queue_wait_after_nonempty_arrival_max_cycles.other_req = 22
stat.pool.100.port.switch.rx_bytes.other_req = 88
stat.pool.100.port.switch.tx_bytes.other_req = 0
stat.pool.100.port.switch.rx_pkts.other_req = 11
stat.pool.100.port.switch.tx_pkts.other_req = 0
stat.pool.100.port.switch.ingress_occ_bucket_bytes.0 = 897264
stat.pool.100.port.switch.ready_occ_bucket_bytes.0 = 1538044
stat.pool.100.port.switch.ingress_occ_bucket_bytes.1_64 = 198586
stat.pool.100.port.switch.ready_occ_bucket_bytes.1_64 = 15227
stat.pool.100.port.switch.ingress_occ_bucket_bytes.65_256 = 417801
stat.pool.100.port.switch.ready_occ_bucket_bytes.65_256 = 0
stat.pool.100.port.switch.ingress_occ_bucket_bytes.257_1024 = 39620
stat.pool.100.port.switch.ready_occ_bucket_bytes.257_1024 = 0
stat.pool.100.port.switch.ingress_occ_bucket_bytes.1025_4096 = 0
stat.pool.100.port.switch.ready_occ_bucket_bytes.1025_4096 = 0
stat.pool.100.port.switch.ingress_occ_bucket_bytes.4097_plus = 0
stat.pool.100.port.switch.ready_occ_bucket_bytes.4097_plus = 0
stat.pool.100.port.switch.ingress_episode.count = 1969
stat.pool.100.port.switch.ingress_episode.avg_cycles = 333.168
stat.pool.100.port.switch.ingress_episode.max_cycles = 1503
stat.pool.100.port.switch.ingress_episode.avg_peak_occ_bytes = 189.924
stat.pool.100.port.switch.ingress_episode.max_peak_occ_bytes = 408
stat.pool.100.port.switch.ingress_episode.avg_arrival_pkts = 7.73337
stat.pool.100.port.switch.ingress_episode.max_arrival_pkts = 35
stat.pool.100.port.switch.ingress_episode.avg_arrival_bytes = 273.296
stat.pool.100.port.switch.ingress_episode.max_arrival_bytes = 1456
stat.pool.100.port.switch.ingress_episode.avg_release_pkts = 7.73337
stat.pool.100.port.switch.ingress_episode.max_release_pkts = 35
stat.pool.100.port.switch.ingress_episode.avg_release_bytes = 273.296
stat.pool.100.port.switch.ingress_episode.max_release_bytes = 1456
stat.pool.100.port.switch.ingress_episode.avg_wait_cycles = 1065.01
stat.pool.100.port.switch.ingress_episode.max_wait_cycles = 146
stat.pool.100.port.switch.ingress_episode.avg_queue_wait_cycles = 26.7902
stat.pool.100.port.switch.ingress_episode.max_queue_wait_cycles = 22
stat.pool.100.port.switch.ingress_episode.avg_src_distinct = 1
stat.pool.100.port.switch.ingress_episode.max_src_distinct = 1
stat.pool.100.port.switch.ingress_episode.avg_dst_distinct = 1
stat.pool.100.port.switch.ingress_episode.max_dst_distinct = 1
stat.pool.100.port.switch.ingress_episode.avg_arrival_pkts.demand_req = 3.95226
stat.pool.100.port.switch.ingress_episode.max_arrival_pkts.demand_req = 14
stat.pool.100.port.switch.ingress_episode.avg_release_pkts.demand_req = 3.95226
stat.pool.100.port.switch.ingress_episode.max_release_pkts.demand_req = 14
stat.pool.100.port.switch.ingress_pre_occ_bucket.demand_req.0 = 316
stat.pool.100.port.switch.ingress_queue_wait_bucket.demand_req.0 = 4583
stat.pool.100.port.switch.ingress_pre_occ_bucket.demand_req.1_64 = 1198
stat.pool.100.port.switch.ingress_queue_wait_bucket.demand_req.1_63 = 3199
stat.pool.100.port.switch.ingress_pre_occ_bucket.demand_req.65_256 = 5361
stat.pool.100.port.switch.ingress_queue_wait_bucket.demand_req.64_255 = 0
stat.pool.100.port.switch.ingress_pre_occ_bucket.demand_req.257_1024 = 907
stat.pool.100.port.switch.ingress_queue_wait_bucket.demand_req.256_1023 = 0
stat.pool.100.port.switch.ingress_pre_occ_bucket.demand_req.1025_4096 = 0
stat.pool.100.port.switch.ingress_queue_wait_bucket.demand_req.1024_4095 = 0
stat.pool.100.port.switch.ingress_pre_occ_bucket.demand_req.4097_plus = 0
stat.pool.100.port.switch.ingress_queue_wait_bucket.demand_req.4096_plus = 0
stat.pool.100.port.switch.ingress_episode.avg_arrival_pkts.write_req = 3.77552
stat.pool.100.port.switch.ingress_episode.max_arrival_pkts.write_req = 21
stat.pool.100.port.switch.ingress_episode.avg_release_pkts.write_req = 3.77552
stat.pool.100.port.switch.ingress_episode.max_release_pkts.write_req = 21
stat.pool.100.port.switch.ingress_pre_occ_bucket.write_req.0 = 1652
stat.pool.100.port.switch.ingress_queue_wait_bucket.write_req.0 = 7368
stat.pool.100.port.switch.ingress_pre_occ_bucket.write_req.1_64 = 1635
stat.pool.100.port.switch.ingress_queue_wait_bucket.write_req.1_63 = 66
stat.pool.100.port.switch.ingress_pre_occ_bucket.write_req.65_256 = 3803
stat.pool.100.port.switch.ingress_queue_wait_bucket.write_req.64_255 = 0
stat.pool.100.port.switch.ingress_pre_occ_bucket.write_req.257_1024 = 344
stat.pool.100.port.switch.ingress_queue_wait_bucket.write_req.256_1023 = 0
stat.pool.100.port.switch.ingress_pre_occ_bucket.write_req.1025_4096 = 0
stat.pool.100.port.switch.ingress_queue_wait_bucket.write_req.1024_4095 = 0
stat.pool.100.port.switch.ingress_pre_occ_bucket.write_req.4097_plus = 0
stat.pool.100.port.switch.ingress_queue_wait_bucket.write_req.4096_plus = 0
stat.pool.100.port.switch.ingress_episode.avg_arrival_pkts.response = 0
stat.pool.100.port.switch.ingress_episode.max_arrival_pkts.response = 0
stat.pool.100.port.switch.ingress_episode.avg_release_pkts.response = 0
stat.pool.100.port.switch.ingress_episode.max_release_pkts.response = 0
stat.pool.100.port.switch.ingress_pre_occ_bucket.response.0 = 0
stat.pool.100.port.switch.ingress_queue_wait_bucket.response.0 = 0
stat.pool.100.port.switch.ingress_pre_occ_bucket.response.1_64 = 0
stat.pool.100.port.switch.ingress_queue_wait_bucket.response.1_63 = 0
stat.pool.100.port.switch.ingress_pre_occ_bucket.response.65_256 = 0
stat.pool.100.port.switch.ingress_queue_wait_bucket.response.64_255 = 0
stat.pool.100.port.switch.ingress_pre_occ_bucket.response.257_1024 = 0
stat.pool.100.port.switch.ingress_queue_wait_bucket.response.256_1023 = 0
stat.pool.100.port.switch.ingress_pre_occ_bucket.response.1025_4096 = 0
stat.pool.100.port.switch.ingress_queue_wait_bucket.response.1024_4095 = 0
stat.pool.100.port.switch.ingress_pre_occ_bucket.response.4097_plus = 0
stat.pool.100.port.switch.ingress_queue_wait_bucket.response.4096_plus = 0
stat.pool.100.port.switch.ingress_episode.avg_arrival_pkts.other_req = 0.00558659
stat.pool.100.port.switch.ingress_episode.max_arrival_pkts.other_req = 1
stat.pool.100.port.switch.ingress_episode.avg_release_pkts.other_req = 0.00558659
stat.pool.100.port.switch.ingress_episode.max_release_pkts.other_req = 1
stat.pool.100.port.switch.ingress_pre_occ_bucket.other_req.0 = 1
stat.pool.100.port.switch.ingress_queue_wait_bucket.other_req.0 = 10
stat.pool.100.port.switch.ingress_pre_occ_bucket.other_req.1_64 = 4
stat.pool.100.port.switch.ingress_queue_wait_bucket.other_req.1_63 = 1
stat.pool.100.port.switch.ingress_pre_occ_bucket.other_req.65_256 = 6
stat.pool.100.port.switch.ingress_queue_wait_bucket.other_req.64_255 = 0
stat.pool.100.port.switch.ingress_pre_occ_bucket.other_req.257_1024 = 0
stat.pool.100.port.switch.ingress_queue_wait_bucket.other_req.256_1023 = 0
stat.pool.100.port.switch.ingress_pre_occ_bucket.other_req.1025_4096 = 0
stat.pool.100.port.switch.ingress_queue_wait_bucket.other_req.1024_4095 = 0
stat.pool.100.port.switch.ingress_pre_occ_bucket.other_req.4097_plus = 0
stat.pool.100.port.switch.ingress_queue_wait_bucket.other_req.4096_plus = 0
stat.pool.100.port.switch.peer_src.0.rx_bytes.demand_req = 62256
stat.pool.100.port.switch.peer_src.0.rx_pkts.demand_req = 7782
stat.pool.100.port.switch.peer_src.0.tx_bytes.demand_req = 0
stat.pool.100.port.switch.peer_src.0.tx_pkts.demand_req = 0
stat.pool.100.port.switch.peer_src.0.ingress_arrivals.demand_req = 7782
stat.pool.100.port.switch.peer_src.0.ingress_arrival_nonempty_packet_frac.demand_req = 0.959393
stat.pool.100.port.switch.peer_src.0.ingress_nonempty_arrival_pre_occ_avg_bytes.demand_req = 150.942
stat.pool.100.port.switch.peer_src.0.ingress_nonempty_arrival_pre_occ_max_bytes.demand_req = 400
stat.pool.100.port.switch.peer_src.0.ingress_wait_avg_cycles.demand_req = 130.767
stat.pool.100.port.switch.peer_src.0.ingress_queue_wait_avg_cycles.demand_req = 6.76715
stat.pool.100.port.switch.peer_src.0.ingress_queue_wait_after_nonempty_arrival_avg_cycles.demand_req = 7.05358
stat.pool.100.port.switch.peer_src.0.ingress_pre_occ_bucket.demand_req.0 = 316
stat.pool.100.port.switch.peer_src.0.ingress_queue_wait_bucket.demand_req.0 = 4583
stat.pool.100.port.switch.peer_src.0.ingress_pre_occ_bucket.demand_req.1_64 = 1198
stat.pool.100.port.switch.peer_src.0.ingress_queue_wait_bucket.demand_req.1_63 = 3199
stat.pool.100.port.switch.peer_src.0.ingress_pre_occ_bucket.demand_req.65_256 = 5361
stat.pool.100.port.switch.peer_src.0.ingress_queue_wait_bucket.demand_req.64_255 = 0
stat.pool.100.port.switch.peer_src.0.ingress_pre_occ_bucket.demand_req.257_1024 = 907
stat.pool.100.port.switch.peer_src.0.ingress_queue_wait_bucket.demand_req.256_1023 = 0
stat.pool.100.port.switch.peer_src.0.ingress_pre_occ_bucket.demand_req.1025_4096 = 0
stat.pool.100.port.switch.peer_src.0.ingress_queue_wait_bucket.demand_req.1024_4095 = 0
stat.pool.100.port.switch.peer_src.0.ingress_pre_occ_bucket.demand_req.4097_plus = 0
stat.pool.100.port.switch.peer_src.0.ingress_queue_wait_bucket.demand_req.4096_plus = 0
stat.pool.100.port.switch.peer_src.0.rx_bytes.write_req = 475776
stat.pool.100.port.switch.peer_src.0.rx_pkts.write_req = 7434
stat.pool.100.port.switch.peer_src.0.tx_bytes.write_req = 0
stat.pool.100.port.switch.peer_src.0.tx_pkts.write_req = 0
stat.pool.100.port.switch.peer_src.0.ingress_arrivals.write_req = 7434
stat.pool.100.port.switch.peer_src.0.ingress_arrival_nonempty_packet_frac.write_req = 0.777778
stat.pool.100.port.switch.peer_src.0.ingress_nonempty_arrival_pre_occ_avg_bytes.write_req = 126.42
stat.pool.100.port.switch.peer_src.0.ingress_nonempty_arrival_pre_occ_max_bytes.write_req = 344
stat.pool.100.port.switch.peer_src.0.ingress_wait_avg_cycles.write_req = 145.009
stat.pool.100.port.switch.peer_src.0.ingress_queue_wait_avg_cycles.write_req = 0.00887813
stat.pool.100.port.switch.peer_src.0.ingress_queue_wait_after_nonempty_arrival_avg_cycles.write_req = 0.0114147
stat.pool.100.port.switch.peer_src.0.ingress_pre_occ_bucket.write_req.0 = 1652
stat.pool.100.port.switch.peer_src.0.ingress_queue_wait_bucket.write_req.0 = 7368
stat.pool.100.port.switch.peer_src.0.ingress_pre_occ_bucket.write_req.1_64 = 1635
stat.pool.100.port.switch.peer_src.0.ingress_queue_wait_bucket.write_req.1_63 = 66
stat.pool.100.port.switch.peer_src.0.ingress_pre_occ_bucket.write_req.65_256 = 3803
stat.pool.100.port.switch.peer_src.0.ingress_queue_wait_bucket.write_req.64_255 = 0
stat.pool.100.port.switch.peer_src.0.ingress_pre_occ_bucket.write_req.257_1024 = 344
stat.pool.100.port.switch.peer_src.0.ingress_queue_wait_bucket.write_req.256_1023 = 0
stat.pool.100.port.switch.peer_src.0.ingress_pre_occ_bucket.write_req.1025_4096 = 0
stat.pool.100.port.switch.peer_src.0.ingress_queue_wait_bucket.write_req.1024_4095 = 0
stat.pool.100.port.switch.peer_src.0.ingress_pre_occ_bucket.write_req.4097_plus = 0
stat.pool.100.port.switch.peer_src.0.ingress_queue_wait_bucket.write_req.4096_plus = 0
stat.pool.100.port.switch.peer_src.0.rx_bytes.other_req = 88
stat.pool.100.port.switch.peer_src.0.rx_pkts.other_req = 11
stat.pool.100.port.switch.peer_src.0.tx_bytes.other_req = 0
stat.pool.100.port.switch.peer_src.0.tx_pkts.other_req = 0
stat.pool.100.port.switch.peer_src.0.ingress_arrivals.other_req = 11
stat.pool.100.port.switch.peer_src.0.ingress_arrival_nonempty_packet_frac.other_req = 0.909091
stat.pool.100.port.switch.peer_src.0.ingress_nonempty_arrival_pre_occ_avg_bytes.other_req = 108
stat.pool.100.port.switch.peer_src.0.ingress_nonempty_arrival_pre_occ_max_bytes.other_req = 216
stat.pool.100.port.switch.peer_src.0.ingress_wait_avg_cycles.other_req = 126
stat.pool.100.port.switch.peer_src.0.ingress_queue_wait_avg_cycles.other_req = 2
stat.pool.100.port.switch.peer_src.0.ingress_queue_wait_after_nonempty_arrival_avg_cycles.other_req = 2.2
stat.pool.100.port.switch.peer_src.0.ingress_pre_occ_bucket.other_req.0 = 1
stat.pool.100.port.switch.peer_src.0.ingress_queue_wait_bucket.other_req.0 = 10
stat.pool.100.port.switch.peer_src.0.ingress_pre_occ_bucket.other_req.1_64 = 4
stat.pool.100.port.switch.peer_src.0.ingress_queue_wait_bucket.other_req.1_63 = 1
stat.pool.100.port.switch.peer_src.0.ingress_pre_occ_bucket.other_req.65_256 = 6
stat.pool.100.port.switch.peer_src.0.ingress_queue_wait_bucket.other_req.64_255 = 0
stat.pool.100.port.switch.peer_src.0.ingress_pre_occ_bucket.other_req.257_1024 = 0
stat.pool.100.port.switch.peer_src.0.ingress_queue_wait_bucket.other_req.256_1023 = 0
stat.pool.100.port.switch.peer_src.0.ingress_pre_occ_bucket.other_req.1025_4096 = 0
stat.pool.100.port.switch.peer_src.0.ingress_queue_wait_bucket.other_req.1024_4095 = 0
stat.pool.100.port.switch.peer_src.0.ingress_pre_occ_bucket.other_req.4097_plus = 0
stat.pool.100.port.switch.peer_src.0.ingress_queue_wait_bucket.other_req.4096_plus = 0
stat.pool.100.port.switch.peer_dst.100.rx_bytes.demand_req = 62256
stat.pool.100.port.switch.peer_dst.100.rx_pkts.demand_req = 7782
stat.pool.100.port.switch.peer_dst.100.tx_bytes.demand_req = 0
stat.pool.100.port.switch.peer_dst.100.tx_pkts.demand_req = 0
stat.pool.100.port.switch.peer_dst.100.ingress_arrivals.demand_req = 7782
stat.pool.100.port.switch.peer_dst.100.ingress_arrival_nonempty_packet_frac.demand_req = 0.959393
stat.pool.100.port.switch.peer_dst.100.ingress_nonempty_arrival_pre_occ_avg_bytes.demand_req = 150.942
stat.pool.100.port.switch.peer_dst.100.ingress_nonempty_arrival_pre_occ_max_bytes.demand_req = 400
stat.pool.100.port.switch.peer_dst.100.ingress_wait_avg_cycles.demand_req = 130.767
stat.pool.100.port.switch.peer_dst.100.ingress_queue_wait_avg_cycles.demand_req = 6.76715
stat.pool.100.port.switch.peer_dst.100.ingress_queue_wait_after_nonempty_arrival_avg_cycles.demand_req = 7.05358
stat.pool.100.port.switch.peer_dst.100.ingress_pre_occ_bucket.demand_req.0 = 316
stat.pool.100.port.switch.peer_dst.100.ingress_queue_wait_bucket.demand_req.0 = 4583
stat.pool.100.port.switch.peer_dst.100.ingress_pre_occ_bucket.demand_req.1_64 = 1198
stat.pool.100.port.switch.peer_dst.100.ingress_queue_wait_bucket.demand_req.1_63 = 3199
stat.pool.100.port.switch.peer_dst.100.ingress_pre_occ_bucket.demand_req.65_256 = 5361
stat.pool.100.port.switch.peer_dst.100.ingress_queue_wait_bucket.demand_req.64_255 = 0
stat.pool.100.port.switch.peer_dst.100.ingress_pre_occ_bucket.demand_req.257_1024 = 907
stat.pool.100.port.switch.peer_dst.100.ingress_queue_wait_bucket.demand_req.256_1023 = 0
stat.pool.100.port.switch.peer_dst.100.ingress_pre_occ_bucket.demand_req.1025_4096 = 0
stat.pool.100.port.switch.peer_dst.100.ingress_queue_wait_bucket.demand_req.1024_4095 = 0
stat.pool.100.port.switch.peer_dst.100.ingress_pre_occ_bucket.demand_req.4097_plus = 0
stat.pool.100.port.switch.peer_dst.100.ingress_queue_wait_bucket.demand_req.4096_plus = 0
stat.pool.100.port.switch.peer_dst.100.rx_bytes.write_req = 475776
stat.pool.100.port.switch.peer_dst.100.rx_pkts.write_req = 7434
stat.pool.100.port.switch.peer_dst.100.tx_bytes.write_req = 0
stat.pool.100.port.switch.peer_dst.100.tx_pkts.write_req = 0
stat.pool.100.port.switch.peer_dst.100.ingress_arrivals.write_req = 7434
stat.pool.100.port.switch.peer_dst.100.ingress_arrival_nonempty_packet_frac.write_req = 0.777778
stat.pool.100.port.switch.peer_dst.100.ingress_nonempty_arrival_pre_occ_avg_bytes.write_req = 126.42
stat.pool.100.port.switch.peer_dst.100.ingress_nonempty_arrival_pre_occ_max_bytes.write_req = 344
stat.pool.100.port.switch.peer_dst.100.ingress_wait_avg_cycles.write_req = 145.009
stat.pool.100.port.switch.peer_dst.100.ingress_queue_wait_avg_cycles.write_req = 0.00887813
stat.pool.100.port.switch.peer_dst.100.ingress_queue_wait_after_nonempty_arrival_avg_cycles.write_req = 0.0114147
stat.pool.100.port.switch.peer_dst.100.ingress_pre_occ_bucket.write_req.0 = 1652
stat.pool.100.port.switch.peer_dst.100.ingress_queue_wait_bucket.write_req.0 = 7368
stat.pool.100.port.switch.peer_dst.100.ingress_pre_occ_bucket.write_req.1_64 = 1635
stat.pool.100.port.switch.peer_dst.100.ingress_queue_wait_bucket.write_req.1_63 = 66
stat.pool.100.port.switch.peer_dst.100.ingress_pre_occ_bucket.write_req.65_256 = 3803
stat.pool.100.port.switch.peer_dst.100.ingress_queue_wait_bucket.write_req.64_255 = 0
stat.pool.100.port.switch.peer_dst.100.ingress_pre_occ_bucket.write_req.257_1024 = 344
stat.pool.100.port.switch.peer_dst.100.ingress_queue_wait_bucket.write_req.256_1023 = 0
stat.pool.100.port.switch.peer_dst.100.ingress_pre_occ_bucket.write_req.1025_4096 = 0
stat.pool.100.port.switch.peer_dst.100.ingress_queue_wait_bucket.write_req.1024_4095 = 0
stat.pool.100.port.switch.peer_dst.100.ingress_pre_occ_bucket.write_req.4097_plus = 0
stat.pool.100.port.switch.peer_dst.100.ingress_queue_wait_bucket.write_req.4096_plus = 0
stat.pool.100.port.switch.peer_dst.100.rx_bytes.other_req = 88
stat.pool.100.port.switch.peer_dst.100.rx_pkts.other_req = 11
stat.pool.100.port.switch.peer_dst.100.tx_bytes.other_req = 0
stat.pool.100.port.switch.peer_dst.100.tx_pkts.other_req = 0
stat.pool.100.port.switch.peer_dst.100.ingress_arrivals.other_req = 11
stat.pool.100.port.switch.peer_dst.100.ingress_arrival_nonempty_packet_frac.other_req = 0.909091
stat.pool.100.port.switch.peer_dst.100.ingress_nonempty_arrival_pre_occ_avg_bytes.other_req = 108
stat.pool.100.port.switch.peer_dst.100.ingress_nonempty_arrival_pre_occ_max_bytes.other_req = 216
stat.pool.100.port.switch.peer_dst.100.ingress_wait_avg_cycles.other_req = 126
stat.pool.100.port.switch.peer_dst.100.ingress_queue_wait_avg_cycles.other_req = 2
stat.pool.100.port.switch.peer_dst.100.ingress_queue_wait_after_nonempty_arrival_avg_cycles.other_req = 2.2
stat.pool.100.port.switch.peer_dst.100.ingress_pre_occ_bucket.other_req.0 = 1
stat.pool.100.port.switch.peer_dst.100.ingress_queue_wait_bucket.other_req.0 = 10
stat.pool.100.port.switch.peer_dst.100.ingress_pre_occ_bucket.other_req.1_64 = 4
stat.pool.100.port.switch.peer_dst.100.ingress_queue_wait_bucket.other_req.1_63 = 1
stat.pool.100.port.switch.peer_dst.100.ingress_pre_occ_bucket.other_req.65_256 = 6
stat.pool.100.port.switch.peer_dst.100.ingress_queue_wait_bucket.other_req.64_255 = 0
stat.pool.100.port.switch.peer_dst.100.ingress_pre_occ_bucket.other_req.257_1024 = 0
stat.pool.100.port.switch.peer_dst.100.ingress_queue_wait_bucket.other_req.256_1023 = 0
stat.pool.100.port.switch.peer_dst.100.ingress_pre_occ_bucket.other_req.1025_4096 = 0
stat.pool.100.port.switch.peer_dst.100.ingress_queue_wait_bucket.other_req.1024_4095 = 0
stat.pool.100.port.switch.peer_dst.100.ingress_pre_occ_bucket.other_req.4097_plus = 0
stat.pool.100.port.switch.peer_dst.100.ingress_queue_wait_bucket.other_req.4096_plus = 0
stat.pool.100.port.switch.tx_src.100.rx_bytes.response = 0
stat.pool.100.port.switch.tx_src.100.rx_pkts.response = 0
stat.pool.100.port.switch.tx_src.100.tx_bytes.response = 498496
stat.pool.100.port.switch.tx_src.100.tx_pkts.response = 7789
stat.pool.100.port.switch.tx_src.100.ingress_arrivals.response = 0
stat.pool.100.port.switch.tx_src.100.ingress_arrival_nonempty_packet_frac.response = 0
stat.pool.100.port.switch.tx_src.100.ingress_nonempty_arrival_pre_occ_avg_bytes.response = 0
stat.pool.100.port.switch.tx_src.100.ingress_nonempty_arrival_pre_occ_max_bytes.response = 0
stat.pool.100.port.switch.tx_src.100.ingress_wait_avg_cycles.response = 0
stat.pool.100.port.switch.tx_src.100.ingress_queue_wait_avg_cycles.response = 0
stat.pool.100.port.switch.tx_src.100.ingress_queue_wait_after_nonempty_arrival_avg_cycles.response = 0
stat.pool.100.port.switch.tx_src.100.ingress_pre_occ_bucket.response.0 = 0
stat.pool.100.port.switch.tx_src.100.ingress_queue_wait_bucket.response.0 = 0
stat.pool.100.port.switch.tx_src.100.ingress_pre_occ_bucket.response.1_64 = 0
stat.pool.100.port.switch.tx_src.100.ingress_queue_wait_bucket.response.1_63 = 0
stat.pool.100.port.switch.tx_src.100.ingress_pre_occ_bucket.response.65_256 = 0
stat.pool.100.port.switch.tx_src.100.ingress_queue_wait_bucket.response.64_255 = 0
stat.pool.100.port.switch.tx_src.100.ingress_pre_occ_bucket.response.257_1024 = 0
stat.pool.100.port.switch.tx_src.100.ingress_queue_wait_bucket.response.256_1023 = 0
stat.pool.100.port.switch.tx_src.100.ingress_pre_occ_bucket.response.1025_4096 = 0
stat.pool.100.port.switch.tx_src.100.ingress_queue_wait_bucket.response.1024_4095 = 0
stat.pool.100.port.switch.tx_src.100.ingress_pre_occ_bucket.response.4097_plus = 0
stat.pool.100.port.switch.tx_src.100.ingress_queue_wait_bucket.response.4096_plus = 0
stat.pool.100.port.switch.tx_dst.0.rx_bytes.response = 0
stat.pool.100.port.switch.tx_dst.0.rx_pkts.response = 0
stat.pool.100.port.switch.tx_dst.0.tx_bytes.response = 498496
stat.pool.100.port.switch.tx_dst.0.tx_pkts.response = 7789
stat.pool.100.port.switch.tx_dst.0.ingress_arrivals.response = 0
stat.pool.100.port.switch.tx_dst.0.ingress_arrival_nonempty_packet_frac.response = 0
stat.pool.100.port.switch.tx_dst.0.ingress_nonempty_arrival_pre_occ_avg_bytes.response = 0
stat.pool.100.port.switch.tx_dst.0.ingress_nonempty_arrival_pre_occ_max_bytes.response = 0
stat.pool.100.port.switch.tx_dst.0.ingress_wait_avg_cycles.response = 0
stat.pool.100.port.switch.tx_dst.0.ingress_queue_wait_avg_cycles.response = 0
stat.pool.100.port.switch.tx_dst.0.ingress_queue_wait_after_nonempty_arrival_avg_cycles.response = 0
stat.pool.100.port.switch.tx_dst.0.ingress_pre_occ_bucket.response.0 = 0
stat.pool.100.port.switch.tx_dst.0.ingress_queue_wait_bucket.response.0 = 0
stat.pool.100.port.switch.tx_dst.0.ingress_pre_occ_bucket.response.1_64 = 0
stat.pool.100.port.switch.tx_dst.0.ingress_queue_wait_bucket.response.1_63 = 0
stat.pool.100.port.switch.tx_dst.0.ingress_pre_occ_bucket.response.65_256 = 0
stat.pool.100.port.switch.tx_dst.0.ingress_queue_wait_bucket.response.64_255 = 0
stat.pool.100.port.switch.tx_dst.0.ingress_pre_occ_bucket.response.257_1024 = 0
stat.pool.100.port.switch.tx_dst.0.ingress_queue_wait_bucket.response.256_1023 = 0
stat.pool.100.port.switch.tx_dst.0.ingress_pre_occ_bucket.response.1025_4096 = 0
stat.pool.100.port.switch.tx_dst.0.ingress_queue_wait_bucket.response.1024_4095 = 0
stat.pool.100.port.switch.tx_dst.0.ingress_pre_occ_bucket.response.4097_plus = 0
stat.pool.100.port.switch.tx_dst.0.ingress_queue_wait_bucket.response.4096_plus = 0
stat.pool.100.walltime_s = 144.531
stat.pool.100.active_time_s = 10.5442
stat.switch.replicated_messages = 14868
stat.switch.util.node_ingress_avg = 0.15102
stat.switch.util.pool_ingress_avg = 0.125357
stat.switch.fabric.node_ingress_wait_avg_cycles = 134.691
stat.switch.fabric.node_egress_wait_avg_cycles = 1
stat.switch.fabric.pool_ingress_wait_avg_cycles = 158.885
stat.switch.fabric.pool_egress_wait_avg_cycles = 1
stat.switch.fabric.node_ingress_queue_wait_avg_cycles = 3.90956
stat.switch.fabric.pool_ingress_queue_wait_avg_cycles = 13.8849
stat.switch.fabric.node_ready_wait_avg_cycles = 0
stat.switch.fabric.pool_ready_wait_avg_cycles = 0
stat.switch.fabric.node_ingress_wait_max_cycles = 183
stat.switch.fabric.node_egress_wait_max_cycles = 1
stat.switch.fabric.pool_ingress_wait_max_cycles = 292
stat.switch.fabric.pool_egress_wait_max_cycles = 1
stat.switch.fabric.node_ingress_queue_wait_max_cycles = 54
stat.switch.fabric.pool_ingress_queue_wait_max_cycles = 147
stat.switch.fabric.node_ready_wait_max_cycles = 0
stat.switch.fabric.pool_ready_wait_max_cycles = 0
stat.switch.fabric.node_ingress_occ_bytes = 256
stat.switch.fabric.pool_ingress_occ_bytes = 64
stat.switch.fabric.node_ready_occ_avg_pkts = 0.0148203
stat.switch.fabric.pool_ready_occ_avg_pkts = 0.00501426
stat.switch.fabric.node_ready_occ_pkts = 0
stat.switch.fabric.pool_ready_occ_pkts = 0
stat.switch.fabric.node_ready_occ_max_pkts = 1
stat.switch.fabric.pool_ready_occ_max_pkts = 1
stat.switch.fabric.node_ready_retry_count = 0
stat.switch.fabric.pool_ready_retry_count = 0
stat.switch.fabric.node_ingress_arrival_burst_max_pkts = 2
stat.switch.fabric.node_ingress_arrival_burst_max_bytes = 72
stat.switch.fabric.node_ingress_arrival_burst_avg_pkts = 1.00779
stat.switch.fabric.node_ingress_arrival_burst_avg_bytes = 26.2943
stat.switch.fabric.node_ingress_arrival_burst_stddev_pkts = 0.0879238
stat.switch.fabric.node_ingress_arrival_burst_stddev_bytes = 26.3399
stat.switch.fabric.node_ingress_arrival_nonempty_frac = 0.0147083
stat.switch.fabric.node_ingress_arrival_run_max_cycles = 7
stat.switch.fabric.node_ingress_arrival_run_avg_cycles = 1.12731
stat.switch.fabric.node_ingress_arrival_run_stddev_cycles = 0.423896
stat.switch.fabric.node_ingress_arrival_gap_max_cycles = 738
stat.switch.fabric.node_ingress_arrival_gap_avg_cycles = 50.3594
stat.switch.fabric.node_ingress_arrival_gap_stddev_cycles = 95.3175
stat.switch.fabric.node_ingress_release_burst_max_pkts = 1
stat.switch.fabric.node_ingress_release_burst_max_bytes = 64
stat.switch.fabric.node_ingress_release_burst_avg_pkts = 1
stat.switch.fabric.node_ingress_release_burst_avg_bytes = 26.0844
stat.switch.fabric.node_ingress_release_burst_stddev_pkts = 0
stat.switch.fabric.node_ingress_release_burst_stddev_bytes = 26.1855
stat.switch.fabric.node_ingress_release_nonempty_frac = 0.0148203
stat.switch.fabric.node_ingress_release_run_max_cycles = 1
stat.switch.fabric.node_ingress_release_run_avg_cycles = 1
stat.switch.fabric.node_ingress_release_run_stddev_cycles = 0
stat.switch.fabric.node_ingress_release_gap_max_cycles = 703
stat.switch.fabric.node_ingress_release_gap_avg_cycles = 44.3196
stat.switch.fabric.node_ingress_release_gap_stddev_cycles = 94.2146
stat.switch.fabric.pool_ingress_arrival_burst_max_pkts = 1
stat.switch.fabric.pool_ingress_arrival_burst_max_bytes = 64
stat.switch.fabric.pool_ingress_arrival_burst_avg_pkts = 1
stat.switch.fabric.pool_ingress_arrival_burst_avg_bytes = 64
stat.switch.fabric.pool_ingress_arrival_burst_stddev_pkts = 0
stat.switch.fabric.pool_ingress_arrival_burst_stddev_bytes = 0
stat.switch.fabric.pool_ingress_arrival_nonempty_frac = 0.00501458
stat.switch.fabric.pool_ingress_arrival_run_max_cycles = 1
stat.switch.fabric.pool_ingress_arrival_run_avg_cycles = 1
stat.switch.fabric.pool_ingress_arrival_run_stddev_cycles = 0
stat.switch.fabric.pool_ingress_arrival_gap_max_cycles = 1427
stat.switch.fabric.pool_ingress_arrival_gap_avg_cycles = 132.904
stat.switch.fabric.pool_ingress_arrival_gap_stddev_cycles = 186.327
stat.switch.fabric.pool_ingress_release_burst_max_pkts = 1
stat.switch.fabric.pool_ingress_release_burst_max_bytes = 64
stat.switch.fabric.pool_ingress_release_burst_avg_pkts = 1
stat.switch.fabric.pool_ingress_release_burst_avg_bytes = 64
stat.switch.fabric.pool_ingress_release_burst_stddev_pkts = 0
stat.switch.fabric.pool_ingress_release_burst_stddev_bytes = 0
stat.switch.fabric.pool_ingress_release_nonempty_frac = 0.00501426
stat.switch.fabric.pool_ingress_release_run_max_cycles = 1
stat.switch.fabric.pool_ingress_release_run_avg_cycles = 1
stat.switch.fabric.pool_ingress_release_run_stddev_cycles = 0
stat.switch.fabric.pool_ingress_release_gap_max_cycles = 1301
stat.switch.fabric.pool_ingress_release_gap_avg_cycles = 132.903
stat.switch.fabric.pool_ingress_release_gap_stddev_cycles = 173.711
stat.switch.fabric.node_ingress_occ_avg_bytes = 54.7291
stat.switch.fabric.node_ingress_occ_stddev_bytes = 80.9928
stat.switch.fabric.node_ingress_occ_max_bytes = 488
stat.switch.fabric.node_ingress_occ_nonempty_frac = 0.447869
stat.switch.fabric.node_ingress_occ_run_max_cycles = 1743
stat.switch.fabric.node_ingress_occ_run_avg_cycles = 374.012
stat.switch.fabric.node_ingress_occ_run_stddev_cycles = 160.366
stat.switch.fabric.node_ingress_occ_gap_max_cycles = 578
stat.switch.fabric.node_ingress_occ_gap_avg_cycles = 187.046
stat.switch.fabric.node_ingress_occ_gap_stddev_cycles = 129.012
stat.switch.fabric.pool_ingress_occ_avg_bytes = 50.6676
stat.switch.fabric.pool_ingress_occ_stddev_bytes = 85.7894
stat.switch.fabric.pool_ingress_occ_max_bytes = 512
stat.switch.fabric.pool_ingress_occ_nonempty_frac = 0.349654
stat.switch.fabric.pool_ingress_occ_run_max_cycles = 940
stat.switch.fabric.pool_ingress_occ_run_avg_cycles = 249.821
stat.switch.fabric.pool_ingress_occ_run_stddev_cycles = 97.9334
stat.switch.fabric.pool_ingress_occ_gap_max_cycles = 1158
stat.switch.fabric.pool_ingress_occ_gap_avg_cycles = 230.019
stat.switch.fabric.pool_ingress_occ_gap_stddev_cycles = 161.135
stat.switch.route.blocked_to_node = 0
stat.switch.route.blocked_to_pool = 0
stat.switch.route.blocked_replicated_write = 0
stat.switch.route.send_fail_to_node = 0
stat.switch.route.send_fail_to_pool = 0
stat.switch.route.attempt_to_node.demand_req = 0
stat.switch.route.attempt_to_pool.demand_req = 15561
stat.switch.route.blocked_to_node.demand_req = 0
stat.switch.route.blocked_to_pool.demand_req = 0
stat.switch.route.send_fail_to_node.demand_req = 0
stat.switch.route.send_fail_to_pool.demand_req = 0
stat.switch.route.replicated_clones.demand_req = 0
stat.switch.fabric.node_rx_bytes.demand_req = 124488
stat.switch.fabric.node_tx_bytes.demand_req = 0
stat.switch.fabric.pool_rx_bytes.demand_req = 0
stat.switch.fabric.pool_tx_bytes.demand_req = 124488
stat.switch.fabric.node_rx_pkts.demand_req = 15561
stat.switch.fabric.node_tx_pkts.demand_req = 0
stat.switch.fabric.pool_rx_pkts.demand_req = 0
stat.switch.fabric.pool_tx_pkts.demand_req = 15561
stat.switch.route.attempt_to_node.write_req = 0
stat.switch.route.attempt_to_pool.write_req = 14868
stat.switch.route.blocked_to_node.write_req = 0
stat.switch.route.blocked_to_pool.write_req = 0
stat.switch.route.send_fail_to_node.write_req = 0
stat.switch.route.send_fail_to_pool.write_req = 0
stat.switch.route.replicated_clones.write_req = 14868
stat.switch.fabric.node_rx_bytes.write_req = 476032
stat.switch.fabric.node_tx_bytes.write_req = 0
stat.switch.fabric.pool_rx_bytes.write_req = 0
stat.switch.fabric.pool_tx_bytes.write_req = 951552
stat.switch.fabric.node_rx_pkts.write_req = 7438
stat.switch.fabric.node_tx_pkts.write_req = 0
stat.switch.fabric.pool_rx_pkts.write_req = 0
stat.switch.fabric.pool_tx_pkts.write_req = 14868
stat.switch.route.attempt_to_node.response = 15577
stat.switch.route.attempt_to_pool.response = 0
stat.switch.route.blocked_to_node.response = 0
stat.switch.route.blocked_to_pool.response = 0
stat.switch.route.send_fail_to_node.response = 0
stat.switch.route.send_fail_to_pool.response = 0
stat.switch.route.replicated_clones.response = 0
stat.switch.fabric.node_rx_bytes.response = 0
stat.switch.fabric.node_tx_bytes.response = 996928
stat.switch.fabric.pool_rx_bytes.response = 996992
stat.switch.fabric.pool_tx_bytes.response = 0
stat.switch.fabric.node_rx_pkts.response = 0
stat.switch.fabric.node_tx_pkts.response = 15577
stat.switch.fabric.pool_rx_pkts.response = 15578
stat.switch.fabric.pool_tx_pkts.response = 0
stat.switch.route.attempt_to_node.other_req = 0
stat.switch.route.attempt_to_pool.other_req = 25
stat.switch.route.blocked_to_node.other_req = 0
stat.switch.route.blocked_to_pool.other_req = 0
stat.switch.route.send_fail_to_node.other_req = 0
stat.switch.route.send_fail_to_pool.other_req = 0
stat.switch.route.replicated_clones.other_req = 0
stat.switch.fabric.node_rx_bytes.other_req = 200
stat.switch.fabric.node_tx_bytes.other_req = 0
stat.switch.fabric.pool_rx_bytes.other_req = 0
stat.switch.fabric.pool_tx_bytes.other_req = 200
stat.switch.fabric.node_rx_pkts.other_req = 25
stat.switch.fabric.node_tx_pkts.other_req = 0
stat.switch.fabric.pool_rx_pkts.other_req = 0
stat.switch.fabric.pool_tx_pkts.other_req = 25
stat.switch.bw.host_to_switch_gbps = 0.928188
stat.switch.bw.switch_to_host_gbps = 1.54038
stat.switch.bw.host_link_total_gbps = 2.46857
stat.switch.port.node.0.ingress_wait_avg_cycles = 134.691
stat.switch.port.node.0.ingress_wait_max_cycles = 183
stat.switch.port.node.0.egress_wait_avg_cycles = 1
stat.switch.port.node.0.egress_wait_max_cycles = 1
stat.switch.port.node.0.ingress_queue_wait_avg_cycles = 3.90956
stat.switch.port.node.0.ingress_queue_wait_max_cycles = 54
stat.switch.port.node.0.egress_occ_avg_bytes = 0
stat.switch.port.node.0.egress_occ_stddev_bytes = 0
stat.switch.port.node.0.egress_occ_max_bytes = 0
stat.switch.port.node.0.egress_occ_nonempty_frac = 0
stat.switch.port.node.0.egress_blocked_cycles = 0
stat.switch.port.node.0.egress_blocked_nonempty_frac = 0
stat.switch.port.node.0.egress_blocked_avg_occ_bytes = 0
stat.switch.port.node.0.egress_blocked_max_occ_bytes = 0
stat.switch.port.node.0.egress_send_burst_max_pkts = 2
stat.switch.port.node.0.egress_send_burst_max_bytes = 128
stat.switch.port.node.0.egress_send_burst_avg_pkts = 1.21914
stat.switch.port.node.0.egress_send_burst_avg_bytes = 78.0252
stat.switch.port.node.0.egress_send_burst_stddev_pkts = 0.413666
stat.switch.port.node.0.egress_send_burst_stddev_bytes = 26.4746
stat.switch.port.node.0.egress_send_nonempty_frac = 0.00822587
stat.switch.port.node.0.ingress_arrival_burst_avg_bytes = 26.2943
stat.switch.port.node.0.ingress_arrival_nonempty_frac = 0.0147083
stat.switch.port.node.0.ingress_arrival_run_max_cycles = 7
stat.switch.port.node.0.ingress_arrival_run_avg_cycles = 1.12731
stat.switch.port.node.0.ingress_arrival_gap_max_cycles = 738
stat.switch.port.node.0.ingress_arrival_gap_avg_cycles = 50.3594
stat.switch.port.node.0.ingress_release_burst_avg_bytes = 26.0844
stat.switch.port.node.0.ingress_release_nonempty_frac = 0.0148203
stat.switch.port.node.0.ingress_release_run_max_cycles = 1
stat.switch.port.node.0.ingress_release_run_avg_cycles = 1
stat.switch.port.node.0.ingress_release_gap_max_cycles = 703
stat.switch.port.node.0.ingress_release_gap_avg_cycles = 44.3196
stat.switch.port.node.0.ingress_occ_avg_bytes = 54.7291
stat.switch.port.node.0.ingress_occ_stddev_bytes = 80.9928
stat.switch.port.node.0.ingress_occ_max_bytes = 488
stat.switch.port.node.0.ingress_occ_nonempty_frac = 0.447869
stat.switch.port.node.0.ingress_occ_run_max_cycles = 1743
stat.switch.port.node.0.ingress_occ_run_avg_cycles = 374.012
stat.switch.port.node.0.ingress_occ_gap_max_cycles = 578
stat.switch.port.node.0.ingress_occ_gap_avg_cycles = 187.046
stat.switch.port.node.0.ingress_wait_avg_cycles.demand_req = 129.288
stat.switch.port.node.0.ingress_wait_max_cycles.demand_req = 178
stat.switch.port.node.0.ingress_queue_wait_avg_cycles.demand_req = 5.28803
stat.switch.port.node.0.ingress_queue_wait_max_cycles.demand_req = 54
stat.switch.port.node.0.egress_wait_avg_cycles.demand_req = 0
stat.switch.port.node.0.egress_wait_max_cycles.demand_req = 0
stat.switch.port.node.0.egress_occ_avg_bytes.demand_req = 0
stat.switch.port.node.0.egress_occ_max_bytes.demand_req = 0
stat.switch.port.node.0.egress_blocked_cycles.demand_req = 0
stat.switch.port.node.0.ingress_arrival_empty_packets.demand_req = 376
stat.switch.port.node.0.ingress_arrival_nonempty_packets.demand_req = 15185
stat.switch.port.node.0.ingress_arrival_nonempty_packet_frac.demand_req = 0.975837
stat.switch.port.node.0.ingress_nonempty_arrival_pre_occ_avg_bytes.demand_req = 152.605
stat.switch.port.node.0.ingress_nonempty_arrival_pre_occ_max_bytes.demand_req = 440
stat.switch.port.node.0.ingress_release_after_empty_arrival_packets.demand_req = 376
stat.switch.port.node.0.ingress_release_after_nonempty_arrival_packets.demand_req = 15185
stat.switch.port.node.0.ingress_wait_after_empty_arrival_avg_cycles.demand_req = 124
stat.switch.port.node.0.ingress_wait_after_nonempty_arrival_avg_cycles.demand_req = 129.419
stat.switch.port.node.0.ingress_queue_wait_after_empty_arrival_avg_cycles.demand_req = 0
stat.switch.port.node.0.ingress_queue_wait_after_nonempty_arrival_avg_cycles.demand_req = 5.41897
stat.switch.port.node.0.ingress_queue_wait_after_empty_arrival_max_cycles.demand_req = 0
stat.switch.port.node.0.ingress_queue_wait_after_nonempty_arrival_max_cycles.demand_req = 54
stat.switch.port.node.0.rx_bytes.demand_req = 124488
stat.switch.port.node.0.tx_bytes.demand_req = 0
stat.switch.port.node.0.rx_pkts.demand_req = 15561
stat.switch.port.node.0.tx_pkts.demand_req = 0
stat.switch.port.node.0.ingress_wait_avg_cycles.write_req = 146.023
stat.switch.port.node.0.ingress_wait_max_cycles.write_req = 183
stat.switch.port.node.0.ingress_queue_wait_avg_cycles.write_req = 1.02287
stat.switch.port.node.0.ingress_queue_wait_max_cycles.write_req = 38
stat.switch.port.node.0.egress_wait_avg_cycles.write_req = 0
stat.switch.port.node.0.egress_wait_max_cycles.write_req = 0
stat.switch.port.node.0.egress_occ_avg_bytes.write_req = 0
stat.switch.port.node.0.egress_occ_max_bytes.write_req = 0
stat.switch.port.node.0.egress_blocked_cycles.write_req = 0
stat.switch.port.node.0.ingress_arrival_empty_packets.write_req = 1483
stat.switch.port.node.0.ingress_arrival_nonempty_packets.write_req = 5955
stat.switch.port.node.0.ingress_arrival_nonempty_packet_frac.write_req = 0.800618
stat.switch.port.node.0.ingress_nonempty_arrival_pre_occ_avg_bytes.write_req = 132.938
stat.switch.port.node.0.ingress_nonempty_arrival_pre_occ_max_bytes.write_req = 424
stat.switch.port.node.0.ingress_release_after_empty_arrival_packets.write_req = 1482
stat.switch.port.node.0.ingress_release_after_nonempty_arrival_packets.write_req = 5952
stat.switch.port.node.0.ingress_wait_after_empty_arrival_avg_cycles.write_req = 145
stat.switch.port.node.0.ingress_wait_after_nonempty_arrival_avg_cycles.write_req = 146.278
stat.switch.port.node.0.ingress_queue_wait_after_empty_arrival_avg_cycles.write_req = 0
stat.switch.port.node.0.ingress_queue_wait_after_nonempty_arrival_avg_cycles.write_req = 1.27755
stat.switch.port.node.0.ingress_queue_wait_after_empty_arrival_max_cycles.write_req = 0
stat.switch.port.node.0.ingress_queue_wait_after_nonempty_arrival_max_cycles.write_req = 38
stat.switch.port.node.0.rx_bytes.write_req = 476032
stat.switch.port.node.0.tx_bytes.write_req = 0
stat.switch.port.node.0.rx_pkts.write_req = 7438
stat.switch.port.node.0.tx_pkts.write_req = 0
stat.switch.port.node.0.ingress_wait_avg_cycles.response = 0
stat.switch.port.node.0.ingress_wait_max_cycles.response = 0
stat.switch.port.node.0.ingress_queue_wait_avg_cycles.response = 0
stat.switch.port.node.0.ingress_queue_wait_max_cycles.response = 0
stat.switch.port.node.0.egress_wait_avg_cycles.response = 1
stat.switch.port.node.0.egress_wait_max_cycles.response = 1
stat.switch.port.node.0.egress_occ_avg_bytes.response = 0
stat.switch.port.node.0.egress_occ_max_bytes.response = 0
stat.switch.port.node.0.egress_blocked_cycles.response = 0
stat.switch.port.node.0.ingress_arrival_empty_packets.response = 0
stat.switch.port.node.0.ingress_arrival_nonempty_packets.response = 0
stat.switch.port.node.0.ingress_arrival_nonempty_packet_frac.response = 0
stat.switch.port.node.0.ingress_nonempty_arrival_pre_occ_avg_bytes.response = 0
stat.switch.port.node.0.ingress_nonempty_arrival_pre_occ_max_bytes.response = 0
stat.switch.port.node.0.ingress_release_after_empty_arrival_packets.response = 0
stat.switch.port.node.0.ingress_release_after_nonempty_arrival_packets.response = 0
stat.switch.port.node.0.ingress_wait_after_empty_arrival_avg_cycles.response = 0
stat.switch.port.node.0.ingress_wait_after_nonempty_arrival_avg_cycles.response = 0
stat.switch.port.node.0.ingress_queue_wait_after_empty_arrival_avg_cycles.response = 0
stat.switch.port.node.0.ingress_queue_wait_after_nonempty_arrival_avg_cycles.response = 0
stat.switch.port.node.0.ingress_queue_wait_after_empty_arrival_max_cycles.response = 0
stat.switch.port.node.0.ingress_queue_wait_after_nonempty_arrival_max_cycles.response = 0
stat.switch.port.node.0.rx_bytes.response = 0
stat.switch.port.node.0.tx_bytes.response = 996928
stat.switch.port.node.0.rx_pkts.response = 0
stat.switch.port.node.0.tx_pkts.response = 15577
stat.switch.port.node.0.ingress_wait_avg_cycles.other_req = 128.28
stat.switch.port.node.0.ingress_wait_max_cycles.other_req = 147
stat.switch.port.node.0.ingress_queue_wait_avg_cycles.other_req = 4.28
stat.switch.port.node.0.ingress_queue_wait_max_cycles.other_req = 23
stat.switch.port.node.0.egress_wait_avg_cycles.other_req = 0
stat.switch.port.node.0.egress_wait_max_cycles.other_req = 0
stat.switch.port.node.0.egress_occ_avg_bytes.other_req = 0
stat.switch.port.node.0.egress_occ_max_bytes.other_req = 0
stat.switch.port.node.0.egress_blocked_cycles.other_req = 0
stat.switch.port.node.0.ingress_arrival_empty_packets.other_req = 1
stat.switch.port.node.0.ingress_arrival_nonempty_packets.other_req = 24
stat.switch.port.node.0.ingress_arrival_nonempty_packet_frac.other_req = 0.96
stat.switch.port.node.0.ingress_nonempty_arrival_pre_occ_avg_bytes.other_req = 120.667
stat.switch.port.node.0.ingress_nonempty_arrival_pre_occ_max_bytes.other_req = 256
stat.switch.port.node.0.ingress_release_after_empty_arrival_packets.other_req = 1
stat.switch.port.node.0.ingress_release_after_nonempty_arrival_packets.other_req = 24
stat.switch.port.node.0.ingress_wait_after_empty_arrival_avg_cycles.other_req = 124
stat.switch.port.node.0.ingress_wait_after_nonempty_arrival_avg_cycles.other_req = 128.458
stat.switch.port.node.0.ingress_queue_wait_after_empty_arrival_avg_cycles.other_req = 0
stat.switch.port.node.0.ingress_queue_wait_after_nonempty_arrival_avg_cycles.other_req = 4.45833
stat.switch.port.node.0.ingress_queue_wait_after_empty_arrival_max_cycles.other_req = 0
stat.switch.port.node.0.ingress_queue_wait_after_nonempty_arrival_max_cycles.other_req = 23
stat.switch.port.node.0.rx_bytes.other_req = 200
stat.switch.port.node.0.tx_bytes.other_req = 0
stat.switch.port.node.0.rx_pkts.other_req = 25
stat.switch.port.node.0.tx_pkts.other_req = 0
stat.switch.port.node.0.ingress_occ_bucket_bytes.0 = 857609
stat.switch.port.node.0.ready_occ_bucket_bytes.0 = 1530251
stat.switch.port.node.0.ingress_occ_bucket_bytes.1_64 = 224700
stat.switch.port.node.0.ready_occ_bucket_bytes.1_64 = 23020
stat.switch.port.node.0.ingress_occ_bucket_bytes.65_256 = 423609
stat.switch.port.node.0.ready_occ_bucket_bytes.65_256 = 0
stat.switch.port.node.0.ingress_occ_bucket_bytes.257_1024 = 47353
stat.switch.port.node.0.ready_occ_bucket_bytes.257_1024 = 0
stat.switch.port.node.0.ingress_occ_bucket_bytes.1025_4096 = 0
stat.switch.port.node.0.ready_occ_bucket_bytes.1025_4096 = 0
stat.switch.port.node.0.ingress_occ_bucket_bytes.4097_plus = 0
stat.switch.port.node.0.ready_occ_bucket_bytes.4097_plus = 0
stat.switch.port.node.0.ingress_episode.count = 1859
stat.switch.port.node.0.ingress_episode.avg_cycles = 374.158
stat.switch.port.node.0.ingress_episode.max_cycles = 1743
stat.switch.port.node.0.ingress_episode.avg_peak_occ_bytes = 209.635
stat.switch.port.node.0.ingress_episode.max_peak_occ_bytes = 488
stat.switch.port.node.0.ingress_episode.avg_arrival_pkts = 12.383
stat.switch.port.node.0.ingress_episode.max_arrival_pkts = 52
stat.switch.port.node.0.ingress_episode.avg_arrival_bytes = 323.004
stat.switch.port.node.0.ingress_episode.max_arrival_bytes = 1592
stat.switch.port.node.0.ingress_episode.avg_release_pkts = 12.383
stat.switch.port.node.0.ingress_episode.max_release_pkts = 52
stat.switch.port.node.0.ingress_episode.avg_release_bytes = 323.004
stat.switch.port.node.0.ingress_episode.max_release_bytes = 1592
stat.switch.port.node.0.ingress_episode.avg_wait_cycles = 1667.88
stat.switch.port.node.0.ingress_episode.max_wait_cycles = 183
stat.switch.port.node.0.ingress_episode.avg_queue_wait_cycles = 48.412
stat.switch.port.node.0.ingress_episode.max_queue_wait_cycles = 54
stat.switch.port.node.0.ingress_episode.avg_src_distinct = 1
stat.switch.port.node.0.ingress_episode.max_src_distinct = 1
stat.switch.port.node.0.ingress_episode.avg_dst_distinct = 1
stat.switch.port.node.0.ingress_episode.max_dst_distinct = 1
stat.switch.port.node.0.ingress_episode.avg_arrival_pkts.demand_req = 8.37063
stat.switch.port.node.0.ingress_episode.max_arrival_pkts.demand_req = 31
stat.switch.port.node.0.ingress_episode.avg_release_pkts.demand_req = 8.37063
stat.switch.port.node.0.ingress_episode.max_release_pkts.demand_req = 31
stat.switch.port.node.0.ingress_pre_occ_bucket.demand_req.0 = 376
stat.switch.port.node.0.ingress_queue_wait_bucket.demand_req.0 = 8147
stat.switch.port.node.0.ingress_pre_occ_bucket.demand_req.1_64 = 2177
stat.switch.port.node.0.ingress_queue_wait_bucket.demand_req.1_63 = 7414
stat.switch.port.node.0.ingress_pre_occ_bucket.demand_req.65_256 = 11341
stat.switch.port.node.0.ingress_queue_wait_bucket.demand_req.64_255 = 0
stat.switch.port.node.0.ingress_pre_occ_bucket.demand_req.257_1024 = 1667
stat.switch.port.node.0.ingress_queue_wait_bucket.demand_req.256_1023 = 0
stat.switch.port.node.0.ingress_pre_occ_bucket.demand_req.1025_4096 = 0
stat.switch.port.node.0.ingress_queue_wait_bucket.demand_req.1024_4095 = 0
stat.switch.port.node.0.ingress_pre_occ_bucket.demand_req.4097_plus = 0
stat.switch.port.node.0.ingress_queue_wait_bucket.demand_req.4096_plus = 0
stat.switch.port.node.0.ingress_episode.avg_arrival_pkts.write_req = 3.99892
stat.switch.port.node.0.ingress_episode.max_arrival_pkts.write_req = 21
stat.switch.port.node.0.ingress_episode.avg_release_pkts.write_req = 3.99892
stat.switch.port.node.0.ingress_episode.max_release_pkts.write_req = 21
stat.switch.port.node.0.ingress_pre_occ_bucket.write_req.0 = 1483
stat.switch.port.node.0.ingress_queue_wait_bucket.write_req.0 = 6307
stat.switch.port.node.0.ingress_pre_occ_bucket.write_req.1_64 = 1561
stat.switch.port.node.0.ingress_queue_wait_bucket.write_req.1_63 = 1127
stat.switch.port.node.0.ingress_pre_occ_bucket.write_req.65_256 = 3977
stat.switch.port.node.0.ingress_queue_wait_bucket.write_req.64_255 = 0
stat.switch.port.node.0.ingress_pre_occ_bucket.write_req.257_1024 = 417
stat.switch.port.node.0.ingress_queue_wait_bucket.write_req.256_1023 = 0
stat.switch.port.node.0.ingress_pre_occ_bucket.write_req.1025_4096 = 0
stat.switch.port.node.0.ingress_queue_wait_bucket.write_req.1024_4095 = 0
stat.switch.port.node.0.ingress_pre_occ_bucket.write_req.4097_plus = 0
stat.switch.port.node.0.ingress_queue_wait_bucket.write_req.4096_plus = 0
stat.switch.port.node.0.ingress_episode.avg_arrival_pkts.response = 0
stat.switch.port.node.0.ingress_episode.max_arrival_pkts.response = 0
stat.switch.port.node.0.ingress_episode.avg_release_pkts.response = 0
stat.switch.port.node.0.ingress_episode.max_release_pkts.response = 0
stat.switch.port.node.0.ingress_pre_occ_bucket.response.0 = 0
stat.switch.port.node.0.ingress_queue_wait_bucket.response.0 = 0
stat.switch.port.node.0.ingress_pre_occ_bucket.response.1_64 = 0
stat.switch.port.node.0.ingress_queue_wait_bucket.response.1_63 = 0
stat.switch.port.node.0.ingress_pre_occ_bucket.response.65_256 = 0
stat.switch.port.node.0.ingress_queue_wait_bucket.response.64_255 = 0
stat.switch.port.node.0.ingress_pre_occ_bucket.response.257_1024 = 0
stat.switch.port.node.0.ingress_queue_wait_bucket.response.256_1023 = 0
stat.switch.port.node.0.ingress_pre_occ_bucket.response.1025_4096 = 0
stat.switch.port.node.0.ingress_queue_wait_bucket.response.1024_4095 = 0
stat.switch.port.node.0.ingress_pre_occ_bucket.response.4097_plus = 0
stat.switch.port.node.0.ingress_queue_wait_bucket.response.4096_plus = 0
stat.switch.port.node.0.ingress_episode.avg_arrival_pkts.other_req = 0.0134481
stat.switch.port.node.0.ingress_episode.max_arrival_pkts.other_req = 1
stat.switch.port.node.0.ingress_episode.avg_release_pkts.other_req = 0.0134481
stat.switch.port.node.0.ingress_episode.max_release_pkts.other_req = 1
stat.switch.port.node.0.ingress_pre_occ_bucket.other_req.0 = 1
stat.switch.port.node.0.ingress_queue_wait_bucket.other_req.0 = 13
stat.switch.port.node.0.ingress_pre_occ_bucket.other_req.1_64 = 7
stat.switch.port.node.0.ingress_queue_wait_bucket.other_req.1_63 = 12
stat.switch.port.node.0.ingress_pre_occ_bucket.other_req.65_256 = 17
stat.switch.port.node.0.ingress_queue_wait_bucket.other_req.64_255 = 0
stat.switch.port.node.0.ingress_pre_occ_bucket.other_req.257_1024 = 0
stat.switch.port.node.0.ingress_queue_wait_bucket.other_req.256_1023 = 0
stat.switch.port.node.0.ingress_pre_occ_bucket.other_req.1025_4096 = 0
stat.switch.port.node.0.ingress_queue_wait_bucket.other_req.1024_4095 = 0
stat.switch.port.node.0.ingress_pre_occ_bucket.other_req.4097_plus = 0
stat.switch.port.node.0.ingress_queue_wait_bucket.other_req.4096_plus = 0
stat.switch.port.node.0.peer_src.0.rx_bytes.demand_req = 124488
stat.switch.port.node.0.peer_src.0.rx_pkts.demand_req = 15561
stat.switch.port.node.0.peer_src.0.tx_bytes.demand_req = 0
stat.switch.port.node.0.peer_src.0.tx_pkts.demand_req = 0
stat.switch.port.node.0.peer_src.0.ingress_arrivals.demand_req = 15561
stat.switch.port.node.0.peer_src.0.ingress_arrival_nonempty_packet_frac.demand_req = 0.975837
stat.switch.port.node.0.peer_src.0.ingress_nonempty_arrival_pre_occ_avg_bytes.demand_req = 152.605
stat.switch.port.node.0.peer_src.0.ingress_nonempty_arrival_pre_occ_max_bytes.demand_req = 440
stat.switch.port.node.0.peer_src.0.ingress_wait_avg_cycles.demand_req = 129.288
stat.switch.port.node.0.peer_src.0.ingress_queue_wait_avg_cycles.demand_req = 5.28803
stat.switch.port.node.0.peer_src.0.ingress_queue_wait_after_nonempty_arrival_avg_cycles.demand_req = 5.41897
stat.switch.port.node.0.peer_src.0.ingress_pre_occ_bucket.demand_req.0 = 376
stat.switch.port.node.0.peer_src.0.ingress_queue_wait_bucket.demand_req.0 = 8147
stat.switch.port.node.0.peer_src.0.ingress_pre_occ_bucket.demand_req.1_64 = 2177
stat.switch.port.node.0.peer_src.0.ingress_queue_wait_bucket.demand_req.1_63 = 7414
stat.switch.port.node.0.peer_src.0.ingress_pre_occ_bucket.demand_req.65_256 = 11341
stat.switch.port.node.0.peer_src.0.ingress_queue_wait_bucket.demand_req.64_255 = 0
stat.switch.port.node.0.peer_src.0.ingress_pre_occ_bucket.demand_req.257_1024 = 1667
stat.switch.port.node.0.peer_src.0.ingress_queue_wait_bucket.demand_req.256_1023 = 0
stat.switch.port.node.0.peer_src.0.ingress_pre_occ_bucket.demand_req.1025_4096 = 0
stat.switch.port.node.0.peer_src.0.ingress_queue_wait_bucket.demand_req.1024_4095 = 0
stat.switch.port.node.0.peer_src.0.ingress_pre_occ_bucket.demand_req.4097_plus = 0
stat.switch.port.node.0.peer_src.0.ingress_queue_wait_bucket.demand_req.4096_plus = 0
stat.switch.port.node.0.peer_src.0.rx_bytes.write_req = 476032
stat.switch.port.node.0.peer_src.0.rx_pkts.write_req = 7438
stat.switch.port.node.0.peer_src.0.tx_bytes.write_req = 0
stat.switch.port.node.0.peer_src.0.tx_pkts.write_req = 0
stat.switch.port.node.0.peer_src.0.ingress_arrivals.write_req = 7438
stat.switch.port.node.0.peer_src.0.ingress_arrival_nonempty_packet_frac.write_req = 0.800618
stat.switch.port.node.0.peer_src.0.ingress_nonempty_arrival_pre_occ_avg_bytes.write_req = 132.938
stat.switch.port.node.0.peer_src.0.ingress_nonempty_arrival_pre_occ_max_bytes.write_req = 424
stat.switch.port.node.0.peer_src.0.ingress_wait_avg_cycles.write_req = 146.023
stat.switch.port.node.0.peer_src.0.ingress_queue_wait_avg_cycles.write_req = 1.02287
stat.switch.port.node.0.peer_src.0.ingress_queue_wait_after_nonempty_arrival_avg_cycles.write_req = 1.27755
stat.switch.port.node.0.peer_src.0.ingress_pre_occ_bucket.write_req.0 = 1483
stat.switch.port.node.0.peer_src.0.ingress_queue_wait_bucket.write_req.0 = 6307
stat.switch.port.node.0.peer_src.0.ingress_pre_occ_bucket.write_req.1_64 = 1561
stat.switch.port.node.0.peer_src.0.ingress_queue_wait_bucket.write_req.1_63 = 1127
stat.switch.port.node.0.peer_src.0.ingress_pre_occ_bucket.write_req.65_256 = 3977
stat.switch.port.node.0.peer_src.0.ingress_queue_wait_bucket.write_req.64_255 = 0
stat.switch.port.node.0.peer_src.0.ingress_pre_occ_bucket.write_req.257_1024 = 417
stat.switch.port.node.0.peer_src.0.ingress_queue_wait_bucket.write_req.256_1023 = 0
stat.switch.port.node.0.peer_src.0.ingress_pre_occ_bucket.write_req.1025_4096 = 0
stat.switch.port.node.0.peer_src.0.ingress_queue_wait_bucket.write_req.1024_4095 = 0
stat.switch.port.node.0.peer_src.0.ingress_pre_occ_bucket.write_req.4097_plus = 0
stat.switch.port.node.0.peer_src.0.ingress_queue_wait_bucket.write_req.4096_plus = 0
stat.switch.port.node.0.peer_src.0.rx_bytes.other_req = 200
stat.switch.port.node.0.peer_src.0.rx_pkts.other_req = 25
stat.switch.port.node.0.peer_src.0.tx_bytes.other_req = 0
stat.switch.port.node.0.peer_src.0.tx_pkts.other_req = 0
stat.switch.port.node.0.peer_src.0.ingress_arrivals.other_req = 25
stat.switch.port.node.0.peer_src.0.ingress_arrival_nonempty_packet_frac.other_req = 0.96
stat.switch.port.node.0.peer_src.0.ingress_nonempty_arrival_pre_occ_avg_bytes.other_req = 120.667
stat.switch.port.node.0.peer_src.0.ingress_nonempty_arrival_pre_occ_max_bytes.other_req = 256
stat.switch.port.node.0.peer_src.0.ingress_wait_avg_cycles.other_req = 128.28
stat.switch.port.node.0.peer_src.0.ingress_queue_wait_avg_cycles.other_req = 4.28
stat.switch.port.node.0.peer_src.0.ingress_queue_wait_after_nonempty_arrival_avg_cycles.other_req = 4.45833
stat.switch.port.node.0.peer_src.0.ingress_pre_occ_bucket.other_req.0 = 1
stat.switch.port.node.0.peer_src.0.ingress_queue_wait_bucket.other_req.0 = 13
stat.switch.port.node.0.peer_src.0.ingress_pre_occ_bucket.other_req.1_64 = 7
stat.switch.port.node.0.peer_src.0.ingress_queue_wait_bucket.other_req.1_63 = 12
stat.switch.port.node.0.peer_src.0.ingress_pre_occ_bucket.other_req.65_256 = 17
stat.switch.port.node.0.peer_src.0.ingress_queue_wait_bucket.other_req.64_255 = 0
stat.switch.port.node.0.peer_src.0.ingress_pre_occ_bucket.other_req.257_1024 = 0
stat.switch.port.node.0.peer_src.0.ingress_queue_wait_bucket.other_req.256_1023 = 0
stat.switch.port.node.0.peer_src.0.ingress_pre_occ_bucket.other_req.1025_4096 = 0
stat.switch.port.node.0.peer_src.0.ingress_queue_wait_bucket.other_req.1024_4095 = 0
stat.switch.port.node.0.peer_src.0.ingress_pre_occ_bucket.other_req.4097_plus = 0
stat.switch.port.node.0.peer_src.0.ingress_queue_wait_bucket.other_req.4096_plus = 0
stat.switch.port.node.0.peer_dst.100.rx_bytes.demand_req = 124488
stat.switch.port.node.0.peer_dst.100.rx_pkts.demand_req = 15561
stat.switch.port.node.0.peer_dst.100.tx_bytes.demand_req = 0
stat.switch.port.node.0.peer_dst.100.tx_pkts.demand_req = 0
stat.switch.port.node.0.peer_dst.100.ingress_arrivals.demand_req = 15561
stat.switch.port.node.0.peer_dst.100.ingress_arrival_nonempty_packet_frac.demand_req = 0.975837
stat.switch.port.node.0.peer_dst.100.ingress_nonempty_arrival_pre_occ_avg_bytes.demand_req = 152.605
stat.switch.port.node.0.peer_dst.100.ingress_nonempty_arrival_pre_occ_max_bytes.demand_req = 440
stat.switch.port.node.0.peer_dst.100.ingress_wait_avg_cycles.demand_req = 129.288
stat.switch.port.node.0.peer_dst.100.ingress_queue_wait_avg_cycles.demand_req = 5.28803
stat.switch.port.node.0.peer_dst.100.ingress_queue_wait_after_nonempty_arrival_avg_cycles.demand_req = 5.41897
stat.switch.port.node.0.peer_dst.100.ingress_pre_occ_bucket.demand_req.0 = 376
stat.switch.port.node.0.peer_dst.100.ingress_queue_wait_bucket.demand_req.0 = 8147
stat.switch.port.node.0.peer_dst.100.ingress_pre_occ_bucket.demand_req.1_64 = 2177
stat.switch.port.node.0.peer_dst.100.ingress_queue_wait_bucket.demand_req.1_63 = 7414
stat.switch.port.node.0.peer_dst.100.ingress_pre_occ_bucket.demand_req.65_256 = 11341
stat.switch.port.node.0.peer_dst.100.ingress_queue_wait_bucket.demand_req.64_255 = 0
stat.switch.port.node.0.peer_dst.100.ingress_pre_occ_bucket.demand_req.257_1024 = 1667
stat.switch.port.node.0.peer_dst.100.ingress_queue_wait_bucket.demand_req.256_1023 = 0
stat.switch.port.node.0.peer_dst.100.ingress_pre_occ_bucket.demand_req.1025_4096 = 0
stat.switch.port.node.0.peer_dst.100.ingress_queue_wait_bucket.demand_req.1024_4095 = 0
stat.switch.port.node.0.peer_dst.100.ingress_pre_occ_bucket.demand_req.4097_plus = 0
stat.switch.port.node.0.peer_dst.100.ingress_queue_wait_bucket.demand_req.4096_plus = 0
stat.switch.port.node.0.peer_dst.100.rx_bytes.write_req = 476032
stat.switch.port.node.0.peer_dst.100.rx_pkts.write_req = 7438
stat.switch.port.node.0.peer_dst.100.tx_bytes.write_req = 0
stat.switch.port.node.0.peer_dst.100.tx_pkts.write_req = 0
stat.switch.port.node.0.peer_dst.100.ingress_arrivals.write_req = 7438
stat.switch.port.node.0.peer_dst.100.ingress_arrival_nonempty_packet_frac.write_req = 0.800618
stat.switch.port.node.0.peer_dst.100.ingress_nonempty_arrival_pre_occ_avg_bytes.write_req = 132.938
stat.switch.port.node.0.peer_dst.100.ingress_nonempty_arrival_pre_occ_max_bytes.write_req = 424
stat.switch.port.node.0.peer_dst.100.ingress_wait_avg_cycles.write_req = 146.023
stat.switch.port.node.0.peer_dst.100.ingress_queue_wait_avg_cycles.write_req = 1.02287
stat.switch.port.node.0.peer_dst.100.ingress_queue_wait_after_nonempty_arrival_avg_cycles.write_req = 1.27755
stat.switch.port.node.0.peer_dst.100.ingress_pre_occ_bucket.write_req.0 = 1483
stat.switch.port.node.0.peer_dst.100.ingress_queue_wait_bucket.write_req.0 = 6307
stat.switch.port.node.0.peer_dst.100.ingress_pre_occ_bucket.write_req.1_64 = 1561
stat.switch.port.node.0.peer_dst.100.ingress_queue_wait_bucket.write_req.1_63 = 1127
stat.switch.port.node.0.peer_dst.100.ingress_pre_occ_bucket.write_req.65_256 = 3977
stat.switch.port.node.0.peer_dst.100.ingress_queue_wait_bucket.write_req.64_255 = 0
stat.switch.port.node.0.peer_dst.100.ingress_pre_occ_bucket.write_req.257_1024 = 417
stat.switch.port.node.0.peer_dst.100.ingress_queue_wait_bucket.write_req.256_1023 = 0
stat.switch.port.node.0.peer_dst.100.ingress_pre_occ_bucket.write_req.1025_4096 = 0
stat.switch.port.node.0.peer_dst.100.ingress_queue_wait_bucket.write_req.1024_4095 = 0
stat.switch.port.node.0.peer_dst.100.ingress_pre_occ_bucket.write_req.4097_plus = 0
stat.switch.port.node.0.peer_dst.100.ingress_queue_wait_bucket.write_req.4096_plus = 0
stat.switch.port.node.0.peer_dst.100.rx_bytes.other_req = 200
stat.switch.port.node.0.peer_dst.100.rx_pkts.other_req = 25
stat.switch.port.node.0.peer_dst.100.tx_bytes.other_req = 0
stat.switch.port.node.0.peer_dst.100.tx_pkts.other_req = 0
stat.switch.port.node.0.peer_dst.100.ingress_arrivals.other_req = 25
stat.switch.port.node.0.peer_dst.100.ingress_arrival_nonempty_packet_frac.other_req = 0.96
stat.switch.port.node.0.peer_dst.100.ingress_nonempty_arrival_pre_occ_avg_bytes.other_req = 120.667
stat.switch.port.node.0.peer_dst.100.ingress_nonempty_arrival_pre_occ_max_bytes.other_req = 256
stat.switch.port.node.0.peer_dst.100.ingress_wait_avg_cycles.other_req = 128.28
stat.switch.port.node.0.peer_dst.100.ingress_queue_wait_avg_cycles.other_req = 4.28
stat.switch.port.node.0.peer_dst.100.ingress_queue_wait_after_nonempty_arrival_avg_cycles.other_req = 4.45833
stat.switch.port.node.0.peer_dst.100.ingress_pre_occ_bucket.other_req.0 = 1
stat.switch.port.node.0.peer_dst.100.ingress_queue_wait_bucket.other_req.0 = 13
stat.switch.port.node.0.peer_dst.100.ingress_pre_occ_bucket.other_req.1_64 = 7
stat.switch.port.node.0.peer_dst.100.ingress_queue_wait_bucket.other_req.1_63 = 12
stat.switch.port.node.0.peer_dst.100.ingress_pre_occ_bucket.other_req.65_256 = 17
stat.switch.port.node.0.peer_dst.100.ingress_queue_wait_bucket.other_req.64_255 = 0
stat.switch.port.node.0.peer_dst.100.ingress_pre_occ_bucket.other_req.257_1024 = 0
stat.switch.port.node.0.peer_dst.100.ingress_queue_wait_bucket.other_req.256_1023 = 0
stat.switch.port.node.0.peer_dst.100.ingress_pre_occ_bucket.other_req.1025_4096 = 0
stat.switch.port.node.0.peer_dst.100.ingress_queue_wait_bucket.other_req.1024_4095 = 0
stat.switch.port.node.0.peer_dst.100.ingress_pre_occ_bucket.other_req.4097_plus = 0
stat.switch.port.node.0.peer_dst.100.ingress_queue_wait_bucket.other_req.4096_plus = 0
stat.switch.port.node.0.tx_src.100.rx_bytes.response = 0
stat.switch.port.node.0.tx_src.100.rx_pkts.response = 0
stat.switch.port.node.0.tx_src.100.tx_bytes.response = 498496
stat.switch.port.node.0.tx_src.100.tx_pkts.response = 7789
stat.switch.port.node.0.tx_src.100.ingress_arrivals.response = 0
stat.switch.port.node.0.tx_src.100.ingress_arrival_nonempty_packet_frac.response = 0
stat.switch.port.node.0.tx_src.100.ingress_nonempty_arrival_pre_occ_avg_bytes.response = 0
stat.switch.port.node.0.tx_src.100.ingress_nonempty_arrival_pre_occ_max_bytes.response = 0
stat.switch.port.node.0.tx_src.100.ingress_wait_avg_cycles.response = 0
stat.switch.port.node.0.tx_src.100.ingress_queue_wait_avg_cycles.response = 0
stat.switch.port.node.0.tx_src.100.ingress_queue_wait_after_nonempty_arrival_avg_cycles.response = 0
stat.switch.port.node.0.tx_src.100.ingress_pre_occ_bucket.response.0 = 0
stat.switch.port.node.0.tx_src.100.ingress_queue_wait_bucket.response.0 = 0
stat.switch.port.node.0.tx_src.100.ingress_pre_occ_bucket.response.1_64 = 0
stat.switch.port.node.0.tx_src.100.ingress_queue_wait_bucket.response.1_63 = 0
stat.switch.port.node.0.tx_src.100.ingress_pre_occ_bucket.response.65_256 = 0
stat.switch.port.node.0.tx_src.100.ingress_queue_wait_bucket.response.64_255 = 0
stat.switch.port.node.0.tx_src.100.ingress_pre_occ_bucket.response.257_1024 = 0
stat.switch.port.node.0.tx_src.100.ingress_queue_wait_bucket.response.256_1023 = 0
stat.switch.port.node.0.tx_src.100.ingress_pre_occ_bucket.response.1025_4096 = 0
stat.switch.port.node.0.tx_src.100.ingress_queue_wait_bucket.response.1024_4095 = 0
stat.switch.port.node.0.tx_src.100.ingress_pre_occ_bucket.response.4097_plus = 0
stat.switch.port.node.0.tx_src.100.ingress_queue_wait_bucket.response.4096_plus = 0
stat.switch.port.node.0.tx_src.101.rx_bytes.response = 0
stat.switch.port.node.0.tx_src.101.rx_pkts.response = 0
stat.switch.port.node.0.tx_src.101.tx_bytes.response = 498432
stat.switch.port.node.0.tx_src.101.tx_pkts.response = 7788
stat.switch.port.node.0.tx_src.101.ingress_arrivals.response = 0
stat.switch.port.node.0.tx_src.101.ingress_arrival_nonempty_packet_frac.response = 0
stat.switch.port.node.0.tx_src.101.ingress_nonempty_arrival_pre_occ_avg_bytes.response = 0
stat.switch.port.node.0.tx_src.101.ingress_nonempty_arrival_pre_occ_max_bytes.response = 0
stat.switch.port.node.0.tx_src.101.ingress_wait_avg_cycles.response = 0
stat.switch.port.node.0.tx_src.101.ingress_queue_wait_avg_cycles.response = 0
stat.switch.port.node.0.tx_src.101.ingress_queue_wait_after_nonempty_arrival_avg_cycles.response = 0
stat.switch.port.node.0.tx_src.101.ingress_pre_occ_bucket.response.0 = 0
stat.switch.port.node.0.tx_src.101.ingress_queue_wait_bucket.response.0 = 0
stat.switch.port.node.0.tx_src.101.ingress_pre_occ_bucket.response.1_64 = 0
stat.switch.port.node.0.tx_src.101.ingress_queue_wait_bucket.response.1_63 = 0
stat.switch.port.node.0.tx_src.101.ingress_pre_occ_bucket.response.65_256 = 0
stat.switch.port.node.0.tx_src.101.ingress_queue_wait_bucket.response.64_255 = 0
stat.switch.port.node.0.tx_src.101.ingress_pre_occ_bucket.response.257_1024 = 0
stat.switch.port.node.0.tx_src.101.ingress_queue_wait_bucket.response.256_1023 = 0
stat.switch.port.node.0.tx_src.101.ingress_pre_occ_bucket.response.1025_4096 = 0
stat.switch.port.node.0.tx_src.101.ingress_queue_wait_bucket.response.1024_4095 = 0
stat.switch.port.node.0.tx_src.101.ingress_pre_occ_bucket.response.4097_plus = 0
stat.switch.port.node.0.tx_src.101.ingress_queue_wait_bucket.response.4096_plus = 0
stat.switch.port.node.0.tx_dst.0.rx_bytes.response = 0
stat.switch.port.node.0.tx_dst.0.rx_pkts.response = 0
stat.switch.port.node.0.tx_dst.0.tx_bytes.response = 996928
stat.switch.port.node.0.tx_dst.0.tx_pkts.response = 15577
stat.switch.port.node.0.tx_dst.0.ingress_arrivals.response = 0
stat.switch.port.node.0.tx_dst.0.ingress_arrival_nonempty_packet_frac.response = 0
stat.switch.port.node.0.tx_dst.0.ingress_nonempty_arrival_pre_occ_avg_bytes.response = 0
stat.switch.port.node.0.tx_dst.0.ingress_nonempty_arrival_pre_occ_max_bytes.response = 0
stat.switch.port.node.0.tx_dst.0.ingress_wait_avg_cycles.response = 0
stat.switch.port.node.0.tx_dst.0.ingress_queue_wait_avg_cycles.response = 0
stat.switch.port.node.0.tx_dst.0.ingress_queue_wait_after_nonempty_arrival_avg_cycles.response = 0
stat.switch.port.node.0.tx_dst.0.ingress_pre_occ_bucket.response.0 = 0
stat.switch.port.node.0.tx_dst.0.ingress_queue_wait_bucket.response.0 = 0
stat.switch.port.node.0.tx_dst.0.ingress_pre_occ_bucket.response.1_64 = 0
stat.switch.port.node.0.tx_dst.0.ingress_queue_wait_bucket.response.1_63 = 0
stat.switch.port.node.0.tx_dst.0.ingress_pre_occ_bucket.response.65_256 = 0
stat.switch.port.node.0.tx_dst.0.ingress_queue_wait_bucket.response.64_255 = 0
stat.switch.port.node.0.tx_dst.0.ingress_pre_occ_bucket.response.257_1024 = 0
stat.switch.port.node.0.tx_dst.0.ingress_queue_wait_bucket.response.256_1023 = 0
stat.switch.port.node.0.tx_dst.0.ingress_pre_occ_bucket.response.1025_4096 = 0
stat.switch.port.node.0.tx_dst.0.ingress_queue_wait_bucket.response.1024_4095 = 0
stat.switch.port.node.0.tx_dst.0.ingress_pre_occ_bucket.response.4097_plus = 0
stat.switch.port.node.0.tx_dst.0.ingress_queue_wait_bucket.response.4096_plus = 0
stat.switch.port.pool.0.ingress_wait_avg_cycles = 158.86
stat.switch.port.pool.0.ingress_wait_max_cycles = 292
stat.switch.port.pool.0.egress_wait_avg_cycles = 1
stat.switch.port.pool.0.egress_wait_max_cycles = 1
stat.switch.port.pool.0.ingress_queue_wait_avg_cycles = 13.8602
stat.switch.port.pool.0.ingress_queue_wait_max_cycles = 147
stat.switch.port.pool.0.egress_occ_avg_bytes = 0
stat.switch.port.pool.0.egress_occ_stddev_bytes = 0
stat.switch.port.pool.0.egress_occ_max_bytes = 0
stat.switch.port.pool.0.egress_occ_nonempty_frac = 0
stat.switch.port.pool.0.egress_blocked_cycles = 0
stat.switch.port.pool.0.egress_blocked_nonempty_frac = 0
stat.switch.port.pool.0.egress_blocked_avg_occ_bytes = 0
stat.switch.port.pool.0.egress_blocked_max_occ_bytes = 0
stat.switch.port.pool.0.egress_send_burst_max_pkts = 1
stat.switch.port.pool.0.egress_send_burst_max_bytes = 64
stat.switch.port.pool.0.egress_send_burst_avg_pkts = 1
stat.switch.port.pool.0.egress_send_burst_avg_bytes = 35.3399
stat.switch.port.pool.0.egress_send_burst_stddev_pkts = 0
stat.switch.port.pool.0.egress_send_burst_stddev_bytes = 27.9922
stat.switch.port.pool.0.egress_send_nonempty_frac = 0.00980318
stat.switch.port.pool.0.ingress_arrival_burst_avg_bytes = 64
stat.switch.port.pool.0.ingress_arrival_nonempty_frac = 0.00501458
stat.switch.port.pool.0.ingress_arrival_run_max_cycles = 1
stat.switch.port.pool.0.ingress_arrival_run_avg_cycles = 1
stat.switch.port.pool.0.ingress_arrival_gap_max_cycles = 1091
stat.switch.port.pool.0.ingress_arrival_gap_avg_cycles = 132.88
stat.switch.port.pool.0.ingress_release_burst_avg_bytes = 64
stat.switch.port.pool.0.ingress_release_nonempty_frac = 0.00501458
stat.switch.port.pool.0.ingress_release_run_max_cycles = 1
stat.switch.port.pool.0.ingress_release_run_avg_cycles = 1
stat.switch.port.pool.0.ingress_release_gap_max_cycles = 1091
stat.switch.port.pool.0.ingress_release_gap_avg_cycles = 132.895
stat.switch.port.pool.0.ingress_occ_avg_bytes = 50.6626
stat.switch.port.pool.0.ingress_occ_stddev_bytes = 85.7968
stat.switch.port.pool.0.ingress_occ_max_bytes = 512
stat.switch.port.pool.0.ingress_occ_nonempty_frac = 0.349289
stat.switch.port.pool.0.ingress_occ_run_max_cycles = 940
stat.switch.port.pool.0.ingress_occ_run_avg_cycles = 250.249
stat.switch.port.pool.0.ingress_occ_gap_max_cycles = 948
stat.switch.port.pool.0.ingress_occ_gap_avg_cycles = 230.863
stat.switch.port.pool.0.ingress_wait_avg_cycles.demand_req = 0
stat.switch.port.pool.0.ingress_wait_max_cycles.demand_req = 0
stat.switch.port.pool.0.ingress_queue_wait_avg_cycles.demand_req = 0
stat.switch.port.pool.0.ingress_queue_wait_max_cycles.demand_req = 0
stat.switch.port.pool.0.egress_wait_avg_cycles.demand_req = 1
stat.switch.port.pool.0.egress_wait_max_cycles.demand_req = 1
stat.switch.port.pool.0.egress_occ_avg_bytes.demand_req = 0
stat.switch.port.pool.0.egress_occ_max_bytes.demand_req = 0
stat.switch.port.pool.0.egress_blocked_cycles.demand_req = 0
stat.switch.port.pool.0.ingress_arrival_empty_packets.demand_req = 0
stat.switch.port.pool.0.ingress_arrival_nonempty_packets.demand_req = 0
stat.switch.port.pool.0.ingress_arrival_nonempty_packet_frac.demand_req = 0
stat.switch.port.pool.0.ingress_nonempty_arrival_pre_occ_avg_bytes.demand_req = 0
stat.switch.port.pool.0.ingress_nonempty_arrival_pre_occ_max_bytes.demand_req = 0
stat.switch.port.pool.0.ingress_release_after_empty_arrival_packets.demand_req = 0
stat.switch.port.pool.0.ingress_release_after_nonempty_arrival_packets.demand_req = 0
stat.switch.port.pool.0.ingress_wait_after_empty_arrival_avg_cycles.demand_req = 0
stat.switch.port.pool.0.ingress_wait_after_nonempty_arrival_avg_cycles.demand_req = 0
stat.switch.port.pool.0.ingress_queue_wait_after_empty_arrival_avg_cycles.demand_req = 0
stat.switch.port.pool.0.ingress_queue_wait_after_nonempty_arrival_avg_cycles.demand_req = 0
stat.switch.port.pool.0.ingress_queue_wait_after_empty_arrival_max_cycles.demand_req = 0
stat.switch.port.pool.0.ingress_queue_wait_after_nonempty_arrival_max_cycles.demand_req = 0
stat.switch.port.pool.0.rx_bytes.demand_req = 0
stat.switch.port.pool.0.tx_bytes.demand_req = 62256
stat.switch.port.pool.0.rx_pkts.demand_req = 0
stat.switch.port.pool.0.tx_pkts.demand_req = 7782
stat.switch.port.pool.0.ingress_wait_avg_cycles.write_req = 0
stat.switch.port.pool.0.ingress_wait_max_cycles.write_req = 0
stat.switch.port.pool.0.ingress_queue_wait_avg_cycles.write_req = 0
stat.switch.port.pool.0.ingress_queue_wait_max_cycles.write_req = 0
stat.switch.port.pool.0.egress_wait_avg_cycles.write_req = 1
stat.switch.port.pool.0.egress_wait_max_cycles.write_req = 1
stat.switch.port.pool.0.egress_occ_avg_bytes.write_req = 0
stat.switch.port.pool.0.egress_occ_max_bytes.write_req = 0
stat.switch.port.pool.0.egress_blocked_cycles.write_req = 0
stat.switch.port.pool.0.ingress_arrival_empty_packets.write_req = 0
stat.switch.port.pool.0.ingress_arrival_nonempty_packets.write_req = 0
stat.switch.port.pool.0.ingress_arrival_nonempty_packet_frac.write_req = 0
stat.switch.port.pool.0.ingress_nonempty_arrival_pre_occ_avg_bytes.write_req = 0
stat.switch.port.pool.0.ingress_nonempty_arrival_pre_occ_max_bytes.write_req = 0
stat.switch.port.pool.0.ingress_release_after_empty_arrival_packets.write_req = 0
stat.switch.port.pool.0.ingress_release_after_nonempty_arrival_packets.write_req = 0
stat.switch.port.pool.0.ingress_wait_after_empty_arrival_avg_cycles.write_req = 0
stat.switch.port.pool.0.ingress_wait_after_nonempty_arrival_avg_cycles.write_req = 0
stat.switch.port.pool.0.ingress_queue_wait_after_empty_arrival_avg_cycles.write_req = 0
stat.switch.port.pool.0.ingress_queue_wait_after_nonempty_arrival_avg_cycles.write_req = 0
stat.switch.port.pool.0.ingress_queue_wait_after_empty_arrival_max_cycles.write_req = 0
stat.switch.port.pool.0.ingress_queue_wait_after_nonempty_arrival_max_cycles.write_req = 0
stat.switch.port.pool.0.rx_bytes.write_req = 0
stat.switch.port.pool.0.tx_bytes.write_req = 475776
stat.switch.port.pool.0.rx_pkts.write_req = 0
stat.switch.port.pool.0.tx_pkts.write_req = 7434
stat.switch.port.pool.0.ingress_wait_avg_cycles.response = 158.86
stat.switch.port.pool.0.ingress_wait_max_cycles.response = 292
stat.switch.port.pool.0.ingress_queue_wait_avg_cycles.response = 13.8602
stat.switch.port.pool.0.ingress_queue_wait_max_cycles.response = 147
stat.switch.port.pool.0.egress_wait_avg_cycles.response = 0
stat.switch.port.pool.0.egress_wait_max_cycles.response = 0
stat.switch.port.pool.0.egress_occ_avg_bytes.response = 0
stat.switch.port.pool.0.egress_occ_max_bytes.response = 0
stat.switch.port.pool.0.egress_blocked_cycles.response = 0
stat.switch.port.pool.0.ingress_arrival_empty_packets.response = 2168
stat.switch.port.pool.0.ingress_arrival_nonempty_packets.response = 5621
stat.switch.port.pool.0.ingress_arrival_nonempty_packet_frac.response = 0.721659
stat.switch.port.pool.0.ingress_nonempty_arrival_pre_occ_avg_bytes.response = 140.092
stat.switch.port.pool.0.ingress_nonempty_arrival_pre_occ_max_bytes.response = 448
stat.switch.port.pool.0.ingress_release_after_empty_arrival_packets.response = 2168
stat.switch.port.pool.0.ingress_release_after_nonempty_arrival_packets.response = 5621
stat.switch.port.pool.0.ingress_wait_after_empty_arrival_avg_cycles.response = 145
stat.switch.port.pool.0.ingress_wait_after_nonempty_arrival_avg_cycles.response = 164.206
stat.switch.port.pool.0.ingress_queue_wait_after_empty_arrival_avg_cycles.response = 0
stat.switch.port.pool.0.ingress_queue_wait_after_nonempty_arrival_avg_cycles.response = 19.206
stat.switch.port.pool.0.ingress_queue_wait_after_empty_arrival_max_cycles.response = 0
stat.switch.port.pool.0.ingress_queue_wait_after_nonempty_arrival_max_cycles.response = 147
stat.switch.port.pool.0.rx_bytes.response = 498496
stat.switch.port.pool.0.tx_bytes.response = 0
stat.switch.port.pool.0.rx_pkts.response = 7789
stat.switch.port.pool.0.tx_pkts.response = 0
stat.switch.port.pool.0.ingress_wait_avg_cycles.other_req = 0
stat.switch.port.pool.0.ingress_wait_max_cycles.other_req = 0
stat.switch.port.pool.0.ingress_queue_wait_avg_cycles.other_req = 0
stat.switch.port.pool.0.ingress_queue_wait_max_cycles.other_req = 0
stat.switch.port.pool.0.egress_wait_avg_cycles.other_req = 1
stat.switch.port.pool.0.egress_wait_max_cycles.other_req = 1
stat.switch.port.pool.0.egress_occ_avg_bytes.other_req = 0
stat.switch.port.pool.0.egress_occ_max_bytes.other_req = 0
stat.switch.port.pool.0.egress_blocked_cycles.other_req = 0
stat.switch.port.pool.0.ingress_arrival_empty_packets.other_req = 0
stat.switch.port.pool.0.ingress_arrival_nonempty_packets.other_req = 0
stat.switch.port.pool.0.ingress_arrival_nonempty_packet_frac.other_req = 0
stat.switch.port.pool.0.ingress_nonempty_arrival_pre_occ_avg_bytes.other_req = 0
stat.switch.port.pool.0.ingress_nonempty_arrival_pre_occ_max_bytes.other_req = 0
stat.switch.port.pool.0.ingress_release_after_empty_arrival_packets.other_req = 0
stat.switch.port.pool.0.ingress_release_after_nonempty_arrival_packets.other_req = 0
stat.switch.port.pool.0.ingress_wait_after_empty_arrival_avg_cycles.other_req = 0
stat.switch.port.pool.0.ingress_wait_after_nonempty_arrival_avg_cycles.other_req = 0
stat.switch.port.pool.0.ingress_queue_wait_after_empty_arrival_avg_cycles.other_req = 0
stat.switch.port.pool.0.ingress_queue_wait_after_nonempty_arrival_avg_cycles.other_req = 0
stat.switch.port.pool.0.ingress_queue_wait_after_empty_arrival_max_cycles.other_req = 0
stat.switch.port.pool.0.ingress_queue_wait_after_nonempty_arrival_max_cycles.other_req = 0
stat.switch.port.pool.0.rx_bytes.other_req = 0
stat.switch.port.pool.0.tx_bytes.other_req = 88
stat.switch.port.pool.0.rx_pkts.other_req = 0
stat.switch.port.pool.0.tx_pkts.other_req = 11
stat.switch.port.pool.0.ingress_occ_bucket_bytes.0 = 1010731
stat.switch.port.pool.0.ready_occ_bucket_bytes.0 = 1545482
stat.switch.port.pool.0.ingress_occ_bucket_bytes.1_64 = 199152
stat.switch.port.pool.0.ready_occ_bucket_bytes.1_64 = 7789
stat.switch.port.pool.0.ingress_occ_bucket_bytes.65_256 = 304166
stat.switch.port.pool.0.ready_occ_bucket_bytes.65_256 = 0
stat.switch.port.pool.0.ingress_occ_bucket_bytes.257_1024 = 39222
stat.switch.port.pool.0.ready_occ_bucket_bytes.257_1024 = 0
stat.switch.port.pool.0.ingress_occ_bucket_bytes.1025_4096 = 0
stat.switch.port.pool.0.ready_occ_bucket_bytes.1025_4096 = 0
stat.switch.port.pool.0.ingress_occ_bucket_bytes.4097_plus = 0
stat.switch.port.pool.0.ready_occ_bucket_bytes.4097_plus = 0
stat.switch.port.pool.0.ingress_episode.count = 2168
stat.switch.port.pool.0.ingress_episode.avg_cycles = 250.249
stat.switch.port.pool.0.ingress_episode.max_cycles = 940
stat.switch.port.pool.0.ingress_episode.avg_peak_occ_bytes = 200.974
stat.switch.port.pool.0.ingress_episode.max_peak_occ_bytes = 512
stat.switch.port.pool.0.ingress_episode.avg_arrival_pkts = 3.59271
stat.switch.port.pool.0.ingress_episode.max_arrival_pkts = 10
stat.switch.port.pool.0.ingress_episode.avg_arrival_bytes = 229.934
stat.switch.port.pool.0.ingress_episode.max_arrival_bytes = 640
stat.switch.port.pool.0.ingress_episode.avg_release_pkts = 3.59271
stat.switch.port.pool.0.ingress_episode.max_release_pkts = 10
stat.switch.port.pool.0.ingress_episode.avg_release_bytes = 229.934
stat.switch.port.pool.0.ingress_episode.max_release_bytes = 640
stat.switch.port.pool.0.ingress_episode.avg_wait_cycles = 570.739
stat.switch.port.pool.0.ingress_episode.max_wait_cycles = 292
stat.switch.port.pool.0.ingress_episode.avg_queue_wait_cycles = 49.7957
stat.switch.port.pool.0.ingress_episode.max_queue_wait_cycles = 147
stat.switch.port.pool.0.ingress_episode.avg_src_distinct = 1
stat.switch.port.pool.0.ingress_episode.max_src_distinct = 1
stat.switch.port.pool.0.ingress_episode.avg_dst_distinct = 1
stat.switch.port.pool.0.ingress_episode.max_dst_distinct = 1
stat.switch.port.pool.0.ingress_episode.avg_arrival_pkts.demand_req = 0
stat.switch.port.pool.0.ingress_episode.max_arrival_pkts.demand_req = 0
stat.switch.port.pool.0.ingress_episode.avg_release_pkts.demand_req = 0
stat.switch.port.pool.0.ingress_episode.max_release_pkts.demand_req = 0
stat.switch.port.pool.0.ingress_pre_occ_bucket.demand_req.0 = 0
stat.switch.port.pool.0.ingress_queue_wait_bucket.demand_req.0 = 0
stat.switch.port.pool.0.ingress_pre_occ_bucket.demand_req.1_64 = 0
stat.switch.port.pool.0.ingress_queue_wait_bucket.demand_req.1_63 = 0
stat.switch.port.pool.0.ingress_pre_occ_bucket.demand_req.65_256 = 0
stat.switch.port.pool.0.ingress_queue_wait_bucket.demand_req.64_255 = 0
stat.switch.port.pool.0.ingress_pre_occ_bucket.demand_req.257_1024 = 0
stat.switch.port.pool.0.ingress_queue_wait_bucket.demand_req.256_1023 = 0
stat.switch.port.pool.0.ingress_pre_occ_bucket.demand_req.1025_4096 = 0
stat.switch.port.pool.0.ingress_queue_wait_bucket.demand_req.1024_4095 = 0
stat.switch.port.pool.0.ingress_pre_occ_bucket.demand_req.4097_plus = 0
stat.switch.port.pool.0.ingress_queue_wait_bucket.demand_req.4096_plus = 0
stat.switch.port.pool.0.ingress_episode.avg_arrival_pkts.write_req = 0
stat.switch.port.pool.0.ingress_episode.max_arrival_pkts.write_req = 0
stat.switch.port.pool.0.ingress_episode.avg_release_pkts.write_req = 0
stat.switch.port.pool.0.ingress_episode.max_release_pkts.write_req = 0
stat.switch.port.pool.0.ingress_pre_occ_bucket.write_req.0 = 0
stat.switch.port.pool.0.ingress_queue_wait_bucket.write_req.0 = 0
stat.switch.port.pool.0.ingress_pre_occ_bucket.write_req.1_64 = 0
stat.switch.port.pool.0.ingress_queue_wait_bucket.write_req.1_63 = 0
stat.switch.port.pool.0.ingress_pre_occ_bucket.write_req.65_256 = 0
stat.switch.port.pool.0.ingress_queue_wait_bucket.write_req.64_255 = 0
stat.switch.port.pool.0.ingress_pre_occ_bucket.write_req.257_1024 = 0
stat.switch.port.pool.0.ingress_queue_wait_bucket.write_req.256_1023 = 0
stat.switch.port.pool.0.ingress_pre_occ_bucket.write_req.1025_4096 = 0
stat.switch.port.pool.0.ingress_queue_wait_bucket.write_req.1024_4095 = 0
stat.switch.port.pool.0.ingress_pre_occ_bucket.write_req.4097_plus = 0
stat.switch.port.pool.0.ingress_queue_wait_bucket.write_req.4096_plus = 0
stat.switch.port.pool.0.ingress_episode.avg_arrival_pkts.response = 3.59271
stat.switch.port.pool.0.ingress_episode.max_arrival_pkts.response = 10
stat.switch.port.pool.0.ingress_episode.avg_release_pkts.response = 3.59271
stat.switch.port.pool.0.ingress_episode.max_release_pkts.response = 10
stat.switch.port.pool.0.ingress_pre_occ_bucket.response.0 = 2168
stat.switch.port.pool.0.ingress_queue_wait_bucket.response.0 = 4172
stat.switch.port.pool.0.ingress_pre_occ_bucket.response.1_64 = 2127
stat.switch.port.pool.0.ingress_queue_wait_bucket.response.1_63 = 3418
stat.switch.port.pool.0.ingress_pre_occ_bucket.response.65_256 = 3169
stat.switch.port.pool.0.ingress_queue_wait_bucket.response.64_255 = 199
stat.switch.port.pool.0.ingress_pre_occ_bucket.response.257_1024 = 325
stat.switch.port.pool.0.ingress_queue_wait_bucket.response.256_1023 = 0
stat.switch.port.pool.0.ingress_pre_occ_bucket.response.1025_4096 = 0
stat.switch.port.pool.0.ingress_queue_wait_bucket.response.1024_4095 = 0
stat.switch.port.pool.0.ingress_pre_occ_bucket.response.4097_plus = 0
stat.switch.port.pool.0.ingress_queue_wait_bucket.response.4096_plus = 0
stat.switch.port.pool.0.ingress_episode.avg_arrival_pkts.other_req = 0
stat.switch.port.pool.0.ingress_episode.max_arrival_pkts.other_req = 0
stat.switch.port.pool.0.ingress_episode.avg_release_pkts.other_req = 0
stat.switch.port.pool.0.ingress_episode.max_release_pkts.other_req = 0
stat.switch.port.pool.0.ingress_pre_occ_bucket.other_req.0 = 0
stat.switch.port.pool.0.ingress_queue_wait_bucket.other_req.0 = 0
stat.switch.port.pool.0.ingress_pre_occ_bucket.other_req.1_64 = 0
stat.switch.port.pool.0.ingress_queue_wait_bucket.other_req.1_63 = 0
stat.switch.port.pool.0.ingress_pre_occ_bucket.other_req.65_256 = 0
stat.switch.port.pool.0.ingress_queue_wait_bucket.other_req.64_255 = 0
stat.switch.port.pool.0.ingress_pre_occ_bucket.other_req.257_1024 = 0
stat.switch.port.pool.0.ingress_queue_wait_bucket.other_req.256_1023 = 0
stat.switch.port.pool.0.ingress_pre_occ_bucket.other_req.1025_4096 = 0
stat.switch.port.pool.0.ingress_queue_wait_bucket.other_req.1024_4095 = 0
stat.switch.port.pool.0.ingress_pre_occ_bucket.other_req.4097_plus = 0
stat.switch.port.pool.0.ingress_queue_wait_bucket.other_req.4096_plus = 0
stat.switch.port.pool.0.peer_src.100.rx_bytes.response = 498496
stat.switch.port.pool.0.peer_src.100.rx_pkts.response = 7789
stat.switch.port.pool.0.peer_src.100.tx_bytes.response = 0
stat.switch.port.pool.0.peer_src.100.tx_pkts.response = 0
stat.switch.port.pool.0.peer_src.100.ingress_arrivals.response = 7789
stat.switch.port.pool.0.peer_src.100.ingress_arrival_nonempty_packet_frac.response = 0.721659
stat.switch.port.pool.0.peer_src.100.ingress_nonempty_arrival_pre_occ_avg_bytes.response = 140.092
stat.switch.port.pool.0.peer_src.100.ingress_nonempty_arrival_pre_occ_max_bytes.response = 448
stat.switch.port.pool.0.peer_src.100.ingress_wait_avg_cycles.response = 158.86
stat.switch.port.pool.0.peer_src.100.ingress_queue_wait_avg_cycles.response = 13.8602
stat.switch.port.pool.0.peer_src.100.ingress_queue_wait_after_nonempty_arrival_avg_cycles.response = 19.206
stat.switch.port.pool.0.peer_src.100.ingress_pre_occ_bucket.response.0 = 2168
stat.switch.port.pool.0.peer_src.100.ingress_queue_wait_bucket.response.0 = 4172
stat.switch.port.pool.0.peer_src.100.ingress_pre_occ_bucket.response.1_64 = 2127
stat.switch.port.pool.0.peer_src.100.ingress_queue_wait_bucket.response.1_63 = 3418
stat.switch.port.pool.0.peer_src.100.ingress_pre_occ_bucket.response.65_256 = 3169
stat.switch.port.pool.0.peer_src.100.ingress_queue_wait_bucket.response.64_255 = 199
stat.switch.port.pool.0.peer_src.100.ingress_pre_occ_bucket.response.257_1024 = 325
stat.switch.port.pool.0.peer_src.100.ingress_queue_wait_bucket.response.256_1023 = 0
stat.switch.port.pool.0.peer_src.100.ingress_pre_occ_bucket.response.1025_4096 = 0
stat.switch.port.pool.0.peer_src.100.ingress_queue_wait_bucket.response.1024_4095 = 0
stat.switch.port.pool.0.peer_src.100.ingress_pre_occ_bucket.response.4097_plus = 0
stat.switch.port.pool.0.peer_src.100.ingress_queue_wait_bucket.response.4096_plus = 0
stat.switch.port.pool.0.peer_dst.0.rx_bytes.response = 498496
stat.switch.port.pool.0.peer_dst.0.rx_pkts.response = 7789
stat.switch.port.pool.0.peer_dst.0.tx_bytes.response = 0
stat.switch.port.pool.0.peer_dst.0.tx_pkts.response = 0
stat.switch.port.pool.0.peer_dst.0.ingress_arrivals.response = 7789
stat.switch.port.pool.0.peer_dst.0.ingress_arrival_nonempty_packet_frac.response = 0.721659
stat.switch.port.pool.0.peer_dst.0.ingress_nonempty_arrival_pre_occ_avg_bytes.response = 140.092
stat.switch.port.pool.0.peer_dst.0.ingress_nonempty_arrival_pre_occ_max_bytes.response = 448
stat.switch.port.pool.0.peer_dst.0.ingress_wait_avg_cycles.response = 158.86
stat.switch.port.pool.0.peer_dst.0.ingress_queue_wait_avg_cycles.response = 13.8602
stat.switch.port.pool.0.peer_dst.0.ingress_queue_wait_after_nonempty_arrival_avg_cycles.response = 19.206
stat.switch.port.pool.0.peer_dst.0.ingress_pre_occ_bucket.response.0 = 2168
stat.switch.port.pool.0.peer_dst.0.ingress_queue_wait_bucket.response.0 = 4172
stat.switch.port.pool.0.peer_dst.0.ingress_pre_occ_bucket.response.1_64 = 2127
stat.switch.port.pool.0.peer_dst.0.ingress_queue_wait_bucket.response.1_63 = 3418
stat.switch.port.pool.0.peer_dst.0.ingress_pre_occ_bucket.response.65_256 = 3169
stat.switch.port.pool.0.peer_dst.0.ingress_queue_wait_bucket.response.64_255 = 199
stat.switch.port.pool.0.peer_dst.0.ingress_pre_occ_bucket.response.257_1024 = 325
stat.switch.port.pool.0.peer_dst.0.ingress_queue_wait_bucket.response.256_1023 = 0
stat.switch.port.pool.0.peer_dst.0.ingress_pre_occ_bucket.response.1025_4096 = 0
stat.switch.port.pool.0.peer_dst.0.ingress_queue_wait_bucket.response.1024_4095 = 0
stat.switch.port.pool.0.peer_dst.0.ingress_pre_occ_bucket.response.4097_plus = 0
stat.switch.port.pool.0.peer_dst.0.ingress_queue_wait_bucket.response.4096_plus = 0
stat.switch.port.pool.0.tx_src.0.rx_bytes.demand_req = 0
stat.switch.port.pool.0.tx_src.0.rx_pkts.demand_req = 0
stat.switch.port.pool.0.tx_src.0.tx_bytes.demand_req = 62256
stat.switch.port.pool.0.tx_src.0.tx_pkts.demand_req = 7782
stat.switch.port.pool.0.tx_src.0.ingress_arrivals.demand_req = 0
stat.switch.port.pool.0.tx_src.0.ingress_arrival_nonempty_packet_frac.demand_req = 0
stat.switch.port.pool.0.tx_src.0.ingress_nonempty_arrival_pre_occ_avg_bytes.demand_req = 0
stat.switch.port.pool.0.tx_src.0.ingress_nonempty_arrival_pre_occ_max_bytes.demand_req = 0
stat.switch.port.pool.0.tx_src.0.ingress_wait_avg_cycles.demand_req = 0
stat.switch.port.pool.0.tx_src.0.ingress_queue_wait_avg_cycles.demand_req = 0
stat.switch.port.pool.0.tx_src.0.ingress_queue_wait_after_nonempty_arrival_avg_cycles.demand_req = 0
stat.switch.port.pool.0.tx_src.0.ingress_pre_occ_bucket.demand_req.0 = 0
stat.switch.port.pool.0.tx_src.0.ingress_queue_wait_bucket.demand_req.0 = 0
stat.switch.port.pool.0.tx_src.0.ingress_pre_occ_bucket.demand_req.1_64 = 0
stat.switch.port.pool.0.tx_src.0.ingress_queue_wait_bucket.demand_req.1_63 = 0
stat.switch.port.pool.0.tx_src.0.ingress_pre_occ_bucket.demand_req.65_256 = 0
stat.switch.port.pool.0.tx_src.0.ingress_queue_wait_bucket.demand_req.64_255 = 0
stat.switch.port.pool.0.tx_src.0.ingress_pre_occ_bucket.demand_req.257_1024 = 0
stat.switch.port.pool.0.tx_src.0.ingress_queue_wait_bucket.demand_req.256_1023 = 0
stat.switch.port.pool.0.tx_src.0.ingress_pre_occ_bucket.demand_req.1025_4096 = 0
stat.switch.port.pool.0.tx_src.0.ingress_queue_wait_bucket.demand_req.1024_4095 = 0
stat.switch.port.pool.0.tx_src.0.ingress_pre_occ_bucket.demand_req.4097_plus = 0
stat.switch.port.pool.0.tx_src.0.ingress_queue_wait_bucket.demand_req.4096_plus = 0
stat.switch.port.pool.0.tx_src.0.rx_bytes.write_req = 0
stat.switch.port.pool.0.tx_src.0.rx_pkts.write_req = 0
stat.switch.port.pool.0.tx_src.0.tx_bytes.write_req = 475776
stat.switch.port.pool.0.tx_src.0.tx_pkts.write_req = 7434
stat.switch.port.pool.0.tx_src.0.ingress_arrivals.write_req = 0
stat.switch.port.pool.0.tx_src.0.ingress_arrival_nonempty_packet_frac.write_req = 0
stat.switch.port.pool.0.tx_src.0.ingress_nonempty_arrival_pre_occ_avg_bytes.write_req = 0
stat.switch.port.pool.0.tx_src.0.ingress_nonempty_arrival_pre_occ_max_bytes.write_req = 0
stat.switch.port.pool.0.tx_src.0.ingress_wait_avg_cycles.write_req = 0
stat.switch.port.pool.0.tx_src.0.ingress_queue_wait_avg_cycles.write_req = 0
stat.switch.port.pool.0.tx_src.0.ingress_queue_wait_after_nonempty_arrival_avg_cycles.write_req = 0
stat.switch.port.pool.0.tx_src.0.ingress_pre_occ_bucket.write_req.0 = 0
stat.switch.port.pool.0.tx_src.0.ingress_queue_wait_bucket.write_req.0 = 0
stat.switch.port.pool.0.tx_src.0.ingress_pre_occ_bucket.write_req.1_64 = 0
stat.switch.port.pool.0.tx_src.0.ingress_queue_wait_bucket.write_req.1_63 = 0
stat.switch.port.pool.0.tx_src.0.ingress_pre_occ_bucket.write_req.65_256 = 0
stat.switch.port.pool.0.tx_src.0.ingress_queue_wait_bucket.write_req.64_255 = 0
stat.switch.port.pool.0.tx_src.0.ingress_pre_occ_bucket.write_req.257_1024 = 0
stat.switch.port.pool.0.tx_src.0.ingress_queue_wait_bucket.write_req.256_1023 = 0
stat.switch.port.pool.0.tx_src.0.ingress_pre_occ_bucket.write_req.1025_4096 = 0
stat.switch.port.pool.0.tx_src.0.ingress_queue_wait_bucket.write_req.1024_4095 = 0
stat.switch.port.pool.0.tx_src.0.ingress_pre_occ_bucket.write_req.4097_plus = 0
stat.switch.port.pool.0.tx_src.0.ingress_queue_wait_bucket.write_req.4096_plus = 0
stat.switch.port.pool.0.tx_src.0.rx_bytes.other_req = 0
stat.switch.port.pool.0.tx_src.0.rx_pkts.other_req = 0
stat.switch.port.pool.0.tx_src.0.tx_bytes.other_req = 88
stat.switch.port.pool.0.tx_src.0.tx_pkts.other_req = 11
stat.switch.port.pool.0.tx_src.0.ingress_arrivals.other_req = 0
stat.switch.port.pool.0.tx_src.0.ingress_arrival_nonempty_packet_frac.other_req = 0
stat.switch.port.pool.0.tx_src.0.ingress_nonempty_arrival_pre_occ_avg_bytes.other_req = 0
stat.switch.port.pool.0.tx_src.0.ingress_nonempty_arrival_pre_occ_max_bytes.other_req = 0
stat.switch.port.pool.0.tx_src.0.ingress_wait_avg_cycles.other_req = 0
stat.switch.port.pool.0.tx_src.0.ingress_queue_wait_avg_cycles.other_req = 0
stat.switch.port.pool.0.tx_src.0.ingress_queue_wait_after_nonempty_arrival_avg_cycles.other_req = 0
stat.switch.port.pool.0.tx_src.0.ingress_pre_occ_bucket.other_req.0 = 0
stat.switch.port.pool.0.tx_src.0.ingress_queue_wait_bucket.other_req.0 = 0
stat.switch.port.pool.0.tx_src.0.ingress_pre_occ_bucket.other_req.1_64 = 0
stat.switch.port.pool.0.tx_src.0.ingress_queue_wait_bucket.other_req.1_63 = 0
stat.switch.port.pool.0.tx_src.0.ingress_pre_occ_bucket.other_req.65_256 = 0
stat.switch.port.pool.0.tx_src.0.ingress_queue_wait_bucket.other_req.64_255 = 0
stat.switch.port.pool.0.tx_src.0.ingress_pre_occ_bucket.other_req.257_1024 = 0
stat.switch.port.pool.0.tx_src.0.ingress_queue_wait_bucket.other_req.256_1023 = 0
stat.switch.port.pool.0.tx_src.0.ingress_pre_occ_bucket.other_req.1025_4096 = 0
stat.switch.port.pool.0.tx_src.0.ingress_queue_wait_bucket.other_req.1024_4095 = 0
stat.switch.port.pool.0.tx_src.0.ingress_pre_occ_bucket.other_req.4097_plus = 0
stat.switch.port.pool.0.tx_src.0.ingress_queue_wait_bucket.other_req.4096_plus = 0
stat.switch.port.pool.0.tx_dst.100.rx_bytes.demand_req = 0
stat.switch.port.pool.0.tx_dst.100.rx_pkts.demand_req = 0
stat.switch.port.pool.0.tx_dst.100.tx_bytes.demand_req = 62256
stat.switch.port.pool.0.tx_dst.100.tx_pkts.demand_req = 7782
stat.switch.port.pool.0.tx_dst.100.ingress_arrivals.demand_req = 0
stat.switch.port.pool.0.tx_dst.100.ingress_arrival_nonempty_packet_frac.demand_req = 0
stat.switch.port.pool.0.tx_dst.100.ingress_nonempty_arrival_pre_occ_avg_bytes.demand_req = 0
stat.switch.port.pool.0.tx_dst.100.ingress_nonempty_arrival_pre_occ_max_bytes.demand_req = 0
stat.switch.port.pool.0.tx_dst.100.ingress_wait_avg_cycles.demand_req = 0
stat.switch.port.pool.0.tx_dst.100.ingress_queue_wait_avg_cycles.demand_req = 0
stat.switch.port.pool.0.tx_dst.100.ingress_queue_wait_after_nonempty_arrival_avg_cycles.demand_req = 0
stat.switch.port.pool.0.tx_dst.100.ingress_pre_occ_bucket.demand_req.0 = 0
stat.switch.port.pool.0.tx_dst.100.ingress_queue_wait_bucket.demand_req.0 = 0
stat.switch.port.pool.0.tx_dst.100.ingress_pre_occ_bucket.demand_req.1_64 = 0
stat.switch.port.pool.0.tx_dst.100.ingress_queue_wait_bucket.demand_req.1_63 = 0
stat.switch.port.pool.0.tx_dst.100.ingress_pre_occ_bucket.demand_req.65_256 = 0
stat.switch.port.pool.0.tx_dst.100.ingress_queue_wait_bucket.demand_req.64_255 = 0
stat.switch.port.pool.0.tx_dst.100.ingress_pre_occ_bucket.demand_req.257_1024 = 0
stat.switch.port.pool.0.tx_dst.100.ingress_queue_wait_bucket.demand_req.256_1023 = 0
stat.switch.port.pool.0.tx_dst.100.ingress_pre_occ_bucket.demand_req.1025_4096 = 0
stat.switch.port.pool.0.tx_dst.100.ingress_queue_wait_bucket.demand_req.1024_4095 = 0
stat.switch.port.pool.0.tx_dst.100.ingress_pre_occ_bucket.demand_req.4097_plus = 0
stat.switch.port.pool.0.tx_dst.100.ingress_queue_wait_bucket.demand_req.4096_plus = 0
stat.switch.port.pool.0.tx_dst.100.rx_bytes.write_req = 0
stat.switch.port.pool.0.tx_dst.100.rx_pkts.write_req = 0
stat.switch.port.pool.0.tx_dst.100.tx_bytes.write_req = 475776
stat.switch.port.pool.0.tx_dst.100.tx_pkts.write_req = 7434
stat.switch.port.pool.0.tx_dst.100.ingress_arrivals.write_req = 0
stat.switch.port.pool.0.tx_dst.100.ingress_arrival_nonempty_packet_frac.write_req = 0
stat.switch.port.pool.0.tx_dst.100.ingress_nonempty_arrival_pre_occ_avg_bytes.write_req = 0
stat.switch.port.pool.0.tx_dst.100.ingress_nonempty_arrival_pre_occ_max_bytes.write_req = 0
stat.switch.port.pool.0.tx_dst.100.ingress_wait_avg_cycles.write_req = 0
stat.switch.port.pool.0.tx_dst.100.ingress_queue_wait_avg_cycles.write_req = 0
stat.switch.port.pool.0.tx_dst.100.ingress_queue_wait_after_nonempty_arrival_avg_cycles.write_req = 0
stat.switch.port.pool.0.tx_dst.100.ingress_pre_occ_bucket.write_req.0 = 0
stat.switch.port.pool.0.tx_dst.100.ingress_queue_wait_bucket.write_req.0 = 0
stat.switch.port.pool.0.tx_dst.100.ingress_pre_occ_bucket.write_req.1_64 = 0
stat.switch.port.pool.0.tx_dst.100.ingress_queue_wait_bucket.write_req.1_63 = 0
stat.switch.port.pool.0.tx_dst.100.ingress_pre_occ_bucket.write_req.65_256 = 0
stat.switch.port.pool.0.tx_dst.100.ingress_queue_wait_bucket.write_req.64_255 = 0
stat.switch.port.pool.0.tx_dst.100.ingress_pre_occ_bucket.write_req.257_1024 = 0
stat.switch.port.pool.0.tx_dst.100.ingress_queue_wait_bucket.write_req.256_1023 = 0
stat.switch.port.pool.0.tx_dst.100.ingress_pre_occ_bucket.write_req.1025_4096 = 0
stat.switch.port.pool.0.tx_dst.100.ingress_queue_wait_bucket.write_req.1024_4095 = 0
stat.switch.port.pool.0.tx_dst.100.ingress_pre_occ_bucket.write_req.4097_plus = 0
stat.switch.port.pool.0.tx_dst.100.ingress_queue_wait_bucket.write_req.4096_plus = 0
stat.switch.port.pool.0.tx_dst.100.rx_bytes.other_req = 0
stat.switch.port.pool.0.tx_dst.100.rx_pkts.other_req = 0
stat.switch.port.pool.0.tx_dst.100.tx_bytes.other_req = 88
stat.switch.port.pool.0.tx_dst.100.tx_pkts.other_req = 11
stat.switch.port.pool.0.tx_dst.100.ingress_arrivals.other_req = 0
stat.switch.port.pool.0.tx_dst.100.ingress_arrival_nonempty_packet_frac.other_req = 0
stat.switch.port.pool.0.tx_dst.100.ingress_nonempty_arrival_pre_occ_avg_bytes.other_req = 0
stat.switch.port.pool.0.tx_dst.100.ingress_nonempty_arrival_pre_occ_max_bytes.other_req = 0
stat.switch.port.pool.0.tx_dst.100.ingress_wait_avg_cycles.other_req = 0
stat.switch.port.pool.0.tx_dst.100.ingress_queue_wait_avg_cycles.other_req = 0
stat.switch.port.pool.0.tx_dst.100.ingress_queue_wait_after_nonempty_arrival_avg_cycles.other_req = 0
stat.switch.port.pool.0.tx_dst.100.ingress_pre_occ_bucket.other_req.0 = 0
stat.switch.port.pool.0.tx_dst.100.ingress_queue_wait_bucket.other_req.0 = 0
stat.switch.port.pool.0.tx_dst.100.ingress_pre_occ_bucket.other_req.1_64 = 0
stat.switch.port.pool.0.tx_dst.100.ingress_queue_wait_bucket.other_req.1_63 = 0
stat.switch.port.pool.0.tx_dst.100.ingress_pre_occ_bucket.other_req.65_256 = 0
stat.switch.port.pool.0.tx_dst.100.ingress_queue_wait_bucket.other_req.64_255 = 0
stat.switch.port.pool.0.tx_dst.100.ingress_pre_occ_bucket.other_req.257_1024 = 0
stat.switch.port.pool.0.tx_dst.100.ingress_queue_wait_bucket.other_req.256_1023 = 0
stat.switch.port.pool.0.tx_dst.100.ingress_pre_occ_bucket.other_req.1025_4096 = 0
stat.switch.port.pool.0.tx_dst.100.ingress_queue_wait_bucket.other_req.1024_4095 = 0
stat.switch.port.pool.0.tx_dst.100.ingress_pre_occ_bucket.other_req.4097_plus = 0
stat.switch.port.pool.0.tx_dst.100.ingress_queue_wait_bucket.other_req.4096_plus = 0
stat.switch.port.pool.1.ingress_wait_avg_cycles = 158.91
stat.switch.port.pool.1.ingress_wait_max_cycles = 292
stat.switch.port.pool.1.egress_wait_avg_cycles = 1
stat.switch.port.pool.1.egress_wait_max_cycles = 1
stat.switch.port.pool.1.ingress_queue_wait_avg_cycles = 13.9096
stat.switch.port.pool.1.ingress_queue_wait_max_cycles = 147
stat.switch.port.pool.1.egress_occ_avg_bytes = 0
stat.switch.port.pool.1.egress_occ_stddev_bytes = 0
stat.switch.port.pool.1.egress_occ_max_bytes = 0
stat.switch.port.pool.1.egress_occ_nonempty_frac = 0
stat.switch.port.pool.1.egress_blocked_cycles = 0
stat.switch.port.pool.1.egress_blocked_nonempty_frac = 0
stat.switch.port.pool.1.egress_blocked_avg_occ_bytes = 0
stat.switch.port.pool.1.egress_blocked_max_occ_bytes = 0
stat.switch.port.pool.1.egress_send_burst_max_pkts = 1
stat.switch.port.pool.1.egress_send_burst_max_bytes = 64
stat.switch.port.pool.1.egress_send_burst_avg_pkts = 1
stat.switch.port.pool.1.egress_send_burst_avg_bytes = 35.3399
stat.switch.port.pool.1.egress_send_burst_stddev_pkts = 0
stat.switch.port.pool.1.egress_send_burst_stddev_bytes = 27.9922
stat.switch.port.pool.1.egress_send_nonempty_frac = 0.00980318
stat.switch.port.pool.1.ingress_arrival_burst_avg_bytes = 64
stat.switch.port.pool.1.ingress_arrival_nonempty_frac = 0.00501458
stat.switch.port.pool.1.ingress_arrival_run_max_cycles = 1
stat.switch.port.pool.1.ingress_arrival_run_avg_cycles = 1
stat.switch.port.pool.1.ingress_arrival_gap_max_cycles = 1427
stat.switch.port.pool.1.ingress_arrival_gap_avg_cycles = 132.928
stat.switch.port.pool.1.ingress_release_burst_avg_bytes = 64
stat.switch.port.pool.1.ingress_release_nonempty_frac = 0.00501394
stat.switch.port.pool.1.ingress_release_run_max_cycles = 1
stat.switch.port.pool.1.ingress_release_run_avg_cycles = 1
stat.switch.port.pool.1.ingress_release_gap_max_cycles = 1301
stat.switch.port.pool.1.ingress_release_gap_avg_cycles = 132.912
stat.switch.port.pool.1.ingress_occ_avg_bytes = 50.6726
stat.switch.port.pool.1.ingress_occ_stddev_bytes = 85.782
stat.switch.port.pool.1.ingress_occ_max_bytes = 512
stat.switch.port.pool.1.ingress_occ_nonempty_frac = 0.35002
stat.switch.port.pool.1.ingress_occ_run_max_cycles = 657
stat.switch.port.pool.1.ingress_occ_run_avg_cycles = 249.393
stat.switch.port.pool.1.ingress_occ_gap_max_cycles = 1158
stat.switch.port.pool.1.ingress_occ_gap_avg_cycles = 229.175
stat.switch.port.pool.1.ingress_wait_avg_cycles.demand_req = 0
stat.switch.port.pool.1.ingress_wait_max_cycles.demand_req = 0
stat.switch.port.pool.1.ingress_queue_wait_avg_cycles.demand_req = 0
stat.switch.port.pool.1.ingress_queue_wait_max_cycles.demand_req = 0
stat.switch.port.pool.1.egress_wait_avg_cycles.demand_req = 1
stat.switch.port.pool.1.egress_wait_max_cycles.demand_req = 1
stat.switch.port.pool.1.egress_occ_avg_bytes.demand_req = 0
stat.switch.port.pool.1.egress_occ_max_bytes.demand_req = 0
stat.switch.port.pool.1.egress_blocked_cycles.demand_req = 0
stat.switch.port.pool.1.ingress_arrival_empty_packets.demand_req = 0
stat.switch.port.pool.1.ingress_arrival_nonempty_packets.demand_req = 0
stat.switch.port.pool.1.ingress_arrival_nonempty_packet_frac.demand_req = 0
stat.switch.port.pool.1.ingress_nonempty_arrival_pre_occ_avg_bytes.demand_req = 0
stat.switch.port.pool.1.ingress_nonempty_arrival_pre_occ_max_bytes.demand_req = 0
stat.switch.port.pool.1.ingress_release_after_empty_arrival_packets.demand_req = 0
stat.switch.port.pool.1.ingress_release_after_nonempty_arrival_packets.demand_req = 0
stat.switch.port.pool.1.ingress_wait_after_empty_arrival_avg_cycles.demand_req = 0
stat.switch.port.pool.1.ingress_wait_after_nonempty_arrival_avg_cycles.demand_req = 0
stat.switch.port.pool.1.ingress_queue_wait_after_empty_arrival_avg_cycles.demand_req = 0
stat.switch.port.pool.1.ingress_queue_wait_after_nonempty_arrival_avg_cycles.demand_req = 0
stat.switch.port.pool.1.ingress_queue_wait_after_empty_arrival_max_cycles.demand_req = 0
stat.switch.port.pool.1.ingress_queue_wait_after_nonempty_arrival_max_cycles.demand_req = 0
stat.switch.port.pool.1.rx_bytes.demand_req = 0
stat.switch.port.pool.1.tx_bytes.demand_req = 62232
stat.switch.port.pool.1.rx_pkts.demand_req = 0
stat.switch.port.pool.1.tx_pkts.demand_req = 7779
stat.switch.port.pool.1.ingress_wait_avg_cycles.write_req = 0
stat.switch.port.pool.1.ingress_wait_max_cycles.write_req = 0
stat.switch.port.pool.1.ingress_queue_wait_avg_cycles.write_req = 0
stat.switch.port.pool.1.ingress_queue_wait_max_cycles.write_req = 0
stat.switch.port.pool.1.egress_wait_avg_cycles.write_req = 1
stat.switch.port.pool.1.egress_wait_max_cycles.write_req = 1
stat.switch.port.pool.1.egress_occ_avg_bytes.write_req = 0
stat.switch.port.pool.1.egress_occ_max_bytes.write_req = 0
stat.switch.port.pool.1.egress_blocked_cycles.write_req = 0
stat.switch.port.pool.1.ingress_arrival_empty_packets.write_req = 0
stat.switch.port.pool.1.ingress_arrival_nonempty_packets.write_req = 0
stat.switch.port.pool.1.ingress_arrival_nonempty_packet_frac.write_req = 0
stat.switch.port.pool.1.ingress_nonempty_arrival_pre_occ_avg_bytes.write_req = 0
stat.switch.port.pool.1.ingress_nonempty_arrival_pre_occ_max_bytes.write_req = 0
stat.switch.port.pool.1.ingress_release_after_empty_arrival_packets.write_req = 0
stat.switch.port.pool.1.ingress_release_after_nonempty_arrival_packets.write_req = 0
stat.switch.port.pool.1.ingress_wait_after_empty_arrival_avg_cycles.write_req = 0
stat.switch.port.pool.1.ingress_wait_after_nonempty_arrival_avg_cycles.write_req = 0
stat.switch.port.pool.1.ingress_queue_wait_after_empty_arrival_avg_cycles.write_req = 0
stat.switch.port.pool.1.ingress_queue_wait_after_nonempty_arrival_avg_cycles.write_req = 0
stat.switch.port.pool.1.ingress_queue_wait_after_empty_arrival_max_cycles.write_req = 0
stat.switch.port.pool.1.ingress_queue_wait_after_nonempty_arrival_max_cycles.write_req = 0
stat.switch.port.pool.1.rx_bytes.write_req = 0
stat.switch.port.pool.1.tx_bytes.write_req = 475776
stat.switch.port.pool.1.rx_pkts.write_req = 0
stat.switch.port.pool.1.tx_pkts.write_req = 7434
stat.switch.port.pool.1.ingress_wait_avg_cycles.response = 158.91
stat.switch.port.pool.1.ingress_wait_max_cycles.response = 292
stat.switch.port.pool.1.ingress_queue_wait_avg_cycles.response = 13.9096
stat.switch.port.pool.1.ingress_queue_wait_max_cycles.response = 147
stat.switch.port.pool.1.egress_wait_avg_cycles.response = 0
stat.switch.port.pool.1.egress_wait_max_cycles.response = 0
stat.switch.port.pool.1.egress_occ_avg_bytes.response = 0
stat.switch.port.pool.1.egress_occ_max_bytes.response = 0
stat.switch.port.pool.1.egress_blocked_cycles.response = 0
stat.switch.port.pool.1.ingress_arrival_empty_packets.response = 2180
stat.switch.port.pool.1.ingress_arrival_nonempty_packets.response = 5609
stat.switch.port.pool.1.ingress_arrival_nonempty_packet_frac.response = 0.720118
stat.switch.port.pool.1.ingress_nonempty_arrival_pre_occ_avg_bytes.response = 140.277
stat.switch.port.pool.1.ingress_nonempty_arrival_pre_occ_max_bytes.response = 448
stat.switch.port.pool.1.ingress_release_after_empty_arrival_packets.response = 2179
stat.switch.port.pool.1.ingress_release_after_nonempty_arrival_packets.response = 5609
stat.switch.port.pool.1.ingress_wait_after_empty_arrival_avg_cycles.response = 145
stat.switch.port.pool.1.ingress_wait_after_nonempty_arrival_avg_cycles.response = 164.313
stat.switch.port.pool.1.ingress_queue_wait_after_empty_arrival_avg_cycles.response = 0
stat.switch.port.pool.1.ingress_queue_wait_after_nonempty_arrival_avg_cycles.response = 19.3132
stat.switch.port.pool.1.ingress_queue_wait_after_empty_arrival_max_cycles.response = 0
stat.switch.port.pool.1.ingress_queue_wait_after_nonempty_arrival_max_cycles.response = 147
stat.switch.port.pool.1.rx_bytes.response = 498496
stat.switch.port.pool.1.tx_bytes.response = 0
stat.switch.port.pool.1.rx_pkts.response = 7789
stat.switch.port.pool.1.tx_pkts.response = 0
stat.switch.port.pool.1.ingress_wait_avg_cycles.other_req = 0
stat.switch.port.pool.1.ingress_wait_max_cycles.other_req = 0
stat.switch.port.pool.1.ingress_queue_wait_avg_cycles.other_req = 0
stat.switch.port.pool.1.ingress_queue_wait_max_cycles.other_req = 0
stat.switch.port.pool.1.egress_wait_avg_cycles.other_req = 1
stat.switch.port.pool.1.egress_wait_max_cycles.other_req = 1
stat.switch.port.pool.1.egress_occ_avg_bytes.other_req = 0
stat.switch.port.pool.1.egress_occ_max_bytes.other_req = 0
stat.switch.port.pool.1.egress_blocked_cycles.other_req = 0
stat.switch.port.pool.1.ingress_arrival_empty_packets.other_req = 0
stat.switch.port.pool.1.ingress_arrival_nonempty_packets.other_req = 0
stat.switch.port.pool.1.ingress_arrival_nonempty_packet_frac.other_req = 0
stat.switch.port.pool.1.ingress_nonempty_arrival_pre_occ_avg_bytes.other_req = 0
stat.switch.port.pool.1.ingress_nonempty_arrival_pre_occ_max_bytes.other_req = 0
stat.switch.port.pool.1.ingress_release_after_empty_arrival_packets.other_req = 0
stat.switch.port.pool.1.ingress_release_after_nonempty_arrival_packets.other_req = 0
stat.switch.port.pool.1.ingress_wait_after_empty_arrival_avg_cycles.other_req = 0
stat.switch.port.pool.1.ingress_wait_after_nonempty_arrival_avg_cycles.other_req = 0
stat.switch.port.pool.1.ingress_queue_wait_after_empty_arrival_avg_cycles.other_req = 0
stat.switch.port.pool.1.ingress_queue_wait_after_nonempty_arrival_avg_cycles.other_req = 0
stat.switch.port.pool.1.ingress_queue_wait_after_empty_arrival_max_cycles.other_req = 0
stat.switch.port.pool.1.ingress_queue_wait_after_nonempty_arrival_max_cycles.other_req = 0
stat.switch.port.pool.1.rx_bytes.other_req = 0
stat.switch.port.pool.1.tx_bytes.other_req = 112
stat.switch.port.pool.1.rx_pkts.other_req = 0
stat.switch.port.pool.1.tx_pkts.other_req = 14
stat.switch.port.pool.1.ingress_occ_bucket_bytes.0 = 1009595
stat.switch.port.pool.1.ready_occ_bucket_bytes.0 = 1545483
stat.switch.port.pool.1.ingress_occ_bucket_bytes.1_64 = 199985
stat.switch.port.pool.1.ready_occ_bucket_bytes.1_64 = 7788
stat.switch.port.pool.1.ingress_occ_bucket_bytes.65_256 = 303974
stat.switch.port.pool.1.ready_occ_bucket_bytes.65_256 = 0
stat.switch.port.pool.1.ingress_occ_bucket_bytes.257_1024 = 39717
stat.switch.port.pool.1.ready_occ_bucket_bytes.257_1024 = 0
stat.switch.port.pool.1.ingress_occ_bucket_bytes.1025_4096 = 0
stat.switch.port.pool.1.ready_occ_bucket_bytes.1025_4096 = 0
stat.switch.port.pool.1.ingress_occ_bucket_bytes.4097_plus = 0
stat.switch.port.pool.1.ready_occ_bucket_bytes.4097_plus = 0
stat.switch.port.pool.1.ingress_episode.count = 2179
stat.switch.port.pool.1.ingress_episode.avg_cycles = 249.499
stat.switch.port.pool.1.ingress_episode.max_cycles = 657
stat.switch.port.pool.1.ingress_episode.avg_peak_occ_bytes = 200.694
stat.switch.port.pool.1.ingress_episode.max_peak_occ_bytes = 512
stat.switch.port.pool.1.ingress_episode.avg_arrival_pkts = 3.57412
stat.switch.port.pool.1.ingress_episode.max_arrival_pkts = 8
stat.switch.port.pool.1.ingress_episode.avg_arrival_bytes = 228.743
stat.switch.port.pool.1.ingress_episode.max_arrival_bytes = 512
stat.switch.port.pool.1.ingress_episode.avg_release_pkts = 3.57412
stat.switch.port.pool.1.ingress_episode.max_release_pkts = 8
stat.switch.port.pool.1.ingress_episode.avg_release_bytes = 228.743
stat.switch.port.pool.1.ingress_episode.max_release_bytes = 512
stat.switch.port.pool.1.ingress_episode.avg_wait_cycles = 567.961
stat.switch.port.pool.1.ingress_episode.max_wait_cycles = 292
stat.switch.port.pool.1.ingress_episode.avg_queue_wait_cycles = 49.7145
stat.switch.port.pool.1.ingress_episode.max_queue_wait_cycles = 147
stat.switch.port.pool.1.ingress_episode.avg_src_distinct = 1
stat.switch.port.pool.1.ingress_episode.max_src_distinct = 1
stat.switch.port.pool.1.ingress_episode.avg_dst_distinct = 1
stat.switch.port.pool.1.ingress_episode.max_dst_distinct = 1
stat.switch.port.pool.1.ingress_episode.avg_arrival_pkts.demand_req = 0
stat.switch.port.pool.1.ingress_episode.max_arrival_pkts.demand_req = 0
stat.switch.port.pool.1.ingress_episode.avg_release_pkts.demand_req = 0
stat.switch.port.pool.1.ingress_episode.max_release_pkts.demand_req = 0
stat.switch.port.pool.1.ingress_pre_occ_bucket.demand_req.0 = 0
stat.switch.port.pool.1.ingress_queue_wait_bucket.demand_req.0 = 0
stat.switch.port.pool.1.ingress_pre_occ_bucket.demand_req.1_64 = 0
stat.switch.port.pool.1.ingress_queue_wait_bucket.demand_req.1_63 = 0
stat.switch.port.pool.1.ingress_pre_occ_bucket.demand_req.65_256 = 0
stat.switch.port.pool.1.ingress_queue_wait_bucket.demand_req.64_255 = 0
stat.switch.port.pool.1.ingress_pre_occ_bucket.demand_req.257_1024 = 0
stat.switch.port.pool.1.ingress_queue_wait_bucket.demand_req.256_1023 = 0
stat.switch.port.pool.1.ingress_pre_occ_bucket.demand_req.1025_4096 = 0
stat.switch.port.pool.1.ingress_queue_wait_bucket.demand_req.1024_4095 = 0
stat.switch.port.pool.1.ingress_pre_occ_bucket.demand_req.4097_plus = 0
stat.switch.port.pool.1.ingress_queue_wait_bucket.demand_req.4096_plus = 0
stat.switch.port.pool.1.ingress_episode.avg_arrival_pkts.write_req = 0
stat.switch.port.pool.1.ingress_episode.max_arrival_pkts.write_req = 0
stat.switch.port.pool.1.ingress_episode.avg_release_pkts.write_req = 0
stat.switch.port.pool.1.ingress_episode.max_release_pkts.write_req = 0
stat.switch.port.pool.1.ingress_pre_occ_bucket.write_req.0 = 0
stat.switch.port.pool.1.ingress_queue_wait_bucket.write_req.0 = 0
stat.switch.port.pool.1.ingress_pre_occ_bucket.write_req.1_64 = 0
stat.switch.port.pool.1.ingress_queue_wait_bucket.write_req.1_63 = 0
stat.switch.port.pool.1.ingress_pre_occ_bucket.write_req.65_256 = 0
stat.switch.port.pool.1.ingress_queue_wait_bucket.write_req.64_255 = 0
stat.switch.port.pool.1.ingress_pre_occ_bucket.write_req.257_1024 = 0
stat.switch.port.pool.1.ingress_queue_wait_bucket.write_req.256_1023 = 0
stat.switch.port.pool.1.ingress_pre_occ_bucket.write_req.1025_4096 = 0
stat.switch.port.pool.1.ingress_queue_wait_bucket.write_req.1024_4095 = 0
stat.switch.port.pool.1.ingress_pre_occ_bucket.write_req.4097_plus = 0
stat.switch.port.pool.1.ingress_queue_wait_bucket.write_req.4096_plus = 0
stat.switch.port.pool.1.ingress_episode.avg_arrival_pkts.response = 3.57412
stat.switch.port.pool.1.ingress_episode.max_arrival_pkts.response = 8
stat.switch.port.pool.1.ingress_episode.avg_release_pkts.response = 3.57412
stat.switch.port.pool.1.ingress_episode.max_release_pkts.response = 8
stat.switch.port.pool.1.ingress_pre_occ_bucket.response.0 = 2180
stat.switch.port.pool.1.ingress_queue_wait_bucket.response.0 = 4155
stat.switch.port.pool.1.ingress_pre_occ_bucket.response.1_64 = 2111
stat.switch.port.pool.1.ingress_queue_wait_bucket.response.1_63 = 3430
stat.switch.port.pool.1.ingress_pre_occ_bucket.response.65_256 = 3156
stat.switch.port.pool.1.ingress_queue_wait_bucket.response.64_255 = 203
stat.switch.port.pool.1.ingress_pre_occ_bucket.response.257_1024 = 342
stat.switch.port.pool.1.ingress_queue_wait_bucket.response.256_1023 = 0
stat.switch.port.pool.1.ingress_pre_occ_bucket.response.1025_4096 = 0
stat.switch.port.pool.1.ingress_queue_wait_bucket.response.1024_4095 = 0
stat.switch.port.pool.1.ingress_pre_occ_bucket.response.4097_plus = 0
stat.switch.port.pool.1.ingress_queue_wait_bucket.response.4096_plus = 0
stat.switch.port.pool.1.ingress_episode.avg_arrival_pkts.other_req = 0
stat.switch.port.pool.1.ingress_episode.max_arrival_pkts.other_req = 0
stat.switch.port.pool.1.ingress_episode.avg_release_pkts.other_req = 0
stat.switch.port.pool.1.ingress_episode.max_release_pkts.other_req = 0
stat.switch.port.pool.1.ingress_pre_occ_bucket.other_req.0 = 0
stat.switch.port.pool.1.ingress_queue_wait_bucket.other_req.0 = 0
stat.switch.port.pool.1.ingress_pre_occ_bucket.other_req.1_64 = 0
stat.switch.port.pool.1.ingress_queue_wait_bucket.other_req.1_63 = 0
stat.switch.port.pool.1.ingress_pre_occ_bucket.other_req.65_256 = 0
stat.switch.port.pool.1.ingress_queue_wait_bucket.other_req.64_255 = 0
stat.switch.port.pool.1.ingress_pre_occ_bucket.other_req.257_1024 = 0
stat.switch.port.pool.1.ingress_queue_wait_bucket.other_req.256_1023 = 0
stat.switch.port.pool.1.ingress_pre_occ_bucket.other_req.1025_4096 = 0
stat.switch.port.pool.1.ingress_queue_wait_bucket.other_req.1024_4095 = 0
stat.switch.port.pool.1.ingress_pre_occ_bucket.other_req.4097_plus = 0
stat.switch.port.pool.1.ingress_queue_wait_bucket.other_req.4096_plus = 0
stat.switch.port.pool.1.peer_src.101.rx_bytes.response = 498496
stat.switch.port.pool.1.peer_src.101.rx_pkts.response = 7789
stat.switch.port.pool.1.peer_src.101.tx_bytes.response = 0
stat.switch.port.pool.1.peer_src.101.tx_pkts.response = 0
stat.switch.port.pool.1.peer_src.101.ingress_arrivals.response = 7789
stat.switch.port.pool.1.peer_src.101.ingress_arrival_nonempty_packet_frac.response = 0.720118
stat.switch.port.pool.1.peer_src.101.ingress_nonempty_arrival_pre_occ_avg_bytes.response = 140.277
stat.switch.port.pool.1.peer_src.101.ingress_nonempty_arrival_pre_occ_max_bytes.response = 448
stat.switch.port.pool.1.peer_src.101.ingress_wait_avg_cycles.response = 158.91
stat.switch.port.pool.1.peer_src.101.ingress_queue_wait_avg_cycles.response = 13.9096
stat.switch.port.pool.1.peer_src.101.ingress_queue_wait_after_nonempty_arrival_avg_cycles.response = 19.3132
stat.switch.port.pool.1.peer_src.101.ingress_pre_occ_bucket.response.0 = 2180
stat.switch.port.pool.1.peer_src.101.ingress_queue_wait_bucket.response.0 = 4155
stat.switch.port.pool.1.peer_src.101.ingress_pre_occ_bucket.response.1_64 = 2111
stat.switch.port.pool.1.peer_src.101.ingress_queue_wait_bucket.response.1_63 = 3430
stat.switch.port.pool.1.peer_src.101.ingress_pre_occ_bucket.response.65_256 = 3156
stat.switch.port.pool.1.peer_src.101.ingress_queue_wait_bucket.response.64_255 = 203
stat.switch.port.pool.1.peer_src.101.ingress_pre_occ_bucket.response.257_1024 = 342
stat.switch.port.pool.1.peer_src.101.ingress_queue_wait_bucket.response.256_1023 = 0
stat.switch.port.pool.1.peer_src.101.ingress_pre_occ_bucket.response.1025_4096 = 0
stat.switch.port.pool.1.peer_src.101.ingress_queue_wait_bucket.response.1024_4095 = 0
stat.switch.port.pool.1.peer_src.101.ingress_pre_occ_bucket.response.4097_plus = 0
stat.switch.port.pool.1.peer_src.101.ingress_queue_wait_bucket.response.4096_plus = 0
stat.switch.port.pool.1.peer_dst.0.rx_bytes.response = 498496
stat.switch.port.pool.1.peer_dst.0.rx_pkts.response = 7789
stat.switch.port.pool.1.peer_dst.0.tx_bytes.response = 0
stat.switch.port.pool.1.peer_dst.0.tx_pkts.response = 0
stat.switch.port.pool.1.peer_dst.0.ingress_arrivals.response = 7789
stat.switch.port.pool.1.peer_dst.0.ingress_arrival_nonempty_packet_frac.response = 0.720118
stat.switch.port.pool.1.peer_dst.0.ingress_nonempty_arrival_pre_occ_avg_bytes.response = 140.277
stat.switch.port.pool.1.peer_dst.0.ingress_nonempty_arrival_pre_occ_max_bytes.response = 448
stat.switch.port.pool.1.peer_dst.0.ingress_wait_avg_cycles.response = 158.91
stat.switch.port.pool.1.peer_dst.0.ingress_queue_wait_avg_cycles.response = 13.9096
stat.switch.port.pool.1.peer_dst.0.ingress_queue_wait_after_nonempty_arrival_avg_cycles.response = 19.3132
stat.switch.port.pool.1.peer_dst.0.ingress_pre_occ_bucket.response.0 = 2180
stat.switch.port.pool.1.peer_dst.0.ingress_queue_wait_bucket.response.0 = 4155
stat.switch.port.pool.1.peer_dst.0.ingress_pre_occ_bucket.response.1_64 = 2111
stat.switch.port.pool.1.peer_dst.0.ingress_queue_wait_bucket.response.1_63 = 3430
stat.switch.port.pool.1.peer_dst.0.ingress_pre_occ_bucket.response.65_256 = 3156
stat.switch.port.pool.1.peer_dst.0.ingress_queue_wait_bucket.response.64_255 = 203
stat.switch.port.pool.1.peer_dst.0.ingress_pre_occ_bucket.response.257_1024 = 342
stat.switch.port.pool.1.peer_dst.0.ingress_queue_wait_bucket.response.256_1023 = 0
stat.switch.port.pool.1.peer_dst.0.ingress_pre_occ_bucket.response.1025_4096 = 0
stat.switch.port.pool.1.peer_dst.0.ingress_queue_wait_bucket.response.1024_4095 = 0
stat.switch.port.pool.1.peer_dst.0.ingress_pre_occ_bucket.response.4097_plus = 0
stat.switch.port.pool.1.peer_dst.0.ingress_queue_wait_bucket.response.4096_plus = 0
stat.switch.port.pool.1.tx_src.0.rx_bytes.demand_req = 0
stat.switch.port.pool.1.tx_src.0.rx_pkts.demand_req = 0
stat.switch.port.pool.1.tx_src.0.tx_bytes.demand_req = 62232
stat.switch.port.pool.1.tx_src.0.tx_pkts.demand_req = 7779
stat.switch.port.pool.1.tx_src.0.ingress_arrivals.demand_req = 0
stat.switch.port.pool.1.tx_src.0.ingress_arrival_nonempty_packet_frac.demand_req = 0
stat.switch.port.pool.1.tx_src.0.ingress_nonempty_arrival_pre_occ_avg_bytes.demand_req = 0
stat.switch.port.pool.1.tx_src.0.ingress_nonempty_arrival_pre_occ_max_bytes.demand_req = 0
stat.switch.port.pool.1.tx_src.0.ingress_wait_avg_cycles.demand_req = 0
stat.switch.port.pool.1.tx_src.0.ingress_queue_wait_avg_cycles.demand_req = 0
stat.switch.port.pool.1.tx_src.0.ingress_queue_wait_after_nonempty_arrival_avg_cycles.demand_req = 0
stat.switch.port.pool.1.tx_src.0.ingress_pre_occ_bucket.demand_req.0 = 0
stat.switch.port.pool.1.tx_src.0.ingress_queue_wait_bucket.demand_req.0 = 0
stat.switch.port.pool.1.tx_src.0.ingress_pre_occ_bucket.demand_req.1_64 = 0
stat.switch.port.pool.1.tx_src.0.ingress_queue_wait_bucket.demand_req.1_63 = 0
stat.switch.port.pool.1.tx_src.0.ingress_pre_occ_bucket.demand_req.65_256 = 0
stat.switch.port.pool.1.tx_src.0.ingress_queue_wait_bucket.demand_req.64_255 = 0
stat.switch.port.pool.1.tx_src.0.ingress_pre_occ_bucket.demand_req.257_1024 = 0
stat.switch.port.pool.1.tx_src.0.ingress_queue_wait_bucket.demand_req.256_1023 = 0
stat.switch.port.pool.1.tx_src.0.ingress_pre_occ_bucket.demand_req.1025_4096 = 0
stat.switch.port.pool.1.tx_src.0.ingress_queue_wait_bucket.demand_req.1024_4095 = 0
stat.switch.port.pool.1.tx_src.0.ingress_pre_occ_bucket.demand_req.4097_plus = 0
stat.switch.port.pool.1.tx_src.0.ingress_queue_wait_bucket.demand_req.4096_plus = 0
stat.switch.port.pool.1.tx_src.0.rx_bytes.write_req = 0
stat.switch.port.pool.1.tx_src.0.rx_pkts.write_req = 0
stat.switch.port.pool.1.tx_src.0.tx_bytes.write_req = 475776
stat.switch.port.pool.1.tx_src.0.tx_pkts.write_req = 7434
stat.switch.port.pool.1.tx_src.0.ingress_arrivals.write_req = 0
stat.switch.port.pool.1.tx_src.0.ingress_arrival_nonempty_packet_frac.write_req = 0
stat.switch.port.pool.1.tx_src.0.ingress_nonempty_arrival_pre_occ_avg_bytes.write_req = 0
stat.switch.port.pool.1.tx_src.0.ingress_nonempty_arrival_pre_occ_max_bytes.write_req = 0
stat.switch.port.pool.1.tx_src.0.ingress_wait_avg_cycles.write_req = 0
stat.switch.port.pool.1.tx_src.0.ingress_queue_wait_avg_cycles.write_req = 0
stat.switch.port.pool.1.tx_src.0.ingress_queue_wait_after_nonempty_arrival_avg_cycles.write_req = 0
stat.switch.port.pool.1.tx_src.0.ingress_pre_occ_bucket.write_req.0 = 0
stat.switch.port.pool.1.tx_src.0.ingress_queue_wait_bucket.write_req.0 = 0
stat.switch.port.pool.1.tx_src.0.ingress_pre_occ_bucket.write_req.1_64 = 0
stat.switch.port.pool.1.tx_src.0.ingress_queue_wait_bucket.write_req.1_63 = 0
stat.switch.port.pool.1.tx_src.0.ingress_pre_occ_bucket.write_req.65_256 = 0
stat.switch.port.pool.1.tx_src.0.ingress_queue_wait_bucket.write_req.64_255 = 0
stat.switch.port.pool.1.tx_src.0.ingress_pre_occ_bucket.write_req.257_1024 = 0
stat.switch.port.pool.1.tx_src.0.ingress_queue_wait_bucket.write_req.256_1023 = 0
stat.switch.port.pool.1.tx_src.0.ingress_pre_occ_bucket.write_req.1025_4096 = 0
stat.switch.port.pool.1.tx_src.0.ingress_queue_wait_bucket.write_req.1024_4095 = 0
stat.switch.port.pool.1.tx_src.0.ingress_pre_occ_bucket.write_req.4097_plus = 0
stat.switch.port.pool.1.tx_src.0.ingress_queue_wait_bucket.write_req.4096_plus = 0
stat.switch.port.pool.1.tx_src.0.rx_bytes.other_req = 0
stat.switch.port.pool.1.tx_src.0.rx_pkts.other_req = 0
stat.switch.port.pool.1.tx_src.0.tx_bytes.other_req = 112
stat.switch.port.pool.1.tx_src.0.tx_pkts.other_req = 14
stat.switch.port.pool.1.tx_src.0.ingress_arrivals.other_req = 0
stat.switch.port.pool.1.tx_src.0.ingress_arrival_nonempty_packet_frac.other_req = 0
stat.switch.port.pool.1.tx_src.0.ingress_nonempty_arrival_pre_occ_avg_bytes.other_req = 0
stat.switch.port.pool.1.tx_src.0.ingress_nonempty_arrival_pre_occ_max_bytes.other_req = 0
stat.switch.port.pool.1.tx_src.0.ingress_wait_avg_cycles.other_req = 0
stat.switch.port.pool.1.tx_src.0.ingress_queue_wait_avg_cycles.other_req = 0
stat.switch.port.pool.1.tx_src.0.ingress_queue_wait_after_nonempty_arrival_avg_cycles.other_req = 0
stat.switch.port.pool.1.tx_src.0.ingress_pre_occ_bucket.other_req.0 = 0
stat.switch.port.pool.1.tx_src.0.ingress_queue_wait_bucket.other_req.0 = 0
stat.switch.port.pool.1.tx_src.0.ingress_pre_occ_bucket.other_req.1_64 = 0
stat.switch.port.pool.1.tx_src.0.ingress_queue_wait_bucket.other_req.1_63 = 0
stat.switch.port.pool.1.tx_src.0.ingress_pre_occ_bucket.other_req.65_256 = 0
stat.switch.port.pool.1.tx_src.0.ingress_queue_wait_bucket.other_req.64_255 = 0
stat.switch.port.pool.1.tx_src.0.ingress_pre_occ_bucket.other_req.257_1024 = 0
stat.switch.port.pool.1.tx_src.0.ingress_queue_wait_bucket.other_req.256_1023 = 0
stat.switch.port.pool.1.tx_src.0.ingress_pre_occ_bucket.other_req.1025_4096 = 0
stat.switch.port.pool.1.tx_src.0.ingress_queue_wait_bucket.other_req.1024_4095 = 0
stat.switch.port.pool.1.tx_src.0.ingress_pre_occ_bucket.other_req.4097_plus = 0
stat.switch.port.pool.1.tx_src.0.ingress_queue_wait_bucket.other_req.4096_plus = 0
stat.switch.port.pool.1.tx_dst.101.rx_bytes.demand_req = 0
stat.switch.port.pool.1.tx_dst.101.rx_pkts.demand_req = 0
stat.switch.port.pool.1.tx_dst.101.tx_bytes.demand_req = 62232
stat.switch.port.pool.1.tx_dst.101.tx_pkts.demand_req = 7779
stat.switch.port.pool.1.tx_dst.101.ingress_arrivals.demand_req = 0
stat.switch.port.pool.1.tx_dst.101.ingress_arrival_nonempty_packet_frac.demand_req = 0
stat.switch.port.pool.1.tx_dst.101.ingress_nonempty_arrival_pre_occ_avg_bytes.demand_req = 0
stat.switch.port.pool.1.tx_dst.101.ingress_nonempty_arrival_pre_occ_max_bytes.demand_req = 0
stat.switch.port.pool.1.tx_dst.101.ingress_wait_avg_cycles.demand_req = 0
stat.switch.port.pool.1.tx_dst.101.ingress_queue_wait_avg_cycles.demand_req = 0
stat.switch.port.pool.1.tx_dst.101.ingress_queue_wait_after_nonempty_arrival_avg_cycles.demand_req = 0
stat.switch.port.pool.1.tx_dst.101.ingress_pre_occ_bucket.demand_req.0 = 0
stat.switch.port.pool.1.tx_dst.101.ingress_queue_wait_bucket.demand_req.0 = 0
stat.switch.port.pool.1.tx_dst.101.ingress_pre_occ_bucket.demand_req.1_64 = 0
stat.switch.port.pool.1.tx_dst.101.ingress_queue_wait_bucket.demand_req.1_63 = 0
stat.switch.port.pool.1.tx_dst.101.ingress_pre_occ_bucket.demand_req.65_256 = 0
stat.switch.port.pool.1.tx_dst.101.ingress_queue_wait_bucket.demand_req.64_255 = 0
stat.switch.port.pool.1.tx_dst.101.ingress_pre_occ_bucket.demand_req.257_1024 = 0
stat.switch.port.pool.1.tx_dst.101.ingress_queue_wait_bucket.demand_req.256_1023 = 0
stat.switch.port.pool.1.tx_dst.101.ingress_pre_occ_bucket.demand_req.1025_4096 = 0
stat.switch.port.pool.1.tx_dst.101.ingress_queue_wait_bucket.demand_req.1024_4095 = 0
stat.switch.port.pool.1.tx_dst.101.ingress_pre_occ_bucket.demand_req.4097_plus = 0
stat.switch.port.pool.1.tx_dst.101.ingress_queue_wait_bucket.demand_req.4096_plus = 0
stat.switch.port.pool.1.tx_dst.101.rx_bytes.write_req = 0
stat.switch.port.pool.1.tx_dst.101.rx_pkts.write_req = 0
stat.switch.port.pool.1.tx_dst.101.tx_bytes.write_req = 475776
stat.switch.port.pool.1.tx_dst.101.tx_pkts.write_req = 7434
stat.switch.port.pool.1.tx_dst.101.ingress_arrivals.write_req = 0
stat.switch.port.pool.1.tx_dst.101.ingress_arrival_nonempty_packet_frac.write_req = 0
stat.switch.port.pool.1.tx_dst.101.ingress_nonempty_arrival_pre_occ_avg_bytes.write_req = 0
stat.switch.port.pool.1.tx_dst.101.ingress_nonempty_arrival_pre_occ_max_bytes.write_req = 0
stat.switch.port.pool.1.tx_dst.101.ingress_wait_avg_cycles.write_req = 0
stat.switch.port.pool.1.tx_dst.101.ingress_queue_wait_avg_cycles.write_req = 0
stat.switch.port.pool.1.tx_dst.101.ingress_queue_wait_after_nonempty_arrival_avg_cycles.write_req = 0
stat.switch.port.pool.1.tx_dst.101.ingress_pre_occ_bucket.write_req.0 = 0
stat.switch.port.pool.1.tx_dst.101.ingress_queue_wait_bucket.write_req.0 = 0
stat.switch.port.pool.1.tx_dst.101.ingress_pre_occ_bucket.write_req.1_64 = 0
stat.switch.port.pool.1.tx_dst.101.ingress_queue_wait_bucket.write_req.1_63 = 0
stat.switch.port.pool.1.tx_dst.101.ingress_pre_occ_bucket.write_req.65_256 = 0
stat.switch.port.pool.1.tx_dst.101.ingress_queue_wait_bucket.write_req.64_255 = 0
stat.switch.port.pool.1.tx_dst.101.ingress_pre_occ_bucket.write_req.257_1024 = 0
stat.switch.port.pool.1.tx_dst.101.ingress_queue_wait_bucket.write_req.256_1023 = 0
stat.switch.port.pool.1.tx_dst.101.ingress_pre_occ_bucket.write_req.1025_4096 = 0
stat.switch.port.pool.1.tx_dst.101.ingress_queue_wait_bucket.write_req.1024_4095 = 0
stat.switch.port.pool.1.tx_dst.101.ingress_pre_occ_bucket.write_req.4097_plus = 0
stat.switch.port.pool.1.tx_dst.101.ingress_queue_wait_bucket.write_req.4096_plus = 0
stat.switch.port.pool.1.tx_dst.101.rx_bytes.other_req = 0
stat.switch.port.pool.1.tx_dst.101.rx_pkts.other_req = 0
stat.switch.port.pool.1.tx_dst.101.tx_bytes.other_req = 112
stat.switch.port.pool.1.tx_dst.101.tx_pkts.other_req = 14
stat.switch.port.pool.1.tx_dst.101.ingress_arrivals.other_req = 0
stat.switch.port.pool.1.tx_dst.101.ingress_arrival_nonempty_packet_frac.other_req = 0
stat.switch.port.pool.1.tx_dst.101.ingress_nonempty_arrival_pre_occ_avg_bytes.other_req = 0
stat.switch.port.pool.1.tx_dst.101.ingress_nonempty_arrival_pre_occ_max_bytes.other_req = 0
stat.switch.port.pool.1.tx_dst.101.ingress_wait_avg_cycles.other_req = 0
stat.switch.port.pool.1.tx_dst.101.ingress_queue_wait_avg_cycles.other_req = 0
stat.switch.port.pool.1.tx_dst.101.ingress_queue_wait_after_nonempty_arrival_avg_cycles.other_req = 0
stat.switch.port.pool.1.tx_dst.101.ingress_pre_occ_bucket.other_req.0 = 0
stat.switch.port.pool.1.tx_dst.101.ingress_queue_wait_bucket.other_req.0 = 0
stat.switch.port.pool.1.tx_dst.101.ingress_pre_occ_bucket.other_req.1_64 = 0
stat.switch.port.pool.1.tx_dst.101.ingress_queue_wait_bucket.other_req.1_63 = 0
stat.switch.port.pool.1.tx_dst.101.ingress_pre_occ_bucket.other_req.65_256 = 0
stat.switch.port.pool.1.tx_dst.101.ingress_queue_wait_bucket.other_req.64_255 = 0
stat.switch.port.pool.1.tx_dst.101.ingress_pre_occ_bucket.other_req.257_1024 = 0
stat.switch.port.pool.1.tx_dst.101.ingress_queue_wait_bucket.other_req.256_1023 = 0
stat.switch.port.pool.1.tx_dst.101.ingress_pre_occ_bucket.other_req.1025_4096 = 0
stat.switch.port.pool.1.tx_dst.101.ingress_queue_wait_bucket.other_req.1024_4095 = 0
stat.switch.port.pool.1.tx_dst.101.ingress_pre_occ_bucket.other_req.4097_plus = 0
stat.switch.port.pool.1.tx_dst.101.ingress_queue_wait_bucket.other_req.4096_plus = 0
stat.switch.walltime_s = 144.56
stat.switch.active_time_s = 2.88391
Simulation is complete, simulated time: 647.714 us
