stat.node.0.llc.pool_accesses = 2543
stat.node.0.llc.cxl_miss = 2543
stat.node.0.llc.total_miss = 2543
stat.node.0.llc.avg_miss_lat = 675.863
stat.node.0.llc.avg_cxl_miss_lat = 675.863
stat.node.0.llc.miss_lat_hist_bin_ns = 10
stat.node.0.llc.miss_lat_hist = [0,0,0,0,0,0,0,0,0,0,0,0,0,0,0,0,0,0,0,0,0,0,0,0,0,0,677,733,552,337,134,67,28,14,1]
stat.node.0.util.dram_avg = 2.27763e-05
stat.node.0.bw.interval_cycles = 372189
stat.node.0.bw.host_to_switch_bytes = 134456
stat.node.0.bw.switch_to_host_bytes = 162752
stat.node.0.bw.host_link_total_bytes = 297208
stat.node.0.bw.host_to_switch_gbps = 0.867018
stat.node.0.bw.switch_to_host_gbps = 1.04948
stat.node.0.bw.host_link_total_gbps = 1.9165
stat.node.0.fabric.ingress_wait_avg_cycles = 168.144
stat.node.0.fabric.egress_wait_avg_cycles = 1
stat.node.0.fabric.ingress_wait_max_cycles = 295
stat.node.0.fabric.egress_wait_max_cycles = 1
stat.node.0.fabric.ingress_queue_wait_avg_cycles = 23.1443
stat.node.0.fabric.ingress_queue_wait_max_cycles = 150
stat.node.0.fabric.egress_occ_avg_bytes = 0
stat.node.0.fabric.egress_occ_stddev_bytes = 0
stat.node.0.fabric.egress_occ_max_bytes = 0
stat.node.0.fabric.egress_occ_nonempty_frac = 0
stat.node.0.fabric.egress_blocked_cycles = 0
stat.node.0.fabric.egress_blocked_nonempty_frac = 0
stat.node.0.fabric.egress_blocked_avg_occ_bytes = 0
stat.node.0.fabric.egress_blocked_max_occ_bytes = 0
stat.node.0.fabric.egress_send_burst_max_pkts = 2
stat.node.0.fabric.egress_send_burst_max_bytes = 72
stat.node.0.fabric.egress_send_burst_avg_pkts = 1.00255
stat.node.0.fabric.egress_send_burst_avg_bytes = 31.1601
stat.node.0.fabric.egress_send_burst_stddev_pkts = 0.0504257
stat.node.0.fabric.egress_send_burst_stddev_bytes = 27.6022
stat.node.0.fabric.egress_send_nonempty_frac = 0.0115936
stat.node.0.fabric.ingress_occ_bytes = 0
stat.node.0.fabric.ready_wait_avg_cycles = 0
stat.node.0.fabric.ready_wait_max_cycles = 0
stat.node.0.fabric.ready_occ_avg_pkts = 0.00683255
stat.node.0.fabric.ready_occ_pkts = 0
stat.node.0.fabric.ready_occ_max_pkts = 1
stat.node.0.fabric.ready_retry_count = 0
stat.node.0.fabric.ingress_arrival_burst_max_pkts = 2
stat.node.0.fabric.ingress_arrival_burst_max_bytes = 128
stat.node.0.fabric.ingress_arrival_burst_avg_pkts = 1.05826
stat.node.0.fabric.ingress_arrival_burst_avg_bytes = 67.7287
stat.node.0.fabric.ingress_arrival_burst_stddev_pkts = 0.234235
stat.node.0.fabric.ingress_arrival_burst_stddev_bytes = 14.9911
stat.node.0.fabric.ingress_arrival_nonempty_frac = 0.0064564
stat.node.0.fabric.ingress_arrival_run_max_cycles = 2
stat.node.0.fabric.ingress_arrival_run_avg_cycles = 1.00334
stat.node.0.fabric.ingress_arrival_run_stddev_cycles = 0.0576987
stat.node.0.fabric.ingress_arrival_gap_max_cycles = 840
stat.node.0.fabric.ingress_arrival_gap_avg_cycles = 154.148
stat.node.0.fabric.ingress_arrival_gap_stddev_cycles = 270.165
stat.node.0.fabric.ingress_release_burst_max_pkts = 1
stat.node.0.fabric.ingress_release_burst_max_bytes = 64
stat.node.0.fabric.ingress_release_burst_avg_pkts = 1
stat.node.0.fabric.ingress_release_burst_avg_bytes = 64
stat.node.0.fabric.ingress_release_burst_stddev_pkts = 0
stat.node.0.fabric.ingress_release_burst_stddev_bytes = 0
stat.node.0.fabric.ingress_release_nonempty_frac = 0.00683255
stat.node.0.fabric.ingress_release_run_max_cycles = 1
stat.node.0.fabric.ingress_release_run_avg_cycles = 1
stat.node.0.fabric.ingress_release_run_stddev_cycles = 0
stat.node.0.fabric.ingress_release_gap_max_cycles = 789
stat.node.0.fabric.ingress_release_gap_avg_cycles = 145.103
stat.node.0.fabric.ingress_release_gap_stddev_cycles = 249.551
stat.node.0.fabric.ingress_occ_avg_bytes = 73.0894
stat.node.0.fabric.ingress_occ_stddev_bytes = 125.481
stat.node.0.fabric.ingress_occ_max_bytes = 768
stat.node.0.fabric.ingress_occ_nonempty_frac = 0.340674
stat.node.0.fabric.ingress_occ_run_max_cycles = 579
stat.node.0.fabric.ingress_occ_run_avg_cycles = 272.677
stat.node.0.fabric.ingress_occ_run_stddev_cycles = 83.9794
stat.node.0.fabric.ingress_occ_gap_max_cycles = 646
stat.node.0.fabric.ingress_occ_gap_avg_cycles = 526.645
stat.node.0.fabric.ingress_occ_gap_stddev_cycles = 56.6137
stat.node.0.fabric.ingress_wait_avg_cycles.demand_req = 0
stat.node.0.fabric.ingress_wait_max_cycles.demand_req = 0
stat.node.0.fabric.ingress_queue_wait_avg_cycles.demand_req = 0
stat.node.0.fabric.ingress_queue_wait_max_cycles.demand_req = 0
stat.node.0.fabric.egress_wait_avg_cycles.demand_req = 1
stat.node.0.fabric.egress_wait_max_cycles.demand_req = 1
stat.node.0.fabric.egress_occ_avg_bytes.demand_req = 0
stat.node.0.fabric.egress_occ_max_bytes.demand_req = 0
stat.node.0.fabric.egress_blocked_cycles.demand_req = 0
stat.node.0.fabric.ingress_arrival_empty_packets.demand_req = 0
stat.node.0.fabric.ingress_arrival_nonempty_packets.demand_req = 0
stat.node.0.fabric.ingress_arrival_nonempty_packet_frac.demand_req = 0
stat.node.0.fabric.ingress_nonempty_arrival_pre_occ_avg_bytes.demand_req = 0
stat.node.0.fabric.ingress_nonempty_arrival_pre_occ_max_bytes.demand_req = 0
stat.node.0.fabric.ingress_release_after_empty_arrival_packets.demand_req = 0
stat.node.0.fabric.ingress_release_after_nonempty_arrival_packets.demand_req = 0
stat.node.0.fabric.ingress_wait_after_empty_arrival_avg_cycles.demand_req = 0
stat.node.0.fabric.ingress_wait_after_nonempty_arrival_avg_cycles.demand_req = 0
stat.node.0.fabric.ingress_queue_wait_after_empty_arrival_avg_cycles.demand_req = 0
stat.node.0.fabric.ingress_queue_wait_after_nonempty_arrival_avg_cycles.demand_req = 0
stat.node.0.fabric.ingress_queue_wait_after_empty_arrival_max_cycles.demand_req = 0
stat.node.0.fabric.ingress_queue_wait_after_nonempty_arrival_max_cycles.demand_req = 0
stat.node.0.fabric.rx_bytes.demand_req = 0
stat.node.0.fabric.tx_bytes.demand_req = 20344
stat.node.0.fabric.rx_pkts.demand_req = 0
stat.node.0.fabric.tx_pkts.demand_req = 2543
stat.node.0.fabric.ingress_wait_avg_cycles.write_req = 0
stat.node.0.fabric.ingress_wait_max_cycles.write_req = 0
stat.node.0.fabric.ingress_queue_wait_avg_cycles.write_req = 0
stat.node.0.fabric.ingress_queue_wait_max_cycles.write_req = 0
stat.node.0.fabric.egress_wait_avg_cycles.write_req = 1
stat.node.0.fabric.egress_wait_max_cycles.write_req = 1
stat.node.0.fabric.egress_occ_avg_bytes.write_req = 0
stat.node.0.fabric.egress_occ_max_bytes.write_req = 0
stat.node.0.fabric.egress_blocked_cycles.write_req = 0
stat.node.0.fabric.ingress_arrival_empty_packets.write_req = 0
stat.node.0.fabric.ingress_arrival_nonempty_packets.write_req = 0
stat.node.0.fabric.ingress_arrival_nonempty_packet_frac.write_req = 0
stat.node.0.fabric.ingress_nonempty_arrival_pre_occ_avg_bytes.write_req = 0
stat.node.0.fabric.ingress_nonempty_arrival_pre_occ_max_bytes.write_req = 0
stat.node.0.fabric.ingress_release_after_empty_arrival_packets.write_req = 0
stat.node.0.fabric.ingress_release_after_nonempty_arrival_packets.write_req = 0
stat.node.0.fabric.ingress_wait_after_empty_arrival_avg_cycles.write_req = 0
stat.node.0.fabric.ingress_wait_after_nonempty_arrival_avg_cycles.write_req = 0
stat.node.0.fabric.ingress_queue_wait_after_empty_arrival_avg_cycles.write_req = 0
stat.node.0.fabric.ingress_queue_wait_after_nonempty_arrival_avg_cycles.write_req = 0
stat.node.0.fabric.ingress_queue_wait_after_empty_arrival_max_cycles.write_req = 0
stat.node.0.fabric.ingress_queue_wait_after_nonempty_arrival_max_cycles.write_req = 0
stat.node.0.fabric.rx_bytes.write_req = 0
stat.node.0.fabric.tx_bytes.write_req = 114112
stat.node.0.fabric.rx_pkts.write_req = 0
stat.node.0.fabric.tx_pkts.write_req = 1783
stat.node.0.fabric.ingress_wait_avg_cycles.response = 168.144
stat.node.0.fabric.ingress_wait_max_cycles.response = 295
stat.node.0.fabric.ingress_queue_wait_avg_cycles.response = 23.1443
stat.node.0.fabric.ingress_queue_wait_max_cycles.response = 150
stat.node.0.fabric.egress_wait_avg_cycles.response = 0
stat.node.0.fabric.egress_wait_max_cycles.response = 0
stat.node.0.fabric.egress_occ_avg_bytes.response = 0
stat.node.0.fabric.egress_occ_max_bytes.response = 0
stat.node.0.fabric.egress_blocked_cycles.response = 0
stat.node.0.fabric.ingress_arrival_empty_packets.response = 465
stat.node.0.fabric.ingress_arrival_nonempty_packets.response = 2078
stat.node.0.fabric.ingress_arrival_nonempty_packet_frac.response = 0.817145
stat.node.0.fabric.ingress_nonempty_arrival_pre_occ_avg_bytes.response = 208.631
stat.node.0.fabric.ingress_nonempty_arrival_pre_occ_max_bytes.response = 704
stat.node.0.fabric.ingress_release_after_empty_arrival_packets.response = 465
stat.node.0.fabric.ingress_release_after_nonempty_arrival_packets.response = 2078
stat.node.0.fabric.ingress_wait_after_empty_arrival_avg_cycles.response = 145
stat.node.0.fabric.ingress_wait_after_nonempty_arrival_avg_cycles.response = 173.323
stat.node.0.fabric.ingress_queue_wait_after_empty_arrival_avg_cycles.response = 0
stat.node.0.fabric.ingress_queue_wait_after_nonempty_arrival_avg_cycles.response = 28.3234
stat.node.0.fabric.ingress_queue_wait_after_empty_arrival_max_cycles.response = 0
stat.node.0.fabric.ingress_queue_wait_after_nonempty_arrival_max_cycles.response = 150
stat.node.0.fabric.rx_bytes.response = 162752
stat.node.0.fabric.tx_bytes.response = 0
stat.node.0.fabric.rx_pkts.response = 2543
stat.node.0.fabric.tx_pkts.response = 0
stat.node.0.fabric.ingress_wait_avg_cycles.other_req = 0
stat.node.0.fabric.ingress_wait_max_cycles.other_req = 0
stat.node.0.fabric.ingress_queue_wait_avg_cycles.other_req = 0
stat.node.0.fabric.ingress_queue_wait_max_cycles.other_req = 0
stat.node.0.fabric.egress_wait_avg_cycles.other_req = 0
stat.node.0.fabric.egress_wait_max_cycles.other_req = 0
stat.node.0.fabric.egress_occ_avg_bytes.other_req = 0
stat.node.0.fabric.egress_occ_max_bytes.other_req = 0
stat.node.0.fabric.egress_blocked_cycles.other_req = 0
stat.node.0.fabric.ingress_arrival_empty_packets.other_req = 0
stat.node.0.fabric.ingress_arrival_nonempty_packets.other_req = 0
stat.node.0.fabric.ingress_arrival_nonempty_packet_frac.other_req = 0
stat.node.0.fabric.ingress_nonempty_arrival_pre_occ_avg_bytes.other_req = 0
stat.node.0.fabric.ingress_nonempty_arrival_pre_occ_max_bytes.other_req = 0
stat.node.0.fabric.ingress_release_after_empty_arrival_packets.other_req = 0
stat.node.0.fabric.ingress_release_after_nonempty_arrival_packets.other_req = 0
stat.node.0.fabric.ingress_wait_after_empty_arrival_avg_cycles.other_req = 0
stat.node.0.fabric.ingress_wait_after_nonempty_arrival_avg_cycles.other_req = 0
stat.node.0.fabric.ingress_queue_wait_after_empty_arrival_avg_cycles.other_req = 0
stat.node.0.fabric.ingress_queue_wait_after_nonempty_arrival_avg_cycles.other_req = 0
stat.node.0.fabric.ingress_queue_wait_after_empty_arrival_max_cycles.other_req = 0
stat.node.0.fabric.ingress_queue_wait_after_nonempty_arrival_max_cycles.other_req = 0
stat.node.0.fabric.rx_bytes.other_req = 0
stat.node.0.fabric.tx_bytes.other_req = 0
stat.node.0.fabric.rx_pkts.other_req = 0
stat.node.0.fabric.tx_pkts.other_req = 0
stat.node.0.fabric.ingress_occ_bucket_bytes.0 = 245394
stat.node.0.fabric.ready_occ_bucket_bytes.0 = 369646
stat.node.0.fabric.ingress_occ_bucket_bytes.1_64 = 23937
stat.node.0.fabric.ready_occ_bucket_bytes.1_64 = 2543
stat.node.0.fabric.ingress_occ_bucket_bytes.65_256 = 70196
stat.node.0.fabric.ready_occ_bucket_bytes.65_256 = 0
stat.node.0.fabric.ingress_occ_bucket_bytes.257_1024 = 32662
stat.node.0.fabric.ready_occ_bucket_bytes.257_1024 = 0
stat.node.0.fabric.ingress_occ_bucket_bytes.1025_4096 = 0
stat.node.0.fabric.ready_occ_bucket_bytes.1025_4096 = 0
stat.node.0.fabric.ingress_occ_bucket_bytes.4097_plus = 0
stat.node.0.fabric.ready_occ_bucket_bytes.4097_plus = 0
stat.node.0.fabric.ingress_episode.count = 465
stat.node.0.fabric.ingress_episode.avg_cycles = 272.677
stat.node.0.fabric.ingress_episode.max_cycles = 579
stat.node.0.fabric.ingress_episode.avg_peak_occ_bytes = 316.972
stat.node.0.fabric.ingress_episode.max_peak_occ_bytes = 768
stat.node.0.fabric.ingress_episode.avg_arrival_pkts = 5.46882
stat.node.0.fabric.ingress_episode.max_arrival_pkts = 16
stat.node.0.fabric.ingress_episode.avg_arrival_bytes = 350.004
stat.node.0.fabric.ingress_episode.max_arrival_bytes = 1024
stat.node.0.fabric.ingress_episode.avg_release_pkts = 5.46882
stat.node.0.fabric.ingress_episode.max_release_pkts = 16
stat.node.0.fabric.ingress_episode.avg_release_bytes = 350.004
stat.node.0.fabric.ingress_episode.max_release_bytes = 1024
stat.node.0.fabric.ingress_episode.avg_wait_cycles = 919.551
stat.node.0.fabric.ingress_episode.max_wait_cycles = 295
stat.node.0.fabric.ingress_episode.avg_queue_wait_cycles = 126.572
stat.node.0.fabric.ingress_episode.max_queue_wait_cycles = 150
stat.node.0.fabric.ingress_episode.avg_src_distinct = 1.96774
stat.node.0.fabric.ingress_episode.max_src_distinct = 2
stat.node.0.fabric.ingress_episode.avg_dst_distinct = 1
stat.node.0.fabric.ingress_episode.max_dst_distinct = 1
stat.node.0.fabric.ingress_episode.avg_arrival_pkts.demand_req = 0
stat.node.0.fabric.ingress_episode.max_arrival_pkts.demand_req = 0
stat.node.0.fabric.ingress_episode.avg_release_pkts.demand_req = 0
stat.node.0.fabric.ingress_episode.max_release_pkts.demand_req = 0
stat.node.0.fabric.ingress_pre_occ_bucket.demand_req.0 = 0
stat.node.0.fabric.ingress_queue_wait_bucket.demand_req.0 = 0
stat.node.0.fabric.ingress_pre_occ_bucket.demand_req.1_64 = 0
stat.node.0.fabric.ingress_queue_wait_bucket.demand_req.1_63 = 0
stat.node.0.fabric.ingress_pre_occ_bucket.demand_req.65_256 = 0
stat.node.0.fabric.ingress_queue_wait_bucket.demand_req.64_255 = 0
stat.node.0.fabric.ingress_pre_occ_bucket.demand_req.257_1024 = 0
stat.node.0.fabric.ingress_queue_wait_bucket.demand_req.256_1023 = 0
stat.node.0.fabric.ingress_pre_occ_bucket.demand_req.1025_4096 = 0
stat.node.0.fabric.ingress_queue_wait_bucket.demand_req.1024_4095 = 0
stat.node.0.fabric.ingress_pre_occ_bucket.demand_req.4097_plus = 0
stat.node.0.fabric.ingress_queue_wait_bucket.demand_req.4096_plus = 0
stat.node.0.fabric.ingress_episode.avg_arrival_pkts.write_req = 0
stat.node.0.fabric.ingress_episode.max_arrival_pkts.write_req = 0
stat.node.0.fabric.ingress_episode.avg_release_pkts.write_req = 0
stat.node.0.fabric.ingress_episode.max_release_pkts.write_req = 0
stat.node.0.fabric.ingress_pre_occ_bucket.write_req.0 = 0
stat.node.0.fabric.ingress_queue_wait_bucket.write_req.0 = 0
stat.node.0.fabric.ingress_pre_occ_bucket.write_req.1_64 = 0
stat.node.0.fabric.ingress_queue_wait_bucket.write_req.1_63 = 0
stat.node.0.fabric.ingress_pre_occ_bucket.write_req.65_256 = 0
stat.node.0.fabric.ingress_queue_wait_bucket.write_req.64_255 = 0
stat.node.0.fabric.ingress_pre_occ_bucket.write_req.257_1024 = 0
stat.node.0.fabric.ingress_queue_wait_bucket.write_req.256_1023 = 0
stat.node.0.fabric.ingress_pre_occ_bucket.write_req.1025_4096 = 0
stat.node.0.fabric.ingress_queue_wait_bucket.write_req.1024_4095 = 0
stat.node.0.fabric.ingress_pre_occ_bucket.write_req.4097_plus = 0
stat.node.0.fabric.ingress_queue_wait_bucket.write_req.4096_plus = 0
stat.node.0.fabric.ingress_episode.avg_arrival_pkts.response = 5.46882
stat.node.0.fabric.ingress_episode.max_arrival_pkts.response = 16
stat.node.0.fabric.ingress_episode.avg_release_pkts.response = 5.46882
stat.node.0.fabric.ingress_episode.max_release_pkts.response = 16
stat.node.0.fabric.ingress_pre_occ_bucket.response.0 = 465
stat.node.0.fabric.ingress_queue_wait_bucket.response.0 = 818
stat.node.0.fabric.ingress_pre_occ_bucket.response.1_64 = 464
stat.node.0.fabric.ingress_queue_wait_bucket.response.1_63 = 1522
stat.node.0.fabric.ingress_pre_occ_bucket.response.65_256 = 1097
stat.node.0.fabric.ingress_queue_wait_bucket.response.64_255 = 203
stat.node.0.fabric.ingress_pre_occ_bucket.response.257_1024 = 517
stat.node.0.fabric.ingress_queue_wait_bucket.response.256_1023 = 0
stat.node.0.fabric.ingress_pre_occ_bucket.response.1025_4096 = 0
stat.node.0.fabric.ingress_queue_wait_bucket.response.1024_4095 = 0
stat.node.0.fabric.ingress_pre_occ_bucket.response.4097_plus = 0
stat.node.0.fabric.ingress_queue_wait_bucket.response.4096_plus = 0
stat.node.0.fabric.ingress_episode.avg_arrival_pkts.other_req = 0
stat.node.0.fabric.ingress_episode.max_arrival_pkts.other_req = 0
stat.node.0.fabric.ingress_episode.avg_release_pkts.other_req = 0
stat.node.0.fabric.ingress_episode.max_release_pkts.other_req = 0
stat.node.0.fabric.ingress_pre_occ_bucket.other_req.0 = 0
stat.node.0.fabric.ingress_queue_wait_bucket.other_req.0 = 0
stat.node.0.fabric.ingress_pre_occ_bucket.other_req.1_64 = 0
stat.node.0.fabric.ingress_queue_wait_bucket.other_req.1_63 = 0
stat.node.0.fabric.ingress_pre_occ_bucket.other_req.65_256 = 0
stat.node.0.fabric.ingress_queue_wait_bucket.other_req.64_255 = 0
stat.node.0.fabric.ingress_pre_occ_bucket.other_req.257_1024 = 0
stat.node.0.fabric.ingress_queue_wait_bucket.other_req.256_1023 = 0
stat.node.0.fabric.ingress_pre_occ_bucket.other_req.1025_4096 = 0
stat.node.0.fabric.ingress_queue_wait_bucket.other_req.1024_4095 = 0
stat.node.0.fabric.ingress_pre_occ_bucket.other_req.4097_plus = 0
stat.node.0.fabric.ingress_queue_wait_bucket.other_req.4096_plus = 0
stat.node.0.fabric.peer_src.100.rx_bytes.response = 81408
stat.node.0.fabric.peer_src.100.rx_pkts.response = 1272
stat.node.0.fabric.peer_src.100.tx_bytes.response = 0
stat.node.0.fabric.peer_src.100.tx_pkts.response = 0
stat.node.0.fabric.peer_src.100.ingress_arrivals.response = 1272
stat.node.0.fabric.peer_src.100.ingress_arrival_nonempty_packet_frac.response = 0.801101
stat.node.0.fabric.peer_src.100.ingress_nonempty_arrival_pre_occ_avg_bytes.response = 211.533
stat.node.0.fabric.peer_src.100.ingress_nonempty_arrival_pre_occ_max_bytes.response = 704
stat.node.0.fabric.peer_src.100.ingress_wait_avg_cycles.response = 167.8
stat.node.0.fabric.peer_src.100.ingress_queue_wait_avg_cycles.response = 22.7995
stat.node.0.fabric.peer_src.100.ingress_queue_wait_after_nonempty_arrival_avg_cycles.response = 28.4603
stat.node.0.fabric.peer_src.100.ingress_pre_occ_bucket.response.0 = 253
stat.node.0.fabric.peer_src.100.ingress_queue_wait_bucket.response.0 = 412
stat.node.0.fabric.peer_src.100.ingress_pre_occ_bucket.response.1_64 = 212
stat.node.0.fabric.peer_src.100.ingress_queue_wait_bucket.response.1_63 = 765
stat.node.0.fabric.peer_src.100.ingress_pre_occ_bucket.response.65_256 = 555
stat.node.0.fabric.peer_src.100.ingress_queue_wait_bucket.response.64_255 = 95
stat.node.0.fabric.peer_src.100.ingress_pre_occ_bucket.response.257_1024 = 252
stat.node.0.fabric.peer_src.100.ingress_queue_wait_bucket.response.256_1023 = 0
stat.node.0.fabric.peer_src.100.ingress_pre_occ_bucket.response.1025_4096 = 0
stat.node.0.fabric.peer_src.100.ingress_queue_wait_bucket.response.1024_4095 = 0
stat.node.0.fabric.peer_src.100.ingress_pre_occ_bucket.response.4097_plus = 0
stat.node.0.fabric.peer_src.100.ingress_queue_wait_bucket.response.4096_plus = 0
stat.node.0.fabric.peer_src.101.rx_bytes.response = 81344
stat.node.0.fabric.peer_src.101.rx_pkts.response = 1271
stat.node.0.fabric.peer_src.101.tx_bytes.response = 0
stat.node.0.fabric.peer_src.101.tx_pkts.response = 0
stat.node.0.fabric.peer_src.101.ingress_arrivals.response = 1271
stat.node.0.fabric.peer_src.101.ingress_arrival_nonempty_packet_frac.response = 0.833202
stat.node.0.fabric.peer_src.101.ingress_nonempty_arrival_pre_occ_avg_bytes.response = 205.839
stat.node.0.fabric.peer_src.101.ingress_nonempty_arrival_pre_occ_max_bytes.response = 704
stat.node.0.fabric.peer_src.101.ingress_wait_avg_cycles.response = 168.489
stat.node.0.fabric.peer_src.101.ingress_queue_wait_avg_cycles.response = 23.4894
stat.node.0.fabric.peer_src.101.ingress_queue_wait_after_nonempty_arrival_avg_cycles.response = 28.1917
stat.node.0.fabric.peer_src.101.ingress_pre_occ_bucket.response.0 = 212
stat.node.0.fabric.peer_src.101.ingress_queue_wait_bucket.response.0 = 406
stat.node.0.fabric.peer_src.101.ingress_pre_occ_bucket.response.1_64 = 252
stat.node.0.fabric.peer_src.101.ingress_queue_wait_bucket.response.1_63 = 757
stat.node.0.fabric.peer_src.101.ingress_pre_occ_bucket.response.65_256 = 542
stat.node.0.fabric.peer_src.101.ingress_queue_wait_bucket.response.64_255 = 108
stat.node.0.fabric.peer_src.101.ingress_pre_occ_bucket.response.257_1024 = 265
stat.node.0.fabric.peer_src.101.ingress_queue_wait_bucket.response.256_1023 = 0
stat.node.0.fabric.peer_src.101.ingress_pre_occ_bucket.response.1025_4096 = 0
stat.node.0.fabric.peer_src.101.ingress_queue_wait_bucket.response.1024_4095 = 0
stat.node.0.fabric.peer_src.101.ingress_pre_occ_bucket.response.4097_plus = 0
stat.node.0.fabric.peer_src.101.ingress_queue_wait_bucket.response.4096_plus = 0
stat.node.0.fabric.peer_dst.0.rx_bytes.response = 162752
stat.node.0.fabric.peer_dst.0.rx_pkts.response = 2543
stat.node.0.fabric.peer_dst.0.tx_bytes.response = 0
stat.node.0.fabric.peer_dst.0.tx_pkts.response = 0
stat.node.0.fabric.peer_dst.0.ingress_arrivals.response = 2543
stat.node.0.fabric.peer_dst.0.ingress_arrival_nonempty_packet_frac.response = 0.817145
stat.node.0.fabric.peer_dst.0.ingress_nonempty_arrival_pre_occ_avg_bytes.response = 208.631
stat.node.0.fabric.peer_dst.0.ingress_nonempty_arrival_pre_occ_max_bytes.response = 704
stat.node.0.fabric.peer_dst.0.ingress_wait_avg_cycles.response = 168.144
stat.node.0.fabric.peer_dst.0.ingress_queue_wait_avg_cycles.response = 23.1443
stat.node.0.fabric.peer_dst.0.ingress_queue_wait_after_nonempty_arrival_avg_cycles.response = 28.3234
stat.node.0.fabric.peer_dst.0.ingress_pre_occ_bucket.response.0 = 465
stat.node.0.fabric.peer_dst.0.ingress_queue_wait_bucket.response.0 = 818
stat.node.0.fabric.peer_dst.0.ingress_pre_occ_bucket.response.1_64 = 464
stat.node.0.fabric.peer_dst.0.ingress_queue_wait_bucket.response.1_63 = 1522
stat.node.0.fabric.peer_dst.0.ingress_pre_occ_bucket.response.65_256 = 1097
stat.node.0.fabric.peer_dst.0.ingress_queue_wait_bucket.response.64_255 = 203
stat.node.0.fabric.peer_dst.0.ingress_pre_occ_bucket.response.257_1024 = 517
stat.node.0.fabric.peer_dst.0.ingress_queue_wait_bucket.response.256_1023 = 0
stat.node.0.fabric.peer_dst.0.ingress_pre_occ_bucket.response.1025_4096 = 0
stat.node.0.fabric.peer_dst.0.ingress_queue_wait_bucket.response.1024_4095 = 0
stat.node.0.fabric.peer_dst.0.ingress_pre_occ_bucket.response.4097_plus = 0
stat.node.0.fabric.peer_dst.0.ingress_queue_wait_bucket.response.4096_plus = 0
stat.node.0.fabric.tx_src.0.rx_bytes.demand_req = 0
stat.node.0.fabric.tx_src.0.rx_pkts.demand_req = 0
stat.node.0.fabric.tx_src.0.tx_bytes.demand_req = 20344
stat.node.0.fabric.tx_src.0.tx_pkts.demand_req = 2543
stat.node.0.fabric.tx_src.0.ingress_arrivals.demand_req = 0
stat.node.0.fabric.tx_src.0.ingress_arrival_nonempty_packet_frac.demand_req = 0
stat.node.0.fabric.tx_src.0.ingress_nonempty_arrival_pre_occ_avg_bytes.demand_req = 0
stat.node.0.fabric.tx_src.0.ingress_nonempty_arrival_pre_occ_max_bytes.demand_req = 0
stat.node.0.fabric.tx_src.0.ingress_wait_avg_cycles.demand_req = 0
stat.node.0.fabric.tx_src.0.ingress_queue_wait_avg_cycles.demand_req = 0
stat.node.0.fabric.tx_src.0.ingress_queue_wait_after_nonempty_arrival_avg_cycles.demand_req = 0
stat.node.0.fabric.tx_src.0.ingress_pre_occ_bucket.demand_req.0 = 0
stat.node.0.fabric.tx_src.0.ingress_queue_wait_bucket.demand_req.0 = 0
stat.node.0.fabric.tx_src.0.ingress_pre_occ_bucket.demand_req.1_64 = 0
stat.node.0.fabric.tx_src.0.ingress_queue_wait_bucket.demand_req.1_63 = 0
stat.node.0.fabric.tx_src.0.ingress_pre_occ_bucket.demand_req.65_256 = 0
stat.node.0.fabric.tx_src.0.ingress_queue_wait_bucket.demand_req.64_255 = 0
stat.node.0.fabric.tx_src.0.ingress_pre_occ_bucket.demand_req.257_1024 = 0
stat.node.0.fabric.tx_src.0.ingress_queue_wait_bucket.demand_req.256_1023 = 0
stat.node.0.fabric.tx_src.0.ingress_pre_occ_bucket.demand_req.1025_4096 = 0
stat.node.0.fabric.tx_src.0.ingress_queue_wait_bucket.demand_req.1024_4095 = 0
stat.node.0.fabric.tx_src.0.ingress_pre_occ_bucket.demand_req.4097_plus = 0
stat.node.0.fabric.tx_src.0.ingress_queue_wait_bucket.demand_req.4096_plus = 0
stat.node.0.fabric.tx_src.0.rx_bytes.write_req = 0
stat.node.0.fabric.tx_src.0.rx_pkts.write_req = 0
stat.node.0.fabric.tx_src.0.tx_bytes.write_req = 114112
stat.node.0.fabric.tx_src.0.tx_pkts.write_req = 1783
stat.node.0.fabric.tx_src.0.ingress_arrivals.write_req = 0
stat.node.0.fabric.tx_src.0.ingress_arrival_nonempty_packet_frac.write_req = 0
stat.node.0.fabric.tx_src.0.ingress_nonempty_arrival_pre_occ_avg_bytes.write_req = 0
stat.node.0.fabric.tx_src.0.ingress_nonempty_arrival_pre_occ_max_bytes.write_req = 0
stat.node.0.fabric.tx_src.0.ingress_wait_avg_cycles.write_req = 0
stat.node.0.fabric.tx_src.0.ingress_queue_wait_avg_cycles.write_req = 0
stat.node.0.fabric.tx_src.0.ingress_queue_wait_after_nonempty_arrival_avg_cycles.write_req = 0
stat.node.0.fabric.tx_src.0.ingress_pre_occ_bucket.write_req.0 = 0
stat.node.0.fabric.tx_src.0.ingress_queue_wait_bucket.write_req.0 = 0
stat.node.0.fabric.tx_src.0.ingress_pre_occ_bucket.write_req.1_64 = 0
stat.node.0.fabric.tx_src.0.ingress_queue_wait_bucket.write_req.1_63 = 0
stat.node.0.fabric.tx_src.0.ingress_pre_occ_bucket.write_req.65_256 = 0
stat.node.0.fabric.tx_src.0.ingress_queue_wait_bucket.write_req.64_255 = 0
stat.node.0.fabric.tx_src.0.ingress_pre_occ_bucket.write_req.257_1024 = 0
stat.node.0.fabric.tx_src.0.ingress_queue_wait_bucket.write_req.256_1023 = 0
stat.node.0.fabric.tx_src.0.ingress_pre_occ_bucket.write_req.1025_4096 = 0
stat.node.0.fabric.tx_src.0.ingress_queue_wait_bucket.write_req.1024_4095 = 0
stat.node.0.fabric.tx_src.0.ingress_pre_occ_bucket.write_req.4097_plus = 0
stat.node.0.fabric.tx_src.0.ingress_queue_wait_bucket.write_req.4096_plus = 0
stat.node.0.fabric.tx_dst.100.rx_bytes.demand_req = 0
stat.node.0.fabric.tx_dst.100.rx_pkts.demand_req = 0
stat.node.0.fabric.tx_dst.100.tx_bytes.demand_req = 20344
stat.node.0.fabric.tx_dst.100.tx_pkts.demand_req = 2543
stat.node.0.fabric.tx_dst.100.ingress_arrivals.demand_req = 0
stat.node.0.fabric.tx_dst.100.ingress_arrival_nonempty_packet_frac.demand_req = 0
stat.node.0.fabric.tx_dst.100.ingress_nonempty_arrival_pre_occ_avg_bytes.demand_req = 0
stat.node.0.fabric.tx_dst.100.ingress_nonempty_arrival_pre_occ_max_bytes.demand_req = 0
stat.node.0.fabric.tx_dst.100.ingress_wait_avg_cycles.demand_req = 0
stat.node.0.fabric.tx_dst.100.ingress_queue_wait_avg_cycles.demand_req = 0
stat.node.0.fabric.tx_dst.100.ingress_queue_wait_after_nonempty_arrival_avg_cycles.demand_req = 0
stat.node.0.fabric.tx_dst.100.ingress_pre_occ_bucket.demand_req.0 = 0
stat.node.0.fabric.tx_dst.100.ingress_queue_wait_bucket.demand_req.0 = 0
stat.node.0.fabric.tx_dst.100.ingress_pre_occ_bucket.demand_req.1_64 = 0
stat.node.0.fabric.tx_dst.100.ingress_queue_wait_bucket.demand_req.1_63 = 0
stat.node.0.fabric.tx_dst.100.ingress_pre_occ_bucket.demand_req.65_256 = 0
stat.node.0.fabric.tx_dst.100.ingress_queue_wait_bucket.demand_req.64_255 = 0
stat.node.0.fabric.tx_dst.100.ingress_pre_occ_bucket.demand_req.257_1024 = 0
stat.node.0.fabric.tx_dst.100.ingress_queue_wait_bucket.demand_req.256_1023 = 0
stat.node.0.fabric.tx_dst.100.ingress_pre_occ_bucket.demand_req.1025_4096 = 0
stat.node.0.fabric.tx_dst.100.ingress_queue_wait_bucket.demand_req.1024_4095 = 0
stat.node.0.fabric.tx_dst.100.ingress_pre_occ_bucket.demand_req.4097_plus = 0
stat.node.0.fabric.tx_dst.100.ingress_queue_wait_bucket.demand_req.4096_plus = 0
stat.node.0.fabric.tx_dst.100.rx_bytes.write_req = 0
stat.node.0.fabric.tx_dst.100.rx_pkts.write_req = 0
stat.node.0.fabric.tx_dst.100.tx_bytes.write_req = 114112
stat.node.0.fabric.tx_dst.100.tx_pkts.write_req = 1783
stat.node.0.fabric.tx_dst.100.ingress_arrivals.write_req = 0
stat.node.0.fabric.tx_dst.100.ingress_arrival_nonempty_packet_frac.write_req = 0
stat.node.0.fabric.tx_dst.100.ingress_nonempty_arrival_pre_occ_avg_bytes.write_req = 0
stat.node.0.fabric.tx_dst.100.ingress_nonempty_arrival_pre_occ_max_bytes.write_req = 0
stat.node.0.fabric.tx_dst.100.ingress_wait_avg_cycles.write_req = 0
stat.node.0.fabric.tx_dst.100.ingress_queue_wait_avg_cycles.write_req = 0
stat.node.0.fabric.tx_dst.100.ingress_queue_wait_after_nonempty_arrival_avg_cycles.write_req = 0
stat.node.0.fabric.tx_dst.100.ingress_pre_occ_bucket.write_req.0 = 0
stat.node.0.fabric.tx_dst.100.ingress_queue_wait_bucket.write_req.0 = 0
stat.node.0.fabric.tx_dst.100.ingress_pre_occ_bucket.write_req.1_64 = 0
stat.node.0.fabric.tx_dst.100.ingress_queue_wait_bucket.write_req.1_63 = 0
stat.node.0.fabric.tx_dst.100.ingress_pre_occ_bucket.write_req.65_256 = 0
stat.node.0.fabric.tx_dst.100.ingress_queue_wait_bucket.write_req.64_255 = 0
stat.node.0.fabric.tx_dst.100.ingress_pre_occ_bucket.write_req.257_1024 = 0
stat.node.0.fabric.tx_dst.100.ingress_queue_wait_bucket.write_req.256_1023 = 0
stat.node.0.fabric.tx_dst.100.ingress_pre_occ_bucket.write_req.1025_4096 = 0
stat.node.0.fabric.tx_dst.100.ingress_queue_wait_bucket.write_req.1024_4095 = 0
stat.node.0.fabric.tx_dst.100.ingress_pre_occ_bucket.write_req.4097_plus = 0
stat.node.0.fabric.tx_dst.100.ingress_queue_wait_bucket.write_req.4096_plus = 0
stat.node.0.walltime_s = 82.4753
stat.node.0.active_time_s = 66.1839
stat.pool.101.util.mem_avg = 0.0328225
stat.pool.101.util.req_link_avg = 0.130443
stat.pool.101.memq.demand.completed = 1271
stat.pool.101.memq.demand.response_completed = 1271
stat.pool.101.memq.demand.queue_wait_avg_cycles = 1.02596
stat.pool.101.memq.demand.queue_wait_max_cycles = 3
stat.pool.101.memq.demand.service_avg_cycles = 75
stat.pool.101.memq.demand.service_max_cycles = 75
stat.pool.101.memq.demand.total_avg_cycles = 76.026
stat.pool.101.memq.demand.total_max_cycles = 78
stat.pool.101.memq.demand.ahead_pkts_avg.load = 0.101495
stat.pool.101.memq.demand.ahead_pkts_max.load = 2
stat.pool.101.memq.demand.ahead_bytes_avg.load = 0.101495
stat.pool.101.memq.demand.ahead_bytes_max.load = 2
stat.pool.101.memq.demand.ahead_pkts_avg.rfo = 0.66011
stat.pool.101.memq.demand.ahead_pkts_max.rfo = 4
stat.pool.101.memq.demand.ahead_bytes_avg.rfo = 0.66011
stat.pool.101.memq.demand.ahead_bytes_max.rfo = 4
stat.pool.101.memq.demand.ahead_pkts_avg.write = 1.05035
stat.pool.101.memq.demand.ahead_pkts_max.write = 3
stat.pool.101.memq.demand.ahead_bytes_avg.write = 1.05035
stat.pool.101.memq.demand.ahead_bytes_max.write = 3
stat.pool.101.memq.demand.ahead_pkts_avg.other = 0
stat.pool.101.memq.demand.ahead_pkts_max.other = 0
stat.pool.101.memq.demand.ahead_bytes_avg.other = 0
stat.pool.101.memq.demand.ahead_bytes_max.other = 0
stat.pool.101.memq.demand.queue_wait_bucket.0 = 0
stat.pool.101.memq.demand.service_bucket.0 = 0
stat.pool.101.memq.demand.total_bucket.0 = 0
stat.pool.101.memq.demand.ahead_total_pkts_bucket.0 = 179
stat.pool.101.memq.demand.ahead_total_bytes_bucket.0 = 179
stat.pool.101.memq.demand.queue_wait_bucket.1_63 = 1271
stat.pool.101.memq.demand.service_bucket.1_63 = 0
stat.pool.101.memq.demand.total_bucket.1_63 = 0
stat.pool.101.memq.demand.ahead_total_pkts_bucket.1 = 348
stat.pool.101.memq.demand.ahead_total_bytes_bucket.1_64 = 1092
stat.pool.101.memq.demand.queue_wait_bucket.64_255 = 0
stat.pool.101.memq.demand.service_bucket.64_255 = 1271
stat.pool.101.memq.demand.total_bucket.64_255 = 1271
stat.pool.101.memq.demand.ahead_total_pkts_bucket.2 = 380
stat.pool.101.memq.demand.ahead_total_bytes_bucket.65_256 = 0
stat.pool.101.memq.demand.queue_wait_bucket.256_1023 = 0
stat.pool.101.memq.demand.service_bucket.256_1023 = 0
stat.pool.101.memq.demand.total_bucket.256_1023 = 0
stat.pool.101.memq.demand.ahead_total_pkts_bucket.3_4 = 350
stat.pool.101.memq.demand.ahead_total_bytes_bucket.257_1024 = 0
stat.pool.101.memq.demand.queue_wait_bucket.1024_4095 = 0
stat.pool.101.memq.demand.service_bucket.1024_4095 = 0
stat.pool.101.memq.demand.total_bucket.1024_4095 = 0
stat.pool.101.memq.demand.ahead_total_pkts_bucket.5_8 = 14
stat.pool.101.memq.demand.ahead_total_bytes_bucket.1025_4096 = 0
stat.pool.101.memq.demand.queue_wait_bucket.4096_plus = 0
stat.pool.101.memq.demand.service_bucket.4096_plus = 0
stat.pool.101.memq.demand.total_bucket.4096_plus = 0
stat.pool.101.memq.demand.ahead_total_pkts_bucket.9_plus = 0
stat.pool.101.memq.demand.ahead_total_bytes_bucket.4097_plus = 0
stat.pool.101.memq.queue_occ_avg_reqs = 0.618925
stat.pool.101.memq.queue_occ_stddev_reqs = 1.03104
stat.pool.101.memq.queue_occ_max_reqs = 7
stat.pool.101.memq.queue_occ_nonempty_frac = 0.332833
stat.pool.101.memq.enqueue_burst_avg_pkts = 1
stat.pool.101.memq.enqueue_burst_stddev_pkts = 0
stat.pool.101.memq.enqueue_burst_max_pkts = 1
stat.pool.101.memq.complete_burst_avg_pkts = 1
stat.pool.101.memq.complete_burst_stddev_pkts = 0
stat.pool.101.memq.complete_burst_max_pkts = 1
stat.pool.101.memq.queue_episode.count = 701
stat.pool.101.memq.queue_episode.avg_cycles = 176.712
stat.pool.101.memq.queue_episode.max_cycles = 574
stat.pool.101.memq.queue_episode.avg_peak_occ_reqs = 2.76748
stat.pool.101.memq.queue_episode.max_peak_occ_reqs = 7
stat.pool.101.memq.queue_episode.avg_enqueue_pkts = 4.35663
stat.pool.101.memq.queue_episode.max_enqueue_pkts = 16
stat.pool.101.memq.queue_episode.avg_complete_pkts = 4.14836
stat.pool.101.memq.queue_episode.max_complete_pkts = 16
stat.pool.101.memq.queue_occ_bucket.0 = 248309
stat.pool.101.memq.enqueue_burst_bucket.0 = 0
stat.pool.101.memq.complete_burst_bucket.0 = 0
stat.pool.101.memq.queue_occ_bucket.1 = 55141
stat.pool.101.memq.enqueue_burst_bucket.1 = 3054
stat.pool.101.memq.complete_burst_bucket.1 = 3054
stat.pool.101.memq.queue_occ_bucket.2 = 39081
stat.pool.101.memq.enqueue_burst_bucket.2 = 0
stat.pool.101.memq.complete_burst_bucket.2 = 0
stat.pool.101.memq.queue_occ_bucket.3_4 = 28368
stat.pool.101.memq.enqueue_burst_bucket.3_4 = 0
stat.pool.101.memq.complete_burst_bucket.3_4 = 0
stat.pool.101.memq.queue_occ_bucket.5_8 = 1285
stat.pool.101.memq.enqueue_burst_bucket.5_8 = 0
stat.pool.101.memq.complete_burst_bucket.5_8 = 0
stat.pool.101.memq.queue_occ_bucket.9_plus = 0
stat.pool.101.memq.enqueue_burst_bucket.9_plus = 0
stat.pool.101.memq.complete_burst_bucket.9_plus = 0
stat.pool.101.memq.queue_occ_avg_reqs.load = 0.0845738
stat.pool.101.memq.queue_occ_max_reqs.load = 3
stat.pool.101.memq.enqueue_burst_avg_pkts.load = 0.13556
stat.pool.101.memq.enqueue_burst_max_pkts.load = 1
stat.pool.101.memq.complete_burst_avg_pkts.load = 0.13556
stat.pool.101.memq.complete_burst_max_pkts.load = 1
stat.pool.101.memq.queue_occ_avg_reqs.rfo = 0.175053
stat.pool.101.memq.queue_occ_max_reqs.rfo = 5
stat.pool.101.memq.enqueue_burst_avg_pkts.rfo = 0.280616
stat.pool.101.memq.enqueue_burst_max_pkts.rfo = 1
stat.pool.101.memq.complete_burst_avg_pkts.rfo = 0.280616
stat.pool.101.memq.complete_burst_max_pkts.rfo = 1
stat.pool.101.memq.queue_occ_avg_reqs.write = 0.359298
stat.pool.101.memq.queue_occ_max_reqs.write = 3
stat.pool.101.memq.enqueue_burst_avg_pkts.write = 0.583824
stat.pool.101.memq.enqueue_burst_max_pkts.write = 1
stat.pool.101.memq.complete_burst_avg_pkts.write = 0.583824
stat.pool.101.memq.complete_burst_max_pkts.write = 1
stat.pool.101.memq.queue_occ_avg_reqs.other = 0
stat.pool.101.memq.queue_occ_max_reqs.other = 0
stat.pool.101.memq.enqueue_burst_avg_pkts.other = 0
stat.pool.101.memq.enqueue_burst_max_pkts.other = 0
stat.pool.101.memq.complete_burst_avg_pkts.other = 0
stat.pool.101.memq.complete_burst_max_pkts.other = 0
stat.pool.101.memq.load.completed = 414
stat.pool.101.memq.load.response_completed = 414
stat.pool.101.memq.load.queue_wait_avg_cycles = 1.0314
stat.pool.101.memq.load.queue_wait_max_cycles = 2
stat.pool.101.memq.load.service_avg_cycles = 75
stat.pool.101.memq.load.service_max_cycles = 75
stat.pool.101.memq.load.total_avg_cycles = 76.0314
stat.pool.101.memq.load.total_max_cycles = 77
stat.pool.101.memq.load.ahead_pkts_avg.load = 0.178744
stat.pool.101.memq.load.ahead_pkts_max.load = 2
stat.pool.101.memq.load.ahead_bytes_avg.load = 0.178744
stat.pool.101.memq.load.ahead_bytes_max.load = 2
stat.pool.101.memq.load.ahead_pkts_avg.rfo = 0.649758
stat.pool.101.memq.load.ahead_pkts_max.rfo = 4
stat.pool.101.memq.load.ahead_bytes_avg.rfo = 0.649758
stat.pool.101.memq.load.ahead_bytes_max.rfo = 4
stat.pool.101.memq.load.ahead_pkts_avg.write = 0.886473
stat.pool.101.memq.load.ahead_pkts_max.write = 3
stat.pool.101.memq.load.ahead_bytes_avg.write = 0.886473
stat.pool.101.memq.load.ahead_bytes_max.write = 3
stat.pool.101.memq.load.ahead_pkts_avg.other = 0
stat.pool.101.memq.load.ahead_pkts_max.other = 0
stat.pool.101.memq.load.ahead_bytes_avg.other = 0
stat.pool.101.memq.load.ahead_bytes_max.other = 0
stat.pool.101.memq.load.queue_wait_bucket.0 = 0
stat.pool.101.memq.load.service_bucket.0 = 0
stat.pool.101.memq.load.total_bucket.0 = 0
stat.pool.101.memq.load.ahead_total_pkts_bucket.0 = 72
stat.pool.101.memq.load.ahead_total_bytes_bucket.0 = 72
stat.pool.101.memq.load.queue_wait_bucket.1_63 = 414
stat.pool.101.memq.load.service_bucket.1_63 = 0
stat.pool.101.memq.load.total_bucket.1_63 = 0
stat.pool.101.memq.load.ahead_total_pkts_bucket.1 = 121
stat.pool.101.memq.load.ahead_total_bytes_bucket.1_64 = 342
stat.pool.101.memq.load.queue_wait_bucket.64_255 = 0
stat.pool.101.memq.load.service_bucket.64_255 = 414
stat.pool.101.memq.load.total_bucket.64_255 = 414
stat.pool.101.memq.load.ahead_total_pkts_bucket.2 = 110
stat.pool.101.memq.load.ahead_total_bytes_bucket.65_256 = 0
stat.pool.101.memq.load.queue_wait_bucket.256_1023 = 0
stat.pool.101.memq.load.service_bucket.256_1023 = 0
stat.pool.101.memq.load.total_bucket.256_1023 = 0
stat.pool.101.memq.load.ahead_total_pkts_bucket.3_4 = 107
stat.pool.101.memq.load.ahead_total_bytes_bucket.257_1024 = 0
stat.pool.101.memq.load.queue_wait_bucket.1024_4095 = 0
stat.pool.101.memq.load.service_bucket.1024_4095 = 0
stat.pool.101.memq.load.total_bucket.1024_4095 = 0
stat.pool.101.memq.load.ahead_total_pkts_bucket.5_8 = 4
stat.pool.101.memq.load.ahead_total_bytes_bucket.1025_4096 = 0
stat.pool.101.memq.load.queue_wait_bucket.4096_plus = 0
stat.pool.101.memq.load.service_bucket.4096_plus = 0
stat.pool.101.memq.load.total_bucket.4096_plus = 0
stat.pool.101.memq.load.ahead_total_pkts_bucket.9_plus = 0
stat.pool.101.memq.load.ahead_total_bytes_bucket.4097_plus = 0
stat.pool.101.respq.load.attempted = 414
stat.pool.101.respq.load.completed = 414
stat.pool.101.respq.load.blocked = 0
stat.pool.101.respq.load.wait_avg_cycles = 0
stat.pool.101.respq.load.wait_max_cycles = 0
stat.pool.101.memq.rfo.completed = 857
stat.pool.101.memq.rfo.response_completed = 857
stat.pool.101.memq.rfo.queue_wait_avg_cycles = 1.02334
stat.pool.101.memq.rfo.queue_wait_max_cycles = 3
stat.pool.101.memq.rfo.service_avg_cycles = 75
stat.pool.101.memq.rfo.service_max_cycles = 75
stat.pool.101.memq.rfo.total_avg_cycles = 76.0233
stat.pool.101.memq.rfo.total_max_cycles = 78
stat.pool.101.memq.rfo.ahead_pkts_avg.load = 0.0641774
stat.pool.101.memq.rfo.ahead_pkts_max.load = 2
stat.pool.101.memq.rfo.ahead_bytes_avg.load = 0.0641774
stat.pool.101.memq.rfo.ahead_bytes_max.load = 2
stat.pool.101.memq.rfo.ahead_pkts_avg.rfo = 0.665111
stat.pool.101.memq.rfo.ahead_pkts_max.rfo = 4
stat.pool.101.memq.rfo.ahead_bytes_avg.rfo = 0.665111
stat.pool.101.memq.rfo.ahead_bytes_max.rfo = 4
stat.pool.101.memq.rfo.ahead_pkts_avg.write = 1.12952
stat.pool.101.memq.rfo.ahead_pkts_max.write = 3
stat.pool.101.memq.rfo.ahead_bytes_avg.write = 1.12952
stat.pool.101.memq.rfo.ahead_bytes_max.write = 3
stat.pool.101.memq.rfo.ahead_pkts_avg.other = 0
stat.pool.101.memq.rfo.ahead_pkts_max.other = 0
stat.pool.101.memq.rfo.ahead_bytes_avg.other = 0
stat.pool.101.memq.rfo.ahead_bytes_max.other = 0
stat.pool.101.memq.rfo.queue_wait_bucket.0 = 0
stat.pool.101.memq.rfo.service_bucket.0 = 0
stat.pool.101.memq.rfo.total_bucket.0 = 0
stat.pool.101.memq.rfo.ahead_total_pkts_bucket.0 = 107
stat.pool.101.memq.rfo.ahead_total_bytes_bucket.0 = 107
stat.pool.101.memq.rfo.queue_wait_bucket.1_63 = 857
stat.pool.101.memq.rfo.service_bucket.1_63 = 0
stat.pool.101.memq.rfo.total_bucket.1_63 = 0
stat.pool.101.memq.rfo.ahead_total_pkts_bucket.1 = 227
stat.pool.101.memq.rfo.ahead_total_bytes_bucket.1_64 = 750
stat.pool.101.memq.rfo.queue_wait_bucket.64_255 = 0
stat.pool.101.memq.rfo.service_bucket.64_255 = 857
stat.pool.101.memq.rfo.total_bucket.64_255 = 857
stat.pool.101.memq.rfo.ahead_total_pkts_bucket.2 = 270
stat.pool.101.memq.rfo.ahead_total_bytes_bucket.65_256 = 0
stat.pool.101.memq.rfo.queue_wait_bucket.256_1023 = 0
stat.pool.101.memq.rfo.service_bucket.256_1023 = 0
stat.pool.101.memq.rfo.total_bucket.256_1023 = 0
stat.pool.101.memq.rfo.ahead_total_pkts_bucket.3_4 = 243
stat.pool.101.memq.rfo.ahead_total_bytes_bucket.257_1024 = 0
stat.pool.101.memq.rfo.queue_wait_bucket.1024_4095 = 0
stat.pool.101.memq.rfo.service_bucket.1024_4095 = 0
stat.pool.101.memq.rfo.total_bucket.1024_4095 = 0
stat.pool.101.memq.rfo.ahead_total_pkts_bucket.5_8 = 10
stat.pool.101.memq.rfo.ahead_total_bytes_bucket.1025_4096 = 0
stat.pool.101.memq.rfo.queue_wait_bucket.4096_plus = 0
stat.pool.101.memq.rfo.service_bucket.4096_plus = 0
stat.pool.101.memq.rfo.total_bucket.4096_plus = 0
stat.pool.101.memq.rfo.ahead_total_pkts_bucket.9_plus = 0
stat.pool.101.memq.rfo.ahead_total_bytes_bucket.4097_plus = 0
stat.pool.101.respq.rfo.attempted = 857
stat.pool.101.respq.rfo.completed = 857
stat.pool.101.respq.rfo.blocked = 0
stat.pool.101.respq.rfo.wait_avg_cycles = 0
stat.pool.101.respq.rfo.wait_max_cycles = 0
stat.pool.101.memq.write.completed = 1783
stat.pool.101.memq.write.response_completed = 0
stat.pool.101.memq.write.queue_wait_avg_cycles = 1
stat.pool.101.memq.write.queue_wait_max_cycles = 1
stat.pool.101.memq.write.service_avg_cycles = 75
stat.pool.101.memq.write.service_max_cycles = 75
stat.pool.101.memq.write.total_avg_cycles = 76
stat.pool.101.memq.write.total_max_cycles = 76
stat.pool.101.memq.write.ahead_pkts_avg.load = 0.0128996
stat.pool.101.memq.write.ahead_pkts_max.load = 2
stat.pool.101.memq.write.ahead_bytes_avg.load = 0.0128996
stat.pool.101.memq.write.ahead_bytes_max.load = 2
stat.pool.101.memq.write.ahead_pkts_avg.rfo = 0.0185081
stat.pool.101.memq.write.ahead_pkts_max.rfo = 2
stat.pool.101.memq.write.ahead_bytes_avg.rfo = 0.0185081
stat.pool.101.memq.write.ahead_bytes_max.rfo = 2
stat.pool.101.memq.write.ahead_pkts_avg.write = 1.2249
stat.pool.101.memq.write.ahead_pkts_max.write = 3
stat.pool.101.memq.write.ahead_bytes_avg.write = 1.2249
stat.pool.101.memq.write.ahead_bytes_max.write = 3
stat.pool.101.memq.write.ahead_pkts_avg.other = 0
stat.pool.101.memq.write.ahead_pkts_max.other = 0
stat.pool.101.memq.write.ahead_bytes_avg.other = 0
stat.pool.101.memq.write.ahead_bytes_max.other = 0
stat.pool.101.memq.write.queue_wait_bucket.0 = 0
stat.pool.101.memq.write.service_bucket.0 = 0
stat.pool.101.memq.write.total_bucket.0 = 0
stat.pool.101.memq.write.ahead_total_pkts_bucket.0 = 525
stat.pool.101.memq.write.ahead_total_bytes_bucket.0 = 525
stat.pool.101.memq.write.queue_wait_bucket.1_63 = 1783
stat.pool.101.memq.write.service_bucket.1_63 = 0
stat.pool.101.memq.write.total_bucket.1_63 = 0
stat.pool.101.memq.write.ahead_total_pkts_bucket.1 = 536
stat.pool.101.memq.write.ahead_total_bytes_bucket.1_64 = 1258
stat.pool.101.memq.write.queue_wait_bucket.64_255 = 0
stat.pool.101.memq.write.service_bucket.64_255 = 1783
stat.pool.101.memq.write.total_bucket.64_255 = 1783
stat.pool.101.memq.write.ahead_total_pkts_bucket.2 = 471
stat.pool.101.memq.write.ahead_total_bytes_bucket.65_256 = 0
stat.pool.101.memq.write.queue_wait_bucket.256_1023 = 0
stat.pool.101.memq.write.service_bucket.256_1023 = 0
stat.pool.101.memq.write.total_bucket.256_1023 = 0
stat.pool.101.memq.write.ahead_total_pkts_bucket.3_4 = 250
stat.pool.101.memq.write.ahead_total_bytes_bucket.257_1024 = 0
stat.pool.101.memq.write.queue_wait_bucket.1024_4095 = 0
stat.pool.101.memq.write.service_bucket.1024_4095 = 0
stat.pool.101.memq.write.total_bucket.1024_4095 = 0
stat.pool.101.memq.write.ahead_total_pkts_bucket.5_8 = 1
stat.pool.101.memq.write.ahead_total_bytes_bucket.1025_4096 = 0
stat.pool.101.memq.write.queue_wait_bucket.4096_plus = 0
stat.pool.101.memq.write.service_bucket.4096_plus = 0
stat.pool.101.memq.write.total_bucket.4096_plus = 0
stat.pool.101.memq.write.ahead_total_pkts_bucket.9_plus = 0
stat.pool.101.memq.write.ahead_total_bytes_bucket.4097_plus = 0
stat.pool.101.respq.write.attempted = 0
stat.pool.101.respq.write.completed = 0
stat.pool.101.respq.write.blocked = 0
stat.pool.101.respq.write.wait_avg_cycles = 0
stat.pool.101.respq.write.wait_max_cycles = 0
stat.pool.101.memq.other.completed = 0
stat.pool.101.memq.other.response_completed = 0
stat.pool.101.memq.other.queue_wait_avg_cycles = 0
stat.pool.101.memq.other.queue_wait_max_cycles = 0
stat.pool.101.memq.other.service_avg_cycles = 0
stat.pool.101.memq.other.service_max_cycles = 0
stat.pool.101.memq.other.total_avg_cycles = 0
stat.pool.101.memq.other.total_max_cycles = 0
stat.pool.101.memq.other.ahead_pkts_avg.load = 0
stat.pool.101.memq.other.ahead_pkts_max.load = 0
stat.pool.101.memq.other.ahead_bytes_avg.load = 0
stat.pool.101.memq.other.ahead_bytes_max.load = 0
stat.pool.101.memq.other.ahead_pkts_avg.rfo = 0
stat.pool.101.memq.other.ahead_pkts_max.rfo = 0
stat.pool.101.memq.other.ahead_bytes_avg.rfo = 0
stat.pool.101.memq.other.ahead_bytes_max.rfo = 0
stat.pool.101.memq.other.ahead_pkts_avg.write = 0
stat.pool.101.memq.other.ahead_pkts_max.write = 0
stat.pool.101.memq.other.ahead_bytes_avg.write = 0
stat.pool.101.memq.other.ahead_bytes_max.write = 0
stat.pool.101.memq.other.ahead_pkts_avg.other = 0
stat.pool.101.memq.other.ahead_pkts_max.other = 0
stat.pool.101.memq.other.ahead_bytes_avg.other = 0
stat.pool.101.memq.other.ahead_bytes_max.other = 0
stat.pool.101.memq.other.queue_wait_bucket.0 = 0
stat.pool.101.memq.other.service_bucket.0 = 0
stat.pool.101.memq.other.total_bucket.0 = 0
stat.pool.101.memq.other.ahead_total_pkts_bucket.0 = 0
stat.pool.101.memq.other.ahead_total_bytes_bucket.0 = 0
stat.pool.101.memq.other.queue_wait_bucket.1_63 = 0
stat.pool.101.memq.other.service_bucket.1_63 = 0
stat.pool.101.memq.other.total_bucket.1_63 = 0
stat.pool.101.memq.other.ahead_total_pkts_bucket.1 = 0
stat.pool.101.memq.other.ahead_total_bytes_bucket.1_64 = 0
stat.pool.101.memq.other.queue_wait_bucket.64_255 = 0
stat.pool.101.memq.other.service_bucket.64_255 = 0
stat.pool.101.memq.other.total_bucket.64_255 = 0
stat.pool.101.memq.other.ahead_total_pkts_bucket.2 = 0
stat.pool.101.memq.other.ahead_total_bytes_bucket.65_256 = 0
stat.pool.101.memq.other.queue_wait_bucket.256_1023 = 0
stat.pool.101.memq.other.service_bucket.256_1023 = 0
stat.pool.101.memq.other.total_bucket.256_1023 = 0
stat.pool.101.memq.other.ahead_total_pkts_bucket.3_4 = 0
stat.pool.101.memq.other.ahead_total_bytes_bucket.257_1024 = 0
stat.pool.101.memq.other.queue_wait_bucket.1024_4095 = 0
stat.pool.101.memq.other.service_bucket.1024_4095 = 0
stat.pool.101.memq.other.total_bucket.1024_4095 = 0
stat.pool.101.memq.other.ahead_total_pkts_bucket.5_8 = 0
stat.pool.101.memq.other.ahead_total_bytes_bucket.1025_4096 = 0
stat.pool.101.memq.other.queue_wait_bucket.4096_plus = 0
stat.pool.101.memq.other.service_bucket.4096_plus = 0
stat.pool.101.memq.other.total_bucket.4096_plus = 0
stat.pool.101.memq.other.ahead_total_pkts_bucket.9_plus = 0
stat.pool.101.memq.other.ahead_total_bytes_bucket.4097_plus = 0
stat.pool.101.respq.other.attempted = 0
stat.pool.101.respq.other.completed = 0
stat.pool.101.respq.other.blocked = 0
stat.pool.101.respq.other.wait_avg_cycles = 0
stat.pool.101.respq.other.wait_max_cycles = 0
stat.pool.101.response.returned_burst_max_pkts = 1
stat.pool.101.response.returned_burst_avg_pkts = 1
stat.pool.101.response.returned_burst_stddev_pkts = 0
stat.pool.101.response.returned_nonempty_frac = 0.00341499
stat.pool.101.response.sent_burst_max_pkts = 1
stat.pool.101.response.sent_burst_avg_pkts = 1
stat.pool.101.response.sent_burst_stddev_pkts = 0
stat.pool.101.response.sent_nonempty_frac = 0.00341499
stat.pool.101.response.blocked_cycles = 0
stat.pool.101.response.blocked_avg_pending_pkts = 0
stat.pool.101.response.blocked_max_pending_pkts = 0
stat.pool.101.response.returned_occ_avg_pkts = 0.00341498
stat.pool.101.response.returned_occ_stddev_pkts = 0.0583379
stat.pool.101.response.returned_occ_max_pkts = 1
stat.pool.101.response.pending_occ_avg = 0.259627
stat.pool.101.response.pending_occ_stddev = 0.636592
stat.pool.101.response.pending_occ_max = 5
stat.pool.101.request.accept_src.distinct_avg = 1
stat.pool.101.request.accept_src.distinct_max = 1
stat.pool.101.request.accept_src.nonempty_frac = 0.00820564
stat.pool.101.request.blocked_src.distinct_avg = 0
stat.pool.101.request.blocked_src.distinct_max = 0
stat.pool.101.request.blocked_src.nonempty_frac = 0
stat.pool.101.pending.src.distinct_avg = 1
stat.pool.101.pending.src.distinct_max = 1
stat.pool.101.pending.src.nonempty_frac = 0.175365
stat.pool.101.pending.ready_src.distinct_avg = 1
stat.pool.101.pending.ready_src.distinct_max = 1
stat.pool.101.pending.ready_src.nonempty_frac = 0.00341499
stat.pool.101.response.ready_src.distinct_avg = 1
stat.pool.101.response.ready_src.distinct_max = 1
stat.pool.101.response.ready_src.nonempty_frac = 0.00341499
stat.pool.101.response.sent_dst.distinct_avg = 1
stat.pool.101.response.sent_dst.distinct_max = 1
stat.pool.101.response.sent_dst.nonempty_frac = 0.00341499
stat.pool.101.pending_episode.count = 577
stat.pool.101.pending_episode.avg_cycles = 113.116
stat.pool.101.pending_episode.max_cycles = 323
stat.pool.101.pending_episode.avg_peak_occ = 1.99653
stat.pool.101.pending_episode.max_peak_occ = 5
stat.pool.101.pending_episode.avg_accepted = 2.2825
stat.pool.101.pending_episode.max_accepted = 7
stat.pool.101.pending_episode.avg_sent = 2.20277
stat.pool.101.pending_episode.max_sent = 7
stat.pool.101.pending_episode.avg_pending_distinct_src = 1
stat.pool.101.pending_episode.max_pending_distinct_src = 1
stat.pool.101.pending_episode.avg_ready_distinct_src = 1
stat.pool.101.pending_episode.max_ready_distinct_src = 1
stat.pool.101.pending_episode.avg_sent_distinct_dst = 1
stat.pool.101.pending_episode.max_sent_distinct_dst = 1
stat.pool.101.response.returned_episode.count = 1271
stat.pool.101.response.returned_episode.avg_cycles = 1
stat.pool.101.response.returned_episode.max_cycles = 1
stat.pool.101.response.returned_episode.avg_peak_occ = 1
stat.pool.101.response.returned_episode.max_peak_occ = 1
stat.pool.101.response.returned_episode.avg_sent = 1
stat.pool.101.response.returned_episode.max_sent = 1
stat.pool.101.response.returned_episode.avg_ready_distinct_src = 1
stat.pool.101.response.returned_episode.max_ready_distinct_src = 1
stat.pool.101.response.returned_episode.avg_sent_distinct_dst = 1
stat.pool.101.response.returned_episode.max_sent_distinct_dst = 1
stat.pool.101.node.0.pending_occ_avg = 0.259628
stat.pool.101.node.0.pending_occ_max = 5
stat.pool.101.node.0.ready_occ_avg = 0.00341499
stat.pool.101.node.0.ready_occ_max = 1
stat.pool.101.node.0.pending_age_avg_cycles = 37.5132
stat.pool.101.node.0.pending_age_max_cycles = 77
stat.pool.101.node.0.ready_age_avg_cycles = 0
stat.pool.101.node.0.ready_age_max_cycles = 0
stat.pool.101.node.0.request_enqueued.load = 414
stat.pool.101.node.0.request_blocked.load = 0
stat.pool.101.node.0.response_ready.load = 414
stat.pool.101.node.0.response_sent.load = 414
stat.pool.101.node.0.response_blocked.load = 0
stat.pool.101.node.0.pending_occ_avg.load = 0.084574
stat.pool.101.node.0.pending_occ_max.load = 3
stat.pool.101.node.0.ready_occ_avg.load = 0.00111236
stat.pool.101.node.0.ready_occ_max.load = 1
stat.pool.101.node.0.mem_ready_avg_cycles.load = 75.0314
stat.pool.101.node.0.mem_ready_max_cycles.load = 76
stat.pool.101.node.0.response_wait_avg_cycles.load = 0
stat.pool.101.node.0.response_wait_max_cycles.load = 0
stat.pool.101.node.0.request_enqueue_gap_avg_cycles.load = 895.646
stat.pool.101.node.0.request_enqueue_gap_max_cycles.load = 3903
stat.pool.101.node.0.response_ready_gap_avg_cycles.load = 895.646
stat.pool.101.node.0.response_ready_gap_max_cycles.load = 3903
stat.pool.101.node.0.response_sent_gap_avg_cycles.load = 895.646
stat.pool.101.node.0.response_sent_gap_max_cycles.load = 3903
stat.pool.101.node.0.total_turnaround_avg_cycles.load = 75.0314
stat.pool.101.node.0.total_turnaround_max_cycles.load = 76
stat.pool.101.node.0.request_enqueued.rfo = 857
stat.pool.101.node.0.request_blocked.rfo = 0
stat.pool.101.node.0.response_ready.rfo = 857
stat.pool.101.node.0.response_sent.rfo = 857
stat.pool.101.node.0.response_blocked.rfo = 0
stat.pool.101.node.0.pending_occ_avg.rfo = 0.175054
stat.pool.101.node.0.pending_occ_max.rfo = 5
stat.pool.101.node.0.ready_occ_avg.rfo = 0.00230263
stat.pool.101.node.0.ready_occ_max.rfo = 1
stat.pool.101.node.0.mem_ready_avg_cycles.rfo = 75.0233
stat.pool.101.node.0.mem_ready_max_cycles.rfo = 77
stat.pool.101.node.0.response_wait_avg_cycles.rfo = 0
stat.pool.101.node.0.response_wait_max_cycles.rfo = 0
stat.pool.101.node.0.request_enqueue_gap_avg_cycles.rfo = 433.89
stat.pool.101.node.0.request_enqueue_gap_max_cycles.rfo = 2275
stat.pool.101.node.0.response_ready_gap_avg_cycles.rfo = 433.89
stat.pool.101.node.0.response_ready_gap_max_cycles.rfo = 2275
stat.pool.101.node.0.response_sent_gap_avg_cycles.rfo = 433.89
stat.pool.101.node.0.response_sent_gap_max_cycles.rfo = 2275
stat.pool.101.node.0.total_turnaround_avg_cycles.rfo = 75.0233
stat.pool.101.node.0.total_turnaround_max_cycles.rfo = 77
stat.pool.101.node.0.request_enqueued.write = 1783
stat.pool.101.node.0.request_blocked.write = 0
stat.pool.101.node.0.response_ready.write = 0
stat.pool.101.node.0.response_sent.write = 0
stat.pool.101.node.0.response_blocked.write = 0
stat.pool.101.node.0.pending_occ_avg.write = 0
stat.pool.101.node.0.pending_occ_max.write = 0
stat.pool.101.node.0.ready_occ_avg.write = 0
stat.pool.101.node.0.ready_occ_max.write = 0
stat.pool.101.node.0.mem_ready_avg_cycles.write = 0
stat.pool.101.node.0.mem_ready_max_cycles.write = 0
stat.pool.101.node.0.response_wait_avg_cycles.write = 0
stat.pool.101.node.0.response_wait_max_cycles.write = 0
stat.pool.101.node.0.request_enqueue_gap_avg_cycles.write = 208.395
stat.pool.101.node.0.request_enqueue_gap_max_cycles.write = 1521
stat.pool.101.node.0.response_ready_gap_avg_cycles.write = 0
stat.pool.101.node.0.response_ready_gap_max_cycles.write = 0
stat.pool.101.node.0.response_sent_gap_avg_cycles.write = 0
stat.pool.101.node.0.response_sent_gap_max_cycles.write = 0
stat.pool.101.node.0.total_turnaround_avg_cycles.write = 0
stat.pool.101.node.0.total_turnaround_max_cycles.write = 0
stat.pool.101.node.0.request_enqueued.other = 0
stat.pool.101.node.0.request_blocked.other = 0
stat.pool.101.node.0.response_ready.other = 0
stat.pool.101.node.0.response_sent.other = 0
stat.pool.101.node.0.response_blocked.other = 0
stat.pool.101.node.0.pending_occ_avg.other = 0
stat.pool.101.node.0.pending_occ_max.other = 0
stat.pool.101.node.0.ready_occ_avg.other = 0
stat.pool.101.node.0.ready_occ_max.other = 0
stat.pool.101.node.0.mem_ready_avg_cycles.other = 0
stat.pool.101.node.0.mem_ready_max_cycles.other = 0
stat.pool.101.node.0.response_wait_avg_cycles.other = 0
stat.pool.101.node.0.response_wait_max_cycles.other = 0
stat.pool.101.node.0.request_enqueue_gap_avg_cycles.other = 0
stat.pool.101.node.0.request_enqueue_gap_max_cycles.other = 0
stat.pool.101.node.0.response_ready_gap_avg_cycles.other = 0
stat.pool.101.node.0.response_ready_gap_max_cycles.other = 0
stat.pool.101.node.0.response_sent_gap_avg_cycles.other = 0
stat.pool.101.node.0.response_sent_gap_max_cycles.other = 0
stat.pool.101.node.0.total_turnaround_avg_cycles.other = 0
stat.pool.101.node.0.total_turnaround_max_cycles.other = 0
stat.pool.101.fabric.port_count = 1
stat.pool.101.fabric.ingress_wait_avg_cycles = 137.123
stat.pool.101.fabric.egress_wait_avg_cycles = 1
stat.pool.101.fabric.ingress_wait_max_cycles = 146
stat.pool.101.fabric.egress_wait_max_cycles = 1
stat.pool.101.fabric.ingress_queue_wait_avg_cycles = 0.86313
stat.pool.101.fabric.ingress_queue_wait_max_cycles = 22
stat.pool.101.fabric.ingress_occ_bytes = 128
stat.pool.101.fabric.ready_wait_avg_cycles = 0
stat.pool.101.fabric.ready_wait_max_cycles = 0
stat.pool.101.fabric.ready_occ_avg_pkts = 0.00820564
stat.pool.101.fabric.ready_occ_pkts = 0
stat.pool.101.fabric.ready_occ_max_pkts = 1
stat.pool.101.fabric.ready_retry_count = 0
stat.pool.101.fabric.ingress_arrival_burst_max_pkts = 1
stat.pool.101.fabric.ingress_arrival_burst_max_bytes = 64
stat.pool.101.fabric.ingress_arrival_burst_avg_pkts = 1
stat.pool.101.fabric.ingress_arrival_burst_avg_bytes = 40.7094
stat.pool.101.fabric.ingress_arrival_burst_stddev_pkts = 0
stat.pool.101.fabric.ingress_arrival_burst_stddev_bytes = 27.6011
stat.pool.101.fabric.ingress_arrival_nonempty_frac = 0.00821101
stat.pool.101.fabric.ingress_arrival_run_max_cycles = 1
stat.pool.101.fabric.ingress_arrival_run_avg_cycles = 1
stat.pool.101.fabric.ingress_arrival_run_stddev_cycles = 0
stat.pool.101.fabric.ingress_arrival_gap_max_cycles = 812
stat.pool.101.fabric.ingress_arrival_gap_avg_cycles = 120.82
stat.pool.101.fabric.ingress_arrival_gap_stddev_cycles = 197.177
stat.pool.101.fabric.ingress_release_burst_max_pkts = 1
stat.pool.101.fabric.ingress_release_burst_max_bytes = 64
stat.pool.101.fabric.ingress_release_burst_avg_pkts = 1
stat.pool.101.fabric.ingress_release_burst_avg_bytes = 40.6942
stat.pool.101.fabric.ingress_release_burst_stddev_pkts = 0
stat.pool.101.fabric.ingress_release_burst_stddev_bytes = 27.6037
stat.pool.101.fabric.ingress_release_nonempty_frac = 0.00820564
stat.pool.101.fabric.ingress_release_run_max_cycles = 1
stat.pool.101.fabric.ingress_release_run_avg_cycles = 1
stat.pool.101.fabric.ingress_release_run_stddev_cycles = 0
stat.pool.101.fabric.ingress_release_gap_max_cycles = 812
stat.pool.101.fabric.ingress_release_gap_avg_cycles = 120.815
stat.pool.101.fabric.ingress_release_gap_stddev_cycles = 204.504
stat.pool.101.fabric.ingress_occ_avg_bytes = 47.574
stat.pool.101.fabric.ingress_occ_stddev_bytes = 80.4321
stat.pool.101.fabric.ingress_occ_max_bytes = 392
stat.pool.101.fabric.ingress_occ_nonempty_frac = 0.433531
stat.pool.101.fabric.ingress_occ_run_max_cycles = 768
stat.pool.101.fabric.ingress_occ_run_avg_cycles = 313.916
stat.pool.101.fabric.ingress_occ_run_stddev_cycles = 120.764
stat.pool.101.fabric.ingress_occ_gap_max_cycles = 690
stat.pool.101.fabric.ingress_occ_gap_avg_cycles = 410.943
stat.pool.101.fabric.ingress_occ_gap_stddev_cycles = 149.216
stat.pool.101.fabric.rx_bytes.demand_req = 10168
stat.pool.101.fabric.tx_bytes.demand_req = 0
stat.pool.101.fabric.rx_pkts.demand_req = 1271
stat.pool.101.fabric.tx_pkts.demand_req = 0
stat.pool.101.fabric.rx_bytes.write_req = 114240
stat.pool.101.fabric.tx_bytes.write_req = 0
stat.pool.101.fabric.rx_pkts.write_req = 1785
stat.pool.101.fabric.tx_pkts.write_req = 0
stat.pool.101.fabric.rx_bytes.response = 0
stat.pool.101.fabric.tx_bytes.response = 81344
stat.pool.101.fabric.rx_pkts.response = 0
stat.pool.101.fabric.tx_pkts.response = 1271
stat.pool.101.fabric.rx_bytes.other_req = 0
stat.pool.101.fabric.tx_bytes.other_req = 0
stat.pool.101.fabric.rx_pkts.other_req = 0
stat.pool.101.fabric.tx_pkts.other_req = 0
stat.pool.101.port.switch.ingress_wait_avg_cycles = 137.123
stat.pool.101.port.switch.ingress_wait_max_cycles = 146
stat.pool.101.port.switch.egress_wait_avg_cycles = 1
stat.pool.101.port.switch.egress_wait_max_cycles = 1
stat.pool.101.port.switch.ingress_queue_wait_avg_cycles = 0.86313
stat.pool.101.port.switch.ingress_queue_wait_max_cycles = 22
stat.pool.101.port.switch.egress_occ_avg_bytes = 0
stat.pool.101.port.switch.egress_occ_stddev_bytes = 0
stat.pool.101.port.switch.egress_occ_max_bytes = 0
stat.pool.101.port.switch.egress_occ_nonempty_frac = 0
stat.pool.101.port.switch.egress_blocked_cycles = 0
stat.pool.101.port.switch.egress_blocked_nonempty_frac = 0
stat.pool.101.port.switch.egress_blocked_avg_occ_bytes = 0
stat.pool.101.port.switch.egress_blocked_max_occ_bytes = 0
stat.pool.101.port.switch.egress_send_burst_max_pkts = 1
stat.pool.101.port.switch.egress_send_burst_max_bytes = 64
stat.pool.101.port.switch.egress_send_burst_avg_pkts = 1
stat.pool.101.port.switch.egress_send_burst_avg_bytes = 64
stat.pool.101.port.switch.egress_send_burst_stddev_pkts = 0
stat.pool.101.port.switch.egress_send_burst_stddev_bytes = 0
stat.pool.101.port.switch.egress_send_nonempty_frac = 0.00341499
stat.pool.101.port.switch.ingress_arrival_burst_avg_bytes = 40.7094
stat.pool.101.port.switch.ingress_arrival_nonempty_frac = 0.00821101
stat.pool.101.port.switch.ingress_arrival_run_max_cycles = 1
stat.pool.101.port.switch.ingress_arrival_run_avg_cycles = 1
stat.pool.101.port.switch.ingress_arrival_gap_max_cycles = 812
stat.pool.101.port.switch.ingress_arrival_gap_avg_cycles = 120.82
stat.pool.101.port.switch.ingress_release_burst_avg_bytes = 40.6942
stat.pool.101.port.switch.ingress_release_nonempty_frac = 0.00820564
stat.pool.101.port.switch.ingress_release_run_max_cycles = 1
stat.pool.101.port.switch.ingress_release_run_avg_cycles = 1
stat.pool.101.port.switch.ingress_release_gap_max_cycles = 812
stat.pool.101.port.switch.ingress_release_gap_avg_cycles = 120.815
stat.pool.101.port.switch.ingress_occ_avg_bytes = 47.574
stat.pool.101.port.switch.ingress_occ_stddev_bytes = 80.4321
stat.pool.101.port.switch.ingress_occ_max_bytes = 392
stat.pool.101.port.switch.ingress_occ_nonempty_frac = 0.433531
stat.pool.101.port.switch.ingress_occ_run_max_cycles = 768
stat.pool.101.port.switch.ingress_occ_run_avg_cycles = 313.916
stat.pool.101.port.switch.ingress_occ_gap_max_cycles = 690
stat.pool.101.port.switch.ingress_occ_gap_avg_cycles = 410.943
stat.pool.101.port.switch.ingress_wait_avg_cycles.demand_req = 126.074
stat.pool.101.port.switch.ingress_wait_max_cycles.demand_req = 146
stat.pool.101.port.switch.ingress_queue_wait_avg_cycles.demand_req = 2.07396
stat.pool.101.port.switch.ingress_queue_wait_max_cycles.demand_req = 22
stat.pool.101.port.switch.egress_wait_avg_cycles.demand_req = 0
stat.pool.101.port.switch.egress_wait_max_cycles.demand_req = 0
stat.pool.101.port.switch.egress_occ_avg_bytes.demand_req = 0
stat.pool.101.port.switch.egress_occ_max_bytes.demand_req = 0
stat.pool.101.port.switch.egress_blocked_cycles.demand_req = 0
stat.pool.101.port.switch.ingress_arrival_empty_packets.demand_req = 55
stat.pool.101.port.switch.ingress_arrival_nonempty_packets.demand_req = 1216
stat.pool.101.port.switch.ingress_arrival_nonempty_packet_frac.demand_req = 0.956727
stat.pool.101.port.switch.ingress_nonempty_arrival_pre_occ_avg_bytes.demand_req = 129.638
stat.pool.101.port.switch.ingress_nonempty_arrival_pre_occ_max_bytes.demand_req = 384
stat.pool.101.port.switch.ingress_release_after_empty_arrival_packets.demand_req = 55
stat.pool.101.port.switch.ingress_release_after_nonempty_arrival_packets.demand_req = 1216
stat.pool.101.port.switch.ingress_wait_after_empty_arrival_avg_cycles.demand_req = 124
stat.pool.101.port.switch.ingress_wait_after_nonempty_arrival_avg_cycles.demand_req = 126.168
stat.pool.101.port.switch.ingress_queue_wait_after_empty_arrival_avg_cycles.demand_req = 0
stat.pool.101.port.switch.ingress_queue_wait_after_nonempty_arrival_avg_cycles.demand_req = 2.16776
stat.pool.101.port.switch.ingress_queue_wait_after_empty_arrival_max_cycles.demand_req = 0
stat.pool.101.port.switch.ingress_queue_wait_after_nonempty_arrival_max_cycles.demand_req = 22
stat.pool.101.port.switch.rx_bytes.demand_req = 10168
stat.pool.101.port.switch.tx_bytes.demand_req = 0
stat.pool.101.port.switch.rx_pkts.demand_req = 1271
stat.pool.101.port.switch.tx_pkts.demand_req = 0
stat.pool.101.port.switch.ingress_wait_avg_cycles.write_req = 145
stat.pool.101.port.switch.ingress_wait_max_cycles.write_req = 145
stat.pool.101.port.switch.ingress_queue_wait_avg_cycles.write_req = 0
stat.pool.101.port.switch.ingress_queue_wait_max_cycles.write_req = 0
stat.pool.101.port.switch.egress_wait_avg_cycles.write_req = 0
stat.pool.101.port.switch.egress_wait_max_cycles.write_req = 0
stat.pool.101.port.switch.egress_occ_avg_bytes.write_req = 0
stat.pool.101.port.switch.egress_occ_max_bytes.write_req = 0
stat.pool.101.port.switch.egress_blocked_cycles.write_req = 0
stat.pool.101.port.switch.ingress_arrival_empty_packets.write_req = 459
stat.pool.101.port.switch.ingress_arrival_nonempty_packets.write_req = 1326
stat.pool.101.port.switch.ingress_arrival_nonempty_packet_frac.write_req = 0.742857
stat.pool.101.port.switch.ingress_nonempty_arrival_pre_occ_avg_bytes.write_req = 148.344
stat.pool.101.port.switch.ingress_nonempty_arrival_pre_occ_max_bytes.write_req = 328
stat.pool.101.port.switch.ingress_release_after_empty_arrival_packets.write_req = 458
stat.pool.101.port.switch.ingress_release_after_nonempty_arrival_packets.write_req = 1325
stat.pool.101.port.switch.ingress_wait_after_empty_arrival_avg_cycles.write_req = 145
stat.pool.101.port.switch.ingress_wait_after_nonempty_arrival_avg_cycles.write_req = 145
stat.pool.101.port.switch.ingress_queue_wait_after_empty_arrival_avg_cycles.write_req = 0
stat.pool.101.port.switch.ingress_queue_wait_after_nonempty_arrival_avg_cycles.write_req = 0
stat.pool.101.port.switch.ingress_queue_wait_after_empty_arrival_max_cycles.write_req = 0
stat.pool.101.port.switch.ingress_queue_wait_after_nonempty_arrival_max_cycles.write_req = 0
stat.pool.101.port.switch.rx_bytes.write_req = 114240
stat.pool.101.port.switch.tx_bytes.write_req = 0
stat.pool.101.port.switch.rx_pkts.write_req = 1785
stat.pool.101.port.switch.tx_pkts.write_req = 0
stat.pool.101.port.switch.ingress_wait_avg_cycles.response = 0
stat.pool.101.port.switch.ingress_wait_max_cycles.response = 0
stat.pool.101.port.switch.ingress_queue_wait_avg_cycles.response = 0
stat.pool.101.port.switch.ingress_queue_wait_max_cycles.response = 0
stat.pool.101.port.switch.egress_wait_avg_cycles.response = 1
stat.pool.101.port.switch.egress_wait_max_cycles.response = 1
stat.pool.101.port.switch.egress_occ_avg_bytes.response = 0
stat.pool.101.port.switch.egress_occ_max_bytes.response = 0
stat.pool.101.port.switch.egress_blocked_cycles.response = 0
stat.pool.101.port.switch.ingress_arrival_empty_packets.response = 0
stat.pool.101.port.switch.ingress_arrival_nonempty_packets.response = 0
stat.pool.101.port.switch.ingress_arrival_nonempty_packet_frac.response = 0
stat.pool.101.port.switch.ingress_nonempty_arrival_pre_occ_avg_bytes.response = 0
stat.pool.101.port.switch.ingress_nonempty_arrival_pre_occ_max_bytes.response = 0
stat.pool.101.port.switch.ingress_release_after_empty_arrival_packets.response = 0
stat.pool.101.port.switch.ingress_release_after_nonempty_arrival_packets.response = 0
stat.pool.101.port.switch.ingress_wait_after_empty_arrival_avg_cycles.response = 0
stat.pool.101.port.switch.ingress_wait_after_nonempty_arrival_avg_cycles.response = 0
stat.pool.101.port.switch.ingress_queue_wait_after_empty_arrival_avg_cycles.response = 0
stat.pool.101.port.switch.ingress_queue_wait_after_nonempty_arrival_avg_cycles.response = 0
stat.pool.101.port.switch.ingress_queue_wait_after_empty_arrival_max_cycles.response = 0
stat.pool.101.port.switch.ingress_queue_wait_after_nonempty_arrival_max_cycles.response = 0
stat.pool.101.port.switch.rx_bytes.response = 0
stat.pool.101.port.switch.tx_bytes.response = 81344
stat.pool.101.port.switch.rx_pkts.response = 0
stat.pool.101.port.switch.tx_pkts.response = 1271
stat.pool.101.port.switch.ingress_wait_avg_cycles.other_req = 0
stat.pool.101.port.switch.ingress_wait_max_cycles.other_req = 0
stat.pool.101.port.switch.ingress_queue_wait_avg_cycles.other_req = 0
stat.pool.101.port.switch.ingress_queue_wait_max_cycles.other_req = 0
stat.pool.101.port.switch.egress_wait_avg_cycles.other_req = 0
stat.pool.101.port.switch.egress_wait_max_cycles.other_req = 0
stat.pool.101.port.switch.egress_occ_avg_bytes.other_req = 0
stat.pool.101.port.switch.egress_occ_max_bytes.other_req = 0
stat.pool.101.port.switch.egress_blocked_cycles.other_req = 0
stat.pool.101.port.switch.ingress_arrival_empty_packets.other_req = 0
stat.pool.101.port.switch.ingress_arrival_nonempty_packets.other_req = 0
stat.pool.101.port.switch.ingress_arrival_nonempty_packet_frac.other_req = 0
stat.pool.101.port.switch.ingress_nonempty_arrival_pre_occ_avg_bytes.other_req = 0
stat.pool.101.port.switch.ingress_nonempty_arrival_pre_occ_max_bytes.other_req = 0
stat.pool.101.port.switch.ingress_release_after_empty_arrival_packets.other_req = 0
stat.pool.101.port.switch.ingress_release_after_nonempty_arrival_packets.other_req = 0
stat.pool.101.port.switch.ingress_wait_after_empty_arrival_avg_cycles.other_req = 0
stat.pool.101.port.switch.ingress_wait_after_nonempty_arrival_avg_cycles.other_req = 0
stat.pool.101.port.switch.ingress_queue_wait_after_empty_arrival_avg_cycles.other_req = 0
stat.pool.101.port.switch.ingress_queue_wait_after_nonempty_arrival_avg_cycles.other_req = 0
stat.pool.101.port.switch.ingress_queue_wait_after_empty_arrival_max_cycles.other_req = 0
stat.pool.101.port.switch.ingress_queue_wait_after_nonempty_arrival_max_cycles.other_req = 0
stat.pool.101.port.switch.rx_bytes.other_req = 0
stat.pool.101.port.switch.tx_bytes.other_req = 0
stat.pool.101.port.switch.rx_pkts.other_req = 0
stat.pool.101.port.switch.tx_pkts.other_req = 0
stat.pool.101.port.switch.ingress_occ_bucket_bytes.0 = 210830
stat.pool.101.port.switch.ready_occ_bucket_bytes.0 = 369129
stat.pool.101.port.switch.ingress_occ_bucket_bytes.1_64 = 69619
stat.pool.101.port.switch.ready_occ_bucket_bytes.1_64 = 3054
stat.pool.101.port.switch.ingress_occ_bucket_bytes.65_256 = 81890
stat.pool.101.port.switch.ready_occ_bucket_bytes.65_256 = 0
stat.pool.101.port.switch.ingress_occ_bucket_bytes.257_1024 = 9844
stat.pool.101.port.switch.ready_occ_bucket_bytes.257_1024 = 0
stat.pool.101.port.switch.ingress_occ_bucket_bytes.1025_4096 = 0
stat.pool.101.port.switch.ready_occ_bucket_bytes.1025_4096 = 0
stat.pool.101.port.switch.ingress_occ_bucket_bytes.4097_plus = 0
stat.pool.101.port.switch.ready_occ_bucket_bytes.4097_plus = 0
stat.pool.101.port.switch.ingress_episode.count = 513
stat.pool.101.port.switch.ingress_episode.avg_cycles = 314.468
stat.pool.101.port.switch.ingress_episode.max_cycles = 768
stat.pool.101.port.switch.ingress_episode.avg_peak_occ_bytes = 200.608
stat.pool.101.port.switch.ingress_episode.max_peak_occ_bytes = 392
stat.pool.101.port.switch.ingress_episode.avg_arrival_pkts = 5.95322
stat.pool.101.port.switch.ingress_episode.max_arrival_pkts = 16
stat.pool.101.port.switch.ingress_episode.avg_arrival_bytes = 242.261
stat.pool.101.port.switch.ingress_episode.max_arrival_bytes = 840
stat.pool.101.port.switch.ingress_episode.avg_release_pkts = 5.95322
stat.pool.101.port.switch.ingress_episode.max_release_pkts = 16
stat.pool.101.port.switch.ingress_episode.avg_release_bytes = 242.261
stat.pool.101.port.switch.ingress_episode.max_release_bytes = 840
stat.pool.101.port.switch.ingress_episode.avg_wait_cycles = 816.326
stat.pool.101.port.switch.ingress_episode.max_wait_cycles = 146
stat.pool.101.port.switch.ingress_episode.avg_queue_wait_cycles = 5.1384
stat.pool.101.port.switch.ingress_episode.max_queue_wait_cycles = 22
stat.pool.101.port.switch.ingress_episode.avg_src_distinct = 1
stat.pool.101.port.switch.ingress_episode.max_src_distinct = 1
stat.pool.101.port.switch.ingress_episode.avg_dst_distinct = 1
stat.pool.101.port.switch.ingress_episode.max_dst_distinct = 1
stat.pool.101.port.switch.ingress_episode.avg_arrival_pkts.demand_req = 2.47758
stat.pool.101.port.switch.ingress_episode.max_arrival_pkts.demand_req = 8
stat.pool.101.port.switch.ingress_episode.avg_release_pkts.demand_req = 2.47758
stat.pool.101.port.switch.ingress_episode.max_release_pkts.demand_req = 8
stat.pool.101.port.switch.ingress_pre_occ_bucket.demand_req.0 = 55
stat.pool.101.port.switch.ingress_queue_wait_bucket.demand_req.0 = 1105
stat.pool.101.port.switch.ingress_pre_occ_bucket.demand_req.1_64 = 336
stat.pool.101.port.switch.ingress_queue_wait_bucket.demand_req.1_63 = 166
stat.pool.101.port.switch.ingress_pre_occ_bucket.demand_req.65_256 = 789
stat.pool.101.port.switch.ingress_queue_wait_bucket.demand_req.64_255 = 0
stat.pool.101.port.switch.ingress_pre_occ_bucket.demand_req.257_1024 = 91
stat.pool.101.port.switch.ingress_queue_wait_bucket.demand_req.256_1023 = 0
stat.pool.101.port.switch.ingress_pre_occ_bucket.demand_req.1025_4096 = 0
stat.pool.101.port.switch.ingress_queue_wait_bucket.demand_req.1024_4095 = 0
stat.pool.101.port.switch.ingress_pre_occ_bucket.demand_req.4097_plus = 0
stat.pool.101.port.switch.ingress_queue_wait_bucket.demand_req.4096_plus = 0
stat.pool.101.port.switch.ingress_episode.avg_arrival_pkts.write_req = 3.47563
stat.pool.101.port.switch.ingress_episode.max_arrival_pkts.write_req = 13
stat.pool.101.port.switch.ingress_episode.avg_release_pkts.write_req = 3.47563
stat.pool.101.port.switch.ingress_episode.max_release_pkts.write_req = 13
stat.pool.101.port.switch.ingress_pre_occ_bucket.write_req.0 = 459
stat.pool.101.port.switch.ingress_queue_wait_bucket.write_req.0 = 1783
stat.pool.101.port.switch.ingress_pre_occ_bucket.write_req.1_64 = 424
stat.pool.101.port.switch.ingress_queue_wait_bucket.write_req.1_63 = 0
stat.pool.101.port.switch.ingress_pre_occ_bucket.write_req.65_256 = 823
stat.pool.101.port.switch.ingress_queue_wait_bucket.write_req.64_255 = 0
stat.pool.101.port.switch.ingress_pre_occ_bucket.write_req.257_1024 = 79
stat.pool.101.port.switch.ingress_queue_wait_bucket.write_req.256_1023 = 0
stat.pool.101.port.switch.ingress_pre_occ_bucket.write_req.1025_4096 = 0
stat.pool.101.port.switch.ingress_queue_wait_bucket.write_req.1024_4095 = 0
stat.pool.101.port.switch.ingress_pre_occ_bucket.write_req.4097_plus = 0
stat.pool.101.port.switch.ingress_queue_wait_bucket.write_req.4096_plus = 0
stat.pool.101.port.switch.ingress_episode.avg_arrival_pkts.response = 0
stat.pool.101.port.switch.ingress_episode.max_arrival_pkts.response = 0
stat.pool.101.port.switch.ingress_episode.avg_release_pkts.response = 0
stat.pool.101.port.switch.ingress_episode.max_release_pkts.response = 0
stat.pool.101.port.switch.ingress_pre_occ_bucket.response.0 = 0
stat.pool.101.port.switch.ingress_queue_wait_bucket.response.0 = 0
stat.pool.101.port.switch.ingress_pre_occ_bucket.response.1_64 = 0
stat.pool.101.port.switch.ingress_queue_wait_bucket.response.1_63 = 0
stat.pool.101.port.switch.ingress_pre_occ_bucket.response.65_256 = 0
stat.pool.101.port.switch.ingress_queue_wait_bucket.response.64_255 = 0
stat.pool.101.port.switch.ingress_pre_occ_bucket.response.257_1024 = 0
stat.pool.101.port.switch.ingress_queue_wait_bucket.response.256_1023 = 0
stat.pool.101.port.switch.ingress_pre_occ_bucket.response.1025_4096 = 0
stat.pool.101.port.switch.ingress_queue_wait_bucket.response.1024_4095 = 0
stat.pool.101.port.switch.ingress_pre_occ_bucket.response.4097_plus = 0
stat.pool.101.port.switch.ingress_queue_wait_bucket.response.4096_plus = 0
stat.pool.101.port.switch.ingress_episode.avg_arrival_pkts.other_req = 0
stat.pool.101.port.switch.ingress_episode.max_arrival_pkts.other_req = 0
stat.pool.101.port.switch.ingress_episode.avg_release_pkts.other_req = 0
stat.pool.101.port.switch.ingress_episode.max_release_pkts.other_req = 0
stat.pool.101.port.switch.ingress_pre_occ_bucket.other_req.0 = 0
stat.pool.101.port.switch.ingress_queue_wait_bucket.other_req.0 = 0
stat.pool.101.port.switch.ingress_pre_occ_bucket.other_req.1_64 = 0
stat.pool.101.port.switch.ingress_queue_wait_bucket.other_req.1_63 = 0
stat.pool.101.port.switch.ingress_pre_occ_bucket.other_req.65_256 = 0
stat.pool.101.port.switch.ingress_queue_wait_bucket.other_req.64_255 = 0
stat.pool.101.port.switch.ingress_pre_occ_bucket.other_req.257_1024 = 0
stat.pool.101.port.switch.ingress_queue_wait_bucket.other_req.256_1023 = 0
stat.pool.101.port.switch.ingress_pre_occ_bucket.other_req.1025_4096 = 0
stat.pool.101.port.switch.ingress_queue_wait_bucket.other_req.1024_4095 = 0
stat.pool.101.port.switch.ingress_pre_occ_bucket.other_req.4097_plus = 0
stat.pool.101.port.switch.ingress_queue_wait_bucket.other_req.4096_plus = 0
stat.pool.101.port.switch.peer_src.0.rx_bytes.demand_req = 10168
stat.pool.101.port.switch.peer_src.0.rx_pkts.demand_req = 1271
stat.pool.101.port.switch.peer_src.0.tx_bytes.demand_req = 0
stat.pool.101.port.switch.peer_src.0.tx_pkts.demand_req = 0
stat.pool.101.port.switch.peer_src.0.ingress_arrivals.demand_req = 1271
stat.pool.101.port.switch.peer_src.0.ingress_arrival_nonempty_packet_frac.demand_req = 0.956727
stat.pool.101.port.switch.peer_src.0.ingress_nonempty_arrival_pre_occ_avg_bytes.demand_req = 129.638
stat.pool.101.port.switch.peer_src.0.ingress_nonempty_arrival_pre_occ_max_bytes.demand_req = 384
stat.pool.101.port.switch.peer_src.0.ingress_wait_avg_cycles.demand_req = 126.074
stat.pool.101.port.switch.peer_src.0.ingress_queue_wait_avg_cycles.demand_req = 2.07396
stat.pool.101.port.switch.peer_src.0.ingress_queue_wait_after_nonempty_arrival_avg_cycles.demand_req = 2.16776
stat.pool.101.port.switch.peer_src.0.ingress_pre_occ_bucket.demand_req.0 = 55
stat.pool.101.port.switch.peer_src.0.ingress_queue_wait_bucket.demand_req.0 = 1105
stat.pool.101.port.switch.peer_src.0.ingress_pre_occ_bucket.demand_req.1_64 = 336
stat.pool.101.port.switch.peer_src.0.ingress_queue_wait_bucket.demand_req.1_63 = 166
stat.pool.101.port.switch.peer_src.0.ingress_pre_occ_bucket.demand_req.65_256 = 789
stat.pool.101.port.switch.peer_src.0.ingress_queue_wait_bucket.demand_req.64_255 = 0
stat.pool.101.port.switch.peer_src.0.ingress_pre_occ_bucket.demand_req.257_1024 = 91
stat.pool.101.port.switch.peer_src.0.ingress_queue_wait_bucket.demand_req.256_1023 = 0
stat.pool.101.port.switch.peer_src.0.ingress_pre_occ_bucket.demand_req.1025_4096 = 0
stat.pool.101.port.switch.peer_src.0.ingress_queue_wait_bucket.demand_req.1024_4095 = 0
stat.pool.101.port.switch.peer_src.0.ingress_pre_occ_bucket.demand_req.4097_plus = 0
stat.pool.101.port.switch.peer_src.0.ingress_queue_wait_bucket.demand_req.4096_plus = 0
stat.pool.101.port.switch.peer_src.0.rx_bytes.write_req = 114240
stat.pool.101.port.switch.peer_src.0.rx_pkts.write_req = 1785
stat.pool.101.port.switch.peer_src.0.tx_bytes.write_req = 0
stat.pool.101.port.switch.peer_src.0.tx_pkts.write_req = 0
stat.pool.101.port.switch.peer_src.0.ingress_arrivals.write_req = 1785
stat.pool.101.port.switch.peer_src.0.ingress_arrival_nonempty_packet_frac.write_req = 0.742857
stat.pool.101.port.switch.peer_src.0.ingress_nonempty_arrival_pre_occ_avg_bytes.write_req = 148.344
stat.pool.101.port.switch.peer_src.0.ingress_nonempty_arrival_pre_occ_max_bytes.write_req = 328
stat.pool.101.port.switch.peer_src.0.ingress_wait_avg_cycles.write_req = 145
stat.pool.101.port.switch.peer_src.0.ingress_queue_wait_avg_cycles.write_req = 0
stat.pool.101.port.switch.peer_src.0.ingress_queue_wait_after_nonempty_arrival_avg_cycles.write_req = 0
stat.pool.101.port.switch.peer_src.0.ingress_pre_occ_bucket.write_req.0 = 459
stat.pool.101.port.switch.peer_src.0.ingress_queue_wait_bucket.write_req.0 = 1783
stat.pool.101.port.switch.peer_src.0.ingress_pre_occ_bucket.write_req.1_64 = 424
stat.pool.101.port.switch.peer_src.0.ingress_queue_wait_bucket.write_req.1_63 = 0
stat.pool.101.port.switch.peer_src.0.ingress_pre_occ_bucket.write_req.65_256 = 823
stat.pool.101.port.switch.peer_src.0.ingress_queue_wait_bucket.write_req.64_255 = 0
stat.pool.101.port.switch.peer_src.0.ingress_pre_occ_bucket.write_req.257_1024 = 79
stat.pool.101.port.switch.peer_src.0.ingress_queue_wait_bucket.write_req.256_1023 = 0
stat.pool.101.port.switch.peer_src.0.ingress_pre_occ_bucket.write_req.1025_4096 = 0
stat.pool.101.port.switch.peer_src.0.ingress_queue_wait_bucket.write_req.1024_4095 = 0
stat.pool.101.port.switch.peer_src.0.ingress_pre_occ_bucket.write_req.4097_plus = 0
stat.pool.101.port.switch.peer_src.0.ingress_queue_wait_bucket.write_req.4096_plus = 0
stat.pool.101.port.switch.peer_dst.101.rx_bytes.demand_req = 10168
stat.pool.101.port.switch.peer_dst.101.rx_pkts.demand_req = 1271
stat.pool.101.port.switch.peer_dst.101.tx_bytes.demand_req = 0
stat.pool.101.port.switch.peer_dst.101.tx_pkts.demand_req = 0
stat.pool.101.port.switch.peer_dst.101.ingress_arrivals.demand_req = 1271
stat.pool.101.port.switch.peer_dst.101.ingress_arrival_nonempty_packet_frac.demand_req = 0.956727
stat.pool.101.port.switch.peer_dst.101.ingress_nonempty_arrival_pre_occ_avg_bytes.demand_req = 129.638
stat.pool.101.port.switch.peer_dst.101.ingress_nonempty_arrival_pre_occ_max_bytes.demand_req = 384
stat.pool.101.port.switch.peer_dst.101.ingress_wait_avg_cycles.demand_req = 126.074
stat.pool.101.port.switch.peer_dst.101.ingress_queue_wait_avg_cycles.demand_req = 2.07396
stat.pool.101.port.switch.peer_dst.101.ingress_queue_wait_after_nonempty_arrival_avg_cycles.demand_req = 2.16776
stat.pool.101.port.switch.peer_dst.101.ingress_pre_occ_bucket.demand_req.0 = 55
stat.pool.101.port.switch.peer_dst.101.ingress_queue_wait_bucket.demand_req.0 = 1105
stat.pool.101.port.switch.peer_dst.101.ingress_pre_occ_bucket.demand_req.1_64 = 336
stat.pool.101.port.switch.peer_dst.101.ingress_queue_wait_bucket.demand_req.1_63 = 166
stat.pool.101.port.switch.peer_dst.101.ingress_pre_occ_bucket.demand_req.65_256 = 789
stat.pool.101.port.switch.peer_dst.101.ingress_queue_wait_bucket.demand_req.64_255 = 0
stat.pool.101.port.switch.peer_dst.101.ingress_pre_occ_bucket.demand_req.257_1024 = 91
stat.pool.101.port.switch.peer_dst.101.ingress_queue_wait_bucket.demand_req.256_1023 = 0
stat.pool.101.port.switch.peer_dst.101.ingress_pre_occ_bucket.demand_req.1025_4096 = 0
stat.pool.101.port.switch.peer_dst.101.ingress_queue_wait_bucket.demand_req.1024_4095 = 0
stat.pool.101.port.switch.peer_dst.101.ingress_pre_occ_bucket.demand_req.4097_plus = 0
stat.pool.101.port.switch.peer_dst.101.ingress_queue_wait_bucket.demand_req.4096_plus = 0
stat.pool.101.port.switch.peer_dst.101.rx_bytes.write_req = 114240
stat.pool.101.port.switch.peer_dst.101.rx_pkts.write_req = 1785
stat.pool.101.port.switch.peer_dst.101.tx_bytes.write_req = 0
stat.pool.101.port.switch.peer_dst.101.tx_pkts.write_req = 0
stat.pool.101.port.switch.peer_dst.101.ingress_arrivals.write_req = 1785
stat.pool.101.port.switch.peer_dst.101.ingress_arrival_nonempty_packet_frac.write_req = 0.742857
stat.pool.101.port.switch.peer_dst.101.ingress_nonempty_arrival_pre_occ_avg_bytes.write_req = 148.344
stat.pool.101.port.switch.peer_dst.101.ingress_nonempty_arrival_pre_occ_max_bytes.write_req = 328
stat.pool.101.port.switch.peer_dst.101.ingress_wait_avg_cycles.write_req = 145
stat.pool.101.port.switch.peer_dst.101.ingress_queue_wait_avg_cycles.write_req = 0
stat.pool.101.port.switch.peer_dst.101.ingress_queue_wait_after_nonempty_arrival_avg_cycles.write_req = 0
stat.pool.101.port.switch.peer_dst.101.ingress_pre_occ_bucket.write_req.0 = 459
stat.pool.101.port.switch.peer_dst.101.ingress_queue_wait_bucket.write_req.0 = 1783
stat.pool.101.port.switch.peer_dst.101.ingress_pre_occ_bucket.write_req.1_64 = 424
stat.pool.101.port.switch.peer_dst.101.ingress_queue_wait_bucket.write_req.1_63 = 0
stat.pool.101.port.switch.peer_dst.101.ingress_pre_occ_bucket.write_req.65_256 = 823
stat.pool.101.port.switch.peer_dst.101.ingress_queue_wait_bucket.write_req.64_255 = 0
stat.pool.101.port.switch.peer_dst.101.ingress_pre_occ_bucket.write_req.257_1024 = 79
stat.pool.101.port.switch.peer_dst.101.ingress_queue_wait_bucket.write_req.256_1023 = 0
stat.pool.101.port.switch.peer_dst.101.ingress_pre_occ_bucket.write_req.1025_4096 = 0
stat.pool.101.port.switch.peer_dst.101.ingress_queue_wait_bucket.write_req.1024_4095 = 0
stat.pool.101.port.switch.peer_dst.101.ingress_pre_occ_bucket.write_req.4097_plus = 0
stat.pool.101.port.switch.peer_dst.101.ingress_queue_wait_bucket.write_req.4096_plus = 0
stat.pool.101.port.switch.tx_src.101.rx_bytes.response = 0
stat.pool.101.port.switch.tx_src.101.rx_pkts.response = 0
stat.pool.101.port.switch.tx_src.101.tx_bytes.response = 81344
stat.pool.101.port.switch.tx_src.101.tx_pkts.response = 1271
stat.pool.101.port.switch.tx_src.101.ingress_arrivals.response = 0
stat.pool.101.port.switch.tx_src.101.ingress_arrival_nonempty_packet_frac.response = 0
stat.pool.101.port.switch.tx_src.101.ingress_nonempty_arrival_pre_occ_avg_bytes.response = 0
stat.pool.101.port.switch.tx_src.101.ingress_nonempty_arrival_pre_occ_max_bytes.response = 0
stat.pool.101.port.switch.tx_src.101.ingress_wait_avg_cycles.response = 0
stat.pool.101.port.switch.tx_src.101.ingress_queue_wait_avg_cycles.response = 0
stat.pool.101.port.switch.tx_src.101.ingress_queue_wait_after_nonempty_arrival_avg_cycles.response = 0
stat.pool.101.port.switch.tx_src.101.ingress_pre_occ_bucket.response.0 = 0
stat.pool.101.port.switch.tx_src.101.ingress_queue_wait_bucket.response.0 = 0
stat.pool.101.port.switch.tx_src.101.ingress_pre_occ_bucket.response.1_64 = 0
stat.pool.101.port.switch.tx_src.101.ingress_queue_wait_bucket.response.1_63 = 0
stat.pool.101.port.switch.tx_src.101.ingress_pre_occ_bucket.response.65_256 = 0
stat.pool.101.port.switch.tx_src.101.ingress_queue_wait_bucket.response.64_255 = 0
stat.pool.101.port.switch.tx_src.101.ingress_pre_occ_bucket.response.257_1024 = 0
stat.pool.101.port.switch.tx_src.101.ingress_queue_wait_bucket.response.256_1023 = 0
stat.pool.101.port.switch.tx_src.101.ingress_pre_occ_bucket.response.1025_4096 = 0
stat.pool.101.port.switch.tx_src.101.ingress_queue_wait_bucket.response.1024_4095 = 0
stat.pool.101.port.switch.tx_src.101.ingress_pre_occ_bucket.response.4097_plus = 0
stat.pool.101.port.switch.tx_src.101.ingress_queue_wait_bucket.response.4096_plus = 0
stat.pool.101.port.switch.tx_dst.0.rx_bytes.response = 0
stat.pool.101.port.switch.tx_dst.0.rx_pkts.response = 0
stat.pool.101.port.switch.tx_dst.0.tx_bytes.response = 81344
stat.pool.101.port.switch.tx_dst.0.tx_pkts.response = 1271
stat.pool.101.port.switch.tx_dst.0.ingress_arrivals.response = 0
stat.pool.101.port.switch.tx_dst.0.ingress_arrival_nonempty_packet_frac.response = 0
stat.pool.101.port.switch.tx_dst.0.ingress_nonempty_arrival_pre_occ_avg_bytes.response = 0
stat.pool.101.port.switch.tx_dst.0.ingress_nonempty_arrival_pre_occ_max_bytes.response = 0
stat.pool.101.port.switch.tx_dst.0.ingress_wait_avg_cycles.response = 0
stat.pool.101.port.switch.tx_dst.0.ingress_queue_wait_avg_cycles.response = 0
stat.pool.101.port.switch.tx_dst.0.ingress_queue_wait_after_nonempty_arrival_avg_cycles.response = 0
stat.pool.101.port.switch.tx_dst.0.ingress_pre_occ_bucket.response.0 = 0
stat.pool.101.port.switch.tx_dst.0.ingress_queue_wait_bucket.response.0 = 0
stat.pool.101.port.switch.tx_dst.0.ingress_pre_occ_bucket.response.1_64 = 0
stat.pool.101.port.switch.tx_dst.0.ingress_queue_wait_bucket.response.1_63 = 0
stat.pool.101.port.switch.tx_dst.0.ingress_pre_occ_bucket.response.65_256 = 0
stat.pool.101.port.switch.tx_dst.0.ingress_queue_wait_bucket.response.64_255 = 0
stat.pool.101.port.switch.tx_dst.0.ingress_pre_occ_bucket.response.257_1024 = 0
stat.pool.101.port.switch.tx_dst.0.ingress_queue_wait_bucket.response.256_1023 = 0
stat.pool.101.port.switch.tx_dst.0.ingress_pre_occ_bucket.response.1025_4096 = 0
stat.pool.101.port.switch.tx_dst.0.ingress_queue_wait_bucket.response.1024_4095 = 0
stat.pool.101.port.switch.tx_dst.0.ingress_pre_occ_bucket.response.4097_plus = 0
stat.pool.101.port.switch.tx_dst.0.ingress_queue_wait_bucket.response.4096_plus = 0
stat.pool.101.walltime_s = 82.5082
stat.pool.101.active_time_s = 5.85017
stat.pool.100.util.mem_avg = 0.0328332
stat.pool.100.util.req_link_avg = 0.130452
stat.pool.100.memq.demand.completed = 1272
stat.pool.100.memq.demand.response_completed = 1272
stat.pool.100.memq.demand.queue_wait_avg_cycles = 1.02909
stat.pool.100.memq.demand.queue_wait_max_cycles = 3
stat.pool.100.memq.demand.service_avg_cycles = 75
stat.pool.100.memq.demand.service_max_cycles = 75
stat.pool.100.memq.demand.total_avg_cycles = 76.0291
stat.pool.100.memq.demand.total_max_cycles = 78
stat.pool.100.memq.demand.ahead_pkts_avg.load = 0.0966981
stat.pool.100.memq.demand.ahead_pkts_max.load = 3
stat.pool.100.memq.demand.ahead_bytes_avg.load = 0.0966981
stat.pool.100.memq.demand.ahead_bytes_max.load = 3
stat.pool.100.memq.demand.ahead_pkts_avg.rfo = 0.699686
stat.pool.100.memq.demand.ahead_pkts_max.rfo = 4
stat.pool.100.memq.demand.ahead_bytes_avg.rfo = 0.699686
stat.pool.100.memq.demand.ahead_bytes_max.rfo = 4
stat.pool.100.memq.demand.ahead_pkts_avg.write = 1.04245
stat.pool.100.memq.demand.ahead_pkts_max.write = 3
stat.pool.100.memq.demand.ahead_bytes_avg.write = 1.04245
stat.pool.100.memq.demand.ahead_bytes_max.write = 3
stat.pool.100.memq.demand.ahead_pkts_avg.other = 0
stat.pool.100.memq.demand.ahead_pkts_max.other = 0
stat.pool.100.memq.demand.ahead_bytes_avg.other = 0
stat.pool.100.memq.demand.ahead_bytes_max.other = 0
stat.pool.100.memq.demand.queue_wait_bucket.0 = 0
stat.pool.100.memq.demand.service_bucket.0 = 0
stat.pool.100.memq.demand.total_bucket.0 = 0
stat.pool.100.memq.demand.ahead_total_pkts_bucket.0 = 156
stat.pool.100.memq.demand.ahead_total_bytes_bucket.0 = 156
stat.pool.100.memq.demand.queue_wait_bucket.1_63 = 1272
stat.pool.100.memq.demand.service_bucket.1_63 = 0
stat.pool.100.memq.demand.total_bucket.1_63 = 0
stat.pool.100.memq.demand.ahead_total_pkts_bucket.1 = 371
stat.pool.100.memq.demand.ahead_total_bytes_bucket.1_64 = 1116
stat.pool.100.memq.demand.queue_wait_bucket.64_255 = 0
stat.pool.100.memq.demand.service_bucket.64_255 = 1272
stat.pool.100.memq.demand.total_bucket.64_255 = 1272
stat.pool.100.memq.demand.ahead_total_pkts_bucket.2 = 394
stat.pool.100.memq.demand.ahead_total_bytes_bucket.65_256 = 0
stat.pool.100.memq.demand.queue_wait_bucket.256_1023 = 0
stat.pool.100.memq.demand.service_bucket.256_1023 = 0
stat.pool.100.memq.demand.total_bucket.256_1023 = 0
stat.pool.100.memq.demand.ahead_total_pkts_bucket.3_4 = 329
stat.pool.100.memq.demand.ahead_total_bytes_bucket.257_1024 = 0
stat.pool.100.memq.demand.queue_wait_bucket.1024_4095 = 0
stat.pool.100.memq.demand.service_bucket.1024_4095 = 0
stat.pool.100.memq.demand.total_bucket.1024_4095 = 0
stat.pool.100.memq.demand.ahead_total_pkts_bucket.5_8 = 22
stat.pool.100.memq.demand.ahead_total_bytes_bucket.1025_4096 = 0
stat.pool.100.memq.demand.queue_wait_bucket.4096_plus = 0
stat.pool.100.memq.demand.service_bucket.4096_plus = 0
stat.pool.100.memq.demand.total_bucket.4096_plus = 0
stat.pool.100.memq.demand.ahead_total_pkts_bucket.9_plus = 0
stat.pool.100.memq.demand.ahead_total_bytes_bucket.4097_plus = 0
stat.pool.100.memq.queue_occ_avg_reqs = 0.61914
stat.pool.100.memq.queue_occ_stddev_reqs = 1.03605
stat.pool.100.memq.queue_occ_max_reqs = 7
stat.pool.100.memq.queue_occ_nonempty_frac = 0.330796
stat.pool.100.memq.enqueue_burst_avg_pkts = 1
stat.pool.100.memq.enqueue_burst_stddev_pkts = 0
stat.pool.100.memq.enqueue_burst_max_pkts = 1
stat.pool.100.memq.complete_burst_avg_pkts = 1
stat.pool.100.memq.complete_burst_stddev_pkts = 0
stat.pool.100.memq.complete_burst_max_pkts = 1
stat.pool.100.memq.queue_episode.count = 679
stat.pool.100.memq.queue_episode.avg_cycles = 181.321
stat.pool.100.memq.queue_episode.max_cycles = 586
stat.pool.100.memq.queue_episode.avg_peak_occ_reqs = 2.81296
stat.pool.100.memq.queue_episode.max_peak_occ_reqs = 7
stat.pool.100.memq.queue_episode.avg_enqueue_pkts = 4.49926
stat.pool.100.memq.queue_episode.max_enqueue_pkts = 17
stat.pool.100.memq.queue_episode.avg_complete_pkts = 4.29602
stat.pool.100.memq.queue_episode.max_complete_pkts = 17
stat.pool.100.memq.queue_occ_bucket.0 = 249067
stat.pool.100.memq.enqueue_burst_bucket.0 = 0
stat.pool.100.memq.complete_burst_bucket.0 = 0
stat.pool.100.memq.queue_occ_bucket.1 = 53809
stat.pool.100.memq.enqueue_burst_bucket.1 = 3055
stat.pool.100.memq.complete_burst_bucket.1 = 3055
stat.pool.100.memq.queue_occ_bucket.2 = 39801
stat.pool.100.memq.enqueue_burst_bucket.2 = 0
stat.pool.100.memq.complete_burst_bucket.2 = 0
stat.pool.100.memq.queue_occ_bucket.3_4 = 28012
stat.pool.100.memq.enqueue_burst_bucket.3_4 = 0
stat.pool.100.memq.complete_burst_bucket.3_4 = 0
stat.pool.100.memq.queue_occ_bucket.5_8 = 1495
stat.pool.100.memq.enqueue_burst_bucket.5_8 = 0
stat.pool.100.memq.complete_burst_bucket.5_8 = 0
stat.pool.100.memq.queue_occ_bucket.9_plus = 0
stat.pool.100.memq.enqueue_burst_bucket.9_plus = 0
stat.pool.100.memq.complete_burst_bucket.9_plus = 0
stat.pool.100.memq.queue_occ_avg_reqs.load = 0.0784316
stat.pool.100.memq.queue_occ_max_reqs.load = 4
stat.pool.100.memq.enqueue_burst_avg_pkts.load = 0.125696
stat.pool.100.memq.enqueue_burst_max_pkts.load = 1
stat.pool.100.memq.complete_burst_avg_pkts.load = 0.125696
stat.pool.100.memq.complete_burst_max_pkts.load = 1
stat.pool.100.memq.queue_occ_avg_reqs.rfo = 0.18141
stat.pool.100.memq.queue_occ_max_reqs.rfo = 5
stat.pool.100.memq.enqueue_burst_avg_pkts.rfo = 0.290671
stat.pool.100.memq.enqueue_burst_max_pkts.rfo = 1
stat.pool.100.memq.complete_burst_avg_pkts.rfo = 0.290671
stat.pool.100.memq.complete_burst_max_pkts.rfo = 1
stat.pool.100.memq.queue_occ_avg_reqs.write = 0.359298
stat.pool.100.memq.queue_occ_max_reqs.write = 3
stat.pool.100.memq.enqueue_burst_avg_pkts.write = 0.583633
stat.pool.100.memq.enqueue_burst_max_pkts.write = 1
stat.pool.100.memq.complete_burst_avg_pkts.write = 0.583633
stat.pool.100.memq.complete_burst_max_pkts.write = 1
stat.pool.100.memq.queue_occ_avg_reqs.other = 0
stat.pool.100.memq.queue_occ_max_reqs.other = 0
stat.pool.100.memq.enqueue_burst_avg_pkts.other = 0
stat.pool.100.memq.enqueue_burst_max_pkts.other = 0
stat.pool.100.memq.complete_burst_avg_pkts.other = 0
stat.pool.100.memq.complete_burst_max_pkts.other = 0
stat.pool.100.memq.load.completed = 384
stat.pool.100.memq.load.response_completed = 384
stat.pool.100.memq.load.queue_wait_avg_cycles = 1.01823
stat.pool.100.memq.load.queue_wait_max_cycles = 3
stat.pool.100.memq.load.service_avg_cycles = 75
stat.pool.100.memq.load.service_max_cycles = 75
stat.pool.100.memq.load.total_avg_cycles = 76.0182
stat.pool.100.memq.load.total_max_cycles = 78
stat.pool.100.memq.load.ahead_pkts_avg.load = 0.171875
stat.pool.100.memq.load.ahead_pkts_max.load = 3
stat.pool.100.memq.load.ahead_bytes_avg.load = 0.171875
stat.pool.100.memq.load.ahead_bytes_max.load = 3
stat.pool.100.memq.load.ahead_pkts_avg.rfo = 0.791667
stat.pool.100.memq.load.ahead_pkts_max.rfo = 4
stat.pool.100.memq.load.ahead_bytes_avg.rfo = 0.791667
stat.pool.100.memq.load.ahead_bytes_max.rfo = 4
stat.pool.100.memq.load.ahead_pkts_avg.write = 0.822917
stat.pool.100.memq.load.ahead_pkts_max.write = 3
stat.pool.100.memq.load.ahead_bytes_avg.write = 0.822917
stat.pool.100.memq.load.ahead_bytes_max.write = 3
stat.pool.100.memq.load.ahead_pkts_avg.other = 0
stat.pool.100.memq.load.ahead_pkts_max.other = 0
stat.pool.100.memq.load.ahead_bytes_avg.other = 0
stat.pool.100.memq.load.ahead_bytes_max.other = 0
stat.pool.100.memq.load.queue_wait_bucket.0 = 0
stat.pool.100.memq.load.service_bucket.0 = 0
stat.pool.100.memq.load.total_bucket.0 = 0
stat.pool.100.memq.load.ahead_total_pkts_bucket.0 = 57
stat.pool.100.memq.load.ahead_total_bytes_bucket.0 = 57
stat.pool.100.memq.load.queue_wait_bucket.1_63 = 384
stat.pool.100.memq.load.service_bucket.1_63 = 0
stat.pool.100.memq.load.total_bucket.1_63 = 0
stat.pool.100.memq.load.ahead_total_pkts_bucket.1 = 113
stat.pool.100.memq.load.ahead_total_bytes_bucket.1_64 = 327
stat.pool.100.memq.load.queue_wait_bucket.64_255 = 0
stat.pool.100.memq.load.service_bucket.64_255 = 384
stat.pool.100.memq.load.total_bucket.64_255 = 384
stat.pool.100.memq.load.ahead_total_pkts_bucket.2 = 110
stat.pool.100.memq.load.ahead_total_bytes_bucket.65_256 = 0
stat.pool.100.memq.load.queue_wait_bucket.256_1023 = 0
stat.pool.100.memq.load.service_bucket.256_1023 = 0
stat.pool.100.memq.load.total_bucket.256_1023 = 0
stat.pool.100.memq.load.ahead_total_pkts_bucket.3_4 = 98
stat.pool.100.memq.load.ahead_total_bytes_bucket.257_1024 = 0
stat.pool.100.memq.load.queue_wait_bucket.1024_4095 = 0
stat.pool.100.memq.load.service_bucket.1024_4095 = 0
stat.pool.100.memq.load.total_bucket.1024_4095 = 0
stat.pool.100.memq.load.ahead_total_pkts_bucket.5_8 = 6
stat.pool.100.memq.load.ahead_total_bytes_bucket.1025_4096 = 0
stat.pool.100.memq.load.queue_wait_bucket.4096_plus = 0
stat.pool.100.memq.load.service_bucket.4096_plus = 0
stat.pool.100.memq.load.total_bucket.4096_plus = 0
stat.pool.100.memq.load.ahead_total_pkts_bucket.9_plus = 0
stat.pool.100.memq.load.ahead_total_bytes_bucket.4097_plus = 0
stat.pool.100.respq.load.attempted = 384
stat.pool.100.respq.load.completed = 384
stat.pool.100.respq.load.blocked = 0
stat.pool.100.respq.load.wait_avg_cycles = 0
stat.pool.100.respq.load.wait_max_cycles = 0
stat.pool.100.memq.rfo.completed = 888
stat.pool.100.memq.rfo.response_completed = 888
stat.pool.100.memq.rfo.queue_wait_avg_cycles = 1.03378
stat.pool.100.memq.rfo.queue_wait_max_cycles = 3
stat.pool.100.memq.rfo.service_avg_cycles = 75
stat.pool.100.memq.rfo.service_max_cycles = 75
stat.pool.100.memq.rfo.total_avg_cycles = 76.0338
stat.pool.100.memq.rfo.total_max_cycles = 78
stat.pool.100.memq.rfo.ahead_pkts_avg.load = 0.0641892
stat.pool.100.memq.rfo.ahead_pkts_max.load = 2
stat.pool.100.memq.rfo.ahead_bytes_avg.load = 0.0641892
stat.pool.100.memq.rfo.ahead_bytes_max.load = 2
stat.pool.100.memq.rfo.ahead_pkts_avg.rfo = 0.65991
stat.pool.100.memq.rfo.ahead_pkts_max.rfo = 4
stat.pool.100.memq.rfo.ahead_bytes_avg.rfo = 0.65991
stat.pool.100.memq.rfo.ahead_bytes_max.rfo = 4
stat.pool.100.memq.rfo.ahead_pkts_avg.write = 1.13739
stat.pool.100.memq.rfo.ahead_pkts_max.write = 3
stat.pool.100.memq.rfo.ahead_bytes_avg.write = 1.13739
stat.pool.100.memq.rfo.ahead_bytes_max.write = 3
stat.pool.100.memq.rfo.ahead_pkts_avg.other = 0
stat.pool.100.memq.rfo.ahead_pkts_max.other = 0
stat.pool.100.memq.rfo.ahead_bytes_avg.other = 0
stat.pool.100.memq.rfo.ahead_bytes_max.other = 0
stat.pool.100.memq.rfo.queue_wait_bucket.0 = 0
stat.pool.100.memq.rfo.service_bucket.0 = 0
stat.pool.100.memq.rfo.total_bucket.0 = 0
stat.pool.100.memq.rfo.ahead_total_pkts_bucket.0 = 99
stat.pool.100.memq.rfo.ahead_total_bytes_bucket.0 = 99
stat.pool.100.memq.rfo.queue_wait_bucket.1_63 = 888
stat.pool.100.memq.rfo.service_bucket.1_63 = 0
stat.pool.100.memq.rfo.total_bucket.1_63 = 0
stat.pool.100.memq.rfo.ahead_total_pkts_bucket.1 = 258
stat.pool.100.memq.rfo.ahead_total_bytes_bucket.1_64 = 789
stat.pool.100.memq.rfo.queue_wait_bucket.64_255 = 0
stat.pool.100.memq.rfo.service_bucket.64_255 = 888
stat.pool.100.memq.rfo.total_bucket.64_255 = 888
stat.pool.100.memq.rfo.ahead_total_pkts_bucket.2 = 284
stat.pool.100.memq.rfo.ahead_total_bytes_bucket.65_256 = 0
stat.pool.100.memq.rfo.queue_wait_bucket.256_1023 = 0
stat.pool.100.memq.rfo.service_bucket.256_1023 = 0
stat.pool.100.memq.rfo.total_bucket.256_1023 = 0
stat.pool.100.memq.rfo.ahead_total_pkts_bucket.3_4 = 231
stat.pool.100.memq.rfo.ahead_total_bytes_bucket.257_1024 = 0
stat.pool.100.memq.rfo.queue_wait_bucket.1024_4095 = 0
stat.pool.100.memq.rfo.service_bucket.1024_4095 = 0
stat.pool.100.memq.rfo.total_bucket.1024_4095 = 0
stat.pool.100.memq.rfo.ahead_total_pkts_bucket.5_8 = 16
stat.pool.100.memq.rfo.ahead_total_bytes_bucket.1025_4096 = 0
stat.pool.100.memq.rfo.queue_wait_bucket.4096_plus = 0
stat.pool.100.memq.rfo.service_bucket.4096_plus = 0
stat.pool.100.memq.rfo.total_bucket.4096_plus = 0
stat.pool.100.memq.rfo.ahead_total_pkts_bucket.9_plus = 0
stat.pool.100.memq.rfo.ahead_total_bytes_bucket.4097_plus = 0
stat.pool.100.respq.rfo.attempted = 888
stat.pool.100.respq.rfo.completed = 888
stat.pool.100.respq.rfo.blocked = 0
stat.pool.100.respq.rfo.wait_avg_cycles = 0
stat.pool.100.respq.rfo.wait_max_cycles = 0
stat.pool.100.memq.write.completed = 1783
stat.pool.100.memq.write.response_completed = 0
stat.pool.100.memq.write.queue_wait_avg_cycles = 1
stat.pool.100.memq.write.queue_wait_max_cycles = 1
stat.pool.100.memq.write.service_avg_cycles = 75
stat.pool.100.memq.write.service_max_cycles = 75
stat.pool.100.memq.write.total_avg_cycles = 76
stat.pool.100.memq.write.total_max_cycles = 76
stat.pool.100.memq.write.ahead_pkts_avg.load = 0.00729108
stat.pool.100.memq.write.ahead_pkts_max.load = 1
stat.pool.100.memq.write.ahead_bytes_avg.load = 0.00729108
stat.pool.100.memq.write.ahead_bytes_max.load = 1
stat.pool.100.memq.write.ahead_pkts_avg.rfo = 0.0252384
stat.pool.100.memq.write.ahead_pkts_max.rfo = 2
stat.pool.100.memq.write.ahead_bytes_avg.rfo = 0.0252384
stat.pool.100.memq.write.ahead_bytes_max.rfo = 2
stat.pool.100.memq.write.ahead_pkts_avg.write = 1.2249
stat.pool.100.memq.write.ahead_pkts_max.write = 3
stat.pool.100.memq.write.ahead_bytes_avg.write = 1.2249
stat.pool.100.memq.write.ahead_bytes_max.write = 3
stat.pool.100.memq.write.ahead_pkts_avg.other = 0
stat.pool.100.memq.write.ahead_pkts_max.other = 0
stat.pool.100.memq.write.ahead_bytes_avg.other = 0
stat.pool.100.memq.write.ahead_bytes_max.other = 0
stat.pool.100.memq.write.queue_wait_bucket.0 = 0
stat.pool.100.memq.write.service_bucket.0 = 0
stat.pool.100.memq.write.total_bucket.0 = 0
stat.pool.100.memq.write.ahead_total_pkts_bucket.0 = 525
stat.pool.100.memq.write.ahead_total_bytes_bucket.0 = 525
stat.pool.100.memq.write.queue_wait_bucket.1_63 = 1783
stat.pool.100.memq.write.service_bucket.1_63 = 0
stat.pool.100.memq.write.total_bucket.1_63 = 0
stat.pool.100.memq.write.ahead_total_pkts_bucket.1 = 533
stat.pool.100.memq.write.ahead_total_bytes_bucket.1_64 = 1258
stat.pool.100.memq.write.queue_wait_bucket.64_255 = 0
stat.pool.100.memq.write.service_bucket.64_255 = 1783
stat.pool.100.memq.write.total_bucket.64_255 = 1783
stat.pool.100.memq.write.ahead_total_pkts_bucket.2 = 474
stat.pool.100.memq.write.ahead_total_bytes_bucket.65_256 = 0
stat.pool.100.memq.write.queue_wait_bucket.256_1023 = 0
stat.pool.100.memq.write.service_bucket.256_1023 = 0
stat.pool.100.memq.write.total_bucket.256_1023 = 0
stat.pool.100.memq.write.ahead_total_pkts_bucket.3_4 = 251
stat.pool.100.memq.write.ahead_total_bytes_bucket.257_1024 = 0
stat.pool.100.memq.write.queue_wait_bucket.1024_4095 = 0
stat.pool.100.memq.write.service_bucket.1024_4095 = 0
stat.pool.100.memq.write.total_bucket.1024_4095 = 0
stat.pool.100.memq.write.ahead_total_pkts_bucket.5_8 = 0
stat.pool.100.memq.write.ahead_total_bytes_bucket.1025_4096 = 0
stat.pool.100.memq.write.queue_wait_bucket.4096_plus = 0
stat.pool.100.memq.write.service_bucket.4096_plus = 0
stat.pool.100.memq.write.total_bucket.4096_plus = 0
stat.pool.100.memq.write.ahead_total_pkts_bucket.9_plus = 0
stat.pool.100.memq.write.ahead_total_bytes_bucket.4097_plus = 0
stat.pool.100.respq.write.attempted = 0
stat.pool.100.respq.write.completed = 0
stat.pool.100.respq.write.blocked = 0
stat.pool.100.respq.write.wait_avg_cycles = 0
stat.pool.100.respq.write.wait_max_cycles = 0
stat.pool.100.memq.other.completed = 0
stat.pool.100.memq.other.response_completed = 0
stat.pool.100.memq.other.queue_wait_avg_cycles = 0
stat.pool.100.memq.other.queue_wait_max_cycles = 0
stat.pool.100.memq.other.service_avg_cycles = 0
stat.pool.100.memq.other.service_max_cycles = 0
stat.pool.100.memq.other.total_avg_cycles = 0
stat.pool.100.memq.other.total_max_cycles = 0
stat.pool.100.memq.other.ahead_pkts_avg.load = 0
stat.pool.100.memq.other.ahead_pkts_max.load = 0
stat.pool.100.memq.other.ahead_bytes_avg.load = 0
stat.pool.100.memq.other.ahead_bytes_max.load = 0
stat.pool.100.memq.other.ahead_pkts_avg.rfo = 0
stat.pool.100.memq.other.ahead_pkts_max.rfo = 0
stat.pool.100.memq.other.ahead_bytes_avg.rfo = 0
stat.pool.100.memq.other.ahead_bytes_max.rfo = 0
stat.pool.100.memq.other.ahead_pkts_avg.write = 0
stat.pool.100.memq.other.ahead_pkts_max.write = 0
stat.pool.100.memq.other.ahead_bytes_avg.write = 0
stat.pool.100.memq.other.ahead_bytes_max.write = 0
stat.pool.100.memq.other.ahead_pkts_avg.other = 0
stat.pool.100.memq.other.ahead_pkts_max.other = 0
stat.pool.100.memq.other.ahead_bytes_avg.other = 0
stat.pool.100.memq.other.ahead_bytes_max.other = 0
stat.pool.100.memq.other.queue_wait_bucket.0 = 0
stat.pool.100.memq.other.service_bucket.0 = 0
stat.pool.100.memq.other.total_bucket.0 = 0
stat.pool.100.memq.other.ahead_total_pkts_bucket.0 = 0
stat.pool.100.memq.other.ahead_total_bytes_bucket.0 = 0
stat.pool.100.memq.other.queue_wait_bucket.1_63 = 0
stat.pool.100.memq.other.service_bucket.1_63 = 0
stat.pool.100.memq.other.total_bucket.1_63 = 0
stat.pool.100.memq.other.ahead_total_pkts_bucket.1 = 0
stat.pool.100.memq.other.ahead_total_bytes_bucket.1_64 = 0
stat.pool.100.memq.other.queue_wait_bucket.64_255 = 0
stat.pool.100.memq.other.service_bucket.64_255 = 0
stat.pool.100.memq.other.total_bucket.64_255 = 0
stat.pool.100.memq.other.ahead_total_pkts_bucket.2 = 0
stat.pool.100.memq.other.ahead_total_bytes_bucket.65_256 = 0
stat.pool.100.memq.other.queue_wait_bucket.256_1023 = 0
stat.pool.100.memq.other.service_bucket.256_1023 = 0
stat.pool.100.memq.other.total_bucket.256_1023 = 0
stat.pool.100.memq.other.ahead_total_pkts_bucket.3_4 = 0
stat.pool.100.memq.other.ahead_total_bytes_bucket.257_1024 = 0
stat.pool.100.memq.other.queue_wait_bucket.1024_4095 = 0
stat.pool.100.memq.other.service_bucket.1024_4095 = 0
stat.pool.100.memq.other.total_bucket.1024_4095 = 0
stat.pool.100.memq.other.ahead_total_pkts_bucket.5_8 = 0
stat.pool.100.memq.other.ahead_total_bytes_bucket.1025_4096 = 0
stat.pool.100.memq.other.queue_wait_bucket.4096_plus = 0
stat.pool.100.memq.other.service_bucket.4096_plus = 0
stat.pool.100.memq.other.total_bucket.4096_plus = 0
stat.pool.100.memq.other.ahead_total_pkts_bucket.9_plus = 0
stat.pool.100.memq.other.ahead_total_bytes_bucket.4097_plus = 0
stat.pool.100.respq.other.attempted = 0
stat.pool.100.respq.other.completed = 0
stat.pool.100.respq.other.blocked = 0
stat.pool.100.respq.other.wait_avg_cycles = 0
stat.pool.100.respq.other.wait_max_cycles = 0
stat.pool.100.response.returned_burst_max_pkts = 1
stat.pool.100.response.returned_burst_avg_pkts = 1
stat.pool.100.response.returned_burst_stddev_pkts = 0
stat.pool.100.response.returned_nonempty_frac = 0.00341767
stat.pool.100.response.sent_burst_max_pkts = 1
stat.pool.100.response.sent_burst_avg_pkts = 1
stat.pool.100.response.sent_burst_stddev_pkts = 0
stat.pool.100.response.sent_nonempty_frac = 0.00341767
stat.pool.100.response.blocked_cycles = 0
stat.pool.100.response.blocked_avg_pending_pkts = 0
stat.pool.100.response.blocked_max_pending_pkts = 0
stat.pool.100.response.returned_occ_avg_pkts = 0.00341766
stat.pool.100.response.returned_occ_stddev_pkts = 0.0583608
stat.pool.100.response.returned_occ_max_pkts = 1
stat.pool.100.response.pending_occ_avg = 0.259842
stat.pool.100.response.pending_occ_stddev = 0.643908
stat.pool.100.response.pending_occ_max = 5
stat.pool.100.request.accept_src.distinct_avg = 1
stat.pool.100.request.accept_src.distinct_max = 1
stat.pool.100.request.accept_src.nonempty_frac = 0.00820833
stat.pool.100.request.blocked_src.distinct_avg = 0
stat.pool.100.request.blocked_src.distinct_max = 0
stat.pool.100.request.blocked_src.nonempty_frac = 0
stat.pool.100.pending.src.distinct_avg = 1
stat.pool.100.pending.src.distinct_max = 1
stat.pool.100.pending.src.nonempty_frac = 0.17281
stat.pool.100.pending.ready_src.distinct_avg = 1
stat.pool.100.pending.ready_src.distinct_max = 1
stat.pool.100.pending.ready_src.nonempty_frac = 0.00341767
stat.pool.100.response.ready_src.distinct_avg = 1
stat.pool.100.response.ready_src.distinct_max = 1
stat.pool.100.response.ready_src.nonempty_frac = 0.00341767
stat.pool.100.response.sent_dst.distinct_avg = 1
stat.pool.100.response.sent_dst.distinct_max = 1
stat.pool.100.response.sent_dst.nonempty_frac = 0.00341767
stat.pool.100.pending_episode.count = 558
stat.pool.100.pending_episode.avg_cycles = 115.263
stat.pool.100.pending_episode.max_cycles = 390
stat.pool.100.pending_episode.avg_peak_occ = 2.02509
stat.pool.100.pending_episode.max_peak_occ = 5
stat.pool.100.pending_episode.avg_accepted = 2.3638
stat.pool.100.pending_episode.max_accepted = 7
stat.pool.100.pending_episode.avg_sent = 2.27957
stat.pool.100.pending_episode.max_sent = 7
stat.pool.100.pending_episode.avg_pending_distinct_src = 1
stat.pool.100.pending_episode.max_pending_distinct_src = 1
stat.pool.100.pending_episode.avg_ready_distinct_src = 1
stat.pool.100.pending_episode.max_ready_distinct_src = 1
stat.pool.100.pending_episode.avg_sent_distinct_dst = 1
stat.pool.100.pending_episode.max_sent_distinct_dst = 1
stat.pool.100.response.returned_episode.count = 1272
stat.pool.100.response.returned_episode.avg_cycles = 1
stat.pool.100.response.returned_episode.max_cycles = 1
stat.pool.100.response.returned_episode.avg_peak_occ = 1
stat.pool.100.response.returned_episode.max_peak_occ = 1
stat.pool.100.response.returned_episode.avg_sent = 1
stat.pool.100.response.returned_episode.max_sent = 1
stat.pool.100.response.returned_episode.avg_ready_distinct_src = 1
stat.pool.100.response.returned_episode.max_ready_distinct_src = 1
stat.pool.100.response.returned_episode.avg_sent_distinct_dst = 1
stat.pool.100.response.returned_episode.max_sent_distinct_dst = 1
stat.pool.100.node.0.pending_occ_avg = 0.259843
stat.pool.100.node.0.pending_occ_max = 5
stat.pool.100.node.0.ready_occ_avg = 0.00341767
stat.pool.100.node.0.ready_occ_max = 1
stat.pool.100.node.0.pending_age_avg_cycles = 37.5148
stat.pool.100.node.0.pending_age_max_cycles = 77
stat.pool.100.node.0.ready_age_avg_cycles = 0
stat.pool.100.node.0.ready_age_max_cycles = 0
stat.pool.100.node.0.request_enqueued.load = 384
stat.pool.100.node.0.request_blocked.load = 0
stat.pool.100.node.0.response_ready.load = 384
stat.pool.100.node.0.response_sent.load = 384
stat.pool.100.node.0.response_blocked.load = 0
stat.pool.100.node.0.pending_occ_avg.load = 0.0784318
stat.pool.100.node.0.pending_occ_max.load = 4
stat.pool.100.node.0.ready_occ_avg.load = 0.00103175
stat.pool.100.node.0.ready_occ_max.load = 1
stat.pool.100.node.0.mem_ready_avg_cycles.load = 75.0182
stat.pool.100.node.0.mem_ready_max_cycles.load = 77
stat.pool.100.node.0.response_wait_avg_cycles.load = 0
stat.pool.100.node.0.response_wait_max_cycles.load = 0
stat.pool.100.node.0.request_enqueue_gap_avg_cycles.load = 969.723
stat.pool.100.node.0.request_enqueue_gap_max_cycles.load = 4920
stat.pool.100.node.0.response_ready_gap_avg_cycles.load = 969.723
stat.pool.100.node.0.response_ready_gap_max_cycles.load = 4920
stat.pool.100.node.0.response_sent_gap_avg_cycles.load = 969.723
stat.pool.100.node.0.response_sent_gap_max_cycles.load = 4920
stat.pool.100.node.0.total_turnaround_avg_cycles.load = 75.0182
stat.pool.100.node.0.total_turnaround_max_cycles.load = 77
stat.pool.100.node.0.request_enqueued.rfo = 888
stat.pool.100.node.0.request_blocked.rfo = 0
stat.pool.100.node.0.response_ready.rfo = 888
stat.pool.100.node.0.response_sent.rfo = 888
stat.pool.100.node.0.response_blocked.rfo = 0
stat.pool.100.node.0.pending_occ_avg.rfo = 0.181411
stat.pool.100.node.0.pending_occ_max.rfo = 5
stat.pool.100.node.0.ready_occ_avg.rfo = 0.00238592
stat.pool.100.node.0.ready_occ_max.rfo = 1
stat.pool.100.node.0.mem_ready_avg_cycles.rfo = 75.0338
stat.pool.100.node.0.mem_ready_max_cycles.rfo = 77
stat.pool.100.node.0.response_wait_avg_cycles.rfo = 0
stat.pool.100.node.0.response_wait_max_cycles.rfo = 0
stat.pool.100.node.0.request_enqueue_gap_avg_cycles.rfo = 418.711
stat.pool.100.node.0.request_enqueue_gap_max_cycles.rfo = 2261
stat.pool.100.node.0.response_ready_gap_avg_cycles.rfo = 418.711
stat.pool.100.node.0.response_ready_gap_max_cycles.rfo = 2261
stat.pool.100.node.0.response_sent_gap_avg_cycles.rfo = 418.711
stat.pool.100.node.0.response_sent_gap_max_cycles.rfo = 2261
stat.pool.100.node.0.total_turnaround_avg_cycles.rfo = 75.0338
stat.pool.100.node.0.total_turnaround_max_cycles.rfo = 77
stat.pool.100.node.0.request_enqueued.write = 1783
stat.pool.100.node.0.request_blocked.write = 0
stat.pool.100.node.0.response_ready.write = 0
stat.pool.100.node.0.response_sent.write = 0
stat.pool.100.node.0.response_blocked.write = 0
stat.pool.100.node.0.pending_occ_avg.write = 0
stat.pool.100.node.0.pending_occ_max.write = 0
stat.pool.100.node.0.ready_occ_avg.write = 0
stat.pool.100.node.0.ready_occ_max.write = 0
stat.pool.100.node.0.mem_ready_avg_cycles.write = 0
stat.pool.100.node.0.mem_ready_max_cycles.write = 0
stat.pool.100.node.0.response_wait_avg_cycles.write = 0
stat.pool.100.node.0.response_wait_max_cycles.write = 0
stat.pool.100.node.0.request_enqueue_gap_avg_cycles.write = 208.395
stat.pool.100.node.0.request_enqueue_gap_max_cycles.write = 1521
stat.pool.100.node.0.response_ready_gap_avg_cycles.write = 0
stat.pool.100.node.0.response_ready_gap_max_cycles.write = 0
stat.pool.100.node.0.response_sent_gap_avg_cycles.write = 0
stat.pool.100.node.0.response_sent_gap_max_cycles.write = 0
stat.pool.100.node.0.total_turnaround_avg_cycles.write = 0
stat.pool.100.node.0.total_turnaround_max_cycles.write = 0
stat.pool.100.node.0.request_enqueued.other = 0
stat.pool.100.node.0.request_blocked.other = 0
stat.pool.100.node.0.response_ready.other = 0
stat.pool.100.node.0.response_sent.other = 0
stat.pool.100.node.0.response_blocked.other = 0
stat.pool.100.node.0.pending_occ_avg.other = 0
stat.pool.100.node.0.pending_occ_max.other = 0
stat.pool.100.node.0.ready_occ_avg.other = 0
stat.pool.100.node.0.ready_occ_max.other = 0
stat.pool.100.node.0.mem_ready_avg_cycles.other = 0
stat.pool.100.node.0.mem_ready_max_cycles.other = 0
stat.pool.100.node.0.response_wait_avg_cycles.other = 0
stat.pool.100.node.0.response_wait_max_cycles.other = 0
stat.pool.100.node.0.request_enqueue_gap_avg_cycles.other = 0
stat.pool.100.node.0.request_enqueue_gap_max_cycles.other = 0
stat.pool.100.node.0.response_ready_gap_avg_cycles.other = 0
stat.pool.100.node.0.response_ready_gap_max_cycles.other = 0
stat.pool.100.node.0.response_sent_gap_avg_cycles.other = 0
stat.pool.100.node.0.response_sent_gap_max_cycles.other = 0
stat.pool.100.node.0.total_turnaround_avg_cycles.other = 0
stat.pool.100.node.0.total_turnaround_max_cycles.other = 0
stat.pool.100.fabric.port_count = 1
stat.pool.100.fabric.ingress_wait_avg_cycles = 137.157
stat.pool.100.fabric.egress_wait_avg_cycles = 1
stat.pool.100.fabric.ingress_wait_max_cycles = 146
stat.pool.100.fabric.egress_wait_max_cycles = 1
stat.pool.100.fabric.ingress_queue_wait_avg_cycles = 0.901146
stat.pool.100.fabric.ingress_queue_wait_max_cycles = 22
stat.pool.100.fabric.ingress_occ_bytes = 128
stat.pool.100.fabric.ready_wait_avg_cycles = 0
stat.pool.100.fabric.ready_wait_max_cycles = 0
stat.pool.100.fabric.ready_occ_avg_pkts = 0.00820833
stat.pool.100.fabric.ready_occ_pkts = 0
stat.pool.100.fabric.ready_occ_max_pkts = 1
stat.pool.100.fabric.ready_retry_count = 0
stat.pool.100.fabric.ingress_arrival_burst_max_pkts = 1
stat.pool.100.fabric.ingress_arrival_burst_max_bytes = 64
stat.pool.100.fabric.ingress_arrival_burst_avg_pkts = 1
stat.pool.100.fabric.ingress_arrival_burst_avg_bytes = 40.6987
stat.pool.100.fabric.ingress_arrival_burst_stddev_pkts = 0
stat.pool.100.fabric.ingress_arrival_burst_stddev_bytes = 27.6029
stat.pool.100.fabric.ingress_arrival_nonempty_frac = 0.0082137
stat.pool.100.fabric.ingress_arrival_run_max_cycles = 1
stat.pool.100.fabric.ingress_arrival_run_avg_cycles = 1
stat.pool.100.fabric.ingress_arrival_run_stddev_cycles = 0
stat.pool.100.fabric.ingress_arrival_gap_max_cycles = 814
stat.pool.100.fabric.ingress_arrival_gap_avg_cycles = 120.78
stat.pool.100.fabric.ingress_arrival_gap_stddev_cycles = 198.478
stat.pool.100.fabric.ingress_release_burst_max_pkts = 1
stat.pool.100.fabric.ingress_release_burst_max_bytes = 64
stat.pool.100.fabric.ingress_release_burst_avg_pkts = 1
stat.pool.100.fabric.ingress_release_burst_avg_bytes = 40.6835
stat.pool.100.fabric.ingress_release_burst_stddev_pkts = 0
stat.pool.100.fabric.ingress_release_burst_stddev_bytes = 27.6055
stat.pool.100.fabric.ingress_release_nonempty_frac = 0.00820833
stat.pool.100.fabric.ingress_release_run_max_cycles = 1
stat.pool.100.fabric.ingress_release_run_avg_cycles = 1
stat.pool.100.fabric.ingress_release_run_stddev_cycles = 0
stat.pool.100.fabric.ingress_release_gap_max_cycles = 814
stat.pool.100.fabric.ingress_release_gap_avg_cycles = 120.775
stat.pool.100.fabric.ingress_release_gap_stddev_cycles = 205.75
stat.pool.100.fabric.ingress_occ_avg_bytes = 47.5798
stat.pool.100.fabric.ingress_occ_stddev_bytes = 80.4365
stat.pool.100.fabric.ingress_occ_max_bytes = 392
stat.pool.100.fabric.ingress_occ_nonempty_frac = 0.430251
stat.pool.100.fabric.ingress_occ_run_max_cycles = 769
stat.pool.100.fabric.ingress_occ_run_avg_cycles = 315.22
stat.pool.100.fabric.ingress_occ_run_stddev_cycles = 119.066
stat.pool.100.fabric.ingress_occ_gap_max_cycles = 692
stat.pool.100.fabric.ingress_occ_gap_avg_cycles = 418.215
stat.pool.100.fabric.ingress_occ_gap_stddev_cycles = 145.846
stat.pool.100.fabric.rx_bytes.demand_req = 10176
stat.pool.100.fabric.tx_bytes.demand_req = 0
stat.pool.100.fabric.rx_pkts.demand_req = 1272
stat.pool.100.fabric.tx_pkts.demand_req = 0
stat.pool.100.fabric.rx_bytes.write_req = 114240
stat.pool.100.fabric.tx_bytes.write_req = 0
stat.pool.100.fabric.rx_pkts.write_req = 1785
stat.pool.100.fabric.tx_pkts.write_req = 0
stat.pool.100.fabric.rx_bytes.response = 0
stat.pool.100.fabric.tx_bytes.response = 81408
stat.pool.100.fabric.rx_pkts.response = 0
stat.pool.100.fabric.tx_pkts.response = 1272
stat.pool.100.fabric.rx_bytes.other_req = 0
stat.pool.100.fabric.tx_bytes.other_req = 0
stat.pool.100.fabric.rx_pkts.other_req = 0
stat.pool.100.fabric.tx_pkts.other_req = 0
stat.pool.100.port.switch.ingress_wait_avg_cycles = 137.157
stat.pool.100.port.switch.ingress_wait_max_cycles = 146
stat.pool.100.port.switch.egress_wait_avg_cycles = 1
stat.pool.100.port.switch.egress_wait_max_cycles = 1
stat.pool.100.port.switch.ingress_queue_wait_avg_cycles = 0.901146
stat.pool.100.port.switch.ingress_queue_wait_max_cycles = 22
stat.pool.100.port.switch.egress_occ_avg_bytes = 0
stat.pool.100.port.switch.egress_occ_stddev_bytes = 0
stat.pool.100.port.switch.egress_occ_max_bytes = 0
stat.pool.100.port.switch.egress_occ_nonempty_frac = 0
stat.pool.100.port.switch.egress_blocked_cycles = 0
stat.pool.100.port.switch.egress_blocked_nonempty_frac = 0
stat.pool.100.port.switch.egress_blocked_avg_occ_bytes = 0
stat.pool.100.port.switch.egress_blocked_max_occ_bytes = 0
stat.pool.100.port.switch.egress_send_burst_max_pkts = 1
stat.pool.100.port.switch.egress_send_burst_max_bytes = 64
stat.pool.100.port.switch.egress_send_burst_avg_pkts = 1
stat.pool.100.port.switch.egress_send_burst_avg_bytes = 64
stat.pool.100.port.switch.egress_send_burst_stddev_pkts = 0
stat.pool.100.port.switch.egress_send_burst_stddev_bytes = 0
stat.pool.100.port.switch.egress_send_nonempty_frac = 0.00341767
stat.pool.100.port.switch.ingress_arrival_burst_avg_bytes = 40.6987
stat.pool.100.port.switch.ingress_arrival_nonempty_frac = 0.0082137
stat.pool.100.port.switch.ingress_arrival_run_max_cycles = 1
stat.pool.100.port.switch.ingress_arrival_run_avg_cycles = 1
stat.pool.100.port.switch.ingress_arrival_gap_max_cycles = 814
stat.pool.100.port.switch.ingress_arrival_gap_avg_cycles = 120.78
stat.pool.100.port.switch.ingress_release_burst_avg_bytes = 40.6835
stat.pool.100.port.switch.ingress_release_nonempty_frac = 0.00820833
stat.pool.100.port.switch.ingress_release_run_max_cycles = 1
stat.pool.100.port.switch.ingress_release_run_avg_cycles = 1
stat.pool.100.port.switch.ingress_release_gap_max_cycles = 814
stat.pool.100.port.switch.ingress_release_gap_avg_cycles = 120.775
stat.pool.100.port.switch.ingress_occ_avg_bytes = 47.5798
stat.pool.100.port.switch.ingress_occ_stddev_bytes = 80.4365
stat.pool.100.port.switch.ingress_occ_max_bytes = 392
stat.pool.100.port.switch.ingress_occ_nonempty_frac = 0.430251
stat.pool.100.port.switch.ingress_occ_run_max_cycles = 769
stat.pool.100.port.switch.ingress_occ_run_avg_cycles = 315.22
stat.pool.100.port.switch.ingress_occ_gap_max_cycles = 692
stat.pool.100.port.switch.ingress_occ_gap_avg_cycles = 418.215
stat.pool.100.port.switch.ingress_wait_avg_cycles.demand_req = 126.161
stat.pool.100.port.switch.ingress_wait_max_cycles.demand_req = 146
stat.pool.100.port.switch.ingress_queue_wait_avg_cycles.demand_req = 2.16116
stat.pool.100.port.switch.ingress_queue_wait_max_cycles.demand_req = 22
stat.pool.100.port.switch.egress_wait_avg_cycles.demand_req = 0
stat.pool.100.port.switch.egress_wait_max_cycles.demand_req = 0
stat.pool.100.port.switch.egress_occ_avg_bytes.demand_req = 0
stat.pool.100.port.switch.egress_occ_max_bytes.demand_req = 0
stat.pool.100.port.switch.egress_blocked_cycles.demand_req = 0
stat.pool.100.port.switch.ingress_arrival_empty_packets.demand_req = 50
stat.pool.100.port.switch.ingress_arrival_nonempty_packets.demand_req = 1222
stat.pool.100.port.switch.ingress_arrival_nonempty_packet_frac.demand_req = 0.960692
stat.pool.100.port.switch.ingress_nonempty_arrival_pre_occ_avg_bytes.demand_req = 129.349
stat.pool.100.port.switch.ingress_nonempty_arrival_pre_occ_max_bytes.demand_req = 384
stat.pool.100.port.switch.ingress_release_after_empty_arrival_packets.demand_req = 50
stat.pool.100.port.switch.ingress_release_after_nonempty_arrival_packets.demand_req = 1222
stat.pool.100.port.switch.ingress_wait_after_empty_arrival_avg_cycles.demand_req = 124
stat.pool.100.port.switch.ingress_wait_after_nonempty_arrival_avg_cycles.demand_req = 126.25
stat.pool.100.port.switch.ingress_queue_wait_after_empty_arrival_avg_cycles.demand_req = 0
stat.pool.100.port.switch.ingress_queue_wait_after_nonempty_arrival_avg_cycles.demand_req = 2.24959
stat.pool.100.port.switch.ingress_queue_wait_after_empty_arrival_max_cycles.demand_req = 0
stat.pool.100.port.switch.ingress_queue_wait_after_nonempty_arrival_max_cycles.demand_req = 22
stat.pool.100.port.switch.rx_bytes.demand_req = 10176
stat.pool.100.port.switch.tx_bytes.demand_req = 0
stat.pool.100.port.switch.rx_pkts.demand_req = 1272
stat.pool.100.port.switch.tx_pkts.demand_req = 0
stat.pool.100.port.switch.ingress_wait_avg_cycles.write_req = 145.002
stat.pool.100.port.switch.ingress_wait_max_cycles.write_req = 146
stat.pool.100.port.switch.ingress_queue_wait_avg_cycles.write_req = 0.00224341
stat.pool.100.port.switch.ingress_queue_wait_max_cycles.write_req = 1
stat.pool.100.port.switch.egress_wait_avg_cycles.write_req = 0
stat.pool.100.port.switch.egress_wait_max_cycles.write_req = 0
stat.pool.100.port.switch.egress_occ_avg_bytes.write_req = 0
stat.pool.100.port.switch.egress_occ_max_bytes.write_req = 0
stat.pool.100.port.switch.egress_blocked_cycles.write_req = 0
stat.pool.100.port.switch.ingress_arrival_empty_packets.write_req = 458
stat.pool.100.port.switch.ingress_arrival_nonempty_packets.write_req = 1327
stat.pool.100.port.switch.ingress_arrival_nonempty_packet_frac.write_req = 0.743417
stat.pool.100.port.switch.ingress_nonempty_arrival_pre_occ_avg_bytes.write_req = 148.25
stat.pool.100.port.switch.ingress_nonempty_arrival_pre_occ_max_bytes.write_req = 328
stat.pool.100.port.switch.ingress_release_after_empty_arrival_packets.write_req = 457
stat.pool.100.port.switch.ingress_release_after_nonempty_arrival_packets.write_req = 1326
stat.pool.100.port.switch.ingress_wait_after_empty_arrival_avg_cycles.write_req = 145
stat.pool.100.port.switch.ingress_wait_after_nonempty_arrival_avg_cycles.write_req = 145.003
stat.pool.100.port.switch.ingress_queue_wait_after_empty_arrival_avg_cycles.write_req = 0
stat.pool.100.port.switch.ingress_queue_wait_after_nonempty_arrival_avg_cycles.write_req = 0.00301659
stat.pool.100.port.switch.ingress_queue_wait_after_empty_arrival_max_cycles.write_req = 0
stat.pool.100.port.switch.ingress_queue_wait_after_nonempty_arrival_max_cycles.write_req = 1
stat.pool.100.port.switch.rx_bytes.write_req = 114240
stat.pool.100.port.switch.tx_bytes.write_req = 0
stat.pool.100.port.switch.rx_pkts.write_req = 1785
stat.pool.100.port.switch.tx_pkts.write_req = 0
stat.pool.100.port.switch.ingress_wait_avg_cycles.response = 0
stat.pool.100.port.switch.ingress_wait_max_cycles.response = 0
stat.pool.100.port.switch.ingress_queue_wait_avg_cycles.response = 0
stat.pool.100.port.switch.ingress_queue_wait_max_cycles.response = 0
stat.pool.100.port.switch.egress_wait_avg_cycles.response = 1
stat.pool.100.port.switch.egress_wait_max_cycles.response = 1
stat.pool.100.port.switch.egress_occ_avg_bytes.response = 0
stat.pool.100.port.switch.egress_occ_max_bytes.response = 0
stat.pool.100.port.switch.egress_blocked_cycles.response = 0
stat.pool.100.port.switch.ingress_arrival_empty_packets.response = 0
stat.pool.100.port.switch.ingress_arrival_nonempty_packets.response = 0
stat.pool.100.port.switch.ingress_arrival_nonempty_packet_frac.response = 0
stat.pool.100.port.switch.ingress_nonempty_arrival_pre_occ_avg_bytes.response = 0
stat.pool.100.port.switch.ingress_nonempty_arrival_pre_occ_max_bytes.response = 0
stat.pool.100.port.switch.ingress_release_after_empty_arrival_packets.response = 0
stat.pool.100.port.switch.ingress_release_after_nonempty_arrival_packets.response = 0
stat.pool.100.port.switch.ingress_wait_after_empty_arrival_avg_cycles.response = 0
stat.pool.100.port.switch.ingress_wait_after_nonempty_arrival_avg_cycles.response = 0
stat.pool.100.port.switch.ingress_queue_wait_after_empty_arrival_avg_cycles.response = 0
stat.pool.100.port.switch.ingress_queue_wait_after_nonempty_arrival_avg_cycles.response = 0
stat.pool.100.port.switch.ingress_queue_wait_after_empty_arrival_max_cycles.response = 0
stat.pool.100.port.switch.ingress_queue_wait_after_nonempty_arrival_max_cycles.response = 0
stat.pool.100.port.switch.rx_bytes.response = 0
stat.pool.100.port.switch.tx_bytes.response = 81408
stat.pool.100.port.switch.rx_pkts.response = 0
stat.pool.100.port.switch.tx_pkts.response = 1272
stat.pool.100.port.switch.ingress_wait_avg_cycles.other_req = 0
stat.pool.100.port.switch.ingress_wait_max_cycles.other_req = 0
stat.pool.100.port.switch.ingress_queue_wait_avg_cycles.other_req = 0
stat.pool.100.port.switch.ingress_queue_wait_max_cycles.other_req = 0
stat.pool.100.port.switch.egress_wait_avg_cycles.other_req = 0
stat.pool.100.port.switch.egress_wait_max_cycles.other_req = 0
stat.pool.100.port.switch.egress_occ_avg_bytes.other_req = 0
stat.pool.100.port.switch.egress_occ_max_bytes.other_req = 0
stat.pool.100.port.switch.egress_blocked_cycles.other_req = 0
stat.pool.100.port.switch.ingress_arrival_empty_packets.other_req = 0
stat.pool.100.port.switch.ingress_arrival_nonempty_packets.other_req = 0
stat.pool.100.port.switch.ingress_arrival_nonempty_packet_frac.other_req = 0
stat.pool.100.port.switch.ingress_nonempty_arrival_pre_occ_avg_bytes.other_req = 0
stat.pool.100.port.switch.ingress_nonempty_arrival_pre_occ_max_bytes.other_req = 0
stat.pool.100.port.switch.ingress_release_after_empty_arrival_packets.other_req = 0
stat.pool.100.port.switch.ingress_release_after_nonempty_arrival_packets.other_req = 0
stat.pool.100.port.switch.ingress_wait_after_empty_arrival_avg_cycles.other_req = 0
stat.pool.100.port.switch.ingress_wait_after_nonempty_arrival_avg_cycles.other_req = 0
stat.pool.100.port.switch.ingress_queue_wait_after_empty_arrival_avg_cycles.other_req = 0
stat.pool.100.port.switch.ingress_queue_wait_after_nonempty_arrival_avg_cycles.other_req = 0
stat.pool.100.port.switch.ingress_queue_wait_after_empty_arrival_max_cycles.other_req = 0
stat.pool.100.port.switch.ingress_queue_wait_after_nonempty_arrival_max_cycles.other_req = 0
stat.pool.100.port.switch.rx_bytes.other_req = 0
stat.pool.100.port.switch.tx_bytes.other_req = 0
stat.pool.100.port.switch.rx_pkts.other_req = 0
stat.pool.100.port.switch.tx_pkts.other_req = 0
stat.pool.100.port.switch.ingress_occ_bucket_bytes.0 = 212051
stat.pool.100.port.switch.ready_occ_bucket_bytes.0 = 369128
stat.pool.100.port.switch.ingress_occ_bucket_bytes.1_64 = 67500
stat.pool.100.port.switch.ready_occ_bucket_bytes.1_64 = 3055
stat.pool.100.port.switch.ingress_occ_bucket_bytes.65_256 = 82854
stat.pool.100.port.switch.ready_occ_bucket_bytes.65_256 = 0
stat.pool.100.port.switch.ingress_occ_bucket_bytes.257_1024 = 9778
stat.pool.100.port.switch.ready_occ_bucket_bytes.257_1024 = 0
stat.pool.100.port.switch.ingress_occ_bucket_bytes.1025_4096 = 0
stat.pool.100.port.switch.ready_occ_bucket_bytes.1025_4096 = 0
stat.pool.100.port.switch.ingress_occ_bucket_bytes.4097_plus = 0
stat.pool.100.port.switch.ready_occ_bucket_bytes.4097_plus = 0
stat.pool.100.port.switch.ingress_episode.count = 507
stat.pool.100.port.switch.ingress_episode.avg_cycles = 315.781
stat.pool.100.port.switch.ingress_episode.max_cycles = 769
stat.pool.100.port.switch.ingress_episode.avg_peak_occ_bytes = 203.172
stat.pool.100.port.switch.ingress_episode.max_peak_occ_bytes = 392
stat.pool.100.port.switch.ingress_episode.avg_arrival_pkts = 6.02564
stat.pool.100.port.switch.ingress_episode.max_arrival_pkts = 17
stat.pool.100.port.switch.ingress_episode.avg_arrival_bytes = 245.144
stat.pool.100.port.switch.ingress_episode.max_arrival_bytes = 832
stat.pool.100.port.switch.ingress_episode.avg_release_pkts = 6.02564
stat.pool.100.port.switch.ingress_episode.max_release_pkts = 17
stat.pool.100.port.switch.ingress_episode.avg_release_bytes = 245.144
stat.pool.100.port.switch.ingress_episode.max_release_bytes = 832
stat.pool.100.port.switch.ingress_episode.avg_wait_cycles = 826.462
stat.pool.100.port.switch.ingress_episode.max_wait_cycles = 146
stat.pool.100.port.switch.ingress_episode.avg_queue_wait_cycles = 5.42998
stat.pool.100.port.switch.ingress_episode.max_queue_wait_cycles = 22
stat.pool.100.port.switch.ingress_episode.avg_src_distinct = 1
stat.pool.100.port.switch.ingress_episode.max_src_distinct = 1
stat.pool.100.port.switch.ingress_episode.avg_dst_distinct = 1
stat.pool.100.port.switch.ingress_episode.max_dst_distinct = 1
stat.pool.100.port.switch.ingress_episode.avg_arrival_pkts.demand_req = 2.50888
stat.pool.100.port.switch.ingress_episode.max_arrival_pkts.demand_req = 8
stat.pool.100.port.switch.ingress_episode.avg_release_pkts.demand_req = 2.50888
stat.pool.100.port.switch.ingress_episode.max_release_pkts.demand_req = 8
stat.pool.100.port.switch.ingress_pre_occ_bucket.demand_req.0 = 50
stat.pool.100.port.switch.ingress_queue_wait_bucket.demand_req.0 = 1101
stat.pool.100.port.switch.ingress_pre_occ_bucket.demand_req.1_64 = 320
stat.pool.100.port.switch.ingress_queue_wait_bucket.demand_req.1_63 = 171
stat.pool.100.port.switch.ingress_pre_occ_bucket.demand_req.65_256 = 814
stat.pool.100.port.switch.ingress_queue_wait_bucket.demand_req.64_255 = 0
stat.pool.100.port.switch.ingress_pre_occ_bucket.demand_req.257_1024 = 88
stat.pool.100.port.switch.ingress_queue_wait_bucket.demand_req.256_1023 = 0
stat.pool.100.port.switch.ingress_pre_occ_bucket.demand_req.1025_4096 = 0
stat.pool.100.port.switch.ingress_queue_wait_bucket.demand_req.1024_4095 = 0
stat.pool.100.port.switch.ingress_pre_occ_bucket.demand_req.4097_plus = 0
stat.pool.100.port.switch.ingress_queue_wait_bucket.demand_req.4096_plus = 0
stat.pool.100.port.switch.ingress_episode.avg_arrival_pkts.write_req = 3.51677
stat.pool.100.port.switch.ingress_episode.max_arrival_pkts.write_req = 13
stat.pool.100.port.switch.ingress_episode.avg_release_pkts.write_req = 3.51677
stat.pool.100.port.switch.ingress_episode.max_release_pkts.write_req = 13
stat.pool.100.port.switch.ingress_pre_occ_bucket.write_req.0 = 458
stat.pool.100.port.switch.ingress_queue_wait_bucket.write_req.0 = 1779
stat.pool.100.port.switch.ingress_pre_occ_bucket.write_req.1_64 = 426
stat.pool.100.port.switch.ingress_queue_wait_bucket.write_req.1_63 = 4
stat.pool.100.port.switch.ingress_pre_occ_bucket.write_req.65_256 = 822
stat.pool.100.port.switch.ingress_queue_wait_bucket.write_req.64_255 = 0
stat.pool.100.port.switch.ingress_pre_occ_bucket.write_req.257_1024 = 79
stat.pool.100.port.switch.ingress_queue_wait_bucket.write_req.256_1023 = 0
stat.pool.100.port.switch.ingress_pre_occ_bucket.write_req.1025_4096 = 0
stat.pool.100.port.switch.ingress_queue_wait_bucket.write_req.1024_4095 = 0
stat.pool.100.port.switch.ingress_pre_occ_bucket.write_req.4097_plus = 0
stat.pool.100.port.switch.ingress_queue_wait_bucket.write_req.4096_plus = 0
stat.pool.100.port.switch.ingress_episode.avg_arrival_pkts.response = 0
stat.pool.100.port.switch.ingress_episode.max_arrival_pkts.response = 0
stat.pool.100.port.switch.ingress_episode.avg_release_pkts.response = 0
stat.pool.100.port.switch.ingress_episode.max_release_pkts.response = 0
stat.pool.100.port.switch.ingress_pre_occ_bucket.response.0 = 0
stat.pool.100.port.switch.ingress_queue_wait_bucket.response.0 = 0
stat.pool.100.port.switch.ingress_pre_occ_bucket.response.1_64 = 0
stat.pool.100.port.switch.ingress_queue_wait_bucket.response.1_63 = 0
stat.pool.100.port.switch.ingress_pre_occ_bucket.response.65_256 = 0
stat.pool.100.port.switch.ingress_queue_wait_bucket.response.64_255 = 0
stat.pool.100.port.switch.ingress_pre_occ_bucket.response.257_1024 = 0
stat.pool.100.port.switch.ingress_queue_wait_bucket.response.256_1023 = 0
stat.pool.100.port.switch.ingress_pre_occ_bucket.response.1025_4096 = 0
stat.pool.100.port.switch.ingress_queue_wait_bucket.response.1024_4095 = 0
stat.pool.100.port.switch.ingress_pre_occ_bucket.response.4097_plus = 0
stat.pool.100.port.switch.ingress_queue_wait_bucket.response.4096_plus = 0
stat.pool.100.port.switch.ingress_episode.avg_arrival_pkts.other_req = 0
stat.pool.100.port.switch.ingress_episode.max_arrival_pkts.other_req = 0
stat.pool.100.port.switch.ingress_episode.avg_release_pkts.other_req = 0
stat.pool.100.port.switch.ingress_episode.max_release_pkts.other_req = 0
stat.pool.100.port.switch.ingress_pre_occ_bucket.other_req.0 = 0
stat.pool.100.port.switch.ingress_queue_wait_bucket.other_req.0 = 0
stat.pool.100.port.switch.ingress_pre_occ_bucket.other_req.1_64 = 0
stat.pool.100.port.switch.ingress_queue_wait_bucket.other_req.1_63 = 0
stat.pool.100.port.switch.ingress_pre_occ_bucket.other_req.65_256 = 0
stat.pool.100.port.switch.ingress_queue_wait_bucket.other_req.64_255 = 0
stat.pool.100.port.switch.ingress_pre_occ_bucket.other_req.257_1024 = 0
stat.pool.100.port.switch.ingress_queue_wait_bucket.other_req.256_1023 = 0
stat.pool.100.port.switch.ingress_pre_occ_bucket.other_req.1025_4096 = 0
stat.pool.100.port.switch.ingress_queue_wait_bucket.other_req.1024_4095 = 0
stat.pool.100.port.switch.ingress_pre_occ_bucket.other_req.4097_plus = 0
stat.pool.100.port.switch.ingress_queue_wait_bucket.other_req.4096_plus = 0
stat.pool.100.port.switch.peer_src.0.rx_bytes.demand_req = 10176
stat.pool.100.port.switch.peer_src.0.rx_pkts.demand_req = 1272
stat.pool.100.port.switch.peer_src.0.tx_bytes.demand_req = 0
stat.pool.100.port.switch.peer_src.0.tx_pkts.demand_req = 0
stat.pool.100.port.switch.peer_src.0.ingress_arrivals.demand_req = 1272
stat.pool.100.port.switch.peer_src.0.ingress_arrival_nonempty_packet_frac.demand_req = 0.960692
stat.pool.100.port.switch.peer_src.0.ingress_nonempty_arrival_pre_occ_avg_bytes.demand_req = 129.349
stat.pool.100.port.switch.peer_src.0.ingress_nonempty_arrival_pre_occ_max_bytes.demand_req = 384
stat.pool.100.port.switch.peer_src.0.ingress_wait_avg_cycles.demand_req = 126.161
stat.pool.100.port.switch.peer_src.0.ingress_queue_wait_avg_cycles.demand_req = 2.16116
stat.pool.100.port.switch.peer_src.0.ingress_queue_wait_after_nonempty_arrival_avg_cycles.demand_req = 2.24959
stat.pool.100.port.switch.peer_src.0.ingress_pre_occ_bucket.demand_req.0 = 50
stat.pool.100.port.switch.peer_src.0.ingress_queue_wait_bucket.demand_req.0 = 1101
stat.pool.100.port.switch.peer_src.0.ingress_pre_occ_bucket.demand_req.1_64 = 320
stat.pool.100.port.switch.peer_src.0.ingress_queue_wait_bucket.demand_req.1_63 = 171
stat.pool.100.port.switch.peer_src.0.ingress_pre_occ_bucket.demand_req.65_256 = 814
stat.pool.100.port.switch.peer_src.0.ingress_queue_wait_bucket.demand_req.64_255 = 0
stat.pool.100.port.switch.peer_src.0.ingress_pre_occ_bucket.demand_req.257_1024 = 88
stat.pool.100.port.switch.peer_src.0.ingress_queue_wait_bucket.demand_req.256_1023 = 0
stat.pool.100.port.switch.peer_src.0.ingress_pre_occ_bucket.demand_req.1025_4096 = 0
stat.pool.100.port.switch.peer_src.0.ingress_queue_wait_bucket.demand_req.1024_4095 = 0
stat.pool.100.port.switch.peer_src.0.ingress_pre_occ_bucket.demand_req.4097_plus = 0
stat.pool.100.port.switch.peer_src.0.ingress_queue_wait_bucket.demand_req.4096_plus = 0
stat.pool.100.port.switch.peer_src.0.rx_bytes.write_req = 114240
stat.pool.100.port.switch.peer_src.0.rx_pkts.write_req = 1785
stat.pool.100.port.switch.peer_src.0.tx_bytes.write_req = 0
stat.pool.100.port.switch.peer_src.0.tx_pkts.write_req = 0
stat.pool.100.port.switch.peer_src.0.ingress_arrivals.write_req = 1785
stat.pool.100.port.switch.peer_src.0.ingress_arrival_nonempty_packet_frac.write_req = 0.743417
stat.pool.100.port.switch.peer_src.0.ingress_nonempty_arrival_pre_occ_avg_bytes.write_req = 148.25
stat.pool.100.port.switch.peer_src.0.ingress_nonempty_arrival_pre_occ_max_bytes.write_req = 328
stat.pool.100.port.switch.peer_src.0.ingress_wait_avg_cycles.write_req = 145.002
stat.pool.100.port.switch.peer_src.0.ingress_queue_wait_avg_cycles.write_req = 0.00224341
stat.pool.100.port.switch.peer_src.0.ingress_queue_wait_after_nonempty_arrival_avg_cycles.write_req = 0.00301659
stat.pool.100.port.switch.peer_src.0.ingress_pre_occ_bucket.write_req.0 = 458
stat.pool.100.port.switch.peer_src.0.ingress_queue_wait_bucket.write_req.0 = 1779
stat.pool.100.port.switch.peer_src.0.ingress_pre_occ_bucket.write_req.1_64 = 426
stat.pool.100.port.switch.peer_src.0.ingress_queue_wait_bucket.write_req.1_63 = 4
stat.pool.100.port.switch.peer_src.0.ingress_pre_occ_bucket.write_req.65_256 = 822
stat.pool.100.port.switch.peer_src.0.ingress_queue_wait_bucket.write_req.64_255 = 0
stat.pool.100.port.switch.peer_src.0.ingress_pre_occ_bucket.write_req.257_1024 = 79
stat.pool.100.port.switch.peer_src.0.ingress_queue_wait_bucket.write_req.256_1023 = 0
stat.pool.100.port.switch.peer_src.0.ingress_pre_occ_bucket.write_req.1025_4096 = 0
stat.pool.100.port.switch.peer_src.0.ingress_queue_wait_bucket.write_req.1024_4095 = 0
stat.pool.100.port.switch.peer_src.0.ingress_pre_occ_bucket.write_req.4097_plus = 0
stat.pool.100.port.switch.peer_src.0.ingress_queue_wait_bucket.write_req.4096_plus = 0
stat.pool.100.port.switch.peer_dst.100.rx_bytes.demand_req = 10176
stat.pool.100.port.switch.peer_dst.100.rx_pkts.demand_req = 1272
stat.pool.100.port.switch.peer_dst.100.tx_bytes.demand_req = 0
stat.pool.100.port.switch.peer_dst.100.tx_pkts.demand_req = 0
stat.pool.100.port.switch.peer_dst.100.ingress_arrivals.demand_req = 1272
stat.pool.100.port.switch.peer_dst.100.ingress_arrival_nonempty_packet_frac.demand_req = 0.960692
stat.pool.100.port.switch.peer_dst.100.ingress_nonempty_arrival_pre_occ_avg_bytes.demand_req = 129.349
stat.pool.100.port.switch.peer_dst.100.ingress_nonempty_arrival_pre_occ_max_bytes.demand_req = 384
stat.pool.100.port.switch.peer_dst.100.ingress_wait_avg_cycles.demand_req = 126.161
stat.pool.100.port.switch.peer_dst.100.ingress_queue_wait_avg_cycles.demand_req = 2.16116
stat.pool.100.port.switch.peer_dst.100.ingress_queue_wait_after_nonempty_arrival_avg_cycles.demand_req = 2.24959
stat.pool.100.port.switch.peer_dst.100.ingress_pre_occ_bucket.demand_req.0 = 50
stat.pool.100.port.switch.peer_dst.100.ingress_queue_wait_bucket.demand_req.0 = 1101
stat.pool.100.port.switch.peer_dst.100.ingress_pre_occ_bucket.demand_req.1_64 = 320
stat.pool.100.port.switch.peer_dst.100.ingress_queue_wait_bucket.demand_req.1_63 = 171
stat.pool.100.port.switch.peer_dst.100.ingress_pre_occ_bucket.demand_req.65_256 = 814
stat.pool.100.port.switch.peer_dst.100.ingress_queue_wait_bucket.demand_req.64_255 = 0
stat.pool.100.port.switch.peer_dst.100.ingress_pre_occ_bucket.demand_req.257_1024 = 88
stat.pool.100.port.switch.peer_dst.100.ingress_queue_wait_bucket.demand_req.256_1023 = 0
stat.pool.100.port.switch.peer_dst.100.ingress_pre_occ_bucket.demand_req.1025_4096 = 0
stat.pool.100.port.switch.peer_dst.100.ingress_queue_wait_bucket.demand_req.1024_4095 = 0
stat.pool.100.port.switch.peer_dst.100.ingress_pre_occ_bucket.demand_req.4097_plus = 0
stat.pool.100.port.switch.peer_dst.100.ingress_queue_wait_bucket.demand_req.4096_plus = 0
stat.pool.100.port.switch.peer_dst.100.rx_bytes.write_req = 114240
stat.pool.100.port.switch.peer_dst.100.rx_pkts.write_req = 1785
stat.pool.100.port.switch.peer_dst.100.tx_bytes.write_req = 0
stat.pool.100.port.switch.peer_dst.100.tx_pkts.write_req = 0
stat.pool.100.port.switch.peer_dst.100.ingress_arrivals.write_req = 1785
stat.pool.100.port.switch.peer_dst.100.ingress_arrival_nonempty_packet_frac.write_req = 0.743417
stat.pool.100.port.switch.peer_dst.100.ingress_nonempty_arrival_pre_occ_avg_bytes.write_req = 148.25
stat.pool.100.port.switch.peer_dst.100.ingress_nonempty_arrival_pre_occ_max_bytes.write_req = 328
stat.pool.100.port.switch.peer_dst.100.ingress_wait_avg_cycles.write_req = 145.002
stat.pool.100.port.switch.peer_dst.100.ingress_queue_wait_avg_cycles.write_req = 0.00224341
stat.pool.100.port.switch.peer_dst.100.ingress_queue_wait_after_nonempty_arrival_avg_cycles.write_req = 0.00301659
stat.pool.100.port.switch.peer_dst.100.ingress_pre_occ_bucket.write_req.0 = 458
stat.pool.100.port.switch.peer_dst.100.ingress_queue_wait_bucket.write_req.0 = 1779
stat.pool.100.port.switch.peer_dst.100.ingress_pre_occ_bucket.write_req.1_64 = 426
stat.pool.100.port.switch.peer_dst.100.ingress_queue_wait_bucket.write_req.1_63 = 4
stat.pool.100.port.switch.peer_dst.100.ingress_pre_occ_bucket.write_req.65_256 = 822
stat.pool.100.port.switch.peer_dst.100.ingress_queue_wait_bucket.write_req.64_255 = 0
stat.pool.100.port.switch.peer_dst.100.ingress_pre_occ_bucket.write_req.257_1024 = 79
stat.pool.100.port.switch.peer_dst.100.ingress_queue_wait_bucket.write_req.256_1023 = 0
stat.pool.100.port.switch.peer_dst.100.ingress_pre_occ_bucket.write_req.1025_4096 = 0
stat.pool.100.port.switch.peer_dst.100.ingress_queue_wait_bucket.write_req.1024_4095 = 0
stat.pool.100.port.switch.peer_dst.100.ingress_pre_occ_bucket.write_req.4097_plus = 0
stat.pool.100.port.switch.peer_dst.100.ingress_queue_wait_bucket.write_req.4096_plus = 0
stat.pool.100.port.switch.tx_src.100.rx_bytes.response = 0
stat.pool.100.port.switch.tx_src.100.rx_pkts.response = 0
stat.pool.100.port.switch.tx_src.100.tx_bytes.response = 81408
stat.pool.100.port.switch.tx_src.100.tx_pkts.response = 1272
stat.pool.100.port.switch.tx_src.100.ingress_arrivals.response = 0
stat.pool.100.port.switch.tx_src.100.ingress_arrival_nonempty_packet_frac.response = 0
stat.pool.100.port.switch.tx_src.100.ingress_nonempty_arrival_pre_occ_avg_bytes.response = 0
stat.pool.100.port.switch.tx_src.100.ingress_nonempty_arrival_pre_occ_max_bytes.response = 0
stat.pool.100.port.switch.tx_src.100.ingress_wait_avg_cycles.response = 0
stat.pool.100.port.switch.tx_src.100.ingress_queue_wait_avg_cycles.response = 0
stat.pool.100.port.switch.tx_src.100.ingress_queue_wait_after_nonempty_arrival_avg_cycles.response = 0
stat.pool.100.port.switch.tx_src.100.ingress_pre_occ_bucket.response.0 = 0
stat.pool.100.port.switch.tx_src.100.ingress_queue_wait_bucket.response.0 = 0
stat.pool.100.port.switch.tx_src.100.ingress_pre_occ_bucket.response.1_64 = 0
stat.pool.100.port.switch.tx_src.100.ingress_queue_wait_bucket.response.1_63 = 0
stat.pool.100.port.switch.tx_src.100.ingress_pre_occ_bucket.response.65_256 = 0
stat.pool.100.port.switch.tx_src.100.ingress_queue_wait_bucket.response.64_255 = 0
stat.pool.100.port.switch.tx_src.100.ingress_pre_occ_bucket.response.257_1024 = 0
stat.pool.100.port.switch.tx_src.100.ingress_queue_wait_bucket.response.256_1023 = 0
stat.pool.100.port.switch.tx_src.100.ingress_pre_occ_bucket.response.1025_4096 = 0
stat.pool.100.port.switch.tx_src.100.ingress_queue_wait_bucket.response.1024_4095 = 0
stat.pool.100.port.switch.tx_src.100.ingress_pre_occ_bucket.response.4097_plus = 0
stat.pool.100.port.switch.tx_src.100.ingress_queue_wait_bucket.response.4096_plus = 0
stat.pool.100.port.switch.tx_dst.0.rx_bytes.response = 0
stat.pool.100.port.switch.tx_dst.0.rx_pkts.response = 0
stat.pool.100.port.switch.tx_dst.0.tx_bytes.response = 81408
stat.pool.100.port.switch.tx_dst.0.tx_pkts.response = 1272
stat.pool.100.port.switch.tx_dst.0.ingress_arrivals.response = 0
stat.pool.100.port.switch.tx_dst.0.ingress_arrival_nonempty_packet_frac.response = 0
stat.pool.100.port.switch.tx_dst.0.ingress_nonempty_arrival_pre_occ_avg_bytes.response = 0
stat.pool.100.port.switch.tx_dst.0.ingress_nonempty_arrival_pre_occ_max_bytes.response = 0
stat.pool.100.port.switch.tx_dst.0.ingress_wait_avg_cycles.response = 0
stat.pool.100.port.switch.tx_dst.0.ingress_queue_wait_avg_cycles.response = 0
stat.pool.100.port.switch.tx_dst.0.ingress_queue_wait_after_nonempty_arrival_avg_cycles.response = 0
stat.pool.100.port.switch.tx_dst.0.ingress_pre_occ_bucket.response.0 = 0
stat.pool.100.port.switch.tx_dst.0.ingress_queue_wait_bucket.response.0 = 0
stat.pool.100.port.switch.tx_dst.0.ingress_pre_occ_bucket.response.1_64 = 0
stat.pool.100.port.switch.tx_dst.0.ingress_queue_wait_bucket.response.1_63 = 0
stat.pool.100.port.switch.tx_dst.0.ingress_pre_occ_bucket.response.65_256 = 0
stat.pool.100.port.switch.tx_dst.0.ingress_queue_wait_bucket.response.64_255 = 0
stat.pool.100.port.switch.tx_dst.0.ingress_pre_occ_bucket.response.257_1024 = 0
stat.pool.100.port.switch.tx_dst.0.ingress_queue_wait_bucket.response.256_1023 = 0
stat.pool.100.port.switch.tx_dst.0.ingress_pre_occ_bucket.response.1025_4096 = 0
stat.pool.100.port.switch.tx_dst.0.ingress_queue_wait_bucket.response.1024_4095 = 0
stat.pool.100.port.switch.tx_dst.0.ingress_pre_occ_bucket.response.4097_plus = 0
stat.pool.100.port.switch.tx_dst.0.ingress_queue_wait_bucket.response.4096_plus = 0
stat.pool.100.walltime_s = 82.5165
stat.pool.100.active_time_s = 6.5962
stat.switch.replicated_messages = 4832
stat.switch.util.node_ingress_avg = 0.141014
stat.switch.util.pool_ingress_avg = 0.0854076
stat.switch.fabric.node_ingress_wait_avg_cycles = 133.422
stat.switch.fabric.node_egress_wait_avg_cycles = 1
stat.switch.fabric.pool_ingress_wait_avg_cycles = 149.289
stat.switch.fabric.pool_egress_wait_avg_cycles = 1
stat.switch.fabric.node_ingress_queue_wait_avg_cycles = 0.821396
stat.switch.fabric.pool_ingress_queue_wait_avg_cycles = 4.28938
stat.switch.fabric.node_ready_wait_avg_cycles = 0
stat.switch.fabric.pool_ready_wait_avg_cycles = 0
stat.switch.fabric.node_ingress_wait_max_cycles = 161
stat.switch.fabric.node_egress_wait_max_cycles = 1
stat.switch.fabric.pool_ingress_wait_max_cycles = 207
stat.switch.fabric.pool_egress_wait_max_cycles = 1
stat.switch.fabric.node_ingress_queue_wait_max_cycles = 37
stat.switch.fabric.pool_ingress_queue_wait_max_cycles = 62
stat.switch.fabric.node_ready_wait_max_cycles = 0
stat.switch.fabric.pool_ready_wait_max_cycles = 0
stat.switch.fabric.node_ingress_occ_bytes = 64
stat.switch.fabric.pool_ingress_occ_bytes = 0
stat.switch.fabric.node_ready_occ_avg_pkts = 0.0116286
stat.switch.fabric.pool_ready_occ_avg_pkts = 0.0034163
stat.switch.fabric.node_ready_occ_pkts = 0
stat.switch.fabric.pool_ready_occ_pkts = 0
stat.switch.fabric.node_ready_occ_max_pkts = 1
stat.switch.fabric.pool_ready_occ_max_pkts = 1
stat.switch.fabric.node_ready_retry_count = 0
stat.switch.fabric.pool_ready_retry_count = 0
stat.switch.fabric.node_ingress_arrival_burst_max_pkts = 2
stat.switch.fabric.node_ingress_arrival_burst_max_bytes = 72
stat.switch.fabric.node_ingress_arrival_burst_avg_pkts = 1.00255
stat.switch.fabric.node_ingress_arrival_burst_avg_bytes = 31.1601
stat.switch.fabric.node_ingress_arrival_burst_stddev_pkts = 0.0504257
stat.switch.fabric.node_ingress_arrival_burst_stddev_bytes = 27.6022
stat.switch.fabric.node_ingress_arrival_nonempty_frac = 0.0115937
stat.switch.fabric.node_ingress_arrival_run_max_cycles = 4
stat.switch.fabric.node_ingress_arrival_run_avg_cycles = 1.03976
stat.switch.fabric.node_ingress_arrival_run_stddev_cycles = 0.215339
stat.switch.fabric.node_ingress_arrival_gap_max_cycles = 808
stat.switch.fabric.node_ingress_arrival_gap_avg_cycles = 88.6404
stat.switch.fabric.node_ingress_arrival_gap_stddev_cycles = 166.305
stat.switch.fabric.node_ingress_release_burst_max_pkts = 1
stat.switch.fabric.node_ingress_release_burst_max_bytes = 64
stat.switch.fabric.node_ingress_release_burst_avg_pkts = 1
stat.switch.fabric.node_ingress_release_burst_avg_bytes = 31.0961
stat.switch.fabric.node_ingress_release_burst_stddev_pkts = 0
stat.switch.fabric.node_ingress_release_burst_stddev_bytes = 27.5672
stat.switch.fabric.node_ingress_release_nonempty_frac = 0.0116286
stat.switch.fabric.node_ingress_release_run_max_cycles = 1
stat.switch.fabric.node_ingress_release_run_avg_cycles = 1
stat.switch.fabric.node_ingress_release_run_stddev_cycles = 0
stat.switch.fabric.node_ingress_release_gap_max_cycles = 808
stat.switch.fabric.node_ingress_release_gap_avg_cycles = 84.9915
stat.switch.fabric.node_ingress_release_gap_stddev_cycles = 169.828
stat.switch.fabric.pool_ingress_arrival_burst_max_pkts = 1
stat.switch.fabric.pool_ingress_arrival_burst_max_bytes = 64
stat.switch.fabric.pool_ingress_arrival_burst_avg_pkts = 1
stat.switch.fabric.pool_ingress_arrival_burst_avg_bytes = 64
stat.switch.fabric.pool_ingress_arrival_burst_stddev_pkts = 0
stat.switch.fabric.pool_ingress_arrival_burst_stddev_bytes = 0
stat.switch.fabric.pool_ingress_arrival_nonempty_frac = 0.0034163
stat.switch.fabric.pool_ingress_arrival_run_max_cycles = 1
stat.switch.fabric.pool_ingress_arrival_run_avg_cycles = 1
stat.switch.fabric.pool_ingress_arrival_run_stddev_cycles = 0
stat.switch.fabric.pool_ingress_arrival_gap_max_cycles = 1478
stat.switch.fabric.pool_ingress_arrival_gap_avg_cycles = 291.339
stat.switch.fabric.pool_ingress_arrival_gap_stddev_cycles = 341.883
stat.switch.fabric.pool_ingress_release_burst_max_pkts = 1
stat.switch.fabric.pool_ingress_release_burst_max_bytes = 64
stat.switch.fabric.pool_ingress_release_burst_avg_pkts = 1
stat.switch.fabric.pool_ingress_release_burst_avg_bytes = 64
stat.switch.fabric.pool_ingress_release_burst_stddev_pkts = 0
stat.switch.fabric.pool_ingress_release_burst_stddev_bytes = 0
stat.switch.fabric.pool_ingress_release_nonempty_frac = 0.0034163
stat.switch.fabric.pool_ingress_release_run_max_cycles = 1
stat.switch.fabric.pool_ingress_release_run_avg_cycles = 1
stat.switch.fabric.pool_ingress_release_run_stddev_cycles = 0
stat.switch.fabric.pool_ingress_release_gap_max_cycles = 1468
stat.switch.fabric.pool_ingress_release_gap_avg_cycles = 291.319
stat.switch.fabric.pool_ingress_release_gap_stddev_cycles = 337.534
stat.switch.fabric.node_ingress_occ_avg_bytes = 51.0123
stat.switch.fabric.node_ingress_occ_stddev_bytes = 80.7222
stat.switch.fabric.node_ingress_occ_max_bytes = 392
stat.switch.fabric.node_ingress_occ_nonempty_frac = 0.47412
stat.switch.fabric.node_ingress_occ_run_max_cycles = 867
stat.switch.fabric.node_ingress_occ_run_avg_cycles = 354.339
stat.switch.fabric.node_ingress_occ_run_stddev_cycles = 130.348
stat.switch.fabric.node_ingress_occ_gap_max_cycles = 686
stat.switch.fabric.node_ingress_occ_gap_avg_cycles = 393.813
stat.switch.fabric.node_ingress_occ_gap_stddev_cycles = 133.28
stat.switch.fabric.pool_ingress_occ_avg_bytes = 32.4225
stat.switch.fabric.pool_ingress_occ_stddev_bytes = 61.8061
stat.switch.fabric.pool_ingress_occ_max_bytes = 448
stat.switch.fabric.pool_ingress_occ_nonempty_frac = 0.272134
stat.switch.fabric.pool_ingress_occ_run_max_cycles = 555
stat.switch.fabric.pool_ingress_occ_run_avg_cycles = 215.499
stat.switch.fabric.pool_ingress_occ_run_stddev_cycles = 70.5186
stat.switch.fabric.pool_ingress_occ_gap_max_cycles = 1325
stat.switch.fabric.pool_ingress_occ_gap_avg_cycles = 575.623
stat.switch.fabric.pool_ingress_occ_gap_stddev_cycles = 131.968
stat.switch.route.blocked_to_node = 0
stat.switch.route.blocked_to_pool = 0
stat.switch.route.blocked_replicated_write = 0
stat.switch.route.attempt_to_node.demand_req = 0
stat.switch.route.attempt_to_pool.demand_req = 2543
stat.switch.route.blocked_to_node.demand_req = 0
stat.switch.route.blocked_to_pool.demand_req = 0
stat.switch.route.replicated_clones.demand_req = 0
stat.switch.fabric.node_rx_bytes.demand_req = 20344
stat.switch.fabric.node_tx_bytes.demand_req = 0
stat.switch.fabric.pool_rx_bytes.demand_req = 0
stat.switch.fabric.pool_tx_bytes.demand_req = 20344
stat.switch.fabric.node_rx_pkts.demand_req = 2543
stat.switch.fabric.node_tx_pkts.demand_req = 0
stat.switch.fabric.pool_rx_pkts.demand_req = 0
stat.switch.fabric.pool_tx_pkts.demand_req = 2543
stat.switch.route.attempt_to_node.write_req = 0
stat.switch.route.attempt_to_pool.write_req = 3570
stat.switch.route.blocked_to_node.write_req = 0
stat.switch.route.blocked_to_pool.write_req = 0
stat.switch.route.replicated_clones.write_req = 3570
stat.switch.fabric.node_rx_bytes.write_req = 114112
stat.switch.fabric.node_tx_bytes.write_req = 0
stat.switch.fabric.pool_rx_bytes.write_req = 0
stat.switch.fabric.pool_tx_bytes.write_req = 228480
stat.switch.fabric.node_rx_pkts.write_req = 1783
stat.switch.fabric.node_tx_pkts.write_req = 0
stat.switch.fabric.pool_rx_pkts.write_req = 0
stat.switch.fabric.pool_tx_pkts.write_req = 3570
stat.switch.route.attempt_to_node.response = 2543
stat.switch.route.attempt_to_pool.response = 0
stat.switch.route.blocked_to_node.response = 0
stat.switch.route.blocked_to_pool.response = 0
stat.switch.route.replicated_clones.response = 0
stat.switch.fabric.node_rx_bytes.response = 0
stat.switch.fabric.node_tx_bytes.response = 162752
stat.switch.fabric.pool_rx_bytes.response = 162752
stat.switch.fabric.pool_tx_bytes.response = 0
stat.switch.fabric.node_rx_pkts.response = 0
stat.switch.fabric.node_tx_pkts.response = 2543
stat.switch.fabric.pool_rx_pkts.response = 2543
stat.switch.fabric.pool_tx_pkts.response = 0
stat.switch.route.attempt_to_node.other_req = 0
stat.switch.route.attempt_to_pool.other_req = 0
stat.switch.route.blocked_to_node.other_req = 0
stat.switch.route.blocked_to_pool.other_req = 0
stat.switch.route.replicated_clones.other_req = 0
stat.switch.fabric.node_rx_bytes.other_req = 0
stat.switch.fabric.node_tx_bytes.other_req = 0
stat.switch.fabric.pool_rx_bytes.other_req = 0
stat.switch.fabric.pool_tx_bytes.other_req = 0
stat.switch.fabric.node_rx_pkts.other_req = 0
stat.switch.fabric.node_tx_pkts.other_req = 0
stat.switch.fabric.pool_rx_pkts.other_req = 0
stat.switch.fabric.pool_tx_pkts.other_req = 0
stat.switch.bw.host_to_switch_gbps = 0.867025
stat.switch.bw.switch_to_host_gbps = 1.04949
stat.switch.bw.host_link_total_gbps = 1.91651
stat.switch.port.node.0.ingress_wait_avg_cycles = 133.422
stat.switch.port.node.0.ingress_wait_max_cycles = 161
stat.switch.port.node.0.egress_wait_avg_cycles = 1
stat.switch.port.node.0.egress_wait_max_cycles = 1
stat.switch.port.node.0.ingress_queue_wait_avg_cycles = 0.821396
stat.switch.port.node.0.ingress_queue_wait_max_cycles = 37
stat.switch.port.node.0.egress_occ_avg_bytes = 0
stat.switch.port.node.0.egress_occ_stddev_bytes = 0
stat.switch.port.node.0.egress_occ_max_bytes = 0
stat.switch.port.node.0.egress_occ_nonempty_frac = 0
stat.switch.port.node.0.egress_blocked_cycles = 0
stat.switch.port.node.0.egress_blocked_nonempty_frac = 0
stat.switch.port.node.0.egress_blocked_avg_occ_bytes = 0
stat.switch.port.node.0.egress_blocked_max_occ_bytes = 0
stat.switch.port.node.0.egress_send_burst_max_pkts = 2
stat.switch.port.node.0.egress_send_burst_max_bytes = 128
stat.switch.port.node.0.egress_send_burst_avg_pkts = 1.05826
stat.switch.port.node.0.egress_send_burst_avg_bytes = 67.7287
stat.switch.port.node.0.egress_send_burst_stddev_pkts = 0.234235
stat.switch.port.node.0.egress_send_burst_stddev_bytes = 14.9911
stat.switch.port.node.0.egress_send_nonempty_frac = 0.00645645
stat.switch.port.node.0.ingress_arrival_burst_avg_bytes = 31.1601
stat.switch.port.node.0.ingress_arrival_nonempty_frac = 0.0115937
stat.switch.port.node.0.ingress_arrival_run_max_cycles = 4
stat.switch.port.node.0.ingress_arrival_run_avg_cycles = 1.03976
stat.switch.port.node.0.ingress_arrival_gap_max_cycles = 808
stat.switch.port.node.0.ingress_arrival_gap_avg_cycles = 88.6404
stat.switch.port.node.0.ingress_release_burst_avg_bytes = 31.0961
stat.switch.port.node.0.ingress_release_nonempty_frac = 0.0116286
stat.switch.port.node.0.ingress_release_run_max_cycles = 1
stat.switch.port.node.0.ingress_release_run_avg_cycles = 1
stat.switch.port.node.0.ingress_release_gap_max_cycles = 808
stat.switch.port.node.0.ingress_release_gap_avg_cycles = 84.9915
stat.switch.port.node.0.ingress_occ_avg_bytes = 51.0123
stat.switch.port.node.0.ingress_occ_stddev_bytes = 80.7222
stat.switch.port.node.0.ingress_occ_max_bytes = 392
stat.switch.port.node.0.ingress_occ_nonempty_frac = 0.47412
stat.switch.port.node.0.ingress_occ_run_max_cycles = 867
stat.switch.port.node.0.ingress_occ_run_avg_cycles = 354.339
stat.switch.port.node.0.ingress_occ_gap_max_cycles = 686
stat.switch.port.node.0.ingress_occ_gap_avg_cycles = 393.813
stat.switch.port.node.0.ingress_wait_avg_cycles.demand_req = 125.282
stat.switch.port.node.0.ingress_wait_max_cycles.demand_req = 161
stat.switch.port.node.0.ingress_queue_wait_avg_cycles.demand_req = 1.28234
stat.switch.port.node.0.ingress_queue_wait_max_cycles.demand_req = 37
stat.switch.port.node.0.egress_wait_avg_cycles.demand_req = 0
stat.switch.port.node.0.egress_wait_max_cycles.demand_req = 0
stat.switch.port.node.0.egress_occ_avg_bytes.demand_req = 0
stat.switch.port.node.0.egress_occ_max_bytes.demand_req = 0
stat.switch.port.node.0.egress_blocked_cycles.demand_req = 0
stat.switch.port.node.0.ingress_arrival_empty_packets.demand_req = 41
stat.switch.port.node.0.ingress_arrival_nonempty_packets.demand_req = 2502
stat.switch.port.node.0.ingress_arrival_nonempty_packet_frac.demand_req = 0.983877
stat.switch.port.node.0.ingress_nonempty_arrival_pre_occ_avg_bytes.demand_req = 118.571
stat.switch.port.node.0.ingress_nonempty_arrival_pre_occ_max_bytes.demand_req = 384
stat.switch.port.node.0.ingress_release_after_empty_arrival_packets.demand_req = 41
stat.switch.port.node.0.ingress_release_after_nonempty_arrival_packets.demand_req = 2502
stat.switch.port.node.0.ingress_wait_after_empty_arrival_avg_cycles.demand_req = 124
stat.switch.port.node.0.ingress_wait_after_nonempty_arrival_avg_cycles.demand_req = 125.303
stat.switch.port.node.0.ingress_queue_wait_after_empty_arrival_avg_cycles.demand_req = 0
stat.switch.port.node.0.ingress_queue_wait_after_nonempty_arrival_avg_cycles.demand_req = 1.30336
stat.switch.port.node.0.ingress_queue_wait_after_empty_arrival_max_cycles.demand_req = 0
stat.switch.port.node.0.ingress_queue_wait_after_nonempty_arrival_max_cycles.demand_req = 37
stat.switch.port.node.0.rx_bytes.demand_req = 20344
stat.switch.port.node.0.tx_bytes.demand_req = 0
stat.switch.port.node.0.rx_pkts.demand_req = 2543
stat.switch.port.node.0.tx_pkts.demand_req = 0
stat.switch.port.node.0.ingress_wait_avg_cycles.write_req = 145.018
stat.switch.port.node.0.ingress_wait_max_cycles.write_req = 161
stat.switch.port.node.0.ingress_queue_wait_avg_cycles.write_req = 0.164706
stat.switch.port.node.0.ingress_queue_wait_max_cycles.write_req = 16
stat.switch.port.node.0.egress_wait_avg_cycles.write_req = 0
stat.switch.port.node.0.egress_wait_max_cycles.write_req = 0
stat.switch.port.node.0.egress_occ_avg_bytes.write_req = 0
stat.switch.port.node.0.egress_occ_max_bytes.write_req = 0
stat.switch.port.node.0.egress_blocked_cycles.write_req = 0
stat.switch.port.node.0.ingress_arrival_empty_packets.write_req = 456
stat.switch.port.node.0.ingress_arrival_nonempty_packets.write_req = 1327
stat.switch.port.node.0.ingress_arrival_nonempty_packet_frac.write_req = 0.744251
stat.switch.port.node.0.ingress_nonempty_arrival_pre_occ_avg_bytes.write_req = 148.564
stat.switch.port.node.0.ingress_nonempty_arrival_pre_occ_max_bytes.write_req = 328
stat.switch.port.node.0.ingress_release_after_empty_arrival_packets.write_req = 459
stat.switch.port.node.0.ingress_release_after_nonempty_arrival_packets.write_req = 1326
stat.switch.port.node.0.ingress_wait_after_empty_arrival_avg_cycles.write_req = 144.429
stat.switch.port.node.0.ingress_wait_after_nonempty_arrival_avg_cycles.write_req = 145.222
stat.switch.port.node.0.ingress_queue_wait_after_empty_arrival_avg_cycles.write_req = 0
stat.switch.port.node.0.ingress_queue_wait_after_nonempty_arrival_avg_cycles.write_req = 0.221719
stat.switch.port.node.0.ingress_queue_wait_after_empty_arrival_max_cycles.write_req = 0
stat.switch.port.node.0.ingress_queue_wait_after_nonempty_arrival_max_cycles.write_req = 16
stat.switch.port.node.0.rx_bytes.write_req = 114112
stat.switch.port.node.0.tx_bytes.write_req = 0
stat.switch.port.node.0.rx_pkts.write_req = 1783
stat.switch.port.node.0.tx_pkts.write_req = 0
stat.switch.port.node.0.ingress_wait_avg_cycles.response = 0
stat.switch.port.node.0.ingress_wait_max_cycles.response = 0
stat.switch.port.node.0.ingress_queue_wait_avg_cycles.response = 0
stat.switch.port.node.0.ingress_queue_wait_max_cycles.response = 0
stat.switch.port.node.0.egress_wait_avg_cycles.response = 1
stat.switch.port.node.0.egress_wait_max_cycles.response = 1
stat.switch.port.node.0.egress_occ_avg_bytes.response = 0
stat.switch.port.node.0.egress_occ_max_bytes.response = 0
stat.switch.port.node.0.egress_blocked_cycles.response = 0
stat.switch.port.node.0.ingress_arrival_empty_packets.response = 0
stat.switch.port.node.0.ingress_arrival_nonempty_packets.response = 0
stat.switch.port.node.0.ingress_arrival_nonempty_packet_frac.response = 0
stat.switch.port.node.0.ingress_nonempty_arrival_pre_occ_avg_bytes.response = 0
stat.switch.port.node.0.ingress_nonempty_arrival_pre_occ_max_bytes.response = 0
stat.switch.port.node.0.ingress_release_after_empty_arrival_packets.response = 0
stat.switch.port.node.0.ingress_release_after_nonempty_arrival_packets.response = 0
stat.switch.port.node.0.ingress_wait_after_empty_arrival_avg_cycles.response = 0
stat.switch.port.node.0.ingress_wait_after_nonempty_arrival_avg_cycles.response = 0
stat.switch.port.node.0.ingress_queue_wait_after_empty_arrival_avg_cycles.response = 0
stat.switch.port.node.0.ingress_queue_wait_after_nonempty_arrival_avg_cycles.response = 0
stat.switch.port.node.0.ingress_queue_wait_after_empty_arrival_max_cycles.response = 0
stat.switch.port.node.0.ingress_queue_wait_after_nonempty_arrival_max_cycles.response = 0
stat.switch.port.node.0.rx_bytes.response = 0
stat.switch.port.node.0.tx_bytes.response = 162752
stat.switch.port.node.0.rx_pkts.response = 0
stat.switch.port.node.0.tx_pkts.response = 2543
stat.switch.port.node.0.ingress_wait_avg_cycles.other_req = 0
stat.switch.port.node.0.ingress_wait_max_cycles.other_req = 0
stat.switch.port.node.0.ingress_queue_wait_avg_cycles.other_req = 0
stat.switch.port.node.0.ingress_queue_wait_max_cycles.other_req = 0
stat.switch.port.node.0.egress_wait_avg_cycles.other_req = 0
stat.switch.port.node.0.egress_wait_max_cycles.other_req = 0
stat.switch.port.node.0.egress_occ_avg_bytes.other_req = 0
stat.switch.port.node.0.egress_occ_max_bytes.other_req = 0
stat.switch.port.node.0.egress_blocked_cycles.other_req = 0
stat.switch.port.node.0.ingress_arrival_empty_packets.other_req = 0
stat.switch.port.node.0.ingress_arrival_nonempty_packets.other_req = 0
stat.switch.port.node.0.ingress_arrival_nonempty_packet_frac.other_req = 0
stat.switch.port.node.0.ingress_nonempty_arrival_pre_occ_avg_bytes.other_req = 0
stat.switch.port.node.0.ingress_nonempty_arrival_pre_occ_max_bytes.other_req = 0
stat.switch.port.node.0.ingress_release_after_empty_arrival_packets.other_req = 0
stat.switch.port.node.0.ingress_release_after_nonempty_arrival_packets.other_req = 0
stat.switch.port.node.0.ingress_wait_after_empty_arrival_avg_cycles.other_req = 0
stat.switch.port.node.0.ingress_wait_after_nonempty_arrival_avg_cycles.other_req = 0
stat.switch.port.node.0.ingress_queue_wait_after_empty_arrival_avg_cycles.other_req = 0
stat.switch.port.node.0.ingress_queue_wait_after_nonempty_arrival_avg_cycles.other_req = 0
stat.switch.port.node.0.ingress_queue_wait_after_empty_arrival_max_cycles.other_req = 0
stat.switch.port.node.0.ingress_queue_wait_after_nonempty_arrival_max_cycles.other_req = 0
stat.switch.port.node.0.rx_bytes.other_req = 0
stat.switch.port.node.0.tx_bytes.other_req = 0
stat.switch.port.node.0.rx_pkts.other_req = 0
stat.switch.port.node.0.tx_pkts.other_req = 0
stat.switch.port.node.0.ingress_occ_bucket_bytes.0 = 195725
stat.switch.port.node.0.ready_occ_bucket_bytes.0 = 367858
stat.switch.port.node.0.ingress_occ_bucket_bytes.1_64 = 84169
stat.switch.port.node.0.ready_occ_bucket_bytes.1_64 = 4328
stat.switch.port.node.0.ingress_occ_bucket_bytes.65_256 = 82944
stat.switch.port.node.0.ready_occ_bucket_bytes.65_256 = 0
stat.switch.port.node.0.ingress_occ_bucket_bytes.257_1024 = 9348
stat.switch.port.node.0.ready_occ_bucket_bytes.257_1024 = 0
stat.switch.port.node.0.ingress_occ_bucket_bytes.1025_4096 = 0
stat.switch.port.node.0.ready_occ_bucket_bytes.1025_4096 = 0
stat.switch.port.node.0.ingress_occ_bucket_bytes.4097_plus = 0
stat.switch.port.node.0.ready_occ_bucket_bytes.4097_plus = 0
stat.switch.port.node.0.ingress_episode.count = 497
stat.switch.port.node.0.ingress_episode.avg_cycles = 354.662
stat.switch.port.node.0.ingress_episode.max_cycles = 867
stat.switch.port.node.0.ingress_episode.avg_peak_occ_bytes = 212.121
stat.switch.port.node.0.ingress_episode.max_peak_occ_bytes = 392
stat.switch.port.node.0.ingress_episode.avg_arrival_pkts = 8.69819
stat.switch.port.node.0.ingress_episode.max_arrival_pkts = 22
stat.switch.port.node.0.ingress_episode.avg_arrival_bytes = 270.149
stat.switch.port.node.0.ingress_episode.max_arrival_bytes = 840
stat.switch.port.node.0.ingress_episode.avg_release_pkts = 8.70423
stat.switch.port.node.0.ingress_episode.max_release_pkts = 22
stat.switch.port.node.0.ingress_episode.avg_release_bytes = 270.535
stat.switch.port.node.0.ingress_episode.max_release_bytes = 840
stat.switch.port.node.0.ingress_episode.avg_wait_cycles = 1161.29
stat.switch.port.node.0.ingress_episode.max_wait_cycles = 161
stat.switch.port.node.0.ingress_episode.avg_queue_wait_cycles = 7.15292
stat.switch.port.node.0.ingress_episode.max_queue_wait_cycles = 37
stat.switch.port.node.0.ingress_episode.avg_src_distinct = 1
stat.switch.port.node.0.ingress_episode.max_src_distinct = 1
stat.switch.port.node.0.ingress_episode.avg_dst_distinct = 1
stat.switch.port.node.0.ingress_episode.max_dst_distinct = 1
stat.switch.port.node.0.ingress_episode.avg_arrival_pkts.demand_req = 5.1167
stat.switch.port.node.0.ingress_episode.max_arrival_pkts.demand_req = 16
stat.switch.port.node.0.ingress_episode.avg_release_pkts.demand_req = 5.1167
stat.switch.port.node.0.ingress_episode.max_release_pkts.demand_req = 16
stat.switch.port.node.0.ingress_pre_occ_bucket.demand_req.0 = 41
stat.switch.port.node.0.ingress_queue_wait_bucket.demand_req.0 = 2100
stat.switch.port.node.0.ingress_pre_occ_bucket.demand_req.1_64 = 777
stat.switch.port.node.0.ingress_queue_wait_bucket.demand_req.1_63 = 443
stat.switch.port.node.0.ingress_pre_occ_bucket.demand_req.65_256 = 1609
stat.switch.port.node.0.ingress_queue_wait_bucket.demand_req.64_255 = 0
stat.switch.port.node.0.ingress_pre_occ_bucket.demand_req.257_1024 = 116
stat.switch.port.node.0.ingress_queue_wait_bucket.demand_req.256_1023 = 0
stat.switch.port.node.0.ingress_pre_occ_bucket.demand_req.1025_4096 = 0
stat.switch.port.node.0.ingress_queue_wait_bucket.demand_req.1024_4095 = 0
stat.switch.port.node.0.ingress_pre_occ_bucket.demand_req.4097_plus = 0
stat.switch.port.node.0.ingress_queue_wait_bucket.demand_req.4096_plus = 0
stat.switch.port.node.0.ingress_episode.avg_arrival_pkts.write_req = 3.58149
stat.switch.port.node.0.ingress_episode.max_arrival_pkts.write_req = 13
stat.switch.port.node.0.ingress_episode.avg_release_pkts.write_req = 3.58753
stat.switch.port.node.0.ingress_episode.max_release_pkts.write_req = 13
stat.switch.port.node.0.ingress_pre_occ_bucket.write_req.0 = 456
stat.switch.port.node.0.ingress_queue_wait_bucket.write_req.0 = 1734
stat.switch.port.node.0.ingress_pre_occ_bucket.write_req.1_64 = 423
stat.switch.port.node.0.ingress_queue_wait_bucket.write_req.1_63 = 51
stat.switch.port.node.0.ingress_pre_occ_bucket.write_req.65_256 = 821
stat.switch.port.node.0.ingress_queue_wait_bucket.write_req.64_255 = 0
stat.switch.port.node.0.ingress_pre_occ_bucket.write_req.257_1024 = 83
stat.switch.port.node.0.ingress_queue_wait_bucket.write_req.256_1023 = 0
stat.switch.port.node.0.ingress_pre_occ_bucket.write_req.1025_4096 = 0
stat.switch.port.node.0.ingress_queue_wait_bucket.write_req.1024_4095 = 0
stat.switch.port.node.0.ingress_pre_occ_bucket.write_req.4097_plus = 0
stat.switch.port.node.0.ingress_queue_wait_bucket.write_req.4096_plus = 0
stat.switch.port.node.0.ingress_episode.avg_arrival_pkts.response = 0
stat.switch.port.node.0.ingress_episode.max_arrival_pkts.response = 0
stat.switch.port.node.0.ingress_episode.avg_release_pkts.response = 0
stat.switch.port.node.0.ingress_episode.max_release_pkts.response = 0
stat.switch.port.node.0.ingress_pre_occ_bucket.response.0 = 0
stat.switch.port.node.0.ingress_queue_wait_bucket.response.0 = 0
stat.switch.port.node.0.ingress_pre_occ_bucket.response.1_64 = 0
stat.switch.port.node.0.ingress_queue_wait_bucket.response.1_63 = 0
stat.switch.port.node.0.ingress_pre_occ_bucket.response.65_256 = 0
stat.switch.port.node.0.ingress_queue_wait_bucket.response.64_255 = 0
stat.switch.port.node.0.ingress_pre_occ_bucket.response.257_1024 = 0
stat.switch.port.node.0.ingress_queue_wait_bucket.response.256_1023 = 0
stat.switch.port.node.0.ingress_pre_occ_bucket.response.1025_4096 = 0
stat.switch.port.node.0.ingress_queue_wait_bucket.response.1024_4095 = 0
stat.switch.port.node.0.ingress_pre_occ_bucket.response.4097_plus = 0
stat.switch.port.node.0.ingress_queue_wait_bucket.response.4096_plus = 0
stat.switch.port.node.0.ingress_episode.avg_arrival_pkts.other_req = 0
stat.switch.port.node.0.ingress_episode.max_arrival_pkts.other_req = 0
stat.switch.port.node.0.ingress_episode.avg_release_pkts.other_req = 0
stat.switch.port.node.0.ingress_episode.max_release_pkts.other_req = 0
stat.switch.port.node.0.ingress_pre_occ_bucket.other_req.0 = 0
stat.switch.port.node.0.ingress_queue_wait_bucket.other_req.0 = 0
stat.switch.port.node.0.ingress_pre_occ_bucket.other_req.1_64 = 0
stat.switch.port.node.0.ingress_queue_wait_bucket.other_req.1_63 = 0
stat.switch.port.node.0.ingress_pre_occ_bucket.other_req.65_256 = 0
stat.switch.port.node.0.ingress_queue_wait_bucket.other_req.64_255 = 0
stat.switch.port.node.0.ingress_pre_occ_bucket.other_req.257_1024 = 0
stat.switch.port.node.0.ingress_queue_wait_bucket.other_req.256_1023 = 0
stat.switch.port.node.0.ingress_pre_occ_bucket.other_req.1025_4096 = 0
stat.switch.port.node.0.ingress_queue_wait_bucket.other_req.1024_4095 = 0
stat.switch.port.node.0.ingress_pre_occ_bucket.other_req.4097_plus = 0
stat.switch.port.node.0.ingress_queue_wait_bucket.other_req.4096_plus = 0
stat.switch.port.node.0.peer_src.0.rx_bytes.demand_req = 20344
stat.switch.port.node.0.peer_src.0.rx_pkts.demand_req = 2543
stat.switch.port.node.0.peer_src.0.tx_bytes.demand_req = 0
stat.switch.port.node.0.peer_src.0.tx_pkts.demand_req = 0
stat.switch.port.node.0.peer_src.0.ingress_arrivals.demand_req = 2543
stat.switch.port.node.0.peer_src.0.ingress_arrival_nonempty_packet_frac.demand_req = 0.983877
stat.switch.port.node.0.peer_src.0.ingress_nonempty_arrival_pre_occ_avg_bytes.demand_req = 118.571
stat.switch.port.node.0.peer_src.0.ingress_nonempty_arrival_pre_occ_max_bytes.demand_req = 384
stat.switch.port.node.0.peer_src.0.ingress_wait_avg_cycles.demand_req = 125.282
stat.switch.port.node.0.peer_src.0.ingress_queue_wait_avg_cycles.demand_req = 1.28234
stat.switch.port.node.0.peer_src.0.ingress_queue_wait_after_nonempty_arrival_avg_cycles.demand_req = 1.30336
stat.switch.port.node.0.peer_src.0.ingress_pre_occ_bucket.demand_req.0 = 41
stat.switch.port.node.0.peer_src.0.ingress_queue_wait_bucket.demand_req.0 = 2100
stat.switch.port.node.0.peer_src.0.ingress_pre_occ_bucket.demand_req.1_64 = 777
stat.switch.port.node.0.peer_src.0.ingress_queue_wait_bucket.demand_req.1_63 = 443
stat.switch.port.node.0.peer_src.0.ingress_pre_occ_bucket.demand_req.65_256 = 1609
stat.switch.port.node.0.peer_src.0.ingress_queue_wait_bucket.demand_req.64_255 = 0
stat.switch.port.node.0.peer_src.0.ingress_pre_occ_bucket.demand_req.257_1024 = 116
stat.switch.port.node.0.peer_src.0.ingress_queue_wait_bucket.demand_req.256_1023 = 0
stat.switch.port.node.0.peer_src.0.ingress_pre_occ_bucket.demand_req.1025_4096 = 0
stat.switch.port.node.0.peer_src.0.ingress_queue_wait_bucket.demand_req.1024_4095 = 0
stat.switch.port.node.0.peer_src.0.ingress_pre_occ_bucket.demand_req.4097_plus = 0
stat.switch.port.node.0.peer_src.0.ingress_queue_wait_bucket.demand_req.4096_plus = 0
stat.switch.port.node.0.peer_src.0.rx_bytes.write_req = 114112
stat.switch.port.node.0.peer_src.0.rx_pkts.write_req = 1783
stat.switch.port.node.0.peer_src.0.tx_bytes.write_req = 0
stat.switch.port.node.0.peer_src.0.tx_pkts.write_req = 0
stat.switch.port.node.0.peer_src.0.ingress_arrivals.write_req = 1783
stat.switch.port.node.0.peer_src.0.ingress_arrival_nonempty_packet_frac.write_req = 0.744251
stat.switch.port.node.0.peer_src.0.ingress_nonempty_arrival_pre_occ_avg_bytes.write_req = 148.564
stat.switch.port.node.0.peer_src.0.ingress_nonempty_arrival_pre_occ_max_bytes.write_req = 328
stat.switch.port.node.0.peer_src.0.ingress_wait_avg_cycles.write_req = 145.018
stat.switch.port.node.0.peer_src.0.ingress_queue_wait_avg_cycles.write_req = 0.164706
stat.switch.port.node.0.peer_src.0.ingress_queue_wait_after_nonempty_arrival_avg_cycles.write_req = 0.221719
stat.switch.port.node.0.peer_src.0.ingress_pre_occ_bucket.write_req.0 = 456
stat.switch.port.node.0.peer_src.0.ingress_queue_wait_bucket.write_req.0 = 1734
stat.switch.port.node.0.peer_src.0.ingress_pre_occ_bucket.write_req.1_64 = 423
stat.switch.port.node.0.peer_src.0.ingress_queue_wait_bucket.write_req.1_63 = 51
stat.switch.port.node.0.peer_src.0.ingress_pre_occ_bucket.write_req.65_256 = 821
stat.switch.port.node.0.peer_src.0.ingress_queue_wait_bucket.write_req.64_255 = 0
stat.switch.port.node.0.peer_src.0.ingress_pre_occ_bucket.write_req.257_1024 = 83
stat.switch.port.node.0.peer_src.0.ingress_queue_wait_bucket.write_req.256_1023 = 0
stat.switch.port.node.0.peer_src.0.ingress_pre_occ_bucket.write_req.1025_4096 = 0
stat.switch.port.node.0.peer_src.0.ingress_queue_wait_bucket.write_req.1024_4095 = 0
stat.switch.port.node.0.peer_src.0.ingress_pre_occ_bucket.write_req.4097_plus = 0
stat.switch.port.node.0.peer_src.0.ingress_queue_wait_bucket.write_req.4096_plus = 0
stat.switch.port.node.0.peer_dst.100.rx_bytes.demand_req = 20344
stat.switch.port.node.0.peer_dst.100.rx_pkts.demand_req = 2543
stat.switch.port.node.0.peer_dst.100.tx_bytes.demand_req = 0
stat.switch.port.node.0.peer_dst.100.tx_pkts.demand_req = 0
stat.switch.port.node.0.peer_dst.100.ingress_arrivals.demand_req = 2543
stat.switch.port.node.0.peer_dst.100.ingress_arrival_nonempty_packet_frac.demand_req = 0.983877
stat.switch.port.node.0.peer_dst.100.ingress_nonempty_arrival_pre_occ_avg_bytes.demand_req = 118.571
stat.switch.port.node.0.peer_dst.100.ingress_nonempty_arrival_pre_occ_max_bytes.demand_req = 384
stat.switch.port.node.0.peer_dst.100.ingress_wait_avg_cycles.demand_req = 125.282
stat.switch.port.node.0.peer_dst.100.ingress_queue_wait_avg_cycles.demand_req = 1.28234
stat.switch.port.node.0.peer_dst.100.ingress_queue_wait_after_nonempty_arrival_avg_cycles.demand_req = 1.30336
stat.switch.port.node.0.peer_dst.100.ingress_pre_occ_bucket.demand_req.0 = 41
stat.switch.port.node.0.peer_dst.100.ingress_queue_wait_bucket.demand_req.0 = 2100
stat.switch.port.node.0.peer_dst.100.ingress_pre_occ_bucket.demand_req.1_64 = 777
stat.switch.port.node.0.peer_dst.100.ingress_queue_wait_bucket.demand_req.1_63 = 443
stat.switch.port.node.0.peer_dst.100.ingress_pre_occ_bucket.demand_req.65_256 = 1609
stat.switch.port.node.0.peer_dst.100.ingress_queue_wait_bucket.demand_req.64_255 = 0
stat.switch.port.node.0.peer_dst.100.ingress_pre_occ_bucket.demand_req.257_1024 = 116
stat.switch.port.node.0.peer_dst.100.ingress_queue_wait_bucket.demand_req.256_1023 = 0
stat.switch.port.node.0.peer_dst.100.ingress_pre_occ_bucket.demand_req.1025_4096 = 0
stat.switch.port.node.0.peer_dst.100.ingress_queue_wait_bucket.demand_req.1024_4095 = 0
stat.switch.port.node.0.peer_dst.100.ingress_pre_occ_bucket.demand_req.4097_plus = 0
stat.switch.port.node.0.peer_dst.100.ingress_queue_wait_bucket.demand_req.4096_plus = 0
stat.switch.port.node.0.peer_dst.100.rx_bytes.write_req = 114112
stat.switch.port.node.0.peer_dst.100.rx_pkts.write_req = 1783
stat.switch.port.node.0.peer_dst.100.tx_bytes.write_req = 0
stat.switch.port.node.0.peer_dst.100.tx_pkts.write_req = 0
stat.switch.port.node.0.peer_dst.100.ingress_arrivals.write_req = 1783
stat.switch.port.node.0.peer_dst.100.ingress_arrival_nonempty_packet_frac.write_req = 0.744251
stat.switch.port.node.0.peer_dst.100.ingress_nonempty_arrival_pre_occ_avg_bytes.write_req = 148.564
stat.switch.port.node.0.peer_dst.100.ingress_nonempty_arrival_pre_occ_max_bytes.write_req = 328
stat.switch.port.node.0.peer_dst.100.ingress_wait_avg_cycles.write_req = 145.018
stat.switch.port.node.0.peer_dst.100.ingress_queue_wait_avg_cycles.write_req = 0.164706
stat.switch.port.node.0.peer_dst.100.ingress_queue_wait_after_nonempty_arrival_avg_cycles.write_req = 0.221719
stat.switch.port.node.0.peer_dst.100.ingress_pre_occ_bucket.write_req.0 = 456
stat.switch.port.node.0.peer_dst.100.ingress_queue_wait_bucket.write_req.0 = 1734
stat.switch.port.node.0.peer_dst.100.ingress_pre_occ_bucket.write_req.1_64 = 423
stat.switch.port.node.0.peer_dst.100.ingress_queue_wait_bucket.write_req.1_63 = 51
stat.switch.port.node.0.peer_dst.100.ingress_pre_occ_bucket.write_req.65_256 = 821
stat.switch.port.node.0.peer_dst.100.ingress_queue_wait_bucket.write_req.64_255 = 0
stat.switch.port.node.0.peer_dst.100.ingress_pre_occ_bucket.write_req.257_1024 = 83
stat.switch.port.node.0.peer_dst.100.ingress_queue_wait_bucket.write_req.256_1023 = 0
stat.switch.port.node.0.peer_dst.100.ingress_pre_occ_bucket.write_req.1025_4096 = 0
stat.switch.port.node.0.peer_dst.100.ingress_queue_wait_bucket.write_req.1024_4095 = 0
stat.switch.port.node.0.peer_dst.100.ingress_pre_occ_bucket.write_req.4097_plus = 0
stat.switch.port.node.0.peer_dst.100.ingress_queue_wait_bucket.write_req.4096_plus = 0
stat.switch.port.node.0.tx_src.100.rx_bytes.response = 0
stat.switch.port.node.0.tx_src.100.rx_pkts.response = 0
stat.switch.port.node.0.tx_src.100.tx_bytes.response = 81408
stat.switch.port.node.0.tx_src.100.tx_pkts.response = 1272
stat.switch.port.node.0.tx_src.100.ingress_arrivals.response = 0
stat.switch.port.node.0.tx_src.100.ingress_arrival_nonempty_packet_frac.response = 0
stat.switch.port.node.0.tx_src.100.ingress_nonempty_arrival_pre_occ_avg_bytes.response = 0
stat.switch.port.node.0.tx_src.100.ingress_nonempty_arrival_pre_occ_max_bytes.response = 0
stat.switch.port.node.0.tx_src.100.ingress_wait_avg_cycles.response = 0
stat.switch.port.node.0.tx_src.100.ingress_queue_wait_avg_cycles.response = 0
stat.switch.port.node.0.tx_src.100.ingress_queue_wait_after_nonempty_arrival_avg_cycles.response = 0
stat.switch.port.node.0.tx_src.100.ingress_pre_occ_bucket.response.0 = 0
stat.switch.port.node.0.tx_src.100.ingress_queue_wait_bucket.response.0 = 0
stat.switch.port.node.0.tx_src.100.ingress_pre_occ_bucket.response.1_64 = 0
stat.switch.port.node.0.tx_src.100.ingress_queue_wait_bucket.response.1_63 = 0
stat.switch.port.node.0.tx_src.100.ingress_pre_occ_bucket.response.65_256 = 0
stat.switch.port.node.0.tx_src.100.ingress_queue_wait_bucket.response.64_255 = 0
stat.switch.port.node.0.tx_src.100.ingress_pre_occ_bucket.response.257_1024 = 0
stat.switch.port.node.0.tx_src.100.ingress_queue_wait_bucket.response.256_1023 = 0
stat.switch.port.node.0.tx_src.100.ingress_pre_occ_bucket.response.1025_4096 = 0
stat.switch.port.node.0.tx_src.100.ingress_queue_wait_bucket.response.1024_4095 = 0
stat.switch.port.node.0.tx_src.100.ingress_pre_occ_bucket.response.4097_plus = 0
stat.switch.port.node.0.tx_src.100.ingress_queue_wait_bucket.response.4096_plus = 0
stat.switch.port.node.0.tx_src.101.rx_bytes.response = 0
stat.switch.port.node.0.tx_src.101.rx_pkts.response = 0
stat.switch.port.node.0.tx_src.101.tx_bytes.response = 81344
stat.switch.port.node.0.tx_src.101.tx_pkts.response = 1271
stat.switch.port.node.0.tx_src.101.ingress_arrivals.response = 0
stat.switch.port.node.0.tx_src.101.ingress_arrival_nonempty_packet_frac.response = 0
stat.switch.port.node.0.tx_src.101.ingress_nonempty_arrival_pre_occ_avg_bytes.response = 0
stat.switch.port.node.0.tx_src.101.ingress_nonempty_arrival_pre_occ_max_bytes.response = 0
stat.switch.port.node.0.tx_src.101.ingress_wait_avg_cycles.response = 0
stat.switch.port.node.0.tx_src.101.ingress_queue_wait_avg_cycles.response = 0
stat.switch.port.node.0.tx_src.101.ingress_queue_wait_after_nonempty_arrival_avg_cycles.response = 0
stat.switch.port.node.0.tx_src.101.ingress_pre_occ_bucket.response.0 = 0
stat.switch.port.node.0.tx_src.101.ingress_queue_wait_bucket.response.0 = 0
stat.switch.port.node.0.tx_src.101.ingress_pre_occ_bucket.response.1_64 = 0
stat.switch.port.node.0.tx_src.101.ingress_queue_wait_bucket.response.1_63 = 0
stat.switch.port.node.0.tx_src.101.ingress_pre_occ_bucket.response.65_256 = 0
stat.switch.port.node.0.tx_src.101.ingress_queue_wait_bucket.response.64_255 = 0
stat.switch.port.node.0.tx_src.101.ingress_pre_occ_bucket.response.257_1024 = 0
stat.switch.port.node.0.tx_src.101.ingress_queue_wait_bucket.response.256_1023 = 0
stat.switch.port.node.0.tx_src.101.ingress_pre_occ_bucket.response.1025_4096 = 0
stat.switch.port.node.0.tx_src.101.ingress_queue_wait_bucket.response.1024_4095 = 0
stat.switch.port.node.0.tx_src.101.ingress_pre_occ_bucket.response.4097_plus = 0
stat.switch.port.node.0.tx_src.101.ingress_queue_wait_bucket.response.4096_plus = 0
stat.switch.port.node.0.tx_dst.0.rx_bytes.response = 0
stat.switch.port.node.0.tx_dst.0.rx_pkts.response = 0
stat.switch.port.node.0.tx_dst.0.tx_bytes.response = 162752
stat.switch.port.node.0.tx_dst.0.tx_pkts.response = 2543
stat.switch.port.node.0.tx_dst.0.ingress_arrivals.response = 0
stat.switch.port.node.0.tx_dst.0.ingress_arrival_nonempty_packet_frac.response = 0
stat.switch.port.node.0.tx_dst.0.ingress_nonempty_arrival_pre_occ_avg_bytes.response = 0
stat.switch.port.node.0.tx_dst.0.ingress_nonempty_arrival_pre_occ_max_bytes.response = 0
stat.switch.port.node.0.tx_dst.0.ingress_wait_avg_cycles.response = 0
stat.switch.port.node.0.tx_dst.0.ingress_queue_wait_avg_cycles.response = 0
stat.switch.port.node.0.tx_dst.0.ingress_queue_wait_after_nonempty_arrival_avg_cycles.response = 0
stat.switch.port.node.0.tx_dst.0.ingress_pre_occ_bucket.response.0 = 0
stat.switch.port.node.0.tx_dst.0.ingress_queue_wait_bucket.response.0 = 0
stat.switch.port.node.0.tx_dst.0.ingress_pre_occ_bucket.response.1_64 = 0
stat.switch.port.node.0.tx_dst.0.ingress_queue_wait_bucket.response.1_63 = 0
stat.switch.port.node.0.tx_dst.0.ingress_pre_occ_bucket.response.65_256 = 0
stat.switch.port.node.0.tx_dst.0.ingress_queue_wait_bucket.response.64_255 = 0
stat.switch.port.node.0.tx_dst.0.ingress_pre_occ_bucket.response.257_1024 = 0
stat.switch.port.node.0.tx_dst.0.ingress_queue_wait_bucket.response.256_1023 = 0
stat.switch.port.node.0.tx_dst.0.ingress_pre_occ_bucket.response.1025_4096 = 0
stat.switch.port.node.0.tx_dst.0.ingress_queue_wait_bucket.response.1024_4095 = 0
stat.switch.port.node.0.tx_dst.0.ingress_pre_occ_bucket.response.4097_plus = 0
stat.switch.port.node.0.tx_dst.0.ingress_queue_wait_bucket.response.4096_plus = 0
stat.switch.port.pool.0.ingress_wait_avg_cycles = 149.407
stat.switch.port.pool.0.ingress_wait_max_cycles = 207
stat.switch.port.pool.0.egress_wait_avg_cycles = 1
stat.switch.port.pool.0.egress_wait_max_cycles = 1
stat.switch.port.pool.0.ingress_queue_wait_avg_cycles = 4.40723
stat.switch.port.pool.0.ingress_queue_wait_max_cycles = 62
stat.switch.port.pool.0.egress_occ_avg_bytes = 0
stat.switch.port.pool.0.egress_occ_stddev_bytes = 0
stat.switch.port.pool.0.egress_occ_max_bytes = 0
stat.switch.port.pool.0.egress_occ_nonempty_frac = 0
stat.switch.port.pool.0.egress_blocked_cycles = 0
stat.switch.port.pool.0.egress_blocked_nonempty_frac = 0
stat.switch.port.pool.0.egress_blocked_avg_occ_bytes = 0
stat.switch.port.pool.0.egress_blocked_max_occ_bytes = 0
stat.switch.port.pool.0.egress_send_burst_max_pkts = 1
stat.switch.port.pool.0.egress_send_burst_max_bytes = 64
stat.switch.port.pool.0.egress_send_burst_avg_pkts = 1
stat.switch.port.pool.0.egress_send_burst_avg_bytes = 40.6987
stat.switch.port.pool.0.egress_send_burst_stddev_pkts = 0
stat.switch.port.pool.0.egress_send_burst_stddev_bytes = 27.6029
stat.switch.port.pool.0.egress_send_nonempty_frac = 0.00821364
stat.switch.port.pool.0.ingress_arrival_burst_avg_bytes = 64
stat.switch.port.pool.0.ingress_arrival_nonempty_frac = 0.00341765
stat.switch.port.pool.0.ingress_arrival_run_max_cycles = 1
stat.switch.port.pool.0.ingress_arrival_run_avg_cycles = 1
stat.switch.port.pool.0.ingress_arrival_gap_max_cycles = 1478
stat.switch.port.pool.0.ingress_arrival_gap_avg_cycles = 291.23
stat.switch.port.pool.0.ingress_release_burst_avg_bytes = 64
stat.switch.port.pool.0.ingress_release_nonempty_frac = 0.00341765
stat.switch.port.pool.0.ingress_release_run_max_cycles = 1
stat.switch.port.pool.0.ingress_release_run_avg_cycles = 1
stat.switch.port.pool.0.ingress_release_gap_max_cycles = 1468
stat.switch.port.pool.0.ingress_release_gap_avg_cycles = 291.208
stat.switch.port.pool.0.ingress_occ_avg_bytes = 32.461
stat.switch.port.pool.0.ingress_occ_stddev_bytes = 62.2135
stat.switch.port.pool.0.ingress_occ_max_bytes = 384
stat.switch.port.pool.0.ingress_occ_nonempty_frac = 0.270572
stat.switch.port.pool.0.ingress_occ_run_max_cycles = 498
stat.switch.port.pool.0.ingress_occ_run_avg_cycles = 214.262
stat.switch.port.pool.0.ingress_occ_gap_max_cycles = 1325
stat.switch.port.pool.0.ingress_occ_gap_avg_cycles = 576.872
stat.switch.port.pool.0.ingress_wait_avg_cycles.demand_req = 0
stat.switch.port.pool.0.ingress_wait_max_cycles.demand_req = 0
stat.switch.port.pool.0.ingress_queue_wait_avg_cycles.demand_req = 0
stat.switch.port.pool.0.ingress_queue_wait_max_cycles.demand_req = 0
stat.switch.port.pool.0.egress_wait_avg_cycles.demand_req = 1
stat.switch.port.pool.0.egress_wait_max_cycles.demand_req = 1
stat.switch.port.pool.0.egress_occ_avg_bytes.demand_req = 0
stat.switch.port.pool.0.egress_occ_max_bytes.demand_req = 0
stat.switch.port.pool.0.egress_blocked_cycles.demand_req = 0
stat.switch.port.pool.0.ingress_arrival_empty_packets.demand_req = 0
stat.switch.port.pool.0.ingress_arrival_nonempty_packets.demand_req = 0
stat.switch.port.pool.0.ingress_arrival_nonempty_packet_frac.demand_req = 0
stat.switch.port.pool.0.ingress_nonempty_arrival_pre_occ_avg_bytes.demand_req = 0
stat.switch.port.pool.0.ingress_nonempty_arrival_pre_occ_max_bytes.demand_req = 0
stat.switch.port.pool.0.ingress_release_after_empty_arrival_packets.demand_req = 0
stat.switch.port.pool.0.ingress_release_after_nonempty_arrival_packets.demand_req = 0
stat.switch.port.pool.0.ingress_wait_after_empty_arrival_avg_cycles.demand_req = 0
stat.switch.port.pool.0.ingress_wait_after_nonempty_arrival_avg_cycles.demand_req = 0
stat.switch.port.pool.0.ingress_queue_wait_after_empty_arrival_avg_cycles.demand_req = 0
stat.switch.port.pool.0.ingress_queue_wait_after_nonempty_arrival_avg_cycles.demand_req = 0
stat.switch.port.pool.0.ingress_queue_wait_after_empty_arrival_max_cycles.demand_req = 0
stat.switch.port.pool.0.ingress_queue_wait_after_nonempty_arrival_max_cycles.demand_req = 0
stat.switch.port.pool.0.rx_bytes.demand_req = 0
stat.switch.port.pool.0.tx_bytes.demand_req = 10176
stat.switch.port.pool.0.rx_pkts.demand_req = 0
stat.switch.port.pool.0.tx_pkts.demand_req = 1272
stat.switch.port.pool.0.ingress_wait_avg_cycles.write_req = 0
stat.switch.port.pool.0.ingress_wait_max_cycles.write_req = 0
stat.switch.port.pool.0.ingress_queue_wait_avg_cycles.write_req = 0
stat.switch.port.pool.0.ingress_queue_wait_max_cycles.write_req = 0
stat.switch.port.pool.0.egress_wait_avg_cycles.write_req = 1
stat.switch.port.pool.0.egress_wait_max_cycles.write_req = 1
stat.switch.port.pool.0.egress_occ_avg_bytes.write_req = 0
stat.switch.port.pool.0.egress_occ_max_bytes.write_req = 0
stat.switch.port.pool.0.egress_blocked_cycles.write_req = 0
stat.switch.port.pool.0.ingress_arrival_empty_packets.write_req = 0
stat.switch.port.pool.0.ingress_arrival_nonempty_packets.write_req = 0
stat.switch.port.pool.0.ingress_arrival_nonempty_packet_frac.write_req = 0
stat.switch.port.pool.0.ingress_nonempty_arrival_pre_occ_avg_bytes.write_req = 0
stat.switch.port.pool.0.ingress_nonempty_arrival_pre_occ_max_bytes.write_req = 0
stat.switch.port.pool.0.ingress_release_after_empty_arrival_packets.write_req = 0
stat.switch.port.pool.0.ingress_release_after_nonempty_arrival_packets.write_req = 0
stat.switch.port.pool.0.ingress_wait_after_empty_arrival_avg_cycles.write_req = 0
stat.switch.port.pool.0.ingress_wait_after_nonempty_arrival_avg_cycles.write_req = 0
stat.switch.port.pool.0.ingress_queue_wait_after_empty_arrival_avg_cycles.write_req = 0
stat.switch.port.pool.0.ingress_queue_wait_after_nonempty_arrival_avg_cycles.write_req = 0
stat.switch.port.pool.0.ingress_queue_wait_after_empty_arrival_max_cycles.write_req = 0
stat.switch.port.pool.0.ingress_queue_wait_after_nonempty_arrival_max_cycles.write_req = 0
stat.switch.port.pool.0.rx_bytes.write_req = 0
stat.switch.port.pool.0.tx_bytes.write_req = 114240
stat.switch.port.pool.0.rx_pkts.write_req = 0
stat.switch.port.pool.0.tx_pkts.write_req = 1785
stat.switch.port.pool.0.ingress_wait_avg_cycles.response = 149.407
stat.switch.port.pool.0.ingress_wait_max_cycles.response = 207
stat.switch.port.pool.0.ingress_queue_wait_avg_cycles.response = 4.40723
stat.switch.port.pool.0.ingress_queue_wait_max_cycles.response = 62
stat.switch.port.pool.0.egress_wait_avg_cycles.response = 0
stat.switch.port.pool.0.egress_wait_max_cycles.response = 0
stat.switch.port.pool.0.egress_occ_avg_bytes.response = 0
stat.switch.port.pool.0.egress_occ_max_bytes.response = 0
stat.switch.port.pool.0.egress_blocked_cycles.response = 0
stat.switch.port.pool.0.ingress_arrival_empty_packets.response = 470
stat.switch.port.pool.0.ingress_arrival_nonempty_packets.response = 802
stat.switch.port.pool.0.ingress_arrival_nonempty_packet_frac.response = 0.630503
stat.switch.port.pool.0.ingress_nonempty_arrival_pre_occ_avg_bytes.response = 110.444
stat.switch.port.pool.0.ingress_nonempty_arrival_pre_occ_max_bytes.response = 320
stat.switch.port.pool.0.ingress_release_after_empty_arrival_packets.response = 470
stat.switch.port.pool.0.ingress_release_after_nonempty_arrival_packets.response = 802
stat.switch.port.pool.0.ingress_wait_after_empty_arrival_avg_cycles.response = 145
stat.switch.port.pool.0.ingress_wait_after_nonempty_arrival_avg_cycles.response = 151.99
stat.switch.port.pool.0.ingress_queue_wait_after_empty_arrival_avg_cycles.response = 0
stat.switch.port.pool.0.ingress_queue_wait_after_nonempty_arrival_avg_cycles.response = 6.99002
stat.switch.port.pool.0.ingress_queue_wait_after_empty_arrival_max_cycles.response = 0
stat.switch.port.pool.0.ingress_queue_wait_after_nonempty_arrival_max_cycles.response = 62
stat.switch.port.pool.0.rx_bytes.response = 81408
stat.switch.port.pool.0.tx_bytes.response = 0
stat.switch.port.pool.0.rx_pkts.response = 1272
stat.switch.port.pool.0.tx_pkts.response = 0
stat.switch.port.pool.0.ingress_wait_avg_cycles.other_req = 0
stat.switch.port.pool.0.ingress_wait_max_cycles.other_req = 0
stat.switch.port.pool.0.ingress_queue_wait_avg_cycles.other_req = 0
stat.switch.port.pool.0.ingress_queue_wait_max_cycles.other_req = 0
stat.switch.port.pool.0.egress_wait_avg_cycles.other_req = 0
stat.switch.port.pool.0.egress_wait_max_cycles.other_req = 0
stat.switch.port.pool.0.egress_occ_avg_bytes.other_req = 0
stat.switch.port.pool.0.egress_occ_max_bytes.other_req = 0
stat.switch.port.pool.0.egress_blocked_cycles.other_req = 0
stat.switch.port.pool.0.ingress_arrival_empty_packets.other_req = 0
stat.switch.port.pool.0.ingress_arrival_nonempty_packets.other_req = 0
stat.switch.port.pool.0.ingress_arrival_nonempty_packet_frac.other_req = 0
stat.switch.port.pool.0.ingress_nonempty_arrival_pre_occ_avg_bytes.other_req = 0
stat.switch.port.pool.0.ingress_nonempty_arrival_pre_occ_max_bytes.other_req = 0
stat.switch.port.pool.0.ingress_release_after_empty_arrival_packets.other_req = 0
stat.switch.port.pool.0.ingress_release_after_nonempty_arrival_packets.other_req = 0
stat.switch.port.pool.0.ingress_wait_after_empty_arrival_avg_cycles.other_req = 0
stat.switch.port.pool.0.ingress_wait_after_nonempty_arrival_avg_cycles.other_req = 0
stat.switch.port.pool.0.ingress_queue_wait_after_empty_arrival_avg_cycles.other_req = 0
stat.switch.port.pool.0.ingress_queue_wait_after_nonempty_arrival_avg_cycles.other_req = 0
stat.switch.port.pool.0.ingress_queue_wait_after_empty_arrival_max_cycles.other_req = 0
stat.switch.port.pool.0.ingress_queue_wait_after_nonempty_arrival_max_cycles.other_req = 0
stat.switch.port.pool.0.rx_bytes.other_req = 0
stat.switch.port.pool.0.tx_bytes.other_req = 0
stat.switch.port.pool.0.rx_pkts.other_req = 0
stat.switch.port.pool.0.tx_pkts.other_req = 0
stat.switch.port.pool.0.ingress_occ_bucket_bytes.0 = 271483
stat.switch.port.pool.0.ready_occ_bucket_bytes.0 = 370914
stat.switch.port.pool.0.ingress_occ_bucket_bytes.1_64 = 44008
stat.switch.port.pool.0.ready_occ_bucket_bytes.1_64 = 1272
stat.switch.port.pool.0.ingress_occ_bucket_bytes.65_256 = 55143
stat.switch.port.pool.0.ready_occ_bucket_bytes.65_256 = 0
stat.switch.port.pool.0.ingress_occ_bucket_bytes.257_1024 = 1552
stat.switch.port.pool.0.ready_occ_bucket_bytes.257_1024 = 0
stat.switch.port.pool.0.ingress_occ_bucket_bytes.1025_4096 = 0
stat.switch.port.pool.0.ready_occ_bucket_bytes.1025_4096 = 0
stat.switch.port.pool.0.ingress_occ_bucket_bytes.4097_plus = 0
stat.switch.port.pool.0.ready_occ_bucket_bytes.4097_plus = 0
stat.switch.port.pool.0.ingress_episode.count = 470
stat.switch.port.pool.0.ingress_episode.avg_cycles = 214.262
stat.switch.port.pool.0.ingress_episode.max_cycles = 498
stat.switch.port.pool.0.ingress_episode.avg_peak_occ_bytes = 160.545
stat.switch.port.pool.0.ingress_episode.max_peak_occ_bytes = 384
stat.switch.port.pool.0.ingress_episode.avg_arrival_pkts = 2.70638
stat.switch.port.pool.0.ingress_episode.max_arrival_pkts = 8
stat.switch.port.pool.0.ingress_episode.avg_arrival_bytes = 173.209
stat.switch.port.pool.0.ingress_episode.max_arrival_bytes = 512
stat.switch.port.pool.0.ingress_episode.avg_release_pkts = 2.70638
stat.switch.port.pool.0.ingress_episode.max_release_pkts = 8
stat.switch.port.pool.0.ingress_episode.avg_release_bytes = 173.209
stat.switch.port.pool.0.ingress_episode.max_release_bytes = 512
stat.switch.port.pool.0.ingress_episode.avg_wait_cycles = 404.353
stat.switch.port.pool.0.ingress_episode.max_wait_cycles = 207
stat.switch.port.pool.0.ingress_episode.avg_queue_wait_cycles = 11.9277
stat.switch.port.pool.0.ingress_episode.max_queue_wait_cycles = 62
stat.switch.port.pool.0.ingress_episode.avg_src_distinct = 1
stat.switch.port.pool.0.ingress_episode.max_src_distinct = 1
stat.switch.port.pool.0.ingress_episode.avg_dst_distinct = 1
stat.switch.port.pool.0.ingress_episode.max_dst_distinct = 1
stat.switch.port.pool.0.ingress_episode.avg_arrival_pkts.demand_req = 0
stat.switch.port.pool.0.ingress_episode.max_arrival_pkts.demand_req = 0
stat.switch.port.pool.0.ingress_episode.avg_release_pkts.demand_req = 0
stat.switch.port.pool.0.ingress_episode.max_release_pkts.demand_req = 0
stat.switch.port.pool.0.ingress_pre_occ_bucket.demand_req.0 = 0
stat.switch.port.pool.0.ingress_queue_wait_bucket.demand_req.0 = 0
stat.switch.port.pool.0.ingress_pre_occ_bucket.demand_req.1_64 = 0
stat.switch.port.pool.0.ingress_queue_wait_bucket.demand_req.1_63 = 0
stat.switch.port.pool.0.ingress_pre_occ_bucket.demand_req.65_256 = 0
stat.switch.port.pool.0.ingress_queue_wait_bucket.demand_req.64_255 = 0
stat.switch.port.pool.0.ingress_pre_occ_bucket.demand_req.257_1024 = 0
stat.switch.port.pool.0.ingress_queue_wait_bucket.demand_req.256_1023 = 0
stat.switch.port.pool.0.ingress_pre_occ_bucket.demand_req.1025_4096 = 0
stat.switch.port.pool.0.ingress_queue_wait_bucket.demand_req.1024_4095 = 0
stat.switch.port.pool.0.ingress_pre_occ_bucket.demand_req.4097_plus = 0
stat.switch.port.pool.0.ingress_queue_wait_bucket.demand_req.4096_plus = 0
stat.switch.port.pool.0.ingress_episode.avg_arrival_pkts.write_req = 0
stat.switch.port.pool.0.ingress_episode.max_arrival_pkts.write_req = 0
stat.switch.port.pool.0.ingress_episode.avg_release_pkts.write_req = 0
stat.switch.port.pool.0.ingress_episode.max_release_pkts.write_req = 0
stat.switch.port.pool.0.ingress_pre_occ_bucket.write_req.0 = 0
stat.switch.port.pool.0.ingress_queue_wait_bucket.write_req.0 = 0
stat.switch.port.pool.0.ingress_pre_occ_bucket.write_req.1_64 = 0
stat.switch.port.pool.0.ingress_queue_wait_bucket.write_req.1_63 = 0
stat.switch.port.pool.0.ingress_pre_occ_bucket.write_req.65_256 = 0
stat.switch.port.pool.0.ingress_queue_wait_bucket.write_req.64_255 = 0
stat.switch.port.pool.0.ingress_pre_occ_bucket.write_req.257_1024 = 0
stat.switch.port.pool.0.ingress_queue_wait_bucket.write_req.256_1023 = 0
stat.switch.port.pool.0.ingress_pre_occ_bucket.write_req.1025_4096 = 0
stat.switch.port.pool.0.ingress_queue_wait_bucket.write_req.1024_4095 = 0
stat.switch.port.pool.0.ingress_pre_occ_bucket.write_req.4097_plus = 0
stat.switch.port.pool.0.ingress_queue_wait_bucket.write_req.4096_plus = 0
stat.switch.port.pool.0.ingress_episode.avg_arrival_pkts.response = 2.70638
stat.switch.port.pool.0.ingress_episode.max_arrival_pkts.response = 8
stat.switch.port.pool.0.ingress_episode.avg_release_pkts.response = 2.70638
stat.switch.port.pool.0.ingress_episode.max_release_pkts.response = 8
stat.switch.port.pool.0.ingress_pre_occ_bucket.response.0 = 470
stat.switch.port.pool.0.ingress_queue_wait_bucket.response.0 = 912
stat.switch.port.pool.0.ingress_pre_occ_bucket.response.1_64 = 400
stat.switch.port.pool.0.ingress_queue_wait_bucket.response.1_63 = 360
stat.switch.port.pool.0.ingress_pre_occ_bucket.response.65_256 = 396
stat.switch.port.pool.0.ingress_queue_wait_bucket.response.64_255 = 0
stat.switch.port.pool.0.ingress_pre_occ_bucket.response.257_1024 = 6
stat.switch.port.pool.0.ingress_queue_wait_bucket.response.256_1023 = 0
stat.switch.port.pool.0.ingress_pre_occ_bucket.response.1025_4096 = 0
stat.switch.port.pool.0.ingress_queue_wait_bucket.response.1024_4095 = 0
stat.switch.port.pool.0.ingress_pre_occ_bucket.response.4097_plus = 0
stat.switch.port.pool.0.ingress_queue_wait_bucket.response.4096_plus = 0
stat.switch.port.pool.0.ingress_episode.avg_arrival_pkts.other_req = 0
stat.switch.port.pool.0.ingress_episode.max_arrival_pkts.other_req = 0
stat.switch.port.pool.0.ingress_episode.avg_release_pkts.other_req = 0
stat.switch.port.pool.0.ingress_episode.max_release_pkts.other_req = 0
stat.switch.port.pool.0.ingress_pre_occ_bucket.other_req.0 = 0
stat.switch.port.pool.0.ingress_queue_wait_bucket.other_req.0 = 0
stat.switch.port.pool.0.ingress_pre_occ_bucket.other_req.1_64 = 0
stat.switch.port.pool.0.ingress_queue_wait_bucket.other_req.1_63 = 0
stat.switch.port.pool.0.ingress_pre_occ_bucket.other_req.65_256 = 0
stat.switch.port.pool.0.ingress_queue_wait_bucket.other_req.64_255 = 0
stat.switch.port.pool.0.ingress_pre_occ_bucket.other_req.257_1024 = 0
stat.switch.port.pool.0.ingress_queue_wait_bucket.other_req.256_1023 = 0
stat.switch.port.pool.0.ingress_pre_occ_bucket.other_req.1025_4096 = 0
stat.switch.port.pool.0.ingress_queue_wait_bucket.other_req.1024_4095 = 0
stat.switch.port.pool.0.ingress_pre_occ_bucket.other_req.4097_plus = 0
stat.switch.port.pool.0.ingress_queue_wait_bucket.other_req.4096_plus = 0
stat.switch.port.pool.0.peer_src.100.rx_bytes.response = 81408
stat.switch.port.pool.0.peer_src.100.rx_pkts.response = 1272
stat.switch.port.pool.0.peer_src.100.tx_bytes.response = 0
stat.switch.port.pool.0.peer_src.100.tx_pkts.response = 0
stat.switch.port.pool.0.peer_src.100.ingress_arrivals.response = 1272
stat.switch.port.pool.0.peer_src.100.ingress_arrival_nonempty_packet_frac.response = 0.630503
stat.switch.port.pool.0.peer_src.100.ingress_nonempty_arrival_pre_occ_avg_bytes.response = 110.444
stat.switch.port.pool.0.peer_src.100.ingress_nonempty_arrival_pre_occ_max_bytes.response = 320
stat.switch.port.pool.0.peer_src.100.ingress_wait_avg_cycles.response = 149.407
stat.switch.port.pool.0.peer_src.100.ingress_queue_wait_avg_cycles.response = 4.40723
stat.switch.port.pool.0.peer_src.100.ingress_queue_wait_after_nonempty_arrival_avg_cycles.response = 6.99002
stat.switch.port.pool.0.peer_src.100.ingress_pre_occ_bucket.response.0 = 470
stat.switch.port.pool.0.peer_src.100.ingress_queue_wait_bucket.response.0 = 912
stat.switch.port.pool.0.peer_src.100.ingress_pre_occ_bucket.response.1_64 = 400
stat.switch.port.pool.0.peer_src.100.ingress_queue_wait_bucket.response.1_63 = 360
stat.switch.port.pool.0.peer_src.100.ingress_pre_occ_bucket.response.65_256 = 396
stat.switch.port.pool.0.peer_src.100.ingress_queue_wait_bucket.response.64_255 = 0
stat.switch.port.pool.0.peer_src.100.ingress_pre_occ_bucket.response.257_1024 = 6
stat.switch.port.pool.0.peer_src.100.ingress_queue_wait_bucket.response.256_1023 = 0
stat.switch.port.pool.0.peer_src.100.ingress_pre_occ_bucket.response.1025_4096 = 0
stat.switch.port.pool.0.peer_src.100.ingress_queue_wait_bucket.response.1024_4095 = 0
stat.switch.port.pool.0.peer_src.100.ingress_pre_occ_bucket.response.4097_plus = 0
stat.switch.port.pool.0.peer_src.100.ingress_queue_wait_bucket.response.4096_plus = 0
stat.switch.port.pool.0.peer_dst.0.rx_bytes.response = 81408
stat.switch.port.pool.0.peer_dst.0.rx_pkts.response = 1272
stat.switch.port.pool.0.peer_dst.0.tx_bytes.response = 0
stat.switch.port.pool.0.peer_dst.0.tx_pkts.response = 0
stat.switch.port.pool.0.peer_dst.0.ingress_arrivals.response = 1272
stat.switch.port.pool.0.peer_dst.0.ingress_arrival_nonempty_packet_frac.response = 0.630503
stat.switch.port.pool.0.peer_dst.0.ingress_nonempty_arrival_pre_occ_avg_bytes.response = 110.444
stat.switch.port.pool.0.peer_dst.0.ingress_nonempty_arrival_pre_occ_max_bytes.response = 320
stat.switch.port.pool.0.peer_dst.0.ingress_wait_avg_cycles.response = 149.407
stat.switch.port.pool.0.peer_dst.0.ingress_queue_wait_avg_cycles.response = 4.40723
stat.switch.port.pool.0.peer_dst.0.ingress_queue_wait_after_nonempty_arrival_avg_cycles.response = 6.99002
stat.switch.port.pool.0.peer_dst.0.ingress_pre_occ_bucket.response.0 = 470
stat.switch.port.pool.0.peer_dst.0.ingress_queue_wait_bucket.response.0 = 912
stat.switch.port.pool.0.peer_dst.0.ingress_pre_occ_bucket.response.1_64 = 400
stat.switch.port.pool.0.peer_dst.0.ingress_queue_wait_bucket.response.1_63 = 360
stat.switch.port.pool.0.peer_dst.0.ingress_pre_occ_bucket.response.65_256 = 396
stat.switch.port.pool.0.peer_dst.0.ingress_queue_wait_bucket.response.64_255 = 0
stat.switch.port.pool.0.peer_dst.0.ingress_pre_occ_bucket.response.257_1024 = 6
stat.switch.port.pool.0.peer_dst.0.ingress_queue_wait_bucket.response.256_1023 = 0
stat.switch.port.pool.0.peer_dst.0.ingress_pre_occ_bucket.response.1025_4096 = 0
stat.switch.port.pool.0.peer_dst.0.ingress_queue_wait_bucket.response.1024_4095 = 0
stat.switch.port.pool.0.peer_dst.0.ingress_pre_occ_bucket.response.4097_plus = 0
stat.switch.port.pool.0.peer_dst.0.ingress_queue_wait_bucket.response.4096_plus = 0
stat.switch.port.pool.0.tx_src.0.rx_bytes.demand_req = 0
stat.switch.port.pool.0.tx_src.0.rx_pkts.demand_req = 0
stat.switch.port.pool.0.tx_src.0.tx_bytes.demand_req = 10176
stat.switch.port.pool.0.tx_src.0.tx_pkts.demand_req = 1272
stat.switch.port.pool.0.tx_src.0.ingress_arrivals.demand_req = 0
stat.switch.port.pool.0.tx_src.0.ingress_arrival_nonempty_packet_frac.demand_req = 0
stat.switch.port.pool.0.tx_src.0.ingress_nonempty_arrival_pre_occ_avg_bytes.demand_req = 0
stat.switch.port.pool.0.tx_src.0.ingress_nonempty_arrival_pre_occ_max_bytes.demand_req = 0
stat.switch.port.pool.0.tx_src.0.ingress_wait_avg_cycles.demand_req = 0
stat.switch.port.pool.0.tx_src.0.ingress_queue_wait_avg_cycles.demand_req = 0
stat.switch.port.pool.0.tx_src.0.ingress_queue_wait_after_nonempty_arrival_avg_cycles.demand_req = 0
stat.switch.port.pool.0.tx_src.0.ingress_pre_occ_bucket.demand_req.0 = 0
stat.switch.port.pool.0.tx_src.0.ingress_queue_wait_bucket.demand_req.0 = 0
stat.switch.port.pool.0.tx_src.0.ingress_pre_occ_bucket.demand_req.1_64 = 0
stat.switch.port.pool.0.tx_src.0.ingress_queue_wait_bucket.demand_req.1_63 = 0
stat.switch.port.pool.0.tx_src.0.ingress_pre_occ_bucket.demand_req.65_256 = 0
stat.switch.port.pool.0.tx_src.0.ingress_queue_wait_bucket.demand_req.64_255 = 0
stat.switch.port.pool.0.tx_src.0.ingress_pre_occ_bucket.demand_req.257_1024 = 0
stat.switch.port.pool.0.tx_src.0.ingress_queue_wait_bucket.demand_req.256_1023 = 0
stat.switch.port.pool.0.tx_src.0.ingress_pre_occ_bucket.demand_req.1025_4096 = 0
stat.switch.port.pool.0.tx_src.0.ingress_queue_wait_bucket.demand_req.1024_4095 = 0
stat.switch.port.pool.0.tx_src.0.ingress_pre_occ_bucket.demand_req.4097_plus = 0
stat.switch.port.pool.0.tx_src.0.ingress_queue_wait_bucket.demand_req.4096_plus = 0
stat.switch.port.pool.0.tx_src.0.rx_bytes.write_req = 0
stat.switch.port.pool.0.tx_src.0.rx_pkts.write_req = 0
stat.switch.port.pool.0.tx_src.0.tx_bytes.write_req = 114240
stat.switch.port.pool.0.tx_src.0.tx_pkts.write_req = 1785
stat.switch.port.pool.0.tx_src.0.ingress_arrivals.write_req = 0
stat.switch.port.pool.0.tx_src.0.ingress_arrival_nonempty_packet_frac.write_req = 0
stat.switch.port.pool.0.tx_src.0.ingress_nonempty_arrival_pre_occ_avg_bytes.write_req = 0
stat.switch.port.pool.0.tx_src.0.ingress_nonempty_arrival_pre_occ_max_bytes.write_req = 0
stat.switch.port.pool.0.tx_src.0.ingress_wait_avg_cycles.write_req = 0
stat.switch.port.pool.0.tx_src.0.ingress_queue_wait_avg_cycles.write_req = 0
stat.switch.port.pool.0.tx_src.0.ingress_queue_wait_after_nonempty_arrival_avg_cycles.write_req = 0
stat.switch.port.pool.0.tx_src.0.ingress_pre_occ_bucket.write_req.0 = 0
stat.switch.port.pool.0.tx_src.0.ingress_queue_wait_bucket.write_req.0 = 0
stat.switch.port.pool.0.tx_src.0.ingress_pre_occ_bucket.write_req.1_64 = 0
stat.switch.port.pool.0.tx_src.0.ingress_queue_wait_bucket.write_req.1_63 = 0
stat.switch.port.pool.0.tx_src.0.ingress_pre_occ_bucket.write_req.65_256 = 0
stat.switch.port.pool.0.tx_src.0.ingress_queue_wait_bucket.write_req.64_255 = 0
stat.switch.port.pool.0.tx_src.0.ingress_pre_occ_bucket.write_req.257_1024 = 0
stat.switch.port.pool.0.tx_src.0.ingress_queue_wait_bucket.write_req.256_1023 = 0
stat.switch.port.pool.0.tx_src.0.ingress_pre_occ_bucket.write_req.1025_4096 = 0
stat.switch.port.pool.0.tx_src.0.ingress_queue_wait_bucket.write_req.1024_4095 = 0
stat.switch.port.pool.0.tx_src.0.ingress_pre_occ_bucket.write_req.4097_plus = 0
stat.switch.port.pool.0.tx_src.0.ingress_queue_wait_bucket.write_req.4096_plus = 0
stat.switch.port.pool.0.tx_dst.100.rx_bytes.demand_req = 0
stat.switch.port.pool.0.tx_dst.100.rx_pkts.demand_req = 0
stat.switch.port.pool.0.tx_dst.100.tx_bytes.demand_req = 10176
stat.switch.port.pool.0.tx_dst.100.tx_pkts.demand_req = 1272
stat.switch.port.pool.0.tx_dst.100.ingress_arrivals.demand_req = 0
stat.switch.port.pool.0.tx_dst.100.ingress_arrival_nonempty_packet_frac.demand_req = 0
stat.switch.port.pool.0.tx_dst.100.ingress_nonempty_arrival_pre_occ_avg_bytes.demand_req = 0
stat.switch.port.pool.0.tx_dst.100.ingress_nonempty_arrival_pre_occ_max_bytes.demand_req = 0
stat.switch.port.pool.0.tx_dst.100.ingress_wait_avg_cycles.demand_req = 0
stat.switch.port.pool.0.tx_dst.100.ingress_queue_wait_avg_cycles.demand_req = 0
stat.switch.port.pool.0.tx_dst.100.ingress_queue_wait_after_nonempty_arrival_avg_cycles.demand_req = 0
stat.switch.port.pool.0.tx_dst.100.ingress_pre_occ_bucket.demand_req.0 = 0
stat.switch.port.pool.0.tx_dst.100.ingress_queue_wait_bucket.demand_req.0 = 0
stat.switch.port.pool.0.tx_dst.100.ingress_pre_occ_bucket.demand_req.1_64 = 0
stat.switch.port.pool.0.tx_dst.100.ingress_queue_wait_bucket.demand_req.1_63 = 0
stat.switch.port.pool.0.tx_dst.100.ingress_pre_occ_bucket.demand_req.65_256 = 0
stat.switch.port.pool.0.tx_dst.100.ingress_queue_wait_bucket.demand_req.64_255 = 0
stat.switch.port.pool.0.tx_dst.100.ingress_pre_occ_bucket.demand_req.257_1024 = 0
stat.switch.port.pool.0.tx_dst.100.ingress_queue_wait_bucket.demand_req.256_1023 = 0
stat.switch.port.pool.0.tx_dst.100.ingress_pre_occ_bucket.demand_req.1025_4096 = 0
stat.switch.port.pool.0.tx_dst.100.ingress_queue_wait_bucket.demand_req.1024_4095 = 0
stat.switch.port.pool.0.tx_dst.100.ingress_pre_occ_bucket.demand_req.4097_plus = 0
stat.switch.port.pool.0.tx_dst.100.ingress_queue_wait_bucket.demand_req.4096_plus = 0
stat.switch.port.pool.0.tx_dst.100.rx_bytes.write_req = 0
stat.switch.port.pool.0.tx_dst.100.rx_pkts.write_req = 0
stat.switch.port.pool.0.tx_dst.100.tx_bytes.write_req = 114240
stat.switch.port.pool.0.tx_dst.100.tx_pkts.write_req = 1785
stat.switch.port.pool.0.tx_dst.100.ingress_arrivals.write_req = 0
stat.switch.port.pool.0.tx_dst.100.ingress_arrival_nonempty_packet_frac.write_req = 0
stat.switch.port.pool.0.tx_dst.100.ingress_nonempty_arrival_pre_occ_avg_bytes.write_req = 0
stat.switch.port.pool.0.tx_dst.100.ingress_nonempty_arrival_pre_occ_max_bytes.write_req = 0
stat.switch.port.pool.0.tx_dst.100.ingress_wait_avg_cycles.write_req = 0
stat.switch.port.pool.0.tx_dst.100.ingress_queue_wait_avg_cycles.write_req = 0
stat.switch.port.pool.0.tx_dst.100.ingress_queue_wait_after_nonempty_arrival_avg_cycles.write_req = 0
stat.switch.port.pool.0.tx_dst.100.ingress_pre_occ_bucket.write_req.0 = 0
stat.switch.port.pool.0.tx_dst.100.ingress_queue_wait_bucket.write_req.0 = 0
stat.switch.port.pool.0.tx_dst.100.ingress_pre_occ_bucket.write_req.1_64 = 0
stat.switch.port.pool.0.tx_dst.100.ingress_queue_wait_bucket.write_req.1_63 = 0
stat.switch.port.pool.0.tx_dst.100.ingress_pre_occ_bucket.write_req.65_256 = 0
stat.switch.port.pool.0.tx_dst.100.ingress_queue_wait_bucket.write_req.64_255 = 0
stat.switch.port.pool.0.tx_dst.100.ingress_pre_occ_bucket.write_req.257_1024 = 0
stat.switch.port.pool.0.tx_dst.100.ingress_queue_wait_bucket.write_req.256_1023 = 0
stat.switch.port.pool.0.tx_dst.100.ingress_pre_occ_bucket.write_req.1025_4096 = 0
stat.switch.port.pool.0.tx_dst.100.ingress_queue_wait_bucket.write_req.1024_4095 = 0
stat.switch.port.pool.0.tx_dst.100.ingress_pre_occ_bucket.write_req.4097_plus = 0
stat.switch.port.pool.0.tx_dst.100.ingress_queue_wait_bucket.write_req.4096_plus = 0
stat.switch.port.pool.1.ingress_wait_avg_cycles = 149.172
stat.switch.port.pool.1.ingress_wait_max_cycles = 206
stat.switch.port.pool.1.egress_wait_avg_cycles = 1
stat.switch.port.pool.1.egress_wait_max_cycles = 1
stat.switch.port.pool.1.ingress_queue_wait_avg_cycles = 4.17152
stat.switch.port.pool.1.ingress_queue_wait_max_cycles = 61
stat.switch.port.pool.1.egress_occ_avg_bytes = 0
stat.switch.port.pool.1.egress_occ_stddev_bytes = 0
stat.switch.port.pool.1.egress_occ_max_bytes = 0
stat.switch.port.pool.1.egress_occ_nonempty_frac = 0
stat.switch.port.pool.1.egress_blocked_cycles = 0
stat.switch.port.pool.1.egress_blocked_nonempty_frac = 0
stat.switch.port.pool.1.egress_blocked_avg_occ_bytes = 0
stat.switch.port.pool.1.egress_blocked_max_occ_bytes = 0
stat.switch.port.pool.1.egress_send_burst_max_pkts = 1
stat.switch.port.pool.1.egress_send_burst_max_bytes = 64
stat.switch.port.pool.1.egress_send_burst_avg_pkts = 1
stat.switch.port.pool.1.egress_send_burst_avg_bytes = 40.7094
stat.switch.port.pool.1.egress_send_burst_stddev_pkts = 0
stat.switch.port.pool.1.egress_send_burst_stddev_bytes = 27.6011
stat.switch.port.pool.1.egress_send_nonempty_frac = 0.00821095
stat.switch.port.pool.1.ingress_arrival_burst_avg_bytes = 64
stat.switch.port.pool.1.ingress_arrival_nonempty_frac = 0.00341496
stat.switch.port.pool.1.ingress_arrival_run_max_cycles = 1
stat.switch.port.pool.1.ingress_arrival_run_avg_cycles = 1
stat.switch.port.pool.1.ingress_arrival_gap_max_cycles = 1418
stat.switch.port.pool.1.ingress_arrival_gap_avg_cycles = 291.449
stat.switch.port.pool.1.ingress_release_burst_avg_bytes = 64
stat.switch.port.pool.1.ingress_release_nonempty_frac = 0.00341496
stat.switch.port.pool.1.ingress_release_run_max_cycles = 1
stat.switch.port.pool.1.ingress_release_run_avg_cycles = 1
stat.switch.port.pool.1.ingress_release_gap_max_cycles = 1399
stat.switch.port.pool.1.ingress_release_gap_avg_cycles = 291.43
stat.switch.port.pool.1.ingress_occ_avg_bytes = 32.384
stat.switch.port.pool.1.ingress_occ_stddev_bytes = 61.3988
stat.switch.port.pool.1.ingress_occ_max_bytes = 448
stat.switch.port.pool.1.ingress_occ_nonempty_frac = 0.273696
stat.switch.port.pool.1.ingress_occ_run_max_cycles = 555
stat.switch.port.pool.1.ingress_occ_run_avg_cycles = 216.736
stat.switch.port.pool.1.ingress_occ_gap_max_cycles = 1256
stat.switch.port.pool.1.ingress_occ_gap_avg_cycles = 574.374
stat.switch.port.pool.1.ingress_wait_avg_cycles.demand_req = 0
stat.switch.port.pool.1.ingress_wait_max_cycles.demand_req = 0
stat.switch.port.pool.1.ingress_queue_wait_avg_cycles.demand_req = 0
stat.switch.port.pool.1.ingress_queue_wait_max_cycles.demand_req = 0
stat.switch.port.pool.1.egress_wait_avg_cycles.demand_req = 1
stat.switch.port.pool.1.egress_wait_max_cycles.demand_req = 1
stat.switch.port.pool.1.egress_occ_avg_bytes.demand_req = 0
stat.switch.port.pool.1.egress_occ_max_bytes.demand_req = 0
stat.switch.port.pool.1.egress_blocked_cycles.demand_req = 0
stat.switch.port.pool.1.ingress_arrival_empty_packets.demand_req = 0
stat.switch.port.pool.1.ingress_arrival_nonempty_packets.demand_req = 0
stat.switch.port.pool.1.ingress_arrival_nonempty_packet_frac.demand_req = 0
stat.switch.port.pool.1.ingress_nonempty_arrival_pre_occ_avg_bytes.demand_req = 0
stat.switch.port.pool.1.ingress_nonempty_arrival_pre_occ_max_bytes.demand_req = 0
stat.switch.port.pool.1.ingress_release_after_empty_arrival_packets.demand_req = 0
stat.switch.port.pool.1.ingress_release_after_nonempty_arrival_packets.demand_req = 0
stat.switch.port.pool.1.ingress_wait_after_empty_arrival_avg_cycles.demand_req = 0
stat.switch.port.pool.1.ingress_wait_after_nonempty_arrival_avg_cycles.demand_req = 0
stat.switch.port.pool.1.ingress_queue_wait_after_empty_arrival_avg_cycles.demand_req = 0
stat.switch.port.pool.1.ingress_queue_wait_after_nonempty_arrival_avg_cycles.demand_req = 0
stat.switch.port.pool.1.ingress_queue_wait_after_empty_arrival_max_cycles.demand_req = 0
stat.switch.port.pool.1.ingress_queue_wait_after_nonempty_arrival_max_cycles.demand_req = 0
stat.switch.port.pool.1.rx_bytes.demand_req = 0
stat.switch.port.pool.1.tx_bytes.demand_req = 10168
stat.switch.port.pool.1.rx_pkts.demand_req = 0
stat.switch.port.pool.1.tx_pkts.demand_req = 1271
stat.switch.port.pool.1.ingress_wait_avg_cycles.write_req = 0
stat.switch.port.pool.1.ingress_wait_max_cycles.write_req = 0
stat.switch.port.pool.1.ingress_queue_wait_avg_cycles.write_req = 0
stat.switch.port.pool.1.ingress_queue_wait_max_cycles.write_req = 0
stat.switch.port.pool.1.egress_wait_avg_cycles.write_req = 1
stat.switch.port.pool.1.egress_wait_max_cycles.write_req = 1
stat.switch.port.pool.1.egress_occ_avg_bytes.write_req = 0
stat.switch.port.pool.1.egress_occ_max_bytes.write_req = 0
stat.switch.port.pool.1.egress_blocked_cycles.write_req = 0
stat.switch.port.pool.1.ingress_arrival_empty_packets.write_req = 0
stat.switch.port.pool.1.ingress_arrival_nonempty_packets.write_req = 0
stat.switch.port.pool.1.ingress_arrival_nonempty_packet_frac.write_req = 0
stat.switch.port.pool.1.ingress_nonempty_arrival_pre_occ_avg_bytes.write_req = 0
stat.switch.port.pool.1.ingress_nonempty_arrival_pre_occ_max_bytes.write_req = 0
stat.switch.port.pool.1.ingress_release_after_empty_arrival_packets.write_req = 0
stat.switch.port.pool.1.ingress_release_after_nonempty_arrival_packets.write_req = 0
stat.switch.port.pool.1.ingress_wait_after_empty_arrival_avg_cycles.write_req = 0
stat.switch.port.pool.1.ingress_wait_after_nonempty_arrival_avg_cycles.write_req = 0
stat.switch.port.pool.1.ingress_queue_wait_after_empty_arrival_avg_cycles.write_req = 0
stat.switch.port.pool.1.ingress_queue_wait_after_nonempty_arrival_avg_cycles.write_req = 0
stat.switch.port.pool.1.ingress_queue_wait_after_empty_arrival_max_cycles.write_req = 0
stat.switch.port.pool.1.ingress_queue_wait_after_nonempty_arrival_max_cycles.write_req = 0
stat.switch.port.pool.1.rx_bytes.write_req = 0
stat.switch.port.pool.1.tx_bytes.write_req = 114240
stat.switch.port.pool.1.rx_pkts.write_req = 0
stat.switch.port.pool.1.tx_pkts.write_req = 1785
stat.switch.port.pool.1.ingress_wait_avg_cycles.response = 149.172
stat.switch.port.pool.1.ingress_wait_max_cycles.response = 206
stat.switch.port.pool.1.ingress_queue_wait_avg_cycles.response = 4.17152
stat.switch.port.pool.1.ingress_queue_wait_max_cycles.response = 61
stat.switch.port.pool.1.egress_wait_avg_cycles.response = 0
stat.switch.port.pool.1.egress_wait_max_cycles.response = 0
stat.switch.port.pool.1.egress_occ_avg_bytes.response = 0
stat.switch.port.pool.1.egress_occ_max_bytes.response = 0
stat.switch.port.pool.1.egress_blocked_cycles.response = 0
stat.switch.port.pool.1.ingress_arrival_empty_packets.response = 470
stat.switch.port.pool.1.ingress_arrival_nonempty_packets.response = 801
stat.switch.port.pool.1.ingress_arrival_nonempty_packet_frac.response = 0.630212
stat.switch.port.pool.1.ingress_nonempty_arrival_pre_occ_avg_bytes.response = 108.025
stat.switch.port.pool.1.ingress_nonempty_arrival_pre_occ_max_bytes.response = 384
stat.switch.port.pool.1.ingress_release_after_empty_arrival_packets.response = 470
stat.switch.port.pool.1.ingress_release_after_nonempty_arrival_packets.response = 801
stat.switch.port.pool.1.ingress_wait_after_empty_arrival_avg_cycles.response = 145
stat.switch.port.pool.1.ingress_wait_after_nonempty_arrival_avg_cycles.response = 151.619
stat.switch.port.pool.1.ingress_queue_wait_after_empty_arrival_avg_cycles.response = 0
stat.switch.port.pool.1.ingress_queue_wait_after_nonempty_arrival_avg_cycles.response = 6.61923
stat.switch.port.pool.1.ingress_queue_wait_after_empty_arrival_max_cycles.response = 0
stat.switch.port.pool.1.ingress_queue_wait_after_nonempty_arrival_max_cycles.response = 61
stat.switch.port.pool.1.rx_bytes.response = 81344
stat.switch.port.pool.1.tx_bytes.response = 0
stat.switch.port.pool.1.rx_pkts.response = 1271
stat.switch.port.pool.1.tx_pkts.response = 0
stat.switch.port.pool.1.ingress_wait_avg_cycles.other_req = 0
stat.switch.port.pool.1.ingress_wait_max_cycles.other_req = 0
stat.switch.port.pool.1.ingress_queue_wait_avg_cycles.other_req = 0
stat.switch.port.pool.1.ingress_queue_wait_max_cycles.other_req = 0
stat.switch.port.pool.1.egress_wait_avg_cycles.other_req = 0
stat.switch.port.pool.1.egress_wait_max_cycles.other_req = 0
stat.switch.port.pool.1.egress_occ_avg_bytes.other_req = 0
stat.switch.port.pool.1.egress_occ_max_bytes.other_req = 0
stat.switch.port.pool.1.egress_blocked_cycles.other_req = 0
stat.switch.port.pool.1.ingress_arrival_empty_packets.other_req = 0
stat.switch.port.pool.1.ingress_arrival_nonempty_packets.other_req = 0
stat.switch.port.pool.1.ingress_arrival_nonempty_packet_frac.other_req = 0
stat.switch.port.pool.1.ingress_nonempty_arrival_pre_occ_avg_bytes.other_req = 0
stat.switch.port.pool.1.ingress_nonempty_arrival_pre_occ_max_bytes.other_req = 0
stat.switch.port.pool.1.ingress_release_after_empty_arrival_packets.other_req = 0
stat.switch.port.pool.1.ingress_release_after_nonempty_arrival_packets.other_req = 0
stat.switch.port.pool.1.ingress_wait_after_empty_arrival_avg_cycles.other_req = 0
stat.switch.port.pool.1.ingress_wait_after_nonempty_arrival_avg_cycles.other_req = 0
stat.switch.port.pool.1.ingress_queue_wait_after_empty_arrival_avg_cycles.other_req = 0
stat.switch.port.pool.1.ingress_queue_wait_after_nonempty_arrival_avg_cycles.other_req = 0
stat.switch.port.pool.1.ingress_queue_wait_after_empty_arrival_max_cycles.other_req = 0
stat.switch.port.pool.1.ingress_queue_wait_after_nonempty_arrival_max_cycles.other_req = 0
stat.switch.port.pool.1.rx_bytes.other_req = 0
stat.switch.port.pool.1.tx_bytes.other_req = 0
stat.switch.port.pool.1.rx_pkts.other_req = 0
stat.switch.port.pool.1.tx_pkts.other_req = 0
stat.switch.port.pool.1.ingress_occ_bucket_bytes.0 = 270320
stat.switch.port.pool.1.ready_occ_bucket_bytes.0 = 370915
stat.switch.port.pool.1.ingress_occ_bucket_bytes.1_64 = 45057
stat.switch.port.pool.1.ready_occ_bucket_bytes.1_64 = 1271
stat.switch.port.pool.1.ingress_occ_bucket_bytes.65_256 = 55559
stat.switch.port.pool.1.ready_occ_bucket_bytes.65_256 = 0
stat.switch.port.pool.1.ingress_occ_bucket_bytes.257_1024 = 1250
stat.switch.port.pool.1.ready_occ_bucket_bytes.257_1024 = 0
stat.switch.port.pool.1.ingress_occ_bucket_bytes.1025_4096 = 0
stat.switch.port.pool.1.ready_occ_bucket_bytes.1025_4096 = 0
stat.switch.port.pool.1.ingress_occ_bucket_bytes.4097_plus = 0
stat.switch.port.pool.1.ready_occ_bucket_bytes.4097_plus = 0
stat.switch.port.pool.1.ingress_episode.count = 470
stat.switch.port.pool.1.ingress_episode.avg_cycles = 216.736
stat.switch.port.pool.1.ingress_episode.max_cycles = 555
stat.switch.port.pool.1.ingress_episode.avg_peak_occ_bytes = 159.455
stat.switch.port.pool.1.ingress_episode.max_peak_occ_bytes = 448
stat.switch.port.pool.1.ingress_episode.avg_arrival_pkts = 2.70426
stat.switch.port.pool.1.ingress_episode.max_arrival_pkts = 8
stat.switch.port.pool.1.ingress_episode.avg_arrival_bytes = 173.072
stat.switch.port.pool.1.ingress_episode.max_arrival_bytes = 512
stat.switch.port.pool.1.ingress_episode.avg_release_pkts = 2.70426
stat.switch.port.pool.1.ingress_episode.max_release_pkts = 8
stat.switch.port.pool.1.ingress_episode.avg_release_bytes = 173.072
stat.switch.port.pool.1.ingress_episode.max_release_bytes = 512
stat.switch.port.pool.1.ingress_episode.avg_wait_cycles = 403.398
stat.switch.port.pool.1.ingress_episode.max_wait_cycles = 206
stat.switch.port.pool.1.ingress_episode.avg_queue_wait_cycles = 11.2809
stat.switch.port.pool.1.ingress_episode.max_queue_wait_cycles = 61
stat.switch.port.pool.1.ingress_episode.avg_src_distinct = 1
stat.switch.port.pool.1.ingress_episode.max_src_distinct = 1
stat.switch.port.pool.1.ingress_episode.avg_dst_distinct = 1
stat.switch.port.pool.1.ingress_episode.max_dst_distinct = 1
stat.switch.port.pool.1.ingress_episode.avg_arrival_pkts.demand_req = 0
stat.switch.port.pool.1.ingress_episode.max_arrival_pkts.demand_req = 0
stat.switch.port.pool.1.ingress_episode.avg_release_pkts.demand_req = 0
stat.switch.port.pool.1.ingress_episode.max_release_pkts.demand_req = 0
stat.switch.port.pool.1.ingress_pre_occ_bucket.demand_req.0 = 0
stat.switch.port.pool.1.ingress_queue_wait_bucket.demand_req.0 = 0
stat.switch.port.pool.1.ingress_pre_occ_bucket.demand_req.1_64 = 0
stat.switch.port.pool.1.ingress_queue_wait_bucket.demand_req.1_63 = 0
stat.switch.port.pool.1.ingress_pre_occ_bucket.demand_req.65_256 = 0
stat.switch.port.pool.1.ingress_queue_wait_bucket.demand_req.64_255 = 0
stat.switch.port.pool.1.ingress_pre_occ_bucket.demand_req.257_1024 = 0
stat.switch.port.pool.1.ingress_queue_wait_bucket.demand_req.256_1023 = 0
stat.switch.port.pool.1.ingress_pre_occ_bucket.demand_req.1025_4096 = 0
stat.switch.port.pool.1.ingress_queue_wait_bucket.demand_req.1024_4095 = 0
stat.switch.port.pool.1.ingress_pre_occ_bucket.demand_req.4097_plus = 0
stat.switch.port.pool.1.ingress_queue_wait_bucket.demand_req.4096_plus = 0
stat.switch.port.pool.1.ingress_episode.avg_arrival_pkts.write_req = 0
stat.switch.port.pool.1.ingress_episode.max_arrival_pkts.write_req = 0
stat.switch.port.pool.1.ingress_episode.avg_release_pkts.write_req = 0
stat.switch.port.pool.1.ingress_episode.max_release_pkts.write_req = 0
stat.switch.port.pool.1.ingress_pre_occ_bucket.write_req.0 = 0
stat.switch.port.pool.1.ingress_queue_wait_bucket.write_req.0 = 0
stat.switch.port.pool.1.ingress_pre_occ_bucket.write_req.1_64 = 0
stat.switch.port.pool.1.ingress_queue_wait_bucket.write_req.1_63 = 0
stat.switch.port.pool.1.ingress_pre_occ_bucket.write_req.65_256 = 0
stat.switch.port.pool.1.ingress_queue_wait_bucket.write_req.64_255 = 0
stat.switch.port.pool.1.ingress_pre_occ_bucket.write_req.257_1024 = 0
stat.switch.port.pool.1.ingress_queue_wait_bucket.write_req.256_1023 = 0
stat.switch.port.pool.1.ingress_pre_occ_bucket.write_req.1025_4096 = 0
stat.switch.port.pool.1.ingress_queue_wait_bucket.write_req.1024_4095 = 0
stat.switch.port.pool.1.ingress_pre_occ_bucket.write_req.4097_plus = 0
stat.switch.port.pool.1.ingress_queue_wait_bucket.write_req.4096_plus = 0
stat.switch.port.pool.1.ingress_episode.avg_arrival_pkts.response = 2.70426
stat.switch.port.pool.1.ingress_episode.max_arrival_pkts.response = 8
stat.switch.port.pool.1.ingress_episode.avg_release_pkts.response = 2.70426
stat.switch.port.pool.1.ingress_episode.max_release_pkts.response = 8
stat.switch.port.pool.1.ingress_pre_occ_bucket.response.0 = 470
stat.switch.port.pool.1.ingress_queue_wait_bucket.response.0 = 926
stat.switch.port.pool.1.ingress_pre_occ_bucket.response.1_64 = 417
stat.switch.port.pool.1.ingress_queue_wait_bucket.response.1_63 = 345
stat.switch.port.pool.1.ingress_pre_occ_bucket.response.65_256 = 377
stat.switch.port.pool.1.ingress_queue_wait_bucket.response.64_255 = 0
stat.switch.port.pool.1.ingress_pre_occ_bucket.response.257_1024 = 7
stat.switch.port.pool.1.ingress_queue_wait_bucket.response.256_1023 = 0
stat.switch.port.pool.1.ingress_pre_occ_bucket.response.1025_4096 = 0
stat.switch.port.pool.1.ingress_queue_wait_bucket.response.1024_4095 = 0
stat.switch.port.pool.1.ingress_pre_occ_bucket.response.4097_plus = 0
stat.switch.port.pool.1.ingress_queue_wait_bucket.response.4096_plus = 0
stat.switch.port.pool.1.ingress_episode.avg_arrival_pkts.other_req = 0
stat.switch.port.pool.1.ingress_episode.max_arrival_pkts.other_req = 0
stat.switch.port.pool.1.ingress_episode.avg_release_pkts.other_req = 0
stat.switch.port.pool.1.ingress_episode.max_release_pkts.other_req = 0
stat.switch.port.pool.1.ingress_pre_occ_bucket.other_req.0 = 0
stat.switch.port.pool.1.ingress_queue_wait_bucket.other_req.0 = 0
stat.switch.port.pool.1.ingress_pre_occ_bucket.other_req.1_64 = 0
stat.switch.port.pool.1.ingress_queue_wait_bucket.other_req.1_63 = 0
stat.switch.port.pool.1.ingress_pre_occ_bucket.other_req.65_256 = 0
stat.switch.port.pool.1.ingress_queue_wait_bucket.other_req.64_255 = 0
stat.switch.port.pool.1.ingress_pre_occ_bucket.other_req.257_1024 = 0
stat.switch.port.pool.1.ingress_queue_wait_bucket.other_req.256_1023 = 0
stat.switch.port.pool.1.ingress_pre_occ_bucket.other_req.1025_4096 = 0
stat.switch.port.pool.1.ingress_queue_wait_bucket.other_req.1024_4095 = 0
stat.switch.port.pool.1.ingress_pre_occ_bucket.other_req.4097_plus = 0
stat.switch.port.pool.1.ingress_queue_wait_bucket.other_req.4096_plus = 0
stat.switch.port.pool.1.peer_src.101.rx_bytes.response = 81344
stat.switch.port.pool.1.peer_src.101.rx_pkts.response = 1271
stat.switch.port.pool.1.peer_src.101.tx_bytes.response = 0
stat.switch.port.pool.1.peer_src.101.tx_pkts.response = 0
stat.switch.port.pool.1.peer_src.101.ingress_arrivals.response = 1271
stat.switch.port.pool.1.peer_src.101.ingress_arrival_nonempty_packet_frac.response = 0.630212
stat.switch.port.pool.1.peer_src.101.ingress_nonempty_arrival_pre_occ_avg_bytes.response = 108.025
stat.switch.port.pool.1.peer_src.101.ingress_nonempty_arrival_pre_occ_max_bytes.response = 384
stat.switch.port.pool.1.peer_src.101.ingress_wait_avg_cycles.response = 149.172
stat.switch.port.pool.1.peer_src.101.ingress_queue_wait_avg_cycles.response = 4.17152
stat.switch.port.pool.1.peer_src.101.ingress_queue_wait_after_nonempty_arrival_avg_cycles.response = 6.61923
stat.switch.port.pool.1.peer_src.101.ingress_pre_occ_bucket.response.0 = 470
stat.switch.port.pool.1.peer_src.101.ingress_queue_wait_bucket.response.0 = 926
stat.switch.port.pool.1.peer_src.101.ingress_pre_occ_bucket.response.1_64 = 417
stat.switch.port.pool.1.peer_src.101.ingress_queue_wait_bucket.response.1_63 = 345
stat.switch.port.pool.1.peer_src.101.ingress_pre_occ_bucket.response.65_256 = 377
stat.switch.port.pool.1.peer_src.101.ingress_queue_wait_bucket.response.64_255 = 0
stat.switch.port.pool.1.peer_src.101.ingress_pre_occ_bucket.response.257_1024 = 7
stat.switch.port.pool.1.peer_src.101.ingress_queue_wait_bucket.response.256_1023 = 0
stat.switch.port.pool.1.peer_src.101.ingress_pre_occ_bucket.response.1025_4096 = 0
stat.switch.port.pool.1.peer_src.101.ingress_queue_wait_bucket.response.1024_4095 = 0
stat.switch.port.pool.1.peer_src.101.ingress_pre_occ_bucket.response.4097_plus = 0
stat.switch.port.pool.1.peer_src.101.ingress_queue_wait_bucket.response.4096_plus = 0
stat.switch.port.pool.1.peer_dst.0.rx_bytes.response = 81344
stat.switch.port.pool.1.peer_dst.0.rx_pkts.response = 1271
stat.switch.port.pool.1.peer_dst.0.tx_bytes.response = 0
stat.switch.port.pool.1.peer_dst.0.tx_pkts.response = 0
stat.switch.port.pool.1.peer_dst.0.ingress_arrivals.response = 1271
stat.switch.port.pool.1.peer_dst.0.ingress_arrival_nonempty_packet_frac.response = 0.630212
stat.switch.port.pool.1.peer_dst.0.ingress_nonempty_arrival_pre_occ_avg_bytes.response = 108.025
stat.switch.port.pool.1.peer_dst.0.ingress_nonempty_arrival_pre_occ_max_bytes.response = 384
stat.switch.port.pool.1.peer_dst.0.ingress_wait_avg_cycles.response = 149.172
stat.switch.port.pool.1.peer_dst.0.ingress_queue_wait_avg_cycles.response = 4.17152
stat.switch.port.pool.1.peer_dst.0.ingress_queue_wait_after_nonempty_arrival_avg_cycles.response = 6.61923
stat.switch.port.pool.1.peer_dst.0.ingress_pre_occ_bucket.response.0 = 470
stat.switch.port.pool.1.peer_dst.0.ingress_queue_wait_bucket.response.0 = 926
stat.switch.port.pool.1.peer_dst.0.ingress_pre_occ_bucket.response.1_64 = 417
stat.switch.port.pool.1.peer_dst.0.ingress_queue_wait_bucket.response.1_63 = 345
stat.switch.port.pool.1.peer_dst.0.ingress_pre_occ_bucket.response.65_256 = 377
stat.switch.port.pool.1.peer_dst.0.ingress_queue_wait_bucket.response.64_255 = 0
stat.switch.port.pool.1.peer_dst.0.ingress_pre_occ_bucket.response.257_1024 = 7
stat.switch.port.pool.1.peer_dst.0.ingress_queue_wait_bucket.response.256_1023 = 0
stat.switch.port.pool.1.peer_dst.0.ingress_pre_occ_bucket.response.1025_4096 = 0
stat.switch.port.pool.1.peer_dst.0.ingress_queue_wait_bucket.response.1024_4095 = 0
stat.switch.port.pool.1.peer_dst.0.ingress_pre_occ_bucket.response.4097_plus = 0
stat.switch.port.pool.1.peer_dst.0.ingress_queue_wait_bucket.response.4096_plus = 0
stat.switch.port.pool.1.tx_src.0.rx_bytes.demand_req = 0
stat.switch.port.pool.1.tx_src.0.rx_pkts.demand_req = 0
stat.switch.port.pool.1.tx_src.0.tx_bytes.demand_req = 10168
stat.switch.port.pool.1.tx_src.0.tx_pkts.demand_req = 1271
stat.switch.port.pool.1.tx_src.0.ingress_arrivals.demand_req = 0
stat.switch.port.pool.1.tx_src.0.ingress_arrival_nonempty_packet_frac.demand_req = 0
stat.switch.port.pool.1.tx_src.0.ingress_nonempty_arrival_pre_occ_avg_bytes.demand_req = 0
stat.switch.port.pool.1.tx_src.0.ingress_nonempty_arrival_pre_occ_max_bytes.demand_req = 0
stat.switch.port.pool.1.tx_src.0.ingress_wait_avg_cycles.demand_req = 0
stat.switch.port.pool.1.tx_src.0.ingress_queue_wait_avg_cycles.demand_req = 0
stat.switch.port.pool.1.tx_src.0.ingress_queue_wait_after_nonempty_arrival_avg_cycles.demand_req = 0
stat.switch.port.pool.1.tx_src.0.ingress_pre_occ_bucket.demand_req.0 = 0
stat.switch.port.pool.1.tx_src.0.ingress_queue_wait_bucket.demand_req.0 = 0
stat.switch.port.pool.1.tx_src.0.ingress_pre_occ_bucket.demand_req.1_64 = 0
stat.switch.port.pool.1.tx_src.0.ingress_queue_wait_bucket.demand_req.1_63 = 0
stat.switch.port.pool.1.tx_src.0.ingress_pre_occ_bucket.demand_req.65_256 = 0
stat.switch.port.pool.1.tx_src.0.ingress_queue_wait_bucket.demand_req.64_255 = 0
stat.switch.port.pool.1.tx_src.0.ingress_pre_occ_bucket.demand_req.257_1024 = 0
stat.switch.port.pool.1.tx_src.0.ingress_queue_wait_bucket.demand_req.256_1023 = 0
stat.switch.port.pool.1.tx_src.0.ingress_pre_occ_bucket.demand_req.1025_4096 = 0
stat.switch.port.pool.1.tx_src.0.ingress_queue_wait_bucket.demand_req.1024_4095 = 0
stat.switch.port.pool.1.tx_src.0.ingress_pre_occ_bucket.demand_req.4097_plus = 0
stat.switch.port.pool.1.tx_src.0.ingress_queue_wait_bucket.demand_req.4096_plus = 0
stat.switch.port.pool.1.tx_src.0.rx_bytes.write_req = 0
stat.switch.port.pool.1.tx_src.0.rx_pkts.write_req = 0
stat.switch.port.pool.1.tx_src.0.tx_bytes.write_req = 114240
stat.switch.port.pool.1.tx_src.0.tx_pkts.write_req = 1785
stat.switch.port.pool.1.tx_src.0.ingress_arrivals.write_req = 0
stat.switch.port.pool.1.tx_src.0.ingress_arrival_nonempty_packet_frac.write_req = 0
stat.switch.port.pool.1.tx_src.0.ingress_nonempty_arrival_pre_occ_avg_bytes.write_req = 0
stat.switch.port.pool.1.tx_src.0.ingress_nonempty_arrival_pre_occ_max_bytes.write_req = 0
stat.switch.port.pool.1.tx_src.0.ingress_wait_avg_cycles.write_req = 0
stat.switch.port.pool.1.tx_src.0.ingress_queue_wait_avg_cycles.write_req = 0
stat.switch.port.pool.1.tx_src.0.ingress_queue_wait_after_nonempty_arrival_avg_cycles.write_req = 0
stat.switch.port.pool.1.tx_src.0.ingress_pre_occ_bucket.write_req.0 = 0
stat.switch.port.pool.1.tx_src.0.ingress_queue_wait_bucket.write_req.0 = 0
stat.switch.port.pool.1.tx_src.0.ingress_pre_occ_bucket.write_req.1_64 = 0
stat.switch.port.pool.1.tx_src.0.ingress_queue_wait_bucket.write_req.1_63 = 0
stat.switch.port.pool.1.tx_src.0.ingress_pre_occ_bucket.write_req.65_256 = 0
stat.switch.port.pool.1.tx_src.0.ingress_queue_wait_bucket.write_req.64_255 = 0
stat.switch.port.pool.1.tx_src.0.ingress_pre_occ_bucket.write_req.257_1024 = 0
stat.switch.port.pool.1.tx_src.0.ingress_queue_wait_bucket.write_req.256_1023 = 0
stat.switch.port.pool.1.tx_src.0.ingress_pre_occ_bucket.write_req.1025_4096 = 0
stat.switch.port.pool.1.tx_src.0.ingress_queue_wait_bucket.write_req.1024_4095 = 0
stat.switch.port.pool.1.tx_src.0.ingress_pre_occ_bucket.write_req.4097_plus = 0
stat.switch.port.pool.1.tx_src.0.ingress_queue_wait_bucket.write_req.4096_plus = 0
stat.switch.port.pool.1.tx_dst.101.rx_bytes.demand_req = 0
stat.switch.port.pool.1.tx_dst.101.rx_pkts.demand_req = 0
stat.switch.port.pool.1.tx_dst.101.tx_bytes.demand_req = 10168
stat.switch.port.pool.1.tx_dst.101.tx_pkts.demand_req = 1271
stat.switch.port.pool.1.tx_dst.101.ingress_arrivals.demand_req = 0
stat.switch.port.pool.1.tx_dst.101.ingress_arrival_nonempty_packet_frac.demand_req = 0
stat.switch.port.pool.1.tx_dst.101.ingress_nonempty_arrival_pre_occ_avg_bytes.demand_req = 0
stat.switch.port.pool.1.tx_dst.101.ingress_nonempty_arrival_pre_occ_max_bytes.demand_req = 0
stat.switch.port.pool.1.tx_dst.101.ingress_wait_avg_cycles.demand_req = 0
stat.switch.port.pool.1.tx_dst.101.ingress_queue_wait_avg_cycles.demand_req = 0
stat.switch.port.pool.1.tx_dst.101.ingress_queue_wait_after_nonempty_arrival_avg_cycles.demand_req = 0
stat.switch.port.pool.1.tx_dst.101.ingress_pre_occ_bucket.demand_req.0 = 0
stat.switch.port.pool.1.tx_dst.101.ingress_queue_wait_bucket.demand_req.0 = 0
stat.switch.port.pool.1.tx_dst.101.ingress_pre_occ_bucket.demand_req.1_64 = 0
stat.switch.port.pool.1.tx_dst.101.ingress_queue_wait_bucket.demand_req.1_63 = 0
stat.switch.port.pool.1.tx_dst.101.ingress_pre_occ_bucket.demand_req.65_256 = 0
stat.switch.port.pool.1.tx_dst.101.ingress_queue_wait_bucket.demand_req.64_255 = 0
stat.switch.port.pool.1.tx_dst.101.ingress_pre_occ_bucket.demand_req.257_1024 = 0
stat.switch.port.pool.1.tx_dst.101.ingress_queue_wait_bucket.demand_req.256_1023 = 0
stat.switch.port.pool.1.tx_dst.101.ingress_pre_occ_bucket.demand_req.1025_4096 = 0
stat.switch.port.pool.1.tx_dst.101.ingress_queue_wait_bucket.demand_req.1024_4095 = 0
stat.switch.port.pool.1.tx_dst.101.ingress_pre_occ_bucket.demand_req.4097_plus = 0
stat.switch.port.pool.1.tx_dst.101.ingress_queue_wait_bucket.demand_req.4096_plus = 0
stat.switch.port.pool.1.tx_dst.101.rx_bytes.write_req = 0
stat.switch.port.pool.1.tx_dst.101.rx_pkts.write_req = 0
stat.switch.port.pool.1.tx_dst.101.tx_bytes.write_req = 114240
stat.switch.port.pool.1.tx_dst.101.tx_pkts.write_req = 1785
stat.switch.port.pool.1.tx_dst.101.ingress_arrivals.write_req = 0
stat.switch.port.pool.1.tx_dst.101.ingress_arrival_nonempty_packet_frac.write_req = 0
stat.switch.port.pool.1.tx_dst.101.ingress_nonempty_arrival_pre_occ_avg_bytes.write_req = 0
stat.switch.port.pool.1.tx_dst.101.ingress_nonempty_arrival_pre_occ_max_bytes.write_req = 0
stat.switch.port.pool.1.tx_dst.101.ingress_wait_avg_cycles.write_req = 0
stat.switch.port.pool.1.tx_dst.101.ingress_queue_wait_avg_cycles.write_req = 0
stat.switch.port.pool.1.tx_dst.101.ingress_queue_wait_after_nonempty_arrival_avg_cycles.write_req = 0
stat.switch.port.pool.1.tx_dst.101.ingress_pre_occ_bucket.write_req.0 = 0
stat.switch.port.pool.1.tx_dst.101.ingress_queue_wait_bucket.write_req.0 = 0
stat.switch.port.pool.1.tx_dst.101.ingress_pre_occ_bucket.write_req.1_64 = 0
stat.switch.port.pool.1.tx_dst.101.ingress_queue_wait_bucket.write_req.1_63 = 0
stat.switch.port.pool.1.tx_dst.101.ingress_pre_occ_bucket.write_req.65_256 = 0
stat.switch.port.pool.1.tx_dst.101.ingress_queue_wait_bucket.write_req.64_255 = 0
stat.switch.port.pool.1.tx_dst.101.ingress_pre_occ_bucket.write_req.257_1024 = 0
stat.switch.port.pool.1.tx_dst.101.ingress_queue_wait_bucket.write_req.256_1023 = 0
stat.switch.port.pool.1.tx_dst.101.ingress_pre_occ_bucket.write_req.1025_4096 = 0
stat.switch.port.pool.1.tx_dst.101.ingress_queue_wait_bucket.write_req.1024_4095 = 0
stat.switch.port.pool.1.tx_dst.101.ingress_pre_occ_bucket.write_req.4097_plus = 0
stat.switch.port.pool.1.tx_dst.101.ingress_queue_wait_bucket.write_req.4096_plus = 0
stat.switch.walltime_s = 82.5244
stat.switch.active_time_s = 2.75119
Simulation is complete, simulated time: 439.404 us
