stat.node.0.llc.pool_accesses = 22425
stat.node.0.llc.pool_completed = 22411
stat.node.0.llc.avg_pool_roundtrip_lat = 665.199
stat.node.0.llc.cxl_miss = 22369
stat.node.0.llc.total_miss = 22383
stat.node.0.llc.avg_miss_lat = 666.229
stat.node.0.llc.avg_cxl_lat = 666.203
stat.node.0.llc.miss_lat_hist_bin_ns = 10
stat.node.0.llc.miss_lat_hist = [0,0,0,0,0,0,0,0,0,0,0,0,0,0,0,0,0,0,0,0,0,0,0,0,0,0,8110,7297,3802,1473,737,394,209,132,98,44,42,19,15,7,3,1]
stat.node.0.util.dram_avg = 1.26513e-05
stat.node.0.fabric.ingress_wait_avg_cycles = 168.245
stat.node.0.fabric.egress_wait_avg_cycles = 1
stat.node.0.fabric.ingress_wait_max_cycles = 345
stat.node.0.fabric.egress_wait_max_cycles = 1
stat.node.0.fabric.ingress_queue_wait_avg_cycles = 23.245
stat.node.0.fabric.ingress_queue_wait_max_cycles = 200
stat.node.0.fabric.egress_occ_avg_bytes = 0
stat.node.0.fabric.egress_occ_stddev_bytes = 0
stat.node.0.fabric.egress_occ_max_bytes = 0
stat.node.0.fabric.egress_occ_nonempty_frac = 0
stat.node.0.fabric.egress_blocked_cycles = 0
stat.node.0.fabric.egress_blocked_nonempty_frac = 0
stat.node.0.fabric.egress_blocked_avg_occ_bytes = 0
stat.node.0.fabric.egress_blocked_max_occ_bytes = 0
stat.node.0.fabric.egress_send_burst_max_pkts = 2
stat.node.0.fabric.egress_send_burst_max_bytes = 72
stat.node.0.fabric.egress_send_burst_avg_pkts = 1.00457
stat.node.0.fabric.egress_send_burst_avg_bytes = 23.0134
stat.node.0.fabric.egress_send_burst_stddev_pkts = 0.0674778
stat.node.0.fabric.egress_send_burst_stddev_bytes = 24.8533
stat.node.0.fabric.egress_send_nonempty_frac = 0.0214349
stat.node.0.fabric.ingress_occ_bytes = 192
stat.node.0.fabric.ready_wait_avg_cycles = 0
stat.node.0.fabric.ready_wait_max_cycles = 0
stat.node.0.fabric.ready_occ_avg_pkts = 0.015793
stat.node.0.fabric.ready_occ_pkts = 0
stat.node.0.fabric.ready_occ_max_pkts = 1
stat.node.0.fabric.ready_retry_count = 0
stat.node.0.fabric.ingress_arrival_burst_max_pkts = 2
stat.node.0.fabric.ingress_arrival_burst_max_bytes = 128
stat.node.0.fabric.ingress_arrival_burst_avg_pkts = 1.20391
stat.node.0.fabric.ingress_arrival_burst_avg_bytes = 77.0505
stat.node.0.fabric.ingress_arrival_burst_stddev_pkts = 0.402905
stat.node.0.fabric.ingress_arrival_burst_stddev_bytes = 25.7859
stat.node.0.fabric.ingress_arrival_nonempty_frac = 0.0131194
stat.node.0.fabric.ingress_arrival_run_max_cycles = 2
stat.node.0.fabric.ingress_arrival_run_avg_cycles = 1.00986
stat.node.0.fabric.ingress_arrival_run_stddev_cycles = 0.0988068
stat.node.0.fabric.ingress_arrival_gap_max_cycles = 795
stat.node.0.fabric.ingress_arrival_gap_avg_cycles = 55.2175
stat.node.0.fabric.ingress_arrival_gap_stddev_cycles = 68.4126
stat.node.0.fabric.ingress_release_burst_max_pkts = 1
stat.node.0.fabric.ingress_release_burst_max_bytes = 64
stat.node.0.fabric.ingress_release_burst_avg_pkts = 1
stat.node.0.fabric.ingress_release_burst_avg_bytes = 64
stat.node.0.fabric.ingress_release_burst_stddev_pkts = 0
stat.node.0.fabric.ingress_release_burst_stddev_bytes = 0
stat.node.0.fabric.ingress_release_nonempty_frac = 0.015793
stat.node.0.fabric.ingress_release_run_max_cycles = 1
stat.node.0.fabric.ingress_release_run_avg_cycles = 1
stat.node.0.fabric.ingress_release_run_stddev_cycles = 0
stat.node.0.fabric.ingress_release_gap_max_cycles = 687
stat.node.0.fabric.ingress_release_gap_avg_cycles = 45.2463
stat.node.0.fabric.ingress_release_gap_stddev_cycles = 52.8483
stat.node.0.fabric.ingress_occ_avg_bytes = 169.051
stat.node.0.fabric.ingress_occ_stddev_bytes = 163.433
stat.node.0.fabric.ingress_occ_max_bytes = 896
stat.node.0.fabric.ingress_occ_nonempty_frac = 0.657573
stat.node.0.fabric.ingress_occ_run_max_cycles = 8804
stat.node.0.fabric.ingress_occ_run_avg_cycles = 760.174
stat.node.0.fabric.ingress_occ_run_stddev_cycles = 742.644
stat.node.0.fabric.ingress_occ_gap_max_cycles = 544
stat.node.0.fabric.ingress_occ_gap_avg_cycles = 84.2909
stat.node.0.fabric.ingress_occ_gap_stddev_cycles = 80.2624
stat.node.0.fabric.ingress_wait_avg_cycles.demand_req = 0
stat.node.0.fabric.ingress_wait_max_cycles.demand_req = 0
stat.node.0.fabric.ingress_queue_wait_avg_cycles.demand_req = 0
stat.node.0.fabric.ingress_queue_wait_max_cycles.demand_req = 0
stat.node.0.fabric.egress_wait_avg_cycles.demand_req = 1
stat.node.0.fabric.egress_wait_max_cycles.demand_req = 1
stat.node.0.fabric.egress_occ_avg_bytes.demand_req = 0
stat.node.0.fabric.egress_occ_max_bytes.demand_req = 0
stat.node.0.fabric.egress_blocked_cycles.demand_req = 0
stat.node.0.fabric.ingress_arrival_empty_packets.demand_req = 0
stat.node.0.fabric.ingress_arrival_nonempty_packets.demand_req = 0
stat.node.0.fabric.ingress_arrival_nonempty_packet_frac.demand_req = 0
stat.node.0.fabric.ingress_nonempty_arrival_pre_occ_avg_bytes.demand_req = 0
stat.node.0.fabric.ingress_nonempty_arrival_pre_occ_max_bytes.demand_req = 0
stat.node.0.fabric.ingress_release_after_empty_arrival_packets.demand_req = 0
stat.node.0.fabric.ingress_release_after_nonempty_arrival_packets.demand_req = 0
stat.node.0.fabric.ingress_wait_after_empty_arrival_avg_cycles.demand_req = 0
stat.node.0.fabric.ingress_wait_after_nonempty_arrival_avg_cycles.demand_req = 0
stat.node.0.fabric.ingress_queue_wait_after_empty_arrival_avg_cycles.demand_req = 0
stat.node.0.fabric.ingress_queue_wait_after_nonempty_arrival_avg_cycles.demand_req = 0
stat.node.0.fabric.ingress_queue_wait_after_empty_arrival_max_cycles.demand_req = 0
stat.node.0.fabric.ingress_queue_wait_after_nonempty_arrival_max_cycles.demand_req = 0
stat.node.0.fabric.rx_bytes.demand_req = 0
stat.node.0.fabric.tx_bytes.demand_req = 239360
stat.node.0.fabric.rx_pkts.demand_req = 0
stat.node.0.fabric.tx_pkts.demand_req = 29920
stat.node.0.fabric.ingress_wait_avg_cycles.write_req = 0
stat.node.0.fabric.ingress_wait_max_cycles.write_req = 0
stat.node.0.fabric.ingress_queue_wait_avg_cycles.write_req = 0
stat.node.0.fabric.ingress_queue_wait_max_cycles.write_req = 0
stat.node.0.fabric.egress_wait_avg_cycles.write_req = 1
stat.node.0.fabric.egress_wait_max_cycles.write_req = 1
stat.node.0.fabric.egress_occ_avg_bytes.write_req = 0
stat.node.0.fabric.egress_occ_max_bytes.write_req = 0
stat.node.0.fabric.egress_blocked_cycles.write_req = 0
stat.node.0.fabric.ingress_arrival_empty_packets.write_req = 0
stat.node.0.fabric.ingress_arrival_nonempty_packets.write_req = 0
stat.node.0.fabric.ingress_arrival_nonempty_packet_frac.write_req = 0
stat.node.0.fabric.ingress_nonempty_arrival_pre_occ_avg_bytes.write_req = 0
stat.node.0.fabric.ingress_nonempty_arrival_pre_occ_max_bytes.write_req = 0
stat.node.0.fabric.ingress_release_after_empty_arrival_packets.write_req = 0
stat.node.0.fabric.ingress_release_after_nonempty_arrival_packets.write_req = 0
stat.node.0.fabric.ingress_wait_after_empty_arrival_avg_cycles.write_req = 0
stat.node.0.fabric.ingress_wait_after_nonempty_arrival_avg_cycles.write_req = 0
stat.node.0.fabric.ingress_queue_wait_after_empty_arrival_avg_cycles.write_req = 0
stat.node.0.fabric.ingress_queue_wait_after_nonempty_arrival_avg_cycles.write_req = 0
stat.node.0.fabric.ingress_queue_wait_after_empty_arrival_max_cycles.write_req = 0
stat.node.0.fabric.ingress_queue_wait_after_nonempty_arrival_max_cycles.write_req = 0
stat.node.0.fabric.rx_bytes.write_req = 0
stat.node.0.fabric.tx_bytes.write_req = 696000
stat.node.0.fabric.rx_pkts.write_req = 0
stat.node.0.fabric.tx_pkts.write_req = 10875
stat.node.0.fabric.ingress_wait_avg_cycles.response = 168.245
stat.node.0.fabric.ingress_wait_max_cycles.response = 345
stat.node.0.fabric.ingress_queue_wait_avg_cycles.response = 23.245
stat.node.0.fabric.ingress_queue_wait_max_cycles.response = 200
stat.node.0.fabric.egress_wait_avg_cycles.response = 0
stat.node.0.fabric.egress_wait_max_cycles.response = 0
stat.node.0.fabric.egress_occ_avg_bytes.response = 0
stat.node.0.fabric.egress_occ_max_bytes.response = 0
stat.node.0.fabric.egress_blocked_cycles.response = 0
stat.node.0.fabric.ingress_arrival_empty_packets.response = 1641
stat.node.0.fabric.ingress_arrival_nonempty_packets.response = 28322
stat.node.0.fabric.ingress_arrival_nonempty_packet_frac.response = 0.945232
stat.node.0.fabric.ingress_nonempty_arrival_pre_occ_avg_bytes.response = 256.522
stat.node.0.fabric.ingress_nonempty_arrival_pre_occ_max_bytes.response = 832
stat.node.0.fabric.ingress_release_after_empty_arrival_packets.response = 1641
stat.node.0.fabric.ingress_release_after_nonempty_arrival_packets.response = 28319
stat.node.0.fabric.ingress_wait_after_empty_arrival_avg_cycles.response = 145
stat.node.0.fabric.ingress_wait_after_nonempty_arrival_avg_cycles.response = 169.592
stat.node.0.fabric.ingress_queue_wait_after_empty_arrival_avg_cycles.response = 0
stat.node.0.fabric.ingress_queue_wait_after_nonempty_arrival_avg_cycles.response = 24.5919
stat.node.0.fabric.ingress_queue_wait_after_empty_arrival_max_cycles.response = 0
stat.node.0.fabric.ingress_queue_wait_after_nonempty_arrival_max_cycles.response = 200
stat.node.0.fabric.rx_bytes.response = 1917632
stat.node.0.fabric.tx_bytes.response = 0
stat.node.0.fabric.rx_pkts.response = 29963
stat.node.0.fabric.tx_pkts.response = 0
stat.node.0.fabric.ingress_wait_avg_cycles.other_req = 0
stat.node.0.fabric.ingress_wait_max_cycles.other_req = 0
stat.node.0.fabric.ingress_queue_wait_avg_cycles.other_req = 0
stat.node.0.fabric.ingress_queue_wait_max_cycles.other_req = 0
stat.node.0.fabric.egress_wait_avg_cycles.other_req = 1
stat.node.0.fabric.egress_wait_max_cycles.other_req = 1
stat.node.0.fabric.egress_occ_avg_bytes.other_req = 0
stat.node.0.fabric.egress_occ_max_bytes.other_req = 0
stat.node.0.fabric.egress_blocked_cycles.other_req = 0
stat.node.0.fabric.ingress_arrival_empty_packets.other_req = 0
stat.node.0.fabric.ingress_arrival_nonempty_packets.other_req = 0
stat.node.0.fabric.ingress_arrival_nonempty_packet_frac.other_req = 0
stat.node.0.fabric.ingress_nonempty_arrival_pre_occ_avg_bytes.other_req = 0
stat.node.0.fabric.ingress_nonempty_arrival_pre_occ_max_bytes.other_req = 0
stat.node.0.fabric.ingress_release_after_empty_arrival_packets.other_req = 0
stat.node.0.fabric.ingress_release_after_nonempty_arrival_packets.other_req = 0
stat.node.0.fabric.ingress_wait_after_empty_arrival_avg_cycles.other_req = 0
stat.node.0.fabric.ingress_wait_after_nonempty_arrival_avg_cycles.other_req = 0
stat.node.0.fabric.ingress_queue_wait_after_empty_arrival_avg_cycles.other_req = 0
stat.node.0.fabric.ingress_queue_wait_after_nonempty_arrival_avg_cycles.other_req = 0
stat.node.0.fabric.ingress_queue_wait_after_empty_arrival_max_cycles.other_req = 0
stat.node.0.fabric.ingress_queue_wait_after_nonempty_arrival_max_cycles.other_req = 0
stat.node.0.fabric.rx_bytes.other_req = 0
stat.node.0.fabric.tx_bytes.other_req = 432
stat.node.0.fabric.rx_pkts.other_req = 0
stat.node.0.fabric.tx_pkts.other_req = 54
stat.node.0.fabric.ingress_occ_bucket_bytes.0 = 649599
stat.node.0.fabric.ready_occ_bucket_bytes.0 = 1867084
stat.node.0.fabric.ingress_occ_bucket_bytes.1_64 = 137224
stat.node.0.fabric.ready_occ_bucket_bytes.1_64 = 29960
stat.node.0.fabric.ingress_occ_bucket_bytes.65_256 = 637971
stat.node.0.fabric.ready_occ_bucket_bytes.65_256 = 0
stat.node.0.fabric.ingress_occ_bucket_bytes.257_1024 = 472250
stat.node.0.fabric.ready_occ_bucket_bytes.257_1024 = 0
stat.node.0.fabric.ingress_occ_bucket_bytes.1025_4096 = 0
stat.node.0.fabric.ready_occ_bucket_bytes.1025_4096 = 0
stat.node.0.fabric.ingress_occ_bucket_bytes.4097_plus = 0
stat.node.0.fabric.ready_occ_bucket_bytes.4097_plus = 0
stat.node.0.fabric.ingress_episode.count = 1640
stat.node.0.fabric.ingress_episode.avg_cycles = 760.53
stat.node.0.fabric.ingress_episode.max_cycles = 8804
stat.node.0.fabric.ingress_episode.avg_peak_occ_bytes = 474.966
stat.node.0.fabric.ingress_episode.max_peak_occ_bytes = 896
stat.node.0.fabric.ingress_episode.avg_arrival_pkts = 18.2671
stat.node.0.fabric.ingress_episode.max_arrival_pkts = 199
stat.node.0.fabric.ingress_episode.avg_arrival_bytes = 1169.09
stat.node.0.fabric.ingress_episode.max_arrival_bytes = 12736
stat.node.0.fabric.ingress_episode.avg_release_pkts = 18.2671
stat.node.0.fabric.ingress_episode.max_release_pkts = 199
stat.node.0.fabric.ingress_episode.avg_release_bytes = 1169.09
stat.node.0.fabric.ingress_episode.max_release_bytes = 12736
stat.node.0.fabric.ingress_episode.avg_wait_cycles = 3073.36
stat.node.0.fabric.ingress_episode.max_wait_cycles = 345
stat.node.0.fabric.ingress_episode.avg_queue_wait_cycles = 424.63
stat.node.0.fabric.ingress_episode.max_queue_wait_cycles = 200
stat.node.0.fabric.ingress_episode.avg_src_distinct = 1.96951
stat.node.0.fabric.ingress_episode.max_src_distinct = 2
stat.node.0.fabric.ingress_episode.avg_dst_distinct = 1
stat.node.0.fabric.ingress_episode.max_dst_distinct = 1
stat.node.0.fabric.ingress_episode.avg_arrival_pkts.demand_req = 0
stat.node.0.fabric.ingress_episode.max_arrival_pkts.demand_req = 0
stat.node.0.fabric.ingress_episode.avg_release_pkts.demand_req = 0
stat.node.0.fabric.ingress_episode.max_release_pkts.demand_req = 0
stat.node.0.fabric.ingress_pre_occ_bucket.demand_req.0 = 0
stat.node.0.fabric.ingress_queue_wait_bucket.demand_req.0 = 0
stat.node.0.fabric.ingress_pre_occ_bucket.demand_req.1_64 = 0
stat.node.0.fabric.ingress_queue_wait_bucket.demand_req.1_63 = 0
stat.node.0.fabric.ingress_pre_occ_bucket.demand_req.65_256 = 0
stat.node.0.fabric.ingress_queue_wait_bucket.demand_req.64_255 = 0
stat.node.0.fabric.ingress_pre_occ_bucket.demand_req.257_1024 = 0
stat.node.0.fabric.ingress_queue_wait_bucket.demand_req.256_1023 = 0
stat.node.0.fabric.ingress_pre_occ_bucket.demand_req.1025_4096 = 0
stat.node.0.fabric.ingress_queue_wait_bucket.demand_req.1024_4095 = 0
stat.node.0.fabric.ingress_pre_occ_bucket.demand_req.4097_plus = 0
stat.node.0.fabric.ingress_queue_wait_bucket.demand_req.4096_plus = 0
stat.node.0.fabric.ingress_episode.avg_arrival_pkts.write_req = 0
stat.node.0.fabric.ingress_episode.max_arrival_pkts.write_req = 0
stat.node.0.fabric.ingress_episode.avg_release_pkts.write_req = 0
stat.node.0.fabric.ingress_episode.max_release_pkts.write_req = 0
stat.node.0.fabric.ingress_pre_occ_bucket.write_req.0 = 0
stat.node.0.fabric.ingress_queue_wait_bucket.write_req.0 = 0
stat.node.0.fabric.ingress_pre_occ_bucket.write_req.1_64 = 0
stat.node.0.fabric.ingress_queue_wait_bucket.write_req.1_63 = 0
stat.node.0.fabric.ingress_pre_occ_bucket.write_req.65_256 = 0
stat.node.0.fabric.ingress_queue_wait_bucket.write_req.64_255 = 0
stat.node.0.fabric.ingress_pre_occ_bucket.write_req.257_1024 = 0
stat.node.0.fabric.ingress_queue_wait_bucket.write_req.256_1023 = 0
stat.node.0.fabric.ingress_pre_occ_bucket.write_req.1025_4096 = 0
stat.node.0.fabric.ingress_queue_wait_bucket.write_req.1024_4095 = 0
stat.node.0.fabric.ingress_pre_occ_bucket.write_req.4097_plus = 0
stat.node.0.fabric.ingress_queue_wait_bucket.write_req.4096_plus = 0
stat.node.0.fabric.ingress_episode.avg_arrival_pkts.response = 18.2671
stat.node.0.fabric.ingress_episode.max_arrival_pkts.response = 199
stat.node.0.fabric.ingress_episode.avg_release_pkts.response = 18.2671
stat.node.0.fabric.ingress_episode.max_release_pkts.response = 199
stat.node.0.fabric.ingress_pre_occ_bucket.response.0 = 1641
stat.node.0.fabric.ingress_queue_wait_bucket.response.0 = 10692
stat.node.0.fabric.ingress_pre_occ_bucket.response.1_64 = 2895
stat.node.0.fabric.ingress_queue_wait_bucket.response.1_63 = 16744
stat.node.0.fabric.ingress_pre_occ_bucket.response.65_256 = 14775
stat.node.0.fabric.ingress_queue_wait_bucket.response.64_255 = 2524
stat.node.0.fabric.ingress_pre_occ_bucket.response.257_1024 = 10652
stat.node.0.fabric.ingress_queue_wait_bucket.response.256_1023 = 0
stat.node.0.fabric.ingress_pre_occ_bucket.response.1025_4096 = 0
stat.node.0.fabric.ingress_queue_wait_bucket.response.1024_4095 = 0
stat.node.0.fabric.ingress_pre_occ_bucket.response.4097_plus = 0
stat.node.0.fabric.ingress_queue_wait_bucket.response.4096_plus = 0
stat.node.0.fabric.ingress_episode.avg_arrival_pkts.other_req = 0
stat.node.0.fabric.ingress_episode.max_arrival_pkts.other_req = 0
stat.node.0.fabric.ingress_episode.avg_release_pkts.other_req = 0
stat.node.0.fabric.ingress_episode.max_release_pkts.other_req = 0
stat.node.0.fabric.ingress_pre_occ_bucket.other_req.0 = 0
stat.node.0.fabric.ingress_queue_wait_bucket.other_req.0 = 0
stat.node.0.fabric.ingress_pre_occ_bucket.other_req.1_64 = 0
stat.node.0.fabric.ingress_queue_wait_bucket.other_req.1_63 = 0
stat.node.0.fabric.ingress_pre_occ_bucket.other_req.65_256 = 0
stat.node.0.fabric.ingress_queue_wait_bucket.other_req.64_255 = 0
stat.node.0.fabric.ingress_pre_occ_bucket.other_req.257_1024 = 0
stat.node.0.fabric.ingress_queue_wait_bucket.other_req.256_1023 = 0
stat.node.0.fabric.ingress_pre_occ_bucket.other_req.1025_4096 = 0
stat.node.0.fabric.ingress_queue_wait_bucket.other_req.1024_4095 = 0
stat.node.0.fabric.ingress_pre_occ_bucket.other_req.4097_plus = 0
stat.node.0.fabric.ingress_queue_wait_bucket.other_req.4096_plus = 0
stat.node.0.fabric.peer_src.100.rx_bytes.response = 958848
stat.node.0.fabric.peer_src.100.rx_pkts.response = 14982
stat.node.0.fabric.peer_src.100.tx_bytes.response = 0
stat.node.0.fabric.peer_src.100.tx_pkts.response = 0
stat.node.0.fabric.peer_src.100.ingress_arrivals.response = 14982
stat.node.0.fabric.peer_src.100.ingress_arrival_nonempty_packet_frac.response = 0.931985
stat.node.0.fabric.peer_src.100.ingress_nonempty_arrival_pre_occ_avg_bytes.response = 249.436
stat.node.0.fabric.peer_src.100.ingress_nonempty_arrival_pre_occ_max_bytes.response = 832
stat.node.0.fabric.peer_src.100.ingress_wait_avg_cycles.response = 164.147
stat.node.0.fabric.peer_src.100.ingress_queue_wait_avg_cycles.response = 19.1471
stat.node.0.fabric.peer_src.100.ingress_queue_wait_after_nonempty_arrival_avg_cycles.response = 20.5446
stat.node.0.fabric.peer_src.100.ingress_pre_occ_bucket.response.0 = 1019
stat.node.0.fabric.peer_src.100.ingress_queue_wait_bucket.response.0 = 6927
stat.node.0.fabric.peer_src.100.ingress_pre_occ_bucket.response.1_64 = 1517
stat.node.0.fabric.peer_src.100.ingress_queue_wait_bucket.response.1_63 = 6958
stat.node.0.fabric.peer_src.100.ingress_pre_occ_bucket.response.65_256 = 7568
stat.node.0.fabric.peer_src.100.ingress_queue_wait_bucket.response.64_255 = 1095
stat.node.0.fabric.peer_src.100.ingress_pre_occ_bucket.response.257_1024 = 4878
stat.node.0.fabric.peer_src.100.ingress_queue_wait_bucket.response.256_1023 = 0
stat.node.0.fabric.peer_src.100.ingress_pre_occ_bucket.response.1025_4096 = 0
stat.node.0.fabric.peer_src.100.ingress_queue_wait_bucket.response.1024_4095 = 0
stat.node.0.fabric.peer_src.100.ingress_pre_occ_bucket.response.4097_plus = 0
stat.node.0.fabric.peer_src.100.ingress_queue_wait_bucket.response.4096_plus = 0
stat.node.0.fabric.peer_src.101.rx_bytes.response = 958784
stat.node.0.fabric.peer_src.101.rx_pkts.response = 14981
stat.node.0.fabric.peer_src.101.tx_bytes.response = 0
stat.node.0.fabric.peer_src.101.tx_pkts.response = 0
stat.node.0.fabric.peer_src.101.ingress_arrivals.response = 14981
stat.node.0.fabric.peer_src.101.ingress_arrival_nonempty_packet_frac.response = 0.958481
stat.node.0.fabric.peer_src.101.ingress_nonempty_arrival_pre_occ_avg_bytes.response = 263.412
stat.node.0.fabric.peer_src.101.ingress_nonempty_arrival_pre_occ_max_bytes.response = 832
stat.node.0.fabric.peer_src.101.ingress_wait_avg_cycles.response = 172.343
stat.node.0.fabric.peer_src.101.ingress_queue_wait_avg_cycles.response = 27.3429
stat.node.0.fabric.peer_src.101.ingress_queue_wait_after_nonempty_arrival_avg_cycles.response = 28.5274
stat.node.0.fabric.peer_src.101.ingress_pre_occ_bucket.response.0 = 622
stat.node.0.fabric.peer_src.101.ingress_queue_wait_bucket.response.0 = 3765
stat.node.0.fabric.peer_src.101.ingress_pre_occ_bucket.response.1_64 = 1378
stat.node.0.fabric.peer_src.101.ingress_queue_wait_bucket.response.1_63 = 9786
stat.node.0.fabric.peer_src.101.ingress_pre_occ_bucket.response.65_256 = 7207
stat.node.0.fabric.peer_src.101.ingress_queue_wait_bucket.response.64_255 = 1429
stat.node.0.fabric.peer_src.101.ingress_pre_occ_bucket.response.257_1024 = 5774
stat.node.0.fabric.peer_src.101.ingress_queue_wait_bucket.response.256_1023 = 0
stat.node.0.fabric.peer_src.101.ingress_pre_occ_bucket.response.1025_4096 = 0
stat.node.0.fabric.peer_src.101.ingress_queue_wait_bucket.response.1024_4095 = 0
stat.node.0.fabric.peer_src.101.ingress_pre_occ_bucket.response.4097_plus = 0
stat.node.0.fabric.peer_src.101.ingress_queue_wait_bucket.response.4096_plus = 0
stat.node.0.fabric.peer_dst.0.rx_bytes.response = 1917632
stat.node.0.fabric.peer_dst.0.rx_pkts.response = 29963
stat.node.0.fabric.peer_dst.0.tx_bytes.response = 0
stat.node.0.fabric.peer_dst.0.tx_pkts.response = 0
stat.node.0.fabric.peer_dst.0.ingress_arrivals.response = 29963
stat.node.0.fabric.peer_dst.0.ingress_arrival_nonempty_packet_frac.response = 0.945232
stat.node.0.fabric.peer_dst.0.ingress_nonempty_arrival_pre_occ_avg_bytes.response = 256.522
stat.node.0.fabric.peer_dst.0.ingress_nonempty_arrival_pre_occ_max_bytes.response = 832
stat.node.0.fabric.peer_dst.0.ingress_wait_avg_cycles.response = 168.245
stat.node.0.fabric.peer_dst.0.ingress_queue_wait_avg_cycles.response = 23.245
stat.node.0.fabric.peer_dst.0.ingress_queue_wait_after_nonempty_arrival_avg_cycles.response = 24.5919
stat.node.0.fabric.peer_dst.0.ingress_pre_occ_bucket.response.0 = 1641
stat.node.0.fabric.peer_dst.0.ingress_queue_wait_bucket.response.0 = 10692
stat.node.0.fabric.peer_dst.0.ingress_pre_occ_bucket.response.1_64 = 2895
stat.node.0.fabric.peer_dst.0.ingress_queue_wait_bucket.response.1_63 = 16744
stat.node.0.fabric.peer_dst.0.ingress_pre_occ_bucket.response.65_256 = 14775
stat.node.0.fabric.peer_dst.0.ingress_queue_wait_bucket.response.64_255 = 2524
stat.node.0.fabric.peer_dst.0.ingress_pre_occ_bucket.response.257_1024 = 10652
stat.node.0.fabric.peer_dst.0.ingress_queue_wait_bucket.response.256_1023 = 0
stat.node.0.fabric.peer_dst.0.ingress_pre_occ_bucket.response.1025_4096 = 0
stat.node.0.fabric.peer_dst.0.ingress_queue_wait_bucket.response.1024_4095 = 0
stat.node.0.fabric.peer_dst.0.ingress_pre_occ_bucket.response.4097_plus = 0
stat.node.0.fabric.peer_dst.0.ingress_queue_wait_bucket.response.4096_plus = 0
stat.node.0.fabric.tx_src.0.rx_bytes.demand_req = 0
stat.node.0.fabric.tx_src.0.rx_pkts.demand_req = 0
stat.node.0.fabric.tx_src.0.tx_bytes.demand_req = 239360
stat.node.0.fabric.tx_src.0.tx_pkts.demand_req = 29920
stat.node.0.fabric.tx_src.0.ingress_arrivals.demand_req = 0
stat.node.0.fabric.tx_src.0.ingress_arrival_nonempty_packet_frac.demand_req = 0
stat.node.0.fabric.tx_src.0.ingress_nonempty_arrival_pre_occ_avg_bytes.demand_req = 0
stat.node.0.fabric.tx_src.0.ingress_nonempty_arrival_pre_occ_max_bytes.demand_req = 0
stat.node.0.fabric.tx_src.0.ingress_wait_avg_cycles.demand_req = 0
stat.node.0.fabric.tx_src.0.ingress_queue_wait_avg_cycles.demand_req = 0
stat.node.0.fabric.tx_src.0.ingress_queue_wait_after_nonempty_arrival_avg_cycles.demand_req = 0
stat.node.0.fabric.tx_src.0.ingress_pre_occ_bucket.demand_req.0 = 0
stat.node.0.fabric.tx_src.0.ingress_queue_wait_bucket.demand_req.0 = 0
stat.node.0.fabric.tx_src.0.ingress_pre_occ_bucket.demand_req.1_64 = 0
stat.node.0.fabric.tx_src.0.ingress_queue_wait_bucket.demand_req.1_63 = 0
stat.node.0.fabric.tx_src.0.ingress_pre_occ_bucket.demand_req.65_256 = 0
stat.node.0.fabric.tx_src.0.ingress_queue_wait_bucket.demand_req.64_255 = 0
stat.node.0.fabric.tx_src.0.ingress_pre_occ_bucket.demand_req.257_1024 = 0
stat.node.0.fabric.tx_src.0.ingress_queue_wait_bucket.demand_req.256_1023 = 0
stat.node.0.fabric.tx_src.0.ingress_pre_occ_bucket.demand_req.1025_4096 = 0
stat.node.0.fabric.tx_src.0.ingress_queue_wait_bucket.demand_req.1024_4095 = 0
stat.node.0.fabric.tx_src.0.ingress_pre_occ_bucket.demand_req.4097_plus = 0
stat.node.0.fabric.tx_src.0.ingress_queue_wait_bucket.demand_req.4096_plus = 0
stat.node.0.fabric.tx_src.0.rx_bytes.write_req = 0
stat.node.0.fabric.tx_src.0.rx_pkts.write_req = 0
stat.node.0.fabric.tx_src.0.tx_bytes.write_req = 696000
stat.node.0.fabric.tx_src.0.tx_pkts.write_req = 10875
stat.node.0.fabric.tx_src.0.ingress_arrivals.write_req = 0
stat.node.0.fabric.tx_src.0.ingress_arrival_nonempty_packet_frac.write_req = 0
stat.node.0.fabric.tx_src.0.ingress_nonempty_arrival_pre_occ_avg_bytes.write_req = 0
stat.node.0.fabric.tx_src.0.ingress_nonempty_arrival_pre_occ_max_bytes.write_req = 0
stat.node.0.fabric.tx_src.0.ingress_wait_avg_cycles.write_req = 0
stat.node.0.fabric.tx_src.0.ingress_queue_wait_avg_cycles.write_req = 0
stat.node.0.fabric.tx_src.0.ingress_queue_wait_after_nonempty_arrival_avg_cycles.write_req = 0
stat.node.0.fabric.tx_src.0.ingress_pre_occ_bucket.write_req.0 = 0
stat.node.0.fabric.tx_src.0.ingress_queue_wait_bucket.write_req.0 = 0
stat.node.0.fabric.tx_src.0.ingress_pre_occ_bucket.write_req.1_64 = 0
stat.node.0.fabric.tx_src.0.ingress_queue_wait_bucket.write_req.1_63 = 0
stat.node.0.fabric.tx_src.0.ingress_pre_occ_bucket.write_req.65_256 = 0
stat.node.0.fabric.tx_src.0.ingress_queue_wait_bucket.write_req.64_255 = 0
stat.node.0.fabric.tx_src.0.ingress_pre_occ_bucket.write_req.257_1024 = 0
stat.node.0.fabric.tx_src.0.ingress_queue_wait_bucket.write_req.256_1023 = 0
stat.node.0.fabric.tx_src.0.ingress_pre_occ_bucket.write_req.1025_4096 = 0
stat.node.0.fabric.tx_src.0.ingress_queue_wait_bucket.write_req.1024_4095 = 0
stat.node.0.fabric.tx_src.0.ingress_pre_occ_bucket.write_req.4097_plus = 0
stat.node.0.fabric.tx_src.0.ingress_queue_wait_bucket.write_req.4096_plus = 0
stat.node.0.fabric.tx_src.0.rx_bytes.other_req = 0
stat.node.0.fabric.tx_src.0.rx_pkts.other_req = 0
stat.node.0.fabric.tx_src.0.tx_bytes.other_req = 432
stat.node.0.fabric.tx_src.0.tx_pkts.other_req = 54
stat.node.0.fabric.tx_src.0.ingress_arrivals.other_req = 0
stat.node.0.fabric.tx_src.0.ingress_arrival_nonempty_packet_frac.other_req = 0
stat.node.0.fabric.tx_src.0.ingress_nonempty_arrival_pre_occ_avg_bytes.other_req = 0
stat.node.0.fabric.tx_src.0.ingress_nonempty_arrival_pre_occ_max_bytes.other_req = 0
stat.node.0.fabric.tx_src.0.ingress_wait_avg_cycles.other_req = 0
stat.node.0.fabric.tx_src.0.ingress_queue_wait_avg_cycles.other_req = 0
stat.node.0.fabric.tx_src.0.ingress_queue_wait_after_nonempty_arrival_avg_cycles.other_req = 0
stat.node.0.fabric.tx_src.0.ingress_pre_occ_bucket.other_req.0 = 0
stat.node.0.fabric.tx_src.0.ingress_queue_wait_bucket.other_req.0 = 0
stat.node.0.fabric.tx_src.0.ingress_pre_occ_bucket.other_req.1_64 = 0
stat.node.0.fabric.tx_src.0.ingress_queue_wait_bucket.other_req.1_63 = 0
stat.node.0.fabric.tx_src.0.ingress_pre_occ_bucket.other_req.65_256 = 0
stat.node.0.fabric.tx_src.0.ingress_queue_wait_bucket.other_req.64_255 = 0
stat.node.0.fabric.tx_src.0.ingress_pre_occ_bucket.other_req.257_1024 = 0
stat.node.0.fabric.tx_src.0.ingress_queue_wait_bucket.other_req.256_1023 = 0
stat.node.0.fabric.tx_src.0.ingress_pre_occ_bucket.other_req.1025_4096 = 0
stat.node.0.fabric.tx_src.0.ingress_queue_wait_bucket.other_req.1024_4095 = 0
stat.node.0.fabric.tx_src.0.ingress_pre_occ_bucket.other_req.4097_plus = 0
stat.node.0.fabric.tx_src.0.ingress_queue_wait_bucket.other_req.4096_plus = 0
stat.node.0.fabric.tx_dst.100.rx_bytes.demand_req = 0
stat.node.0.fabric.tx_dst.100.rx_pkts.demand_req = 0
stat.node.0.fabric.tx_dst.100.tx_bytes.demand_req = 239360
stat.node.0.fabric.tx_dst.100.tx_pkts.demand_req = 29920
stat.node.0.fabric.tx_dst.100.ingress_arrivals.demand_req = 0
stat.node.0.fabric.tx_dst.100.ingress_arrival_nonempty_packet_frac.demand_req = 0
stat.node.0.fabric.tx_dst.100.ingress_nonempty_arrival_pre_occ_avg_bytes.demand_req = 0
stat.node.0.fabric.tx_dst.100.ingress_nonempty_arrival_pre_occ_max_bytes.demand_req = 0
stat.node.0.fabric.tx_dst.100.ingress_wait_avg_cycles.demand_req = 0
stat.node.0.fabric.tx_dst.100.ingress_queue_wait_avg_cycles.demand_req = 0
stat.node.0.fabric.tx_dst.100.ingress_queue_wait_after_nonempty_arrival_avg_cycles.demand_req = 0
stat.node.0.fabric.tx_dst.100.ingress_pre_occ_bucket.demand_req.0 = 0
stat.node.0.fabric.tx_dst.100.ingress_queue_wait_bucket.demand_req.0 = 0
stat.node.0.fabric.tx_dst.100.ingress_pre_occ_bucket.demand_req.1_64 = 0
stat.node.0.fabric.tx_dst.100.ingress_queue_wait_bucket.demand_req.1_63 = 0
stat.node.0.fabric.tx_dst.100.ingress_pre_occ_bucket.demand_req.65_256 = 0
stat.node.0.fabric.tx_dst.100.ingress_queue_wait_bucket.demand_req.64_255 = 0
stat.node.0.fabric.tx_dst.100.ingress_pre_occ_bucket.demand_req.257_1024 = 0
stat.node.0.fabric.tx_dst.100.ingress_queue_wait_bucket.demand_req.256_1023 = 0
stat.node.0.fabric.tx_dst.100.ingress_pre_occ_bucket.demand_req.1025_4096 = 0
stat.node.0.fabric.tx_dst.100.ingress_queue_wait_bucket.demand_req.1024_4095 = 0
stat.node.0.fabric.tx_dst.100.ingress_pre_occ_bucket.demand_req.4097_plus = 0
stat.node.0.fabric.tx_dst.100.ingress_queue_wait_bucket.demand_req.4096_plus = 0
stat.node.0.fabric.tx_dst.100.rx_bytes.write_req = 0
stat.node.0.fabric.tx_dst.100.rx_pkts.write_req = 0
stat.node.0.fabric.tx_dst.100.tx_bytes.write_req = 696000
stat.node.0.fabric.tx_dst.100.tx_pkts.write_req = 10875
stat.node.0.fabric.tx_dst.100.ingress_arrivals.write_req = 0
stat.node.0.fabric.tx_dst.100.ingress_arrival_nonempty_packet_frac.write_req = 0
stat.node.0.fabric.tx_dst.100.ingress_nonempty_arrival_pre_occ_avg_bytes.write_req = 0
stat.node.0.fabric.tx_dst.100.ingress_nonempty_arrival_pre_occ_max_bytes.write_req = 0
stat.node.0.fabric.tx_dst.100.ingress_wait_avg_cycles.write_req = 0
stat.node.0.fabric.tx_dst.100.ingress_queue_wait_avg_cycles.write_req = 0
stat.node.0.fabric.tx_dst.100.ingress_queue_wait_after_nonempty_arrival_avg_cycles.write_req = 0
stat.node.0.fabric.tx_dst.100.ingress_pre_occ_bucket.write_req.0 = 0
stat.node.0.fabric.tx_dst.100.ingress_queue_wait_bucket.write_req.0 = 0
stat.node.0.fabric.tx_dst.100.ingress_pre_occ_bucket.write_req.1_64 = 0
stat.node.0.fabric.tx_dst.100.ingress_queue_wait_bucket.write_req.1_63 = 0
stat.node.0.fabric.tx_dst.100.ingress_pre_occ_bucket.write_req.65_256 = 0
stat.node.0.fabric.tx_dst.100.ingress_queue_wait_bucket.write_req.64_255 = 0
stat.node.0.fabric.tx_dst.100.ingress_pre_occ_bucket.write_req.257_1024 = 0
stat.node.0.fabric.tx_dst.100.ingress_queue_wait_bucket.write_req.256_1023 = 0
stat.node.0.fabric.tx_dst.100.ingress_pre_occ_bucket.write_req.1025_4096 = 0
stat.node.0.fabric.tx_dst.100.ingress_queue_wait_bucket.write_req.1024_4095 = 0
stat.node.0.fabric.tx_dst.100.ingress_pre_occ_bucket.write_req.4097_plus = 0
stat.node.0.fabric.tx_dst.100.ingress_queue_wait_bucket.write_req.4096_plus = 0
stat.node.0.fabric.tx_dst.100.rx_bytes.other_req = 0
stat.node.0.fabric.tx_dst.100.rx_pkts.other_req = 0
stat.node.0.fabric.tx_dst.100.tx_bytes.other_req = 432
stat.node.0.fabric.tx_dst.100.tx_pkts.other_req = 54
stat.node.0.fabric.tx_dst.100.ingress_arrivals.other_req = 0
stat.node.0.fabric.tx_dst.100.ingress_arrival_nonempty_packet_frac.other_req = 0
stat.node.0.fabric.tx_dst.100.ingress_nonempty_arrival_pre_occ_avg_bytes.other_req = 0
stat.node.0.fabric.tx_dst.100.ingress_nonempty_arrival_pre_occ_max_bytes.other_req = 0
stat.node.0.fabric.tx_dst.100.ingress_wait_avg_cycles.other_req = 0
stat.node.0.fabric.tx_dst.100.ingress_queue_wait_avg_cycles.other_req = 0
stat.node.0.fabric.tx_dst.100.ingress_queue_wait_after_nonempty_arrival_avg_cycles.other_req = 0
stat.node.0.fabric.tx_dst.100.ingress_pre_occ_bucket.other_req.0 = 0
stat.node.0.fabric.tx_dst.100.ingress_queue_wait_bucket.other_req.0 = 0
stat.node.0.fabric.tx_dst.100.ingress_pre_occ_bucket.other_req.1_64 = 0
stat.node.0.fabric.tx_dst.100.ingress_queue_wait_bucket.other_req.1_63 = 0
stat.node.0.fabric.tx_dst.100.ingress_pre_occ_bucket.other_req.65_256 = 0
stat.node.0.fabric.tx_dst.100.ingress_queue_wait_bucket.other_req.64_255 = 0
stat.node.0.fabric.tx_dst.100.ingress_pre_occ_bucket.other_req.257_1024 = 0
stat.node.0.fabric.tx_dst.100.ingress_queue_wait_bucket.other_req.256_1023 = 0
stat.node.0.fabric.tx_dst.100.ingress_pre_occ_bucket.other_req.1025_4096 = 0
stat.node.0.fabric.tx_dst.100.ingress_queue_wait_bucket.other_req.1024_4095 = 0
stat.node.0.fabric.tx_dst.100.ingress_pre_occ_bucket.other_req.4097_plus = 0
stat.node.0.fabric.tx_dst.100.ingress_queue_wait_bucket.other_req.4096_plus = 0
stat.node.0.walltime_s = 188.521
stat.node.0.active_time_s = 155.058
stat.pool.101.util.mem_avg = 0.054517
stat.pool.101.util.req_link_avg = 0.167975
stat.pool.101.memq.demand.completed = 14953
stat.pool.101.memq.demand.response_completed = 14953
stat.pool.101.memq.demand.queue_wait_avg_cycles = 1.09336
stat.pool.101.memq.demand.queue_wait_max_cycles = 7
stat.pool.101.memq.demand.service_avg_cycles = 75
stat.pool.101.memq.demand.service_max_cycles = 75
stat.pool.101.memq.demand.total_avg_cycles = 76.0934
stat.pool.101.memq.demand.total_max_cycles = 82
stat.pool.101.memq.demand.ahead_pkts_avg.load = 0.512874
stat.pool.101.memq.demand.ahead_pkts_max.load = 7
stat.pool.101.memq.demand.ahead_bytes_avg.load = 32.8239
stat.pool.101.memq.demand.ahead_bytes_max.load = 448
stat.pool.101.memq.demand.ahead_pkts_avg.rfo = 0.253394
stat.pool.101.memq.demand.ahead_pkts_max.rfo = 5
stat.pool.101.memq.demand.ahead_bytes_avg.rfo = 16.2172
stat.pool.101.memq.demand.ahead_bytes_max.rfo = 320
stat.pool.101.memq.demand.ahead_pkts_avg.write = 1.16538
stat.pool.101.memq.demand.ahead_pkts_max.write = 3
stat.pool.101.memq.demand.ahead_bytes_avg.write = 74.5846
stat.pool.101.memq.demand.ahead_bytes_max.write = 192
stat.pool.101.memq.demand.ahead_pkts_avg.other = 0.00187253
stat.pool.101.memq.demand.ahead_pkts_max.other = 1
stat.pool.101.memq.demand.ahead_bytes_avg.other = 0.119842
stat.pool.101.memq.demand.ahead_bytes_max.other = 64
stat.pool.101.memq.demand.queue_wait_bucket.0 = 0
stat.pool.101.memq.demand.service_bucket.0 = 0
stat.pool.101.memq.demand.total_bucket.0 = 0
stat.pool.101.memq.demand.ahead_total_pkts_bucket.0 = 1788
stat.pool.101.memq.demand.ahead_total_bytes_bucket.0 = 1788
stat.pool.101.memq.demand.queue_wait_bucket.1_63 = 14953
stat.pool.101.memq.demand.service_bucket.1_63 = 0
stat.pool.101.memq.demand.total_bucket.1_63 = 0
stat.pool.101.memq.demand.ahead_total_pkts_bucket.1 = 4244
stat.pool.101.memq.demand.ahead_total_bytes_bucket.1_64 = 4244
stat.pool.101.memq.demand.queue_wait_bucket.64_255 = 0
stat.pool.101.memq.demand.service_bucket.64_255 = 14953
stat.pool.101.memq.demand.total_bucket.64_255 = 14953
stat.pool.101.memq.demand.ahead_total_pkts_bucket.2 = 4363
stat.pool.101.memq.demand.ahead_total_bytes_bucket.65_256 = 8518
stat.pool.101.memq.demand.queue_wait_bucket.256_1023 = 0
stat.pool.101.memq.demand.service_bucket.256_1023 = 0
stat.pool.101.memq.demand.total_bucket.256_1023 = 0
stat.pool.101.memq.demand.ahead_total_pkts_bucket.3_4 = 4155
stat.pool.101.memq.demand.ahead_total_bytes_bucket.257_1024 = 403
stat.pool.101.memq.demand.queue_wait_bucket.1024_4095 = 0
stat.pool.101.memq.demand.service_bucket.1024_4095 = 0
stat.pool.101.memq.demand.total_bucket.1024_4095 = 0
stat.pool.101.memq.demand.ahead_total_pkts_bucket.5_8 = 401
stat.pool.101.memq.demand.ahead_total_bytes_bucket.1025_4096 = 0
stat.pool.101.memq.demand.queue_wait_bucket.4096_plus = 0
stat.pool.101.memq.demand.service_bucket.4096_plus = 0
stat.pool.101.memq.demand.total_bucket.4096_plus = 0
stat.pool.101.memq.demand.ahead_total_pkts_bucket.9_plus = 2
stat.pool.101.memq.demand.ahead_total_bytes_bucket.4097_plus = 0
stat.pool.101.memq.queue_occ_avg_bytes = 66.3455
stat.pool.101.memq.queue_occ_stddev_bytes = 83.7797
stat.pool.101.memq.queue_occ_max_bytes = 640
stat.pool.101.memq.queue_occ_nonempty_frac = 0.495376
stat.pool.101.memq.enqueue_burst_avg_pkts = 1
stat.pool.101.memq.enqueue_burst_stddev_pkts = 0
stat.pool.101.memq.enqueue_burst_max_pkts = 1
stat.pool.101.memq.complete_burst_avg_pkts = 1
stat.pool.101.memq.complete_burst_stddev_pkts = 0
stat.pool.101.memq.complete_burst_max_pkts = 1
stat.pool.101.memq.queue_episode.count = 5578
stat.pool.101.memq.queue_episode.avg_cycles = 168.468
stat.pool.101.memq.queue_episode.max_cycles = 640
stat.pool.101.memq.queue_episode.avg_peak_occ_bytes = 196.394
stat.pool.101.memq.queue_episode.max_peak_occ_bytes = 640
stat.pool.101.memq.queue_episode.avg_enqueue_pkts = 4.63553
stat.pool.101.memq.queue_episode.max_enqueue_pkts = 20
stat.pool.101.memq.queue_episode.avg_complete_pkts = 3.63553
stat.pool.101.memq.queue_episode.max_complete_pkts = 19
stat.pool.101.memq.queue_occ_bucket.0 = 957293
stat.pool.101.memq.enqueue_burst_bucket.0 = 0
stat.pool.101.memq.complete_burst_bucket.0 = 0
stat.pool.101.memq.queue_occ_bucket.1_64 = 350778
stat.pool.101.memq.enqueue_burst_bucket.1 = 25858
stat.pool.101.memq.complete_burst_bucket.1 = 25857
stat.pool.101.memq.queue_occ_bucket.65_256 = 560639
stat.pool.101.memq.enqueue_burst_bucket.2 = 0
stat.pool.101.memq.complete_burst_bucket.2 = 0
stat.pool.101.memq.queue_occ_bucket.257_1024 = 28334
stat.pool.101.memq.enqueue_burst_bucket.3_4 = 0
stat.pool.101.memq.complete_burst_bucket.3_4 = 0
stat.pool.101.memq.queue_occ_bucket.1025_4096 = 0
stat.pool.101.memq.enqueue_burst_bucket.5_8 = 0
stat.pool.101.memq.complete_burst_bucket.5_8 = 0
stat.pool.101.memq.queue_occ_bucket.4097_plus = 0
stat.pool.101.memq.enqueue_burst_bucket.9_plus = 0
stat.pool.101.memq.complete_burst_bucket.9_plus = 0
stat.pool.101.memq.queue_occ_avg_bytes.load = 26.9139
stat.pool.101.memq.queue_occ_max_bytes.load = 512
stat.pool.101.memq.queue_occ_avg_pkts.load = 0.42053
stat.pool.101.memq.queue_occ_max_pkts.load = 8
stat.pool.101.memq.enqueue_burst_avg_pkts.load = 0.405445
stat.pool.101.memq.enqueue_burst_max_pkts.load = 1
stat.pool.101.memq.complete_burst_avg_pkts.load = 0.405422
stat.pool.101.memq.complete_burst_max_pkts.load = 1
stat.pool.101.memq.queue_occ_avg_bytes.rfo = 11.4738
stat.pool.101.memq.queue_occ_max_bytes.rfo = 384
stat.pool.101.memq.queue_occ_avg_pkts.rfo = 0.179278
stat.pool.101.memq.queue_occ_max_pkts.rfo = 6
stat.pool.101.memq.enqueue_burst_avg_pkts.rfo = 0.172867
stat.pool.101.memq.enqueue_burst_max_pkts.rfo = 1
stat.pool.101.memq.complete_burst_avg_pkts.rfo = 0.172874
stat.pool.101.memq.complete_burst_max_pkts.rfo = 1
stat.pool.101.memq.queue_occ_avg_bytes.write = 27.8783
stat.pool.101.memq.queue_occ_max_bytes.write = 256
stat.pool.101.memq.queue_occ_avg_pkts.write = 0.435598
stat.pool.101.memq.queue_occ_max_pkts.write = 4
stat.pool.101.memq.enqueue_burst_avg_pkts.write = 0.420489
stat.pool.101.memq.enqueue_burst_max_pkts.write = 1
stat.pool.101.memq.complete_burst_avg_pkts.write = 0.420505
stat.pool.101.memq.complete_burst_max_pkts.write = 1
stat.pool.101.memq.queue_occ_avg_bytes.other = 0.0795511
stat.pool.101.memq.queue_occ_max_bytes.other = 64
stat.pool.101.memq.queue_occ_avg_pkts.other = 0.00124299
stat.pool.101.memq.queue_occ_max_pkts.other = 1
stat.pool.101.memq.enqueue_burst_avg_pkts.other = 0.00119886
stat.pool.101.memq.enqueue_burst_max_pkts.other = 1
stat.pool.101.memq.complete_burst_avg_pkts.other = 0.0011989
stat.pool.101.memq.complete_burst_max_pkts.other = 1
stat.pool.101.memq.load.completed = 10483
stat.pool.101.memq.load.response_completed = 10483
stat.pool.101.memq.load.queue_wait_avg_cycles = 1.09711
stat.pool.101.memq.load.queue_wait_max_cycles = 7
stat.pool.101.memq.load.service_avg_cycles = 75
stat.pool.101.memq.load.service_max_cycles = 75
stat.pool.101.memq.load.total_avg_cycles = 76.0971
stat.pool.101.memq.load.total_max_cycles = 82
stat.pool.101.memq.load.ahead_pkts_avg.load = 0.522274
stat.pool.101.memq.load.ahead_pkts_max.load = 7
stat.pool.101.memq.load.ahead_bytes_avg.load = 33.4255
stat.pool.101.memq.load.ahead_bytes_max.load = 448
stat.pool.101.memq.load.ahead_pkts_avg.rfo = 0.259468
stat.pool.101.memq.load.ahead_pkts_max.rfo = 4
stat.pool.101.memq.load.ahead_bytes_avg.rfo = 16.6059
stat.pool.101.memq.load.ahead_bytes_max.rfo = 256
stat.pool.101.memq.load.ahead_pkts_avg.write = 1.16808
stat.pool.101.memq.load.ahead_pkts_max.write = 3
stat.pool.101.memq.load.ahead_bytes_avg.write = 74.7572
stat.pool.101.memq.load.ahead_bytes_max.write = 192
stat.pool.101.memq.load.ahead_pkts_avg.other = 0.00190785
stat.pool.101.memq.load.ahead_pkts_max.other = 1
stat.pool.101.memq.load.ahead_bytes_avg.other = 0.122102
stat.pool.101.memq.load.ahead_bytes_max.other = 64
stat.pool.101.memq.load.queue_wait_bucket.0 = 0
stat.pool.101.memq.load.service_bucket.0 = 0
stat.pool.101.memq.load.total_bucket.0 = 0
stat.pool.101.memq.load.ahead_total_pkts_bucket.0 = 1218
stat.pool.101.memq.load.ahead_total_bytes_bucket.0 = 1218
stat.pool.101.memq.load.queue_wait_bucket.1_63 = 10483
stat.pool.101.memq.load.service_bucket.1_63 = 0
stat.pool.101.memq.load.total_bucket.1_63 = 0
stat.pool.101.memq.load.ahead_total_pkts_bucket.1 = 2961
stat.pool.101.memq.load.ahead_total_bytes_bucket.1_64 = 2961
stat.pool.101.memq.load.queue_wait_bucket.64_255 = 0
stat.pool.101.memq.load.service_bucket.64_255 = 10483
stat.pool.101.memq.load.total_bucket.64_255 = 10483
stat.pool.101.memq.load.ahead_total_pkts_bucket.2 = 3058
stat.pool.101.memq.load.ahead_total_bytes_bucket.65_256 = 6015
stat.pool.101.memq.load.queue_wait_bucket.256_1023 = 0
stat.pool.101.memq.load.service_bucket.256_1023 = 0
stat.pool.101.memq.load.total_bucket.256_1023 = 0
stat.pool.101.memq.load.ahead_total_pkts_bucket.3_4 = 2957
stat.pool.101.memq.load.ahead_total_bytes_bucket.257_1024 = 289
stat.pool.101.memq.load.queue_wait_bucket.1024_4095 = 0
stat.pool.101.memq.load.service_bucket.1024_4095 = 0
stat.pool.101.memq.load.total_bucket.1024_4095 = 0
stat.pool.101.memq.load.ahead_total_pkts_bucket.5_8 = 287
stat.pool.101.memq.load.ahead_total_bytes_bucket.1025_4096 = 0
stat.pool.101.memq.load.queue_wait_bucket.4096_plus = 0
stat.pool.101.memq.load.service_bucket.4096_plus = 0
stat.pool.101.memq.load.total_bucket.4096_plus = 0
stat.pool.101.memq.load.ahead_total_pkts_bucket.9_plus = 2
stat.pool.101.memq.load.ahead_total_bytes_bucket.4097_plus = 0
stat.pool.101.respq.load.attempted = 10483
stat.pool.101.respq.load.completed = 10483
stat.pool.101.respq.load.can_send_blocked = 0
stat.pool.101.respq.load.send_failed = 0
stat.pool.101.respq.load.wait_avg_cycles = 0
stat.pool.101.respq.load.wait_max_cycles = 0
stat.pool.101.memq.rfo.completed = 4470
stat.pool.101.memq.rfo.response_completed = 4470
stat.pool.101.memq.rfo.queue_wait_avg_cycles = 1.08456
stat.pool.101.memq.rfo.queue_wait_max_cycles = 5
stat.pool.101.memq.rfo.service_avg_cycles = 75
stat.pool.101.memq.rfo.service_max_cycles = 75
stat.pool.101.memq.rfo.total_avg_cycles = 76.0846
stat.pool.101.memq.rfo.total_max_cycles = 80
stat.pool.101.memq.rfo.ahead_pkts_avg.load = 0.490828
stat.pool.101.memq.rfo.ahead_pkts_max.load = 5
stat.pool.101.memq.rfo.ahead_bytes_avg.load = 31.413
stat.pool.101.memq.rfo.ahead_bytes_max.load = 320
stat.pool.101.memq.rfo.ahead_pkts_avg.rfo = 0.23915
stat.pool.101.memq.rfo.ahead_pkts_max.rfo = 5
stat.pool.101.memq.rfo.ahead_bytes_avg.rfo = 15.3056
stat.pool.101.memq.rfo.ahead_bytes_max.rfo = 320
stat.pool.101.memq.rfo.ahead_pkts_avg.write = 1.15906
stat.pool.101.memq.rfo.ahead_pkts_max.write = 3
stat.pool.101.memq.rfo.ahead_bytes_avg.write = 74.1799
stat.pool.101.memq.rfo.ahead_bytes_max.write = 192
stat.pool.101.memq.rfo.ahead_pkts_avg.other = 0.00178971
stat.pool.101.memq.rfo.ahead_pkts_max.other = 1
stat.pool.101.memq.rfo.ahead_bytes_avg.other = 0.114541
stat.pool.101.memq.rfo.ahead_bytes_max.other = 64
stat.pool.101.memq.rfo.queue_wait_bucket.0 = 0
stat.pool.101.memq.rfo.service_bucket.0 = 0
stat.pool.101.memq.rfo.total_bucket.0 = 0
stat.pool.101.memq.rfo.ahead_total_pkts_bucket.0 = 570
stat.pool.101.memq.rfo.ahead_total_bytes_bucket.0 = 570
stat.pool.101.memq.rfo.queue_wait_bucket.1_63 = 4470
stat.pool.101.memq.rfo.service_bucket.1_63 = 0
stat.pool.101.memq.rfo.total_bucket.1_63 = 0
stat.pool.101.memq.rfo.ahead_total_pkts_bucket.1 = 1283
stat.pool.101.memq.rfo.ahead_total_bytes_bucket.1_64 = 1283
stat.pool.101.memq.rfo.queue_wait_bucket.64_255 = 0
stat.pool.101.memq.rfo.service_bucket.64_255 = 4470
stat.pool.101.memq.rfo.total_bucket.64_255 = 4470
stat.pool.101.memq.rfo.ahead_total_pkts_bucket.2 = 1305
stat.pool.101.memq.rfo.ahead_total_bytes_bucket.65_256 = 2503
stat.pool.101.memq.rfo.queue_wait_bucket.256_1023 = 0
stat.pool.101.memq.rfo.service_bucket.256_1023 = 0
stat.pool.101.memq.rfo.total_bucket.256_1023 = 0
stat.pool.101.memq.rfo.ahead_total_pkts_bucket.3_4 = 1198
stat.pool.101.memq.rfo.ahead_total_bytes_bucket.257_1024 = 114
stat.pool.101.memq.rfo.queue_wait_bucket.1024_4095 = 0
stat.pool.101.memq.rfo.service_bucket.1024_4095 = 0
stat.pool.101.memq.rfo.total_bucket.1024_4095 = 0
stat.pool.101.memq.rfo.ahead_total_pkts_bucket.5_8 = 114
stat.pool.101.memq.rfo.ahead_total_bytes_bucket.1025_4096 = 0
stat.pool.101.memq.rfo.queue_wait_bucket.4096_plus = 0
stat.pool.101.memq.rfo.service_bucket.4096_plus = 0
stat.pool.101.memq.rfo.total_bucket.4096_plus = 0
stat.pool.101.memq.rfo.ahead_total_pkts_bucket.9_plus = 0
stat.pool.101.memq.rfo.ahead_total_bytes_bucket.4097_plus = 0
stat.pool.101.respq.rfo.attempted = 4470
stat.pool.101.respq.rfo.completed = 4470
stat.pool.101.respq.rfo.can_send_blocked = 0
stat.pool.101.respq.rfo.send_failed = 0
stat.pool.101.respq.rfo.wait_avg_cycles = 0
stat.pool.101.respq.rfo.wait_max_cycles = 0
stat.pool.101.memq.write.completed = 10873
stat.pool.101.memq.write.response_completed = 0
stat.pool.101.memq.write.queue_wait_avg_cycles = 1
stat.pool.101.memq.write.queue_wait_max_cycles = 1
stat.pool.101.memq.write.service_avg_cycles = 75
stat.pool.101.memq.write.service_max_cycles = 75
stat.pool.101.memq.write.total_avg_cycles = 76
stat.pool.101.memq.write.total_max_cycles = 76
stat.pool.101.memq.write.ahead_pkts_avg.load = 0.367516
stat.pool.101.memq.write.ahead_pkts_max.load = 4
stat.pool.101.memq.write.ahead_bytes_avg.load = 23.521
stat.pool.101.memq.write.ahead_bytes_max.load = 256
stat.pool.101.memq.write.ahead_pkts_avg.rfo = 0.158558
stat.pool.101.memq.write.ahead_pkts_max.rfo = 4
stat.pool.101.memq.write.ahead_bytes_avg.rfo = 10.1477
stat.pool.101.memq.write.ahead_bytes_max.rfo = 256
stat.pool.101.memq.write.ahead_pkts_avg.write = 0.636255
stat.pool.101.memq.write.ahead_pkts_max.write = 3
stat.pool.101.memq.write.ahead_bytes_avg.write = 40.7203
stat.pool.101.memq.write.ahead_bytes_max.write = 192
stat.pool.101.memq.write.ahead_pkts_avg.other = 0.00147153
stat.pool.101.memq.write.ahead_pkts_max.other = 1
stat.pool.101.memq.write.ahead_bytes_avg.other = 0.0941782
stat.pool.101.memq.write.ahead_bytes_max.other = 64
stat.pool.101.memq.write.queue_wait_bucket.0 = 0
stat.pool.101.memq.write.service_bucket.0 = 0
stat.pool.101.memq.write.total_bucket.0 = 0
stat.pool.101.memq.write.ahead_total_pkts_bucket.0 = 3855
stat.pool.101.memq.write.ahead_total_bytes_bucket.0 = 3855
stat.pool.101.memq.write.queue_wait_bucket.1_63 = 10873
stat.pool.101.memq.write.service_bucket.1_63 = 0
stat.pool.101.memq.write.total_bucket.1_63 = 0
stat.pool.101.memq.write.ahead_total_pkts_bucket.1 = 3190
stat.pool.101.memq.write.ahead_total_bytes_bucket.1_64 = 3190
stat.pool.101.memq.write.queue_wait_bucket.64_255 = 0
stat.pool.101.memq.write.service_bucket.64_255 = 10873
stat.pool.101.memq.write.total_bucket.64_255 = 10873
stat.pool.101.memq.write.ahead_total_pkts_bucket.2 = 2326
stat.pool.101.memq.write.ahead_total_bytes_bucket.65_256 = 3791
stat.pool.101.memq.write.queue_wait_bucket.256_1023 = 0
stat.pool.101.memq.write.service_bucket.256_1023 = 0
stat.pool.101.memq.write.total_bucket.256_1023 = 0
stat.pool.101.memq.write.ahead_total_pkts_bucket.3_4 = 1465
stat.pool.101.memq.write.ahead_total_bytes_bucket.257_1024 = 37
stat.pool.101.memq.write.queue_wait_bucket.1024_4095 = 0
stat.pool.101.memq.write.service_bucket.1024_4095 = 0
stat.pool.101.memq.write.total_bucket.1024_4095 = 0
stat.pool.101.memq.write.ahead_total_pkts_bucket.5_8 = 37
stat.pool.101.memq.write.ahead_total_bytes_bucket.1025_4096 = 0
stat.pool.101.memq.write.queue_wait_bucket.4096_plus = 0
stat.pool.101.memq.write.service_bucket.4096_plus = 0
stat.pool.101.memq.write.total_bucket.4096_plus = 0
stat.pool.101.memq.write.ahead_total_pkts_bucket.9_plus = 0
stat.pool.101.memq.write.ahead_total_bytes_bucket.4097_plus = 0
stat.pool.101.respq.write.attempted = 0
stat.pool.101.respq.write.completed = 0
stat.pool.101.respq.write.can_send_blocked = 0
stat.pool.101.respq.write.send_failed = 0
stat.pool.101.respq.write.wait_avg_cycles = 0
stat.pool.101.respq.write.wait_max_cycles = 0
stat.pool.101.memq.other.completed = 31
stat.pool.101.memq.other.response_completed = 31
stat.pool.101.memq.other.queue_wait_avg_cycles = 1.06452
stat.pool.101.memq.other.queue_wait_max_cycles = 2
stat.pool.101.memq.other.service_avg_cycles = 75
stat.pool.101.memq.other.service_max_cycles = 75
stat.pool.101.memq.other.total_avg_cycles = 76.0645
stat.pool.101.memq.other.total_max_cycles = 77
stat.pool.101.memq.other.ahead_pkts_avg.load = 0.516129
stat.pool.101.memq.other.ahead_pkts_max.load = 2
stat.pool.101.memq.other.ahead_bytes_avg.load = 33.0323
stat.pool.101.memq.other.ahead_bytes_max.load = 128
stat.pool.101.memq.other.ahead_pkts_avg.rfo = 0.225806
stat.pool.101.memq.other.ahead_pkts_max.rfo = 1
stat.pool.101.memq.other.ahead_bytes_avg.rfo = 14.4516
stat.pool.101.memq.other.ahead_bytes_max.rfo = 64
stat.pool.101.memq.other.ahead_pkts_avg.write = 1.09677
stat.pool.101.memq.other.ahead_pkts_max.write = 3
stat.pool.101.memq.other.ahead_bytes_avg.write = 70.1935
stat.pool.101.memq.other.ahead_bytes_max.write = 192
stat.pool.101.memq.other.ahead_pkts_avg.other = 0
stat.pool.101.memq.other.ahead_pkts_max.other = 0
stat.pool.101.memq.other.ahead_bytes_avg.other = 0
stat.pool.101.memq.other.ahead_bytes_max.other = 0
stat.pool.101.memq.other.queue_wait_bucket.0 = 0
stat.pool.101.memq.other.service_bucket.0 = 0
stat.pool.101.memq.other.total_bucket.0 = 0
stat.pool.101.memq.other.ahead_total_pkts_bucket.0 = 3
stat.pool.101.memq.other.ahead_total_bytes_bucket.0 = 3
stat.pool.101.memq.other.queue_wait_bucket.1_63 = 31
stat.pool.101.memq.other.service_bucket.1_63 = 0
stat.pool.101.memq.other.total_bucket.1_63 = 0
stat.pool.101.memq.other.ahead_total_pkts_bucket.1 = 11
stat.pool.101.memq.other.ahead_total_bytes_bucket.1_64 = 11
stat.pool.101.memq.other.queue_wait_bucket.64_255 = 0
stat.pool.101.memq.other.service_bucket.64_255 = 31
stat.pool.101.memq.other.total_bucket.64_255 = 31
stat.pool.101.memq.other.ahead_total_pkts_bucket.2 = 6
stat.pool.101.memq.other.ahead_total_bytes_bucket.65_256 = 17
stat.pool.101.memq.other.queue_wait_bucket.256_1023 = 0
stat.pool.101.memq.other.service_bucket.256_1023 = 0
stat.pool.101.memq.other.total_bucket.256_1023 = 0
stat.pool.101.memq.other.ahead_total_pkts_bucket.3_4 = 11
stat.pool.101.memq.other.ahead_total_bytes_bucket.257_1024 = 0
stat.pool.101.memq.other.queue_wait_bucket.1024_4095 = 0
stat.pool.101.memq.other.service_bucket.1024_4095 = 0
stat.pool.101.memq.other.total_bucket.1024_4095 = 0
stat.pool.101.memq.other.ahead_total_pkts_bucket.5_8 = 0
stat.pool.101.memq.other.ahead_total_bytes_bucket.1025_4096 = 0
stat.pool.101.memq.other.queue_wait_bucket.4096_plus = 0
stat.pool.101.memq.other.service_bucket.4096_plus = 0
stat.pool.101.memq.other.total_bucket.4096_plus = 0
stat.pool.101.memq.other.ahead_total_pkts_bucket.9_plus = 0
stat.pool.101.memq.other.ahead_total_bytes_bucket.4097_plus = 0
stat.pool.101.respq.other.attempted = 31
stat.pool.101.respq.other.completed = 31
stat.pool.101.respq.other.can_send_blocked = 0
stat.pool.101.respq.other.send_failed = 0
stat.pool.101.respq.other.wait_avg_cycles = 0
stat.pool.101.respq.other.wait_max_cycles = 0
stat.pool.101.response.returned_burst_max_pkts = 1
stat.pool.101.response.returned_burst_avg_pkts = 1
stat.pool.101.response.returned_burst_stddev_pkts = 0
stat.pool.101.response.returned_nonempty_frac = 0.0078986
stat.pool.101.response.sent_burst_max_pkts = 1
stat.pool.101.response.sent_burst_avg_pkts = 1
stat.pool.101.response.sent_burst_stddev_pkts = 0
stat.pool.101.response.sent_nonempty_frac = 0.0078986
stat.pool.101.response.blocked_cycles = 0
stat.pool.101.response.blocked_avg_pending_pkts = 0
stat.pool.101.response.blocked_max_pending_pkts = 0
stat.pool.101.response.returned_occ_avg_pkts = 0.0078986
stat.pool.101.response.returned_occ_stddev_pkts = 0.0885224
stat.pool.101.response.returned_occ_max_pkts = 1
stat.pool.101.response.pending_occ_avg = 0.60895
stat.pool.101.response.pending_occ_stddev = 0.849824
stat.pool.101.response.pending_occ_max = 8
stat.pool.101.request.accept_src.distinct_avg = 1
stat.pool.101.request.accept_src.distinct_max = 1
stat.pool.101.request.accept_src.nonempty_frac = 0.0136307
stat.pool.101.request.blocked_src.distinct_avg = 0
stat.pool.101.request.blocked_src.distinct_max = 0
stat.pool.101.request.blocked_src.nonempty_frac = 0
stat.pool.101.pending.src.distinct_avg = 1
stat.pool.101.pending.src.distinct_max = 1
stat.pool.101.pending.src.nonempty_frac = 0.422673
stat.pool.101.pending.ready_src.distinct_avg = 0
stat.pool.101.pending.ready_src.distinct_max = 0
stat.pool.101.pending.ready_src.nonempty_frac = 0
stat.pool.101.response.ready_src.distinct_avg = 1
stat.pool.101.response.ready_src.distinct_max = 1
stat.pool.101.response.ready_src.nonempty_frac = 0.0078986
stat.pool.101.response.sent_dst.distinct_avg = 1
stat.pool.101.response.sent_dst.distinct_max = 1
stat.pool.101.response.sent_dst.nonempty_frac = 0.0078986
stat.pool.101.pending_episode.count = 6461
stat.pool.101.pending_episode.avg_cycles = 124.097
stat.pool.101.pending_episode.max_cycles = 505
stat.pool.101.pending_episode.avg_peak_occ = 1.93066
stat.pool.101.pending_episode.max_peak_occ = 8
stat.pool.101.pending_episode.avg_accepted = 3.06872
stat.pool.101.pending_episode.max_accepted = 16
stat.pool.101.pending_episode.avg_sent = 2.31915
stat.pool.101.pending_episode.max_sent = 8
stat.pool.101.pending_episode.avg_pending_distinct_src = 1
stat.pool.101.pending_episode.max_pending_distinct_src = 1
stat.pool.101.pending_episode.avg_ready_distinct_src = 0
stat.pool.101.pending_episode.max_ready_distinct_src = 0
stat.pool.101.pending_episode.avg_sent_distinct_dst = 1
stat.pool.101.pending_episode.max_sent_distinct_dst = 1
stat.pool.101.response.returned_episode.count = 14984
stat.pool.101.response.returned_episode.avg_cycles = 1
stat.pool.101.response.returned_episode.max_cycles = 1
stat.pool.101.response.returned_episode.avg_peak_occ = 1
stat.pool.101.response.returned_episode.max_peak_occ = 1
stat.pool.101.response.returned_episode.avg_sent = 1
stat.pool.101.response.returned_episode.max_sent = 1
stat.pool.101.response.returned_episode.avg_ready_distinct_src = 1
stat.pool.101.response.returned_episode.max_ready_distinct_src = 1
stat.pool.101.response.returned_episode.avg_sent_distinct_dst = 1
stat.pool.101.response.returned_episode.max_sent_distinct_dst = 1
stat.pool.101.node.0.pending_occ_avg = 0.60895
stat.pool.101.node.0.pending_occ_max = 8
stat.pool.101.node.0.ready_occ_avg = 0
stat.pool.101.node.0.ready_occ_max = 0
stat.pool.101.node.0.pending_age_avg_cycles = 38.0469
stat.pool.101.node.0.pending_age_max_cycles = 82
stat.pool.101.node.0.ready_age_avg_cycles = 0
stat.pool.101.node.0.ready_age_max_cycles = 0
stat.pool.101.node.0.request_enqueued.load = 10484
stat.pool.101.node.0.request_blocked.load = 0
stat.pool.101.node.0.response_ready.load = 10483
stat.pool.101.node.0.response_sent.load = 10483
stat.pool.101.node.0.response_blocked.load = 0
stat.pool.101.node.0.pending_occ_avg.load = 0.426056
stat.pool.101.node.0.pending_occ_max.load = 8
stat.pool.101.node.0.ready_occ_avg.load = 0
stat.pool.101.node.0.ready_occ_max.load = 0
stat.pool.101.node.0.mem_ready_avg_cycles.load = 76.0971
stat.pool.101.node.0.mem_ready_max_cycles.load = 82
stat.pool.101.node.0.response_wait_avg_cycles.load = 0
stat.pool.101.node.0.response_wait_max_cycles.load = 0
stat.pool.101.node.0.request_enqueue_gap_avg_cycles.load = 132.198
stat.pool.101.node.0.request_enqueue_gap_max_cycles.load = 1152
stat.pool.101.node.0.response_ready_gap_avg_cycles.load = 132.202
stat.pool.101.node.0.response_ready_gap_max_cycles.load = 1152
stat.pool.101.node.0.response_sent_gap_avg_cycles.load = 132.202
stat.pool.101.node.0.response_sent_gap_max_cycles.load = 1152
stat.pool.101.node.0.total_turnaround_avg_cycles.load = 76.0971
stat.pool.101.node.0.total_turnaround_max_cycles.load = 82
stat.pool.101.node.0.request_enqueued.rfo = 4470
stat.pool.101.node.0.request_blocked.rfo = 0
stat.pool.101.node.0.response_ready.rfo = 4470
stat.pool.101.node.0.response_sent.rfo = 4470
stat.pool.101.node.0.response_blocked.rfo = 0
stat.pool.101.node.0.pending_occ_avg.rfo = 0.181634
stat.pool.101.node.0.pending_occ_max.rfo = 6
stat.pool.101.node.0.ready_occ_avg.rfo = 0
stat.pool.101.node.0.ready_occ_max.rfo = 0
stat.pool.101.node.0.mem_ready_avg_cycles.rfo = 76.0846
stat.pool.101.node.0.mem_ready_max_cycles.rfo = 80
stat.pool.101.node.0.response_wait_avg_cycles.rfo = 0
stat.pool.101.node.0.response_wait_max_cycles.rfo = 0
stat.pool.101.node.0.request_enqueue_gap_avg_cycles.rfo = 310.078
stat.pool.101.node.0.request_enqueue_gap_max_cycles.rfo = 2359
stat.pool.101.node.0.response_ready_gap_avg_cycles.rfo = 310.078
stat.pool.101.node.0.response_ready_gap_max_cycles.rfo = 2359
stat.pool.101.node.0.response_sent_gap_avg_cycles.rfo = 310.078
stat.pool.101.node.0.response_sent_gap_max_cycles.rfo = 2359
stat.pool.101.node.0.total_turnaround_avg_cycles.rfo = 76.0846
stat.pool.101.node.0.total_turnaround_max_cycles.rfo = 80
stat.pool.101.node.0.request_enqueued.write = 10873
stat.pool.101.node.0.request_blocked.write = 0
stat.pool.101.node.0.response_ready.write = 0
stat.pool.101.node.0.response_sent.write = 0
stat.pool.101.node.0.response_blocked.write = 0
stat.pool.101.node.0.pending_occ_avg.write = 0
stat.pool.101.node.0.pending_occ_max.write = 0
stat.pool.101.node.0.ready_occ_avg.write = 0
stat.pool.101.node.0.ready_occ_max.write = 0
stat.pool.101.node.0.mem_ready_avg_cycles.write = 0
stat.pool.101.node.0.mem_ready_max_cycles.write = 0
stat.pool.101.node.0.response_wait_avg_cycles.write = 0
stat.pool.101.node.0.response_wait_max_cycles.write = 0
stat.pool.101.node.0.request_enqueue_gap_avg_cycles.write = 127.396
stat.pool.101.node.0.request_enqueue_gap_max_cycles.write = 1140
stat.pool.101.node.0.response_ready_gap_avg_cycles.write = 0
stat.pool.101.node.0.response_ready_gap_max_cycles.write = 0
stat.pool.101.node.0.response_sent_gap_avg_cycles.write = 0
stat.pool.101.node.0.response_sent_gap_max_cycles.write = 0
stat.pool.101.node.0.total_turnaround_avg_cycles.write = 0
stat.pool.101.node.0.total_turnaround_max_cycles.write = 0
stat.pool.101.node.0.request_enqueued.other = 31
stat.pool.101.node.0.request_blocked.other = 0
stat.pool.101.node.0.response_ready.other = 31
stat.pool.101.node.0.response_sent.other = 31
stat.pool.101.node.0.response_blocked.other = 0
stat.pool.101.node.0.pending_occ_avg.other = 0.00125933
stat.pool.101.node.0.pending_occ_max.other = 1
stat.pool.101.node.0.ready_occ_avg.other = 0
stat.pool.101.node.0.ready_occ_max.other = 0
stat.pool.101.node.0.mem_ready_avg_cycles.other = 76.0645
stat.pool.101.node.0.mem_ready_max_cycles.other = 77
stat.pool.101.node.0.response_wait_avg_cycles.other = 0
stat.pool.101.node.0.response_wait_max_cycles.other = 0
stat.pool.101.node.0.request_enqueue_gap_avg_cycles.other = 44938.2
stat.pool.101.node.0.request_enqueue_gap_max_cycles.other = 175029
stat.pool.101.node.0.response_ready_gap_avg_cycles.other = 44938.2
stat.pool.101.node.0.response_ready_gap_max_cycles.other = 175029
stat.pool.101.node.0.response_sent_gap_avg_cycles.other = 44938.2
stat.pool.101.node.0.response_sent_gap_max_cycles.other = 175029
stat.pool.101.node.0.total_turnaround_avg_cycles.other = 76.0645
stat.pool.101.node.0.total_turnaround_max_cycles.other = 77
stat.pool.101.fabric.ingress_wait_avg_cycles = 137.496
stat.pool.101.fabric.egress_wait_avg_cycles = 1
stat.pool.101.fabric.ingress_wait_max_cycles = 146
stat.pool.101.fabric.egress_wait_max_cycles = 1
stat.pool.101.fabric.ingress_queue_wait_avg_cycles = 4.66614
stat.pool.101.fabric.ingress_queue_wait_max_cycles = 22
stat.pool.101.fabric.ingress_occ_bytes = 80
stat.pool.101.fabric.ready_wait_avg_cycles = 0
stat.pool.101.fabric.ready_wait_max_cycles = 0
stat.pool.101.fabric.ready_occ_avg_pkts = 0.0136307
stat.pool.101.fabric.ready_occ_pkts = 0
stat.pool.101.fabric.ready_occ_max_pkts = 1
stat.pool.101.fabric.ready_retry_count = 0
stat.pool.101.fabric.ingress_arrival_burst_max_pkts = 1
stat.pool.101.fabric.ingress_arrival_burst_max_bytes = 64
stat.pool.101.fabric.ingress_arrival_burst_avg_pkts = 1
stat.pool.101.fabric.ingress_arrival_burst_avg_bytes = 31.5468
stat.pool.101.fabric.ingress_arrival_burst_stddev_pkts = 0
stat.pool.101.fabric.ingress_arrival_burst_stddev_bytes = 27.6436
stat.pool.101.fabric.ingress_arrival_nonempty_frac = 0.0136323
stat.pool.101.fabric.ingress_arrival_run_max_cycles = 1
stat.pool.101.fabric.ingress_arrival_run_avg_cycles = 1
stat.pool.101.fabric.ingress_arrival_run_stddev_cycles = 0
stat.pool.101.fabric.ingress_arrival_gap_max_cycles = 668
stat.pool.101.fabric.ingress_arrival_gap_avg_cycles = 52.5962
stat.pool.101.fabric.ingress_arrival_gap_stddev_cycles = 66.0137
stat.pool.101.fabric.ingress_release_burst_max_pkts = 1
stat.pool.101.fabric.ingress_release_burst_max_bytes = 64
stat.pool.101.fabric.ingress_release_burst_avg_pkts = 1
stat.pool.101.fabric.ingress_release_burst_avg_bytes = 31.5474
stat.pool.101.fabric.ingress_release_burst_stddev_pkts = 0
stat.pool.101.fabric.ingress_release_burst_stddev_bytes = 27.6437
stat.pool.101.fabric.ingress_release_nonempty_frac = 0.0136307
stat.pool.101.fabric.ingress_release_run_max_cycles = 1
stat.pool.101.fabric.ingress_release_run_avg_cycles = 1
stat.pool.101.fabric.ingress_release_run_stddev_cycles = 0
stat.pool.101.fabric.ingress_release_gap_max_cycles = 689
stat.pool.101.fabric.ingress_release_gap_avg_cycles = 52.5968
stat.pool.101.fabric.ingress_release_gap_stddev_cycles = 69.4359
stat.pool.101.fabric.ingress_occ_avg_bytes = 61.11
stat.pool.101.fabric.ingress_occ_stddev_bytes = 71.7478
stat.pool.101.fabric.ingress_occ_max_bytes = 408
stat.pool.101.fabric.ingress_occ_nonempty_frac = 0.61396
stat.pool.101.fabric.ingress_occ_run_max_cycles = 3524
stat.pool.101.fabric.ingress_occ_run_avg_cycles = 474.423
stat.pool.101.fabric.ingress_occ_run_stddev_cycles = 297.465
stat.pool.101.fabric.ingress_occ_gap_max_cycles = 546
stat.pool.101.fabric.ingress_occ_gap_avg_cycles = 90.1879
stat.pool.101.fabric.ingress_occ_gap_stddev_cycles = 83.6206
stat.pool.101.fabric.rx_bytes.demand_req = 119648
stat.pool.101.fabric.tx_bytes.demand_req = 0
stat.pool.101.fabric.rx_pkts.demand_req = 14956
stat.pool.101.fabric.tx_pkts.demand_req = 0
stat.pool.101.fabric.rx_bytes.write_req = 695936
stat.pool.101.fabric.tx_bytes.write_req = 0
stat.pool.101.fabric.rx_pkts.write_req = 10874
stat.pool.101.fabric.tx_pkts.write_req = 0
stat.pool.101.fabric.rx_bytes.response = 0
stat.pool.101.fabric.tx_bytes.response = 958976
stat.pool.101.fabric.rx_pkts.response = 0
stat.pool.101.fabric.tx_pkts.response = 14984
stat.pool.101.fabric.rx_bytes.other_req = 248
stat.pool.101.fabric.tx_bytes.other_req = 0
stat.pool.101.fabric.rx_pkts.other_req = 31
stat.pool.101.fabric.tx_pkts.other_req = 0
stat.pool.101.port.switch.ingress_wait_avg_cycles = 137.496
stat.pool.101.port.switch.ingress_wait_max_cycles = 146
stat.pool.101.port.switch.egress_wait_avg_cycles = 1
stat.pool.101.port.switch.egress_wait_max_cycles = 1
stat.pool.101.port.switch.ingress_queue_wait_avg_cycles = 4.66614
stat.pool.101.port.switch.ingress_queue_wait_max_cycles = 22
stat.pool.101.port.switch.egress_occ_avg_bytes = 0
stat.pool.101.port.switch.egress_occ_stddev_bytes = 0
stat.pool.101.port.switch.egress_occ_max_bytes = 0
stat.pool.101.port.switch.egress_occ_nonempty_frac = 0
stat.pool.101.port.switch.egress_blocked_cycles = 0
stat.pool.101.port.switch.egress_blocked_nonempty_frac = 0
stat.pool.101.port.switch.egress_blocked_avg_occ_bytes = 0
stat.pool.101.port.switch.egress_blocked_max_occ_bytes = 0
stat.pool.101.port.switch.egress_send_burst_max_pkts = 1
stat.pool.101.port.switch.egress_send_burst_max_bytes = 64
stat.pool.101.port.switch.egress_send_burst_avg_pkts = 1
stat.pool.101.port.switch.egress_send_burst_avg_bytes = 64
stat.pool.101.port.switch.egress_send_burst_stddev_pkts = 0
stat.pool.101.port.switch.egress_send_burst_stddev_bytes = 0
stat.pool.101.port.switch.egress_send_nonempty_frac = 0.0078986
stat.pool.101.port.switch.ingress_arrival_burst_avg_bytes = 31.5468
stat.pool.101.port.switch.ingress_arrival_nonempty_frac = 0.0136323
stat.pool.101.port.switch.ingress_arrival_run_max_cycles = 1
stat.pool.101.port.switch.ingress_arrival_run_avg_cycles = 1
stat.pool.101.port.switch.ingress_arrival_gap_max_cycles = 668
stat.pool.101.port.switch.ingress_arrival_gap_avg_cycles = 52.5962
stat.pool.101.port.switch.ingress_release_burst_avg_bytes = 31.5474
stat.pool.101.port.switch.ingress_release_nonempty_frac = 0.0136307
stat.pool.101.port.switch.ingress_release_run_max_cycles = 1
stat.pool.101.port.switch.ingress_release_run_avg_cycles = 1
stat.pool.101.port.switch.ingress_release_gap_max_cycles = 689
stat.pool.101.port.switch.ingress_release_gap_avg_cycles = 52.5968
stat.pool.101.port.switch.ingress_occ_avg_bytes = 61.11
stat.pool.101.port.switch.ingress_occ_stddev_bytes = 71.7478
stat.pool.101.port.switch.ingress_occ_max_bytes = 408
stat.pool.101.port.switch.ingress_occ_nonempty_frac = 0.61396
stat.pool.101.port.switch.ingress_occ_run_max_cycles = 3524
stat.pool.101.port.switch.ingress_occ_run_avg_cycles = 474.423
stat.pool.101.port.switch.ingress_occ_gap_max_cycles = 546
stat.pool.101.port.switch.ingress_occ_gap_avg_cycles = 90.1879
stat.pool.101.port.switch.ingress_wait_avg_cycles.demand_req = 132.04
stat.pool.101.port.switch.ingress_wait_max_cycles.demand_req = 146
stat.pool.101.port.switch.ingress_queue_wait_avg_cycles.demand_req = 8.03952
stat.pool.101.port.switch.ingress_queue_wait_max_cycles.demand_req = 22
stat.pool.101.port.switch.egress_wait_avg_cycles.demand_req = 0
stat.pool.101.port.switch.egress_wait_max_cycles.demand_req = 0
stat.pool.101.port.switch.egress_occ_avg_bytes.demand_req = 0
stat.pool.101.port.switch.egress_occ_max_bytes.demand_req = 0
stat.pool.101.port.switch.egress_blocked_cycles.demand_req = 0
stat.pool.101.port.switch.ingress_arrival_empty_packets.demand_req = 943
stat.pool.101.port.switch.ingress_arrival_nonempty_packets.demand_req = 14013
stat.pool.101.port.switch.ingress_arrival_nonempty_packet_frac.demand_req = 0.936948
stat.pool.101.port.switch.ingress_nonempty_arrival_pre_occ_avg_bytes.demand_req = 126.102
stat.pool.101.port.switch.ingress_nonempty_arrival_pre_occ_max_bytes.demand_req = 400
stat.pool.101.port.switch.ingress_release_after_empty_arrival_packets.demand_req = 943
stat.pool.101.port.switch.ingress_release_after_nonempty_arrival_packets.demand_req = 14011
stat.pool.101.port.switch.ingress_wait_after_empty_arrival_avg_cycles.demand_req = 124
stat.pool.101.port.switch.ingress_wait_after_nonempty_arrival_avg_cycles.demand_req = 132.581
stat.pool.101.port.switch.ingress_queue_wait_after_empty_arrival_avg_cycles.demand_req = 0
stat.pool.101.port.switch.ingress_queue_wait_after_nonempty_arrival_avg_cycles.demand_req = 8.58062
stat.pool.101.port.switch.ingress_queue_wait_after_empty_arrival_max_cycles.demand_req = 0
stat.pool.101.port.switch.ingress_queue_wait_after_nonempty_arrival_max_cycles.demand_req = 22
stat.pool.101.port.switch.rx_bytes.demand_req = 119648
stat.pool.101.port.switch.tx_bytes.demand_req = 0
stat.pool.101.port.switch.rx_pkts.demand_req = 14956
stat.pool.101.port.switch.tx_pkts.demand_req = 0
stat.pool.101.port.switch.ingress_wait_avg_cycles.write_req = 145.014
stat.pool.101.port.switch.ingress_wait_max_cycles.write_req = 146
stat.pool.101.port.switch.ingress_queue_wait_avg_cycles.write_req = 0.0141635
stat.pool.101.port.switch.ingress_queue_wait_max_cycles.write_req = 1
stat.pool.101.port.switch.egress_wait_avg_cycles.write_req = 0
stat.pool.101.port.switch.egress_wait_max_cycles.write_req = 0
stat.pool.101.port.switch.egress_occ_avg_bytes.write_req = 0
stat.pool.101.port.switch.egress_occ_max_bytes.write_req = 0
stat.pool.101.port.switch.egress_blocked_cycles.write_req = 0
stat.pool.101.port.switch.ingress_arrival_empty_packets.write_req = 1510
stat.pool.101.port.switch.ingress_arrival_nonempty_packets.write_req = 9364
stat.pool.101.port.switch.ingress_arrival_nonempty_packet_frac.write_req = 0.861137
stat.pool.101.port.switch.ingress_nonempty_arrival_pre_occ_avg_bytes.write_req = 98.082
stat.pool.101.port.switch.ingress_nonempty_arrival_pre_occ_max_bytes.write_req = 344
stat.pool.101.port.switch.ingress_release_after_empty_arrival_packets.write_req = 1510
stat.pool.101.port.switch.ingress_release_after_nonempty_arrival_packets.write_req = 9363
stat.pool.101.port.switch.ingress_wait_after_empty_arrival_avg_cycles.write_req = 145
stat.pool.101.port.switch.ingress_wait_after_nonempty_arrival_avg_cycles.write_req = 145.016
stat.pool.101.port.switch.ingress_queue_wait_after_empty_arrival_avg_cycles.write_req = 0
stat.pool.101.port.switch.ingress_queue_wait_after_nonempty_arrival_avg_cycles.write_req = 0.0164477
stat.pool.101.port.switch.ingress_queue_wait_after_empty_arrival_max_cycles.write_req = 0
stat.pool.101.port.switch.ingress_queue_wait_after_nonempty_arrival_max_cycles.write_req = 1
stat.pool.101.port.switch.rx_bytes.write_req = 695936
stat.pool.101.port.switch.tx_bytes.write_req = 0
stat.pool.101.port.switch.rx_pkts.write_req = 10874
stat.pool.101.port.switch.tx_pkts.write_req = 0
stat.pool.101.port.switch.ingress_wait_avg_cycles.response = 0
stat.pool.101.port.switch.ingress_wait_max_cycles.response = 0
stat.pool.101.port.switch.ingress_queue_wait_avg_cycles.response = 0
stat.pool.101.port.switch.ingress_queue_wait_max_cycles.response = 0
stat.pool.101.port.switch.egress_wait_avg_cycles.response = 1
stat.pool.101.port.switch.egress_wait_max_cycles.response = 1
stat.pool.101.port.switch.egress_occ_avg_bytes.response = 0
stat.pool.101.port.switch.egress_occ_max_bytes.response = 0
stat.pool.101.port.switch.egress_blocked_cycles.response = 0
stat.pool.101.port.switch.ingress_arrival_empty_packets.response = 0
stat.pool.101.port.switch.ingress_arrival_nonempty_packets.response = 0
stat.pool.101.port.switch.ingress_arrival_nonempty_packet_frac.response = 0
stat.pool.101.port.switch.ingress_nonempty_arrival_pre_occ_avg_bytes.response = 0
stat.pool.101.port.switch.ingress_nonempty_arrival_pre_occ_max_bytes.response = 0
stat.pool.101.port.switch.ingress_release_after_empty_arrival_packets.response = 0
stat.pool.101.port.switch.ingress_release_after_nonempty_arrival_packets.response = 0
stat.pool.101.port.switch.ingress_wait_after_empty_arrival_avg_cycles.response = 0
stat.pool.101.port.switch.ingress_wait_after_nonempty_arrival_avg_cycles.response = 0
stat.pool.101.port.switch.ingress_queue_wait_after_empty_arrival_avg_cycles.response = 0
stat.pool.101.port.switch.ingress_queue_wait_after_nonempty_arrival_avg_cycles.response = 0
stat.pool.101.port.switch.ingress_queue_wait_after_empty_arrival_max_cycles.response = 0
stat.pool.101.port.switch.ingress_queue_wait_after_nonempty_arrival_max_cycles.response = 0
stat.pool.101.port.switch.rx_bytes.response = 0
stat.pool.101.port.switch.tx_bytes.response = 958976
stat.pool.101.port.switch.rx_pkts.response = 0
stat.pool.101.port.switch.tx_pkts.response = 14984
stat.pool.101.port.switch.ingress_wait_avg_cycles.other_req = 133.032
stat.pool.101.port.switch.ingress_wait_max_cycles.other_req = 146
stat.pool.101.port.switch.ingress_queue_wait_avg_cycles.other_req = 9.03226
stat.pool.101.port.switch.ingress_queue_wait_max_cycles.other_req = 22
stat.pool.101.port.switch.egress_wait_avg_cycles.other_req = 0
stat.pool.101.port.switch.egress_wait_max_cycles.other_req = 0
stat.pool.101.port.switch.egress_occ_avg_bytes.other_req = 0
stat.pool.101.port.switch.egress_occ_max_bytes.other_req = 0
stat.pool.101.port.switch.egress_blocked_cycles.other_req = 0
stat.pool.101.port.switch.ingress_arrival_empty_packets.other_req = 2
stat.pool.101.port.switch.ingress_arrival_nonempty_packets.other_req = 29
stat.pool.101.port.switch.ingress_arrival_nonempty_packet_frac.other_req = 0.935484
stat.pool.101.port.switch.ingress_nonempty_arrival_pre_occ_avg_bytes.other_req = 113.103
stat.pool.101.port.switch.ingress_nonempty_arrival_pre_occ_max_bytes.other_req = 272
stat.pool.101.port.switch.ingress_release_after_empty_arrival_packets.other_req = 2
stat.pool.101.port.switch.ingress_release_after_nonempty_arrival_packets.other_req = 29
stat.pool.101.port.switch.ingress_wait_after_empty_arrival_avg_cycles.other_req = 124
stat.pool.101.port.switch.ingress_wait_after_nonempty_arrival_avg_cycles.other_req = 133.655
stat.pool.101.port.switch.ingress_queue_wait_after_empty_arrival_avg_cycles.other_req = 0
stat.pool.101.port.switch.ingress_queue_wait_after_nonempty_arrival_avg_cycles.other_req = 9.65517
stat.pool.101.port.switch.ingress_queue_wait_after_empty_arrival_max_cycles.other_req = 0
stat.pool.101.port.switch.ingress_queue_wait_after_nonempty_arrival_max_cycles.other_req = 22
stat.pool.101.port.switch.rx_bytes.other_req = 248
stat.pool.101.port.switch.tx_bytes.other_req = 0
stat.pool.101.port.switch.rx_pkts.other_req = 31
stat.pool.101.port.switch.tx_pkts.other_req = 0
stat.pool.101.port.switch.ingress_occ_bucket_bytes.0 = 732335
stat.pool.101.port.switch.ready_occ_bucket_bytes.0 = 1871186
stat.pool.101.port.switch.ingress_occ_bucket_bytes.1_64 = 319641
stat.pool.101.port.switch.ready_occ_bucket_bytes.1_64 = 25858
stat.pool.101.port.switch.ingress_occ_bucket_bytes.65_256 = 812882
stat.pool.101.port.switch.ready_occ_bucket_bytes.65_256 = 0
stat.pool.101.port.switch.ingress_occ_bucket_bytes.257_1024 = 32186
stat.pool.101.port.switch.ready_occ_bucket_bytes.257_1024 = 0
stat.pool.101.port.switch.ingress_occ_bucket_bytes.1025_4096 = 0
stat.pool.101.port.switch.ready_occ_bucket_bytes.1025_4096 = 0
stat.pool.101.port.switch.ingress_occ_bucket_bytes.4097_plus = 0
stat.pool.101.port.switch.ready_occ_bucket_bytes.4097_plus = 0
stat.pool.101.port.switch.ingress_episode.count = 2454
stat.pool.101.port.switch.ingress_episode.avg_cycles = 474.392
stat.pool.101.port.switch.ingress_episode.max_cycles = 3524
stat.pool.101.port.switch.ingress_episode.avg_peak_occ_bytes = 181.966
stat.pool.101.port.switch.ingress_episode.max_peak_occ_bytes = 408
stat.pool.101.port.switch.ingress_episode.avg_arrival_pkts = 10.533
stat.pool.101.port.switch.ingress_episode.max_arrival_pkts = 76
stat.pool.101.port.switch.ingress_episode.avg_arrival_bytes = 332.293
stat.pool.101.port.switch.ingress_episode.max_arrival_bytes = 2568
stat.pool.101.port.switch.ingress_episode.avg_release_pkts = 10.533
stat.pool.101.port.switch.ingress_episode.max_release_pkts = 76
stat.pool.101.port.switch.ingress_episode.avg_release_bytes = 332.293
stat.pool.101.port.switch.ingress_episode.max_release_bytes = 2568
stat.pool.101.port.switch.ingress_episode.avg_wait_cycles = 1448.25
stat.pool.101.port.switch.ingress_episode.max_wait_cycles = 146
stat.pool.101.port.switch.ingress_episode.avg_queue_wait_cycles = 49.1504
stat.pool.101.port.switch.ingress_episode.max_queue_wait_cycles = 22
stat.pool.101.port.switch.ingress_episode.avg_src_distinct = 1
stat.pool.101.port.switch.ingress_episode.max_src_distinct = 1
stat.pool.101.port.switch.ingress_episode.avg_dst_distinct = 1
stat.pool.101.port.switch.ingress_episode.max_dst_distinct = 1
stat.pool.101.port.switch.ingress_episode.avg_arrival_pkts.demand_req = 6.09128
stat.pool.101.port.switch.ingress_episode.max_arrival_pkts.demand_req = 41
stat.pool.101.port.switch.ingress_episode.avg_release_pkts.demand_req = 6.09128
stat.pool.101.port.switch.ingress_episode.max_release_pkts.demand_req = 41
stat.pool.101.port.switch.ingress_pre_occ_bucket.demand_req.0 = 943
stat.pool.101.port.switch.ingress_queue_wait_bucket.demand_req.0 = 7865
stat.pool.101.port.switch.ingress_pre_occ_bucket.demand_req.1_64 = 2638
stat.pool.101.port.switch.ingress_queue_wait_bucket.demand_req.1_63 = 7089
stat.pool.101.port.switch.ingress_pre_occ_bucket.demand_req.65_256 = 10447
stat.pool.101.port.switch.ingress_queue_wait_bucket.demand_req.64_255 = 0
stat.pool.101.port.switch.ingress_pre_occ_bucket.demand_req.257_1024 = 928
stat.pool.101.port.switch.ingress_queue_wait_bucket.demand_req.256_1023 = 0
stat.pool.101.port.switch.ingress_pre_occ_bucket.demand_req.1025_4096 = 0
stat.pool.101.port.switch.ingress_queue_wait_bucket.demand_req.1024_4095 = 0
stat.pool.101.port.switch.ingress_pre_occ_bucket.demand_req.4097_plus = 0
stat.pool.101.port.switch.ingress_queue_wait_bucket.demand_req.4096_plus = 0
stat.pool.101.port.switch.ingress_episode.avg_arrival_pkts.write_req = 4.4291
stat.pool.101.port.switch.ingress_episode.max_arrival_pkts.write_req = 35
stat.pool.101.port.switch.ingress_episode.avg_release_pkts.write_req = 4.4291
stat.pool.101.port.switch.ingress_episode.max_release_pkts.write_req = 35
stat.pool.101.port.switch.ingress_pre_occ_bucket.write_req.0 = 1510
stat.pool.101.port.switch.ingress_queue_wait_bucket.write_req.0 = 10719
stat.pool.101.port.switch.ingress_pre_occ_bucket.write_req.1_64 = 2651
stat.pool.101.port.switch.ingress_queue_wait_bucket.write_req.1_63 = 154
stat.pool.101.port.switch.ingress_pre_occ_bucket.write_req.65_256 = 6502
stat.pool.101.port.switch.ingress_queue_wait_bucket.write_req.64_255 = 0
stat.pool.101.port.switch.ingress_pre_occ_bucket.write_req.257_1024 = 211
stat.pool.101.port.switch.ingress_queue_wait_bucket.write_req.256_1023 = 0
stat.pool.101.port.switch.ingress_pre_occ_bucket.write_req.1025_4096 = 0
stat.pool.101.port.switch.ingress_queue_wait_bucket.write_req.1024_4095 = 0
stat.pool.101.port.switch.ingress_pre_occ_bucket.write_req.4097_plus = 0
stat.pool.101.port.switch.ingress_queue_wait_bucket.write_req.4096_plus = 0
stat.pool.101.port.switch.ingress_episode.avg_arrival_pkts.response = 0
stat.pool.101.port.switch.ingress_episode.max_arrival_pkts.response = 0
stat.pool.101.port.switch.ingress_episode.avg_release_pkts.response = 0
stat.pool.101.port.switch.ingress_episode.max_release_pkts.response = 0
stat.pool.101.port.switch.ingress_pre_occ_bucket.response.0 = 0
stat.pool.101.port.switch.ingress_queue_wait_bucket.response.0 = 0
stat.pool.101.port.switch.ingress_pre_occ_bucket.response.1_64 = 0
stat.pool.101.port.switch.ingress_queue_wait_bucket.response.1_63 = 0
stat.pool.101.port.switch.ingress_pre_occ_bucket.response.65_256 = 0
stat.pool.101.port.switch.ingress_queue_wait_bucket.response.64_255 = 0
stat.pool.101.port.switch.ingress_pre_occ_bucket.response.257_1024 = 0
stat.pool.101.port.switch.ingress_queue_wait_bucket.response.256_1023 = 0
stat.pool.101.port.switch.ingress_pre_occ_bucket.response.1025_4096 = 0
stat.pool.101.port.switch.ingress_queue_wait_bucket.response.1024_4095 = 0
stat.pool.101.port.switch.ingress_pre_occ_bucket.response.4097_plus = 0
stat.pool.101.port.switch.ingress_queue_wait_bucket.response.4096_plus = 0
stat.pool.101.port.switch.ingress_episode.avg_arrival_pkts.other_req = 0.0126324
stat.pool.101.port.switch.ingress_episode.max_arrival_pkts.other_req = 2
stat.pool.101.port.switch.ingress_episode.avg_release_pkts.other_req = 0.0126324
stat.pool.101.port.switch.ingress_episode.max_release_pkts.other_req = 2
stat.pool.101.port.switch.ingress_pre_occ_bucket.other_req.0 = 2
stat.pool.101.port.switch.ingress_queue_wait_bucket.other_req.0 = 16
stat.pool.101.port.switch.ingress_pre_occ_bucket.other_req.1_64 = 4
stat.pool.101.port.switch.ingress_queue_wait_bucket.other_req.1_63 = 15
stat.pool.101.port.switch.ingress_pre_occ_bucket.other_req.65_256 = 24
stat.pool.101.port.switch.ingress_queue_wait_bucket.other_req.64_255 = 0
stat.pool.101.port.switch.ingress_pre_occ_bucket.other_req.257_1024 = 1
stat.pool.101.port.switch.ingress_queue_wait_bucket.other_req.256_1023 = 0
stat.pool.101.port.switch.ingress_pre_occ_bucket.other_req.1025_4096 = 0
stat.pool.101.port.switch.ingress_queue_wait_bucket.other_req.1024_4095 = 0
stat.pool.101.port.switch.ingress_pre_occ_bucket.other_req.4097_plus = 0
stat.pool.101.port.switch.ingress_queue_wait_bucket.other_req.4096_plus = 0
stat.pool.101.port.switch.peer_src.0.rx_bytes.demand_req = 119648
stat.pool.101.port.switch.peer_src.0.rx_pkts.demand_req = 14956
stat.pool.101.port.switch.peer_src.0.tx_bytes.demand_req = 0
stat.pool.101.port.switch.peer_src.0.tx_pkts.demand_req = 0
stat.pool.101.port.switch.peer_src.0.ingress_arrivals.demand_req = 14956
stat.pool.101.port.switch.peer_src.0.ingress_arrival_nonempty_packet_frac.demand_req = 0.936948
stat.pool.101.port.switch.peer_src.0.ingress_nonempty_arrival_pre_occ_avg_bytes.demand_req = 126.102
stat.pool.101.port.switch.peer_src.0.ingress_nonempty_arrival_pre_occ_max_bytes.demand_req = 400
stat.pool.101.port.switch.peer_src.0.ingress_wait_avg_cycles.demand_req = 132.04
stat.pool.101.port.switch.peer_src.0.ingress_queue_wait_avg_cycles.demand_req = 8.03952
stat.pool.101.port.switch.peer_src.0.ingress_queue_wait_after_nonempty_arrival_avg_cycles.demand_req = 8.58062
stat.pool.101.port.switch.peer_src.0.ingress_pre_occ_bucket.demand_req.0 = 943
stat.pool.101.port.switch.peer_src.0.ingress_queue_wait_bucket.demand_req.0 = 7865
stat.pool.101.port.switch.peer_src.0.ingress_pre_occ_bucket.demand_req.1_64 = 2638
stat.pool.101.port.switch.peer_src.0.ingress_queue_wait_bucket.demand_req.1_63 = 7089
stat.pool.101.port.switch.peer_src.0.ingress_pre_occ_bucket.demand_req.65_256 = 10447
stat.pool.101.port.switch.peer_src.0.ingress_queue_wait_bucket.demand_req.64_255 = 0
stat.pool.101.port.switch.peer_src.0.ingress_pre_occ_bucket.demand_req.257_1024 = 928
stat.pool.101.port.switch.peer_src.0.ingress_queue_wait_bucket.demand_req.256_1023 = 0
stat.pool.101.port.switch.peer_src.0.ingress_pre_occ_bucket.demand_req.1025_4096 = 0
stat.pool.101.port.switch.peer_src.0.ingress_queue_wait_bucket.demand_req.1024_4095 = 0
stat.pool.101.port.switch.peer_src.0.ingress_pre_occ_bucket.demand_req.4097_plus = 0
stat.pool.101.port.switch.peer_src.0.ingress_queue_wait_bucket.demand_req.4096_plus = 0
stat.pool.101.port.switch.peer_src.0.rx_bytes.write_req = 695936
stat.pool.101.port.switch.peer_src.0.rx_pkts.write_req = 10874
stat.pool.101.port.switch.peer_src.0.tx_bytes.write_req = 0
stat.pool.101.port.switch.peer_src.0.tx_pkts.write_req = 0
stat.pool.101.port.switch.peer_src.0.ingress_arrivals.write_req = 10874
stat.pool.101.port.switch.peer_src.0.ingress_arrival_nonempty_packet_frac.write_req = 0.861137
stat.pool.101.port.switch.peer_src.0.ingress_nonempty_arrival_pre_occ_avg_bytes.write_req = 98.082
stat.pool.101.port.switch.peer_src.0.ingress_nonempty_arrival_pre_occ_max_bytes.write_req = 344
stat.pool.101.port.switch.peer_src.0.ingress_wait_avg_cycles.write_req = 145.014
stat.pool.101.port.switch.peer_src.0.ingress_queue_wait_avg_cycles.write_req = 0.0141635
stat.pool.101.port.switch.peer_src.0.ingress_queue_wait_after_nonempty_arrival_avg_cycles.write_req = 0.0164477
stat.pool.101.port.switch.peer_src.0.ingress_pre_occ_bucket.write_req.0 = 1510
stat.pool.101.port.switch.peer_src.0.ingress_queue_wait_bucket.write_req.0 = 10719
stat.pool.101.port.switch.peer_src.0.ingress_pre_occ_bucket.write_req.1_64 = 2651
stat.pool.101.port.switch.peer_src.0.ingress_queue_wait_bucket.write_req.1_63 = 154
stat.pool.101.port.switch.peer_src.0.ingress_pre_occ_bucket.write_req.65_256 = 6502
stat.pool.101.port.switch.peer_src.0.ingress_queue_wait_bucket.write_req.64_255 = 0
stat.pool.101.port.switch.peer_src.0.ingress_pre_occ_bucket.write_req.257_1024 = 211
stat.pool.101.port.switch.peer_src.0.ingress_queue_wait_bucket.write_req.256_1023 = 0
stat.pool.101.port.switch.peer_src.0.ingress_pre_occ_bucket.write_req.1025_4096 = 0
stat.pool.101.port.switch.peer_src.0.ingress_queue_wait_bucket.write_req.1024_4095 = 0
stat.pool.101.port.switch.peer_src.0.ingress_pre_occ_bucket.write_req.4097_plus = 0
stat.pool.101.port.switch.peer_src.0.ingress_queue_wait_bucket.write_req.4096_plus = 0
stat.pool.101.port.switch.peer_src.0.rx_bytes.other_req = 248
stat.pool.101.port.switch.peer_src.0.rx_pkts.other_req = 31
stat.pool.101.port.switch.peer_src.0.tx_bytes.other_req = 0
stat.pool.101.port.switch.peer_src.0.tx_pkts.other_req = 0
stat.pool.101.port.switch.peer_src.0.ingress_arrivals.other_req = 31
stat.pool.101.port.switch.peer_src.0.ingress_arrival_nonempty_packet_frac.other_req = 0.935484
stat.pool.101.port.switch.peer_src.0.ingress_nonempty_arrival_pre_occ_avg_bytes.other_req = 113.103
stat.pool.101.port.switch.peer_src.0.ingress_nonempty_arrival_pre_occ_max_bytes.other_req = 272
stat.pool.101.port.switch.peer_src.0.ingress_wait_avg_cycles.other_req = 133.032
stat.pool.101.port.switch.peer_src.0.ingress_queue_wait_avg_cycles.other_req = 9.03226
stat.pool.101.port.switch.peer_src.0.ingress_queue_wait_after_nonempty_arrival_avg_cycles.other_req = 9.65517
stat.pool.101.port.switch.peer_src.0.ingress_pre_occ_bucket.other_req.0 = 2
stat.pool.101.port.switch.peer_src.0.ingress_queue_wait_bucket.other_req.0 = 16
stat.pool.101.port.switch.peer_src.0.ingress_pre_occ_bucket.other_req.1_64 = 4
stat.pool.101.port.switch.peer_src.0.ingress_queue_wait_bucket.other_req.1_63 = 15
stat.pool.101.port.switch.peer_src.0.ingress_pre_occ_bucket.other_req.65_256 = 24
stat.pool.101.port.switch.peer_src.0.ingress_queue_wait_bucket.other_req.64_255 = 0
stat.pool.101.port.switch.peer_src.0.ingress_pre_occ_bucket.other_req.257_1024 = 1
stat.pool.101.port.switch.peer_src.0.ingress_queue_wait_bucket.other_req.256_1023 = 0
stat.pool.101.port.switch.peer_src.0.ingress_pre_occ_bucket.other_req.1025_4096 = 0
stat.pool.101.port.switch.peer_src.0.ingress_queue_wait_bucket.other_req.1024_4095 = 0
stat.pool.101.port.switch.peer_src.0.ingress_pre_occ_bucket.other_req.4097_plus = 0
stat.pool.101.port.switch.peer_src.0.ingress_queue_wait_bucket.other_req.4096_plus = 0
stat.pool.101.port.switch.peer_dst.101.rx_bytes.demand_req = 119648
stat.pool.101.port.switch.peer_dst.101.rx_pkts.demand_req = 14956
stat.pool.101.port.switch.peer_dst.101.tx_bytes.demand_req = 0
stat.pool.101.port.switch.peer_dst.101.tx_pkts.demand_req = 0
stat.pool.101.port.switch.peer_dst.101.ingress_arrivals.demand_req = 14956
stat.pool.101.port.switch.peer_dst.101.ingress_arrival_nonempty_packet_frac.demand_req = 0.936948
stat.pool.101.port.switch.peer_dst.101.ingress_nonempty_arrival_pre_occ_avg_bytes.demand_req = 126.102
stat.pool.101.port.switch.peer_dst.101.ingress_nonempty_arrival_pre_occ_max_bytes.demand_req = 400
stat.pool.101.port.switch.peer_dst.101.ingress_wait_avg_cycles.demand_req = 132.04
stat.pool.101.port.switch.peer_dst.101.ingress_queue_wait_avg_cycles.demand_req = 8.03952
stat.pool.101.port.switch.peer_dst.101.ingress_queue_wait_after_nonempty_arrival_avg_cycles.demand_req = 8.58062
stat.pool.101.port.switch.peer_dst.101.ingress_pre_occ_bucket.demand_req.0 = 943
stat.pool.101.port.switch.peer_dst.101.ingress_queue_wait_bucket.demand_req.0 = 7865
stat.pool.101.port.switch.peer_dst.101.ingress_pre_occ_bucket.demand_req.1_64 = 2638
stat.pool.101.port.switch.peer_dst.101.ingress_queue_wait_bucket.demand_req.1_63 = 7089
stat.pool.101.port.switch.peer_dst.101.ingress_pre_occ_bucket.demand_req.65_256 = 10447
stat.pool.101.port.switch.peer_dst.101.ingress_queue_wait_bucket.demand_req.64_255 = 0
stat.pool.101.port.switch.peer_dst.101.ingress_pre_occ_bucket.demand_req.257_1024 = 928
stat.pool.101.port.switch.peer_dst.101.ingress_queue_wait_bucket.demand_req.256_1023 = 0
stat.pool.101.port.switch.peer_dst.101.ingress_pre_occ_bucket.demand_req.1025_4096 = 0
stat.pool.101.port.switch.peer_dst.101.ingress_queue_wait_bucket.demand_req.1024_4095 = 0
stat.pool.101.port.switch.peer_dst.101.ingress_pre_occ_bucket.demand_req.4097_plus = 0
stat.pool.101.port.switch.peer_dst.101.ingress_queue_wait_bucket.demand_req.4096_plus = 0
stat.pool.101.port.switch.peer_dst.101.rx_bytes.write_req = 695936
stat.pool.101.port.switch.peer_dst.101.rx_pkts.write_req = 10874
stat.pool.101.port.switch.peer_dst.101.tx_bytes.write_req = 0
stat.pool.101.port.switch.peer_dst.101.tx_pkts.write_req = 0
stat.pool.101.port.switch.peer_dst.101.ingress_arrivals.write_req = 10874
stat.pool.101.port.switch.peer_dst.101.ingress_arrival_nonempty_packet_frac.write_req = 0.861137
stat.pool.101.port.switch.peer_dst.101.ingress_nonempty_arrival_pre_occ_avg_bytes.write_req = 98.082
stat.pool.101.port.switch.peer_dst.101.ingress_nonempty_arrival_pre_occ_max_bytes.write_req = 344
stat.pool.101.port.switch.peer_dst.101.ingress_wait_avg_cycles.write_req = 145.014
stat.pool.101.port.switch.peer_dst.101.ingress_queue_wait_avg_cycles.write_req = 0.0141635
stat.pool.101.port.switch.peer_dst.101.ingress_queue_wait_after_nonempty_arrival_avg_cycles.write_req = 0.0164477
stat.pool.101.port.switch.peer_dst.101.ingress_pre_occ_bucket.write_req.0 = 1510
stat.pool.101.port.switch.peer_dst.101.ingress_queue_wait_bucket.write_req.0 = 10719
stat.pool.101.port.switch.peer_dst.101.ingress_pre_occ_bucket.write_req.1_64 = 2651
stat.pool.101.port.switch.peer_dst.101.ingress_queue_wait_bucket.write_req.1_63 = 154
stat.pool.101.port.switch.peer_dst.101.ingress_pre_occ_bucket.write_req.65_256 = 6502
stat.pool.101.port.switch.peer_dst.101.ingress_queue_wait_bucket.write_req.64_255 = 0
stat.pool.101.port.switch.peer_dst.101.ingress_pre_occ_bucket.write_req.257_1024 = 211
stat.pool.101.port.switch.peer_dst.101.ingress_queue_wait_bucket.write_req.256_1023 = 0
stat.pool.101.port.switch.peer_dst.101.ingress_pre_occ_bucket.write_req.1025_4096 = 0
stat.pool.101.port.switch.peer_dst.101.ingress_queue_wait_bucket.write_req.1024_4095 = 0
stat.pool.101.port.switch.peer_dst.101.ingress_pre_occ_bucket.write_req.4097_plus = 0
stat.pool.101.port.switch.peer_dst.101.ingress_queue_wait_bucket.write_req.4096_plus = 0
stat.pool.101.port.switch.peer_dst.101.rx_bytes.other_req = 248
stat.pool.101.port.switch.peer_dst.101.rx_pkts.other_req = 31
stat.pool.101.port.switch.peer_dst.101.tx_bytes.other_req = 0
stat.pool.101.port.switch.peer_dst.101.tx_pkts.other_req = 0
stat.pool.101.port.switch.peer_dst.101.ingress_arrivals.other_req = 31
stat.pool.101.port.switch.peer_dst.101.ingress_arrival_nonempty_packet_frac.other_req = 0.935484
stat.pool.101.port.switch.peer_dst.101.ingress_nonempty_arrival_pre_occ_avg_bytes.other_req = 113.103
stat.pool.101.port.switch.peer_dst.101.ingress_nonempty_arrival_pre_occ_max_bytes.other_req = 272
stat.pool.101.port.switch.peer_dst.101.ingress_wait_avg_cycles.other_req = 133.032
stat.pool.101.port.switch.peer_dst.101.ingress_queue_wait_avg_cycles.other_req = 9.03226
stat.pool.101.port.switch.peer_dst.101.ingress_queue_wait_after_nonempty_arrival_avg_cycles.other_req = 9.65517
stat.pool.101.port.switch.peer_dst.101.ingress_pre_occ_bucket.other_req.0 = 2
stat.pool.101.port.switch.peer_dst.101.ingress_queue_wait_bucket.other_req.0 = 16
stat.pool.101.port.switch.peer_dst.101.ingress_pre_occ_bucket.other_req.1_64 = 4
stat.pool.101.port.switch.peer_dst.101.ingress_queue_wait_bucket.other_req.1_63 = 15
stat.pool.101.port.switch.peer_dst.101.ingress_pre_occ_bucket.other_req.65_256 = 24
stat.pool.101.port.switch.peer_dst.101.ingress_queue_wait_bucket.other_req.64_255 = 0
stat.pool.101.port.switch.peer_dst.101.ingress_pre_occ_bucket.other_req.257_1024 = 1
stat.pool.101.port.switch.peer_dst.101.ingress_queue_wait_bucket.other_req.256_1023 = 0
stat.pool.101.port.switch.peer_dst.101.ingress_pre_occ_bucket.other_req.1025_4096 = 0
stat.pool.101.port.switch.peer_dst.101.ingress_queue_wait_bucket.other_req.1024_4095 = 0
stat.pool.101.port.switch.peer_dst.101.ingress_pre_occ_bucket.other_req.4097_plus = 0
stat.pool.101.port.switch.peer_dst.101.ingress_queue_wait_bucket.other_req.4096_plus = 0
stat.pool.101.port.switch.tx_src.101.rx_bytes.response = 0
stat.pool.101.port.switch.tx_src.101.rx_pkts.response = 0
stat.pool.101.port.switch.tx_src.101.tx_bytes.response = 958976
stat.pool.101.port.switch.tx_src.101.tx_pkts.response = 14984
stat.pool.101.port.switch.tx_src.101.ingress_arrivals.response = 0
stat.pool.101.port.switch.tx_src.101.ingress_arrival_nonempty_packet_frac.response = 0
stat.pool.101.port.switch.tx_src.101.ingress_nonempty_arrival_pre_occ_avg_bytes.response = 0
stat.pool.101.port.switch.tx_src.101.ingress_nonempty_arrival_pre_occ_max_bytes.response = 0
stat.pool.101.port.switch.tx_src.101.ingress_wait_avg_cycles.response = 0
stat.pool.101.port.switch.tx_src.101.ingress_queue_wait_avg_cycles.response = 0
stat.pool.101.port.switch.tx_src.101.ingress_queue_wait_after_nonempty_arrival_avg_cycles.response = 0
stat.pool.101.port.switch.tx_src.101.ingress_pre_occ_bucket.response.0 = 0
stat.pool.101.port.switch.tx_src.101.ingress_queue_wait_bucket.response.0 = 0
stat.pool.101.port.switch.tx_src.101.ingress_pre_occ_bucket.response.1_64 = 0
stat.pool.101.port.switch.tx_src.101.ingress_queue_wait_bucket.response.1_63 = 0
stat.pool.101.port.switch.tx_src.101.ingress_pre_occ_bucket.response.65_256 = 0
stat.pool.101.port.switch.tx_src.101.ingress_queue_wait_bucket.response.64_255 = 0
stat.pool.101.port.switch.tx_src.101.ingress_pre_occ_bucket.response.257_1024 = 0
stat.pool.101.port.switch.tx_src.101.ingress_queue_wait_bucket.response.256_1023 = 0
stat.pool.101.port.switch.tx_src.101.ingress_pre_occ_bucket.response.1025_4096 = 0
stat.pool.101.port.switch.tx_src.101.ingress_queue_wait_bucket.response.1024_4095 = 0
stat.pool.101.port.switch.tx_src.101.ingress_pre_occ_bucket.response.4097_plus = 0
stat.pool.101.port.switch.tx_src.101.ingress_queue_wait_bucket.response.4096_plus = 0
stat.pool.101.port.switch.tx_dst.0.rx_bytes.response = 0
stat.pool.101.port.switch.tx_dst.0.rx_pkts.response = 0
stat.pool.101.port.switch.tx_dst.0.tx_bytes.response = 958976
stat.pool.101.port.switch.tx_dst.0.tx_pkts.response = 14984
stat.pool.101.port.switch.tx_dst.0.ingress_arrivals.response = 0
stat.pool.101.port.switch.tx_dst.0.ingress_arrival_nonempty_packet_frac.response = 0
stat.pool.101.port.switch.tx_dst.0.ingress_nonempty_arrival_pre_occ_avg_bytes.response = 0
stat.pool.101.port.switch.tx_dst.0.ingress_nonempty_arrival_pre_occ_max_bytes.response = 0
stat.pool.101.port.switch.tx_dst.0.ingress_wait_avg_cycles.response = 0
stat.pool.101.port.switch.tx_dst.0.ingress_queue_wait_avg_cycles.response = 0
stat.pool.101.port.switch.tx_dst.0.ingress_queue_wait_after_nonempty_arrival_avg_cycles.response = 0
stat.pool.101.port.switch.tx_dst.0.ingress_pre_occ_bucket.response.0 = 0
stat.pool.101.port.switch.tx_dst.0.ingress_queue_wait_bucket.response.0 = 0
stat.pool.101.port.switch.tx_dst.0.ingress_pre_occ_bucket.response.1_64 = 0
stat.pool.101.port.switch.tx_dst.0.ingress_queue_wait_bucket.response.1_63 = 0
stat.pool.101.port.switch.tx_dst.0.ingress_pre_occ_bucket.response.65_256 = 0
stat.pool.101.port.switch.tx_dst.0.ingress_queue_wait_bucket.response.64_255 = 0
stat.pool.101.port.switch.tx_dst.0.ingress_pre_occ_bucket.response.257_1024 = 0
stat.pool.101.port.switch.tx_dst.0.ingress_queue_wait_bucket.response.256_1023 = 0
stat.pool.101.port.switch.tx_dst.0.ingress_pre_occ_bucket.response.1025_4096 = 0
stat.pool.101.port.switch.tx_dst.0.ingress_queue_wait_bucket.response.1024_4095 = 0
stat.pool.101.port.switch.tx_dst.0.ingress_pre_occ_bucket.response.4097_plus = 0
stat.pool.101.port.switch.tx_dst.0.ingress_queue_wait_bucket.response.4096_plus = 0
stat.pool.101.walltime_s = 188.524
stat.pool.101.active_time_s = 13.142
stat.pool.100.util.mem_avg = 0.0545182
stat.pool.100.util.req_link_avg = 0.167976
stat.pool.100.memq.demand.completed = 14961
stat.pool.100.memq.demand.response_completed = 14961
stat.pool.100.memq.demand.queue_wait_avg_cycles = 1.09458
stat.pool.100.memq.demand.queue_wait_max_cycles = 7
stat.pool.100.memq.demand.service_avg_cycles = 75
stat.pool.100.memq.demand.service_max_cycles = 75
stat.pool.100.memq.demand.total_avg_cycles = 76.0946
stat.pool.100.memq.demand.total_max_cycles = 82
stat.pool.100.memq.demand.ahead_pkts_avg.load = 0.523895
stat.pool.100.memq.demand.ahead_pkts_max.load = 7
stat.pool.100.memq.demand.ahead_bytes_avg.load = 33.5293
stat.pool.100.memq.demand.ahead_bytes_max.load = 448
stat.pool.100.memq.demand.ahead_pkts_avg.rfo = 0.245906
stat.pool.100.memq.demand.ahead_pkts_max.rfo = 4
stat.pool.100.memq.demand.ahead_bytes_avg.rfo = 15.738
stat.pool.100.memq.demand.ahead_bytes_max.rfo = 256
stat.pool.100.memq.demand.ahead_pkts_avg.write = 1.16583
stat.pool.100.memq.demand.ahead_pkts_max.write = 3
stat.pool.100.memq.demand.ahead_bytes_avg.write = 74.6132
stat.pool.100.memq.demand.ahead_bytes_max.write = 192
stat.pool.100.memq.demand.ahead_pkts_avg.other = 0.000868926
stat.pool.100.memq.demand.ahead_pkts_max.other = 1
stat.pool.100.memq.demand.ahead_bytes_avg.other = 0.0556113
stat.pool.100.memq.demand.ahead_bytes_max.other = 64
stat.pool.100.memq.demand.queue_wait_bucket.0 = 0
stat.pool.100.memq.demand.service_bucket.0 = 0
stat.pool.100.memq.demand.total_bucket.0 = 0
stat.pool.100.memq.demand.ahead_total_pkts_bucket.0 = 1779
stat.pool.100.memq.demand.ahead_total_bytes_bucket.0 = 1779
stat.pool.100.memq.demand.queue_wait_bucket.1_63 = 14961
stat.pool.100.memq.demand.service_bucket.1_63 = 0
stat.pool.100.memq.demand.total_bucket.1_63 = 0
stat.pool.100.memq.demand.ahead_total_pkts_bucket.1 = 4279
stat.pool.100.memq.demand.ahead_total_bytes_bucket.1_64 = 4279
stat.pool.100.memq.demand.queue_wait_bucket.64_255 = 0
stat.pool.100.memq.demand.service_bucket.64_255 = 14961
stat.pool.100.memq.demand.total_bucket.64_255 = 14961
stat.pool.100.memq.demand.ahead_total_pkts_bucket.2 = 4299
stat.pool.100.memq.demand.ahead_total_bytes_bucket.65_256 = 8478
stat.pool.100.memq.demand.queue_wait_bucket.256_1023 = 0
stat.pool.100.memq.demand.service_bucket.256_1023 = 0
stat.pool.100.memq.demand.total_bucket.256_1023 = 0
stat.pool.100.memq.demand.ahead_total_pkts_bucket.3_4 = 4179
stat.pool.100.memq.demand.ahead_total_bytes_bucket.257_1024 = 425
stat.pool.100.memq.demand.queue_wait_bucket.1024_4095 = 0
stat.pool.100.memq.demand.service_bucket.1024_4095 = 0
stat.pool.100.memq.demand.total_bucket.1024_4095 = 0
stat.pool.100.memq.demand.ahead_total_pkts_bucket.5_8 = 424
stat.pool.100.memq.demand.ahead_total_bytes_bucket.1025_4096 = 0
stat.pool.100.memq.demand.queue_wait_bucket.4096_plus = 0
stat.pool.100.memq.demand.service_bucket.4096_plus = 0
stat.pool.100.memq.demand.total_bucket.4096_plus = 0
stat.pool.100.memq.demand.ahead_total_pkts_bucket.9_plus = 1
stat.pool.100.memq.demand.ahead_total_bytes_bucket.4097_plus = 0
stat.pool.100.memq.queue_occ_avg_bytes = 66.3477
stat.pool.100.memq.queue_occ_stddev_bytes = 83.8079
stat.pool.100.memq.queue_occ_max_bytes = 640
stat.pool.100.memq.queue_occ_nonempty_frac = 0.495055
stat.pool.100.memq.enqueue_burst_avg_pkts = 1
stat.pool.100.memq.enqueue_burst_stddev_pkts = 0
stat.pool.100.memq.enqueue_burst_max_pkts = 1
stat.pool.100.memq.complete_burst_avg_pkts = 1
stat.pool.100.memq.complete_burst_stddev_pkts = 0
stat.pool.100.memq.complete_burst_max_pkts = 1
stat.pool.100.memq.queue_episode.count = 5604
stat.pool.100.memq.queue_episode.avg_cycles = 167.571
stat.pool.100.memq.queue_episode.max_cycles = 651
stat.pool.100.memq.queue_episode.avg_peak_occ_bytes = 196.009
stat.pool.100.memq.queue_episode.max_peak_occ_bytes = 640
stat.pool.100.memq.queue_episode.avg_enqueue_pkts = 4.61403
stat.pool.100.memq.queue_episode.max_enqueue_pkts = 20
stat.pool.100.memq.queue_episode.avg_complete_pkts = 3.61403
stat.pool.100.memq.queue_episode.max_complete_pkts = 19
stat.pool.100.memq.queue_occ_bucket.0 = 957902
stat.pool.100.memq.enqueue_burst_bucket.0 = 0
stat.pool.100.memq.complete_burst_bucket.0 = 0
stat.pool.100.memq.queue_occ_bucket.1_64 = 350116
stat.pool.100.memq.enqueue_burst_bucket.1 = 25859
stat.pool.100.memq.complete_burst_bucket.1 = 25857
stat.pool.100.memq.queue_occ_bucket.65_256 = 560694
stat.pool.100.memq.enqueue_burst_bucket.2 = 0
stat.pool.100.memq.complete_burst_bucket.2 = 0
stat.pool.100.memq.queue_occ_bucket.257_1024 = 28332
stat.pool.100.memq.enqueue_burst_bucket.3_4 = 0
stat.pool.100.memq.complete_burst_bucket.3_4 = 0
stat.pool.100.memq.queue_occ_bucket.1025_4096 = 0
stat.pool.100.memq.enqueue_burst_bucket.5_8 = 0
stat.pool.100.memq.complete_burst_bucket.5_8 = 0
stat.pool.100.memq.queue_occ_bucket.4097_plus = 0
stat.pool.100.memq.enqueue_burst_bucket.9_plus = 0
stat.pool.100.memq.complete_burst_bucket.9_plus = 0
stat.pool.100.memq.queue_occ_avg_bytes.load = 27.0906
stat.pool.100.memq.queue_occ_max_bytes.load = 512
stat.pool.100.memq.queue_occ_avg_pkts.load = 0.423291
stat.pool.100.memq.queue_occ_max_pkts.load = 8
stat.pool.100.memq.enqueue_burst_avg_pkts.load = 0.408098
stat.pool.100.memq.enqueue_burst_max_pkts.load = 1
stat.pool.100.memq.complete_burst_avg_pkts.load = 0.408052
stat.pool.100.memq.complete_burst_max_pkts.load = 1
stat.pool.100.memq.queue_occ_avg_bytes.rfo = 11.3198
stat.pool.100.memq.queue_occ_max_bytes.rfo = 320
stat.pool.100.memq.queue_occ_avg_pkts.rfo = 0.176873
stat.pool.100.memq.queue_occ_max_pkts.rfo = 5
stat.pool.100.memq.enqueue_burst_avg_pkts.rfo = 0.17054
stat.pool.100.memq.enqueue_burst_max_pkts.rfo = 1
stat.pool.100.memq.complete_burst_avg_pkts.rfo = 0.170553
stat.pool.100.memq.complete_burst_max_pkts.rfo = 1
stat.pool.100.memq.queue_occ_avg_bytes.write = 27.8783
stat.pool.100.memq.queue_occ_max_bytes.write = 256
stat.pool.100.memq.queue_occ_avg_pkts.write = 0.435598
stat.pool.100.memq.queue_occ_max_pkts.write = 4
stat.pool.100.memq.enqueue_burst_avg_pkts.write = 0.420473
stat.pool.100.memq.enqueue_burst_max_pkts.write = 1
stat.pool.100.memq.complete_burst_avg_pkts.write = 0.420505
stat.pool.100.memq.complete_burst_max_pkts.write = 1
stat.pool.100.memq.queue_occ_avg_bytes.other = 0.0590055
stat.pool.100.memq.queue_occ_max_bytes.other = 64
stat.pool.100.memq.queue_occ_avg_pkts.other = 0.000921961
stat.pool.100.memq.queue_occ_max_pkts.other = 1
stat.pool.100.memq.enqueue_burst_avg_pkts.other = 0.000889439
stat.pool.100.memq.enqueue_burst_max_pkts.other = 1
stat.pool.100.memq.complete_burst_avg_pkts.other = 0.000889508
stat.pool.100.memq.complete_burst_max_pkts.other = 1
stat.pool.100.memq.load.completed = 10551
stat.pool.100.memq.load.response_completed = 10551
stat.pool.100.memq.load.queue_wait_avg_cycles = 1.09857
stat.pool.100.memq.load.queue_wait_max_cycles = 7
stat.pool.100.memq.load.service_avg_cycles = 75
stat.pool.100.memq.load.service_max_cycles = 75
stat.pool.100.memq.load.total_avg_cycles = 76.0986
stat.pool.100.memq.load.total_max_cycles = 82
stat.pool.100.memq.load.ahead_pkts_avg.load = 0.540802
stat.pool.100.memq.load.ahead_pkts_max.load = 7
stat.pool.100.memq.load.ahead_bytes_avg.load = 34.6113
stat.pool.100.memq.load.ahead_bytes_max.load = 448
stat.pool.100.memq.load.ahead_pkts_avg.rfo = 0.257416
stat.pool.100.memq.load.ahead_pkts_max.rfo = 4
stat.pool.100.memq.load.ahead_bytes_avg.rfo = 16.4746
stat.pool.100.memq.load.ahead_bytes_max.rfo = 256
stat.pool.100.memq.load.ahead_pkts_avg.write = 1.16681
stat.pool.100.memq.load.ahead_pkts_max.write = 3
stat.pool.100.memq.load.ahead_bytes_avg.write = 74.6758
stat.pool.100.memq.load.ahead_bytes_max.write = 192
stat.pool.100.memq.load.ahead_pkts_avg.other = 0.000853
stat.pool.100.memq.load.ahead_pkts_max.other = 1
stat.pool.100.memq.load.ahead_bytes_avg.other = 0.054592
stat.pool.100.memq.load.ahead_bytes_max.other = 64
stat.pool.100.memq.load.queue_wait_bucket.0 = 0
stat.pool.100.memq.load.service_bucket.0 = 0
stat.pool.100.memq.load.total_bucket.0 = 0
stat.pool.100.memq.load.ahead_total_pkts_bucket.0 = 1201
stat.pool.100.memq.load.ahead_total_bytes_bucket.0 = 1201
stat.pool.100.memq.load.queue_wait_bucket.1_63 = 10551
stat.pool.100.memq.load.service_bucket.1_63 = 0
stat.pool.100.memq.load.total_bucket.1_63 = 0
stat.pool.100.memq.load.ahead_total_pkts_bucket.1 = 2980
stat.pool.100.memq.load.ahead_total_bytes_bucket.1_64 = 2980
stat.pool.100.memq.load.queue_wait_bucket.64_255 = 0
stat.pool.100.memq.load.service_bucket.64_255 = 10551
stat.pool.100.memq.load.total_bucket.64_255 = 10551
stat.pool.100.memq.load.ahead_total_pkts_bucket.2 = 3033
stat.pool.100.memq.load.ahead_total_bytes_bucket.65_256 = 6057
stat.pool.100.memq.load.queue_wait_bucket.256_1023 = 0
stat.pool.100.memq.load.service_bucket.256_1023 = 0
stat.pool.100.memq.load.total_bucket.256_1023 = 0
stat.pool.100.memq.load.ahead_total_pkts_bucket.3_4 = 3024
stat.pool.100.memq.load.ahead_total_bytes_bucket.257_1024 = 313
stat.pool.100.memq.load.queue_wait_bucket.1024_4095 = 0
stat.pool.100.memq.load.service_bucket.1024_4095 = 0
stat.pool.100.memq.load.total_bucket.1024_4095 = 0
stat.pool.100.memq.load.ahead_total_pkts_bucket.5_8 = 312
stat.pool.100.memq.load.ahead_total_bytes_bucket.1025_4096 = 0
stat.pool.100.memq.load.queue_wait_bucket.4096_plus = 0
stat.pool.100.memq.load.service_bucket.4096_plus = 0
stat.pool.100.memq.load.total_bucket.4096_plus = 0
stat.pool.100.memq.load.ahead_total_pkts_bucket.9_plus = 1
stat.pool.100.memq.load.ahead_total_bytes_bucket.4097_plus = 0
stat.pool.100.respq.load.attempted = 10551
stat.pool.100.respq.load.completed = 10551
stat.pool.100.respq.load.can_send_blocked = 0
stat.pool.100.respq.load.send_failed = 0
stat.pool.100.respq.load.wait_avg_cycles = 0
stat.pool.100.respq.load.wait_max_cycles = 0
stat.pool.100.memq.rfo.completed = 4410
stat.pool.100.memq.rfo.response_completed = 4410
stat.pool.100.memq.rfo.queue_wait_avg_cycles = 1.08503
stat.pool.100.memq.rfo.queue_wait_max_cycles = 6
stat.pool.100.memq.rfo.service_avg_cycles = 75
stat.pool.100.memq.rfo.service_max_cycles = 75
stat.pool.100.memq.rfo.total_avg_cycles = 76.085
stat.pool.100.memq.rfo.total_max_cycles = 81
stat.pool.100.memq.rfo.ahead_pkts_avg.load = 0.483447
stat.pool.100.memq.rfo.ahead_pkts_max.load = 5
stat.pool.100.memq.rfo.ahead_bytes_avg.load = 30.9406
stat.pool.100.memq.rfo.ahead_bytes_max.load = 320
stat.pool.100.memq.rfo.ahead_pkts_avg.rfo = 0.218367
stat.pool.100.memq.rfo.ahead_pkts_max.rfo = 4
stat.pool.100.memq.rfo.ahead_bytes_avg.rfo = 13.9755
stat.pool.100.memq.rfo.ahead_bytes_max.rfo = 256
stat.pool.100.memq.rfo.ahead_pkts_avg.write = 1.16349
stat.pool.100.memq.rfo.ahead_pkts_max.write = 3
stat.pool.100.memq.rfo.ahead_bytes_avg.write = 74.4635
stat.pool.100.memq.rfo.ahead_bytes_max.write = 192
stat.pool.100.memq.rfo.ahead_pkts_avg.other = 0.000907029
stat.pool.100.memq.rfo.ahead_pkts_max.other = 1
stat.pool.100.memq.rfo.ahead_bytes_avg.other = 0.0580499
stat.pool.100.memq.rfo.ahead_bytes_max.other = 64
stat.pool.100.memq.rfo.queue_wait_bucket.0 = 0
stat.pool.100.memq.rfo.service_bucket.0 = 0
stat.pool.100.memq.rfo.total_bucket.0 = 0
stat.pool.100.memq.rfo.ahead_total_pkts_bucket.0 = 578
stat.pool.100.memq.rfo.ahead_total_bytes_bucket.0 = 578
stat.pool.100.memq.rfo.queue_wait_bucket.1_63 = 4410
stat.pool.100.memq.rfo.service_bucket.1_63 = 0
stat.pool.100.memq.rfo.total_bucket.1_63 = 0
stat.pool.100.memq.rfo.ahead_total_pkts_bucket.1 = 1299
stat.pool.100.memq.rfo.ahead_total_bytes_bucket.1_64 = 1299
stat.pool.100.memq.rfo.queue_wait_bucket.64_255 = 0
stat.pool.100.memq.rfo.service_bucket.64_255 = 4410
stat.pool.100.memq.rfo.total_bucket.64_255 = 4410
stat.pool.100.memq.rfo.ahead_total_pkts_bucket.2 = 1266
stat.pool.100.memq.rfo.ahead_total_bytes_bucket.65_256 = 2421
stat.pool.100.memq.rfo.queue_wait_bucket.256_1023 = 0
stat.pool.100.memq.rfo.service_bucket.256_1023 = 0
stat.pool.100.memq.rfo.total_bucket.256_1023 = 0
stat.pool.100.memq.rfo.ahead_total_pkts_bucket.3_4 = 1155
stat.pool.100.memq.rfo.ahead_total_bytes_bucket.257_1024 = 112
stat.pool.100.memq.rfo.queue_wait_bucket.1024_4095 = 0
stat.pool.100.memq.rfo.service_bucket.1024_4095 = 0
stat.pool.100.memq.rfo.total_bucket.1024_4095 = 0
stat.pool.100.memq.rfo.ahead_total_pkts_bucket.5_8 = 112
stat.pool.100.memq.rfo.ahead_total_bytes_bucket.1025_4096 = 0
stat.pool.100.memq.rfo.queue_wait_bucket.4096_plus = 0
stat.pool.100.memq.rfo.service_bucket.4096_plus = 0
stat.pool.100.memq.rfo.total_bucket.4096_plus = 0
stat.pool.100.memq.rfo.ahead_total_pkts_bucket.9_plus = 0
stat.pool.100.memq.rfo.ahead_total_bytes_bucket.4097_plus = 0
stat.pool.100.respq.rfo.attempted = 4410
stat.pool.100.respq.rfo.completed = 4410
stat.pool.100.respq.rfo.can_send_blocked = 0
stat.pool.100.respq.rfo.send_failed = 0
stat.pool.100.respq.rfo.wait_avg_cycles = 0
stat.pool.100.respq.rfo.wait_max_cycles = 0
stat.pool.100.memq.write.completed = 10873
stat.pool.100.memq.write.response_completed = 0
stat.pool.100.memq.write.queue_wait_avg_cycles = 1
stat.pool.100.memq.write.queue_wait_max_cycles = 1
stat.pool.100.memq.write.service_avg_cycles = 75
stat.pool.100.memq.write.service_max_cycles = 75
stat.pool.100.memq.write.total_avg_cycles = 76
stat.pool.100.memq.write.total_max_cycles = 76
stat.pool.100.memq.write.ahead_pkts_avg.load = 0.375609
stat.pool.100.memq.write.ahead_pkts_max.load = 4
stat.pool.100.memq.write.ahead_bytes_avg.load = 24.039
stat.pool.100.memq.write.ahead_bytes_max.load = 256
stat.pool.100.memq.write.ahead_pkts_avg.rfo = 0.150832
stat.pool.100.memq.write.ahead_pkts_max.rfo = 3
stat.pool.100.memq.write.ahead_bytes_avg.rfo = 9.65327
stat.pool.100.memq.write.ahead_bytes_max.rfo = 192
stat.pool.100.memq.write.ahead_pkts_avg.write = 0.636347
stat.pool.100.memq.write.ahead_pkts_max.write = 3
stat.pool.100.memq.write.ahead_bytes_avg.write = 40.7262
stat.pool.100.memq.write.ahead_bytes_max.write = 192
stat.pool.100.memq.write.ahead_pkts_avg.other = 0.000643797
stat.pool.100.memq.write.ahead_pkts_max.other = 1
stat.pool.100.memq.write.ahead_bytes_avg.other = 0.041203
stat.pool.100.memq.write.ahead_bytes_max.other = 64
stat.pool.100.memq.write.queue_wait_bucket.0 = 0
stat.pool.100.memq.write.service_bucket.0 = 0
stat.pool.100.memq.write.total_bucket.0 = 0
stat.pool.100.memq.write.ahead_total_pkts_bucket.0 = 3896
stat.pool.100.memq.write.ahead_total_bytes_bucket.0 = 3896
stat.pool.100.memq.write.queue_wait_bucket.1_63 = 10873
stat.pool.100.memq.write.service_bucket.1_63 = 0
stat.pool.100.memq.write.total_bucket.1_63 = 0
stat.pool.100.memq.write.ahead_total_pkts_bucket.1 = 3157
stat.pool.100.memq.write.ahead_total_bytes_bucket.1_64 = 3157
stat.pool.100.memq.write.queue_wait_bucket.64_255 = 0
stat.pool.100.memq.write.service_bucket.64_255 = 10873
stat.pool.100.memq.write.total_bucket.64_255 = 10873
stat.pool.100.memq.write.ahead_total_pkts_bucket.2 = 2295
stat.pool.100.memq.write.ahead_total_bytes_bucket.65_256 = 3781
stat.pool.100.memq.write.queue_wait_bucket.256_1023 = 0
stat.pool.100.memq.write.service_bucket.256_1023 = 0
stat.pool.100.memq.write.total_bucket.256_1023 = 0
stat.pool.100.memq.write.ahead_total_pkts_bucket.3_4 = 1486
stat.pool.100.memq.write.ahead_total_bytes_bucket.257_1024 = 39
stat.pool.100.memq.write.queue_wait_bucket.1024_4095 = 0
stat.pool.100.memq.write.service_bucket.1024_4095 = 0
stat.pool.100.memq.write.total_bucket.1024_4095 = 0
stat.pool.100.memq.write.ahead_total_pkts_bucket.5_8 = 39
stat.pool.100.memq.write.ahead_total_bytes_bucket.1025_4096 = 0
stat.pool.100.memq.write.queue_wait_bucket.4096_plus = 0
stat.pool.100.memq.write.service_bucket.4096_plus = 0
stat.pool.100.memq.write.total_bucket.4096_plus = 0
stat.pool.100.memq.write.ahead_total_pkts_bucket.9_plus = 0
stat.pool.100.memq.write.ahead_total_bytes_bucket.4097_plus = 0
stat.pool.100.respq.write.attempted = 0
stat.pool.100.respq.write.completed = 0
stat.pool.100.respq.write.can_send_blocked = 0
stat.pool.100.respq.write.send_failed = 0
stat.pool.100.respq.write.wait_avg_cycles = 0
stat.pool.100.respq.write.wait_max_cycles = 0
stat.pool.100.memq.other.completed = 23
stat.pool.100.memq.other.response_completed = 23
stat.pool.100.memq.other.queue_wait_avg_cycles = 1.04348
stat.pool.100.memq.other.queue_wait_max_cycles = 2
stat.pool.100.memq.other.service_avg_cycles = 75
stat.pool.100.memq.other.service_max_cycles = 75
stat.pool.100.memq.other.total_avg_cycles = 76.0435
stat.pool.100.memq.other.total_max_cycles = 77
stat.pool.100.memq.other.ahead_pkts_avg.load = 0.434783
stat.pool.100.memq.other.ahead_pkts_max.load = 3
stat.pool.100.memq.other.ahead_bytes_avg.load = 27.8261
stat.pool.100.memq.other.ahead_bytes_max.load = 192
stat.pool.100.memq.other.ahead_pkts_avg.rfo = 0.217391
stat.pool.100.memq.other.ahead_pkts_max.rfo = 1
stat.pool.100.memq.other.ahead_bytes_avg.rfo = 13.913
stat.pool.100.memq.other.ahead_bytes_max.rfo = 64
stat.pool.100.memq.other.ahead_pkts_avg.write = 1.26087
stat.pool.100.memq.other.ahead_pkts_max.write = 3
stat.pool.100.memq.other.ahead_bytes_avg.write = 80.6957
stat.pool.100.memq.other.ahead_bytes_max.write = 192
stat.pool.100.memq.other.ahead_pkts_avg.other = 0
stat.pool.100.memq.other.ahead_pkts_max.other = 0
stat.pool.100.memq.other.ahead_bytes_avg.other = 0
stat.pool.100.memq.other.ahead_bytes_max.other = 0
stat.pool.100.memq.other.queue_wait_bucket.0 = 0
stat.pool.100.memq.other.service_bucket.0 = 0
stat.pool.100.memq.other.total_bucket.0 = 0
stat.pool.100.memq.other.ahead_total_pkts_bucket.0 = 6
stat.pool.100.memq.other.ahead_total_bytes_bucket.0 = 6
stat.pool.100.memq.other.queue_wait_bucket.1_63 = 23
stat.pool.100.memq.other.service_bucket.1_63 = 0
stat.pool.100.memq.other.total_bucket.1_63 = 0
stat.pool.100.memq.other.ahead_total_pkts_bucket.1 = 4
stat.pool.100.memq.other.ahead_total_bytes_bucket.1_64 = 4
stat.pool.100.memq.other.queue_wait_bucket.64_255 = 0
stat.pool.100.memq.other.service_bucket.64_255 = 23
stat.pool.100.memq.other.total_bucket.64_255 = 23
stat.pool.100.memq.other.ahead_total_pkts_bucket.2 = 5
stat.pool.100.memq.other.ahead_total_bytes_bucket.65_256 = 12
stat.pool.100.memq.other.queue_wait_bucket.256_1023 = 0
stat.pool.100.memq.other.service_bucket.256_1023 = 0
stat.pool.100.memq.other.total_bucket.256_1023 = 0
stat.pool.100.memq.other.ahead_total_pkts_bucket.3_4 = 7
stat.pool.100.memq.other.ahead_total_bytes_bucket.257_1024 = 1
stat.pool.100.memq.other.queue_wait_bucket.1024_4095 = 0
stat.pool.100.memq.other.service_bucket.1024_4095 = 0
stat.pool.100.memq.other.total_bucket.1024_4095 = 0
stat.pool.100.memq.other.ahead_total_pkts_bucket.5_8 = 1
stat.pool.100.memq.other.ahead_total_bytes_bucket.1025_4096 = 0
stat.pool.100.memq.other.queue_wait_bucket.4096_plus = 0
stat.pool.100.memq.other.service_bucket.4096_plus = 0
stat.pool.100.memq.other.total_bucket.4096_plus = 0
stat.pool.100.memq.other.ahead_total_pkts_bucket.9_plus = 0
stat.pool.100.memq.other.ahead_total_bytes_bucket.4097_plus = 0
stat.pool.100.respq.other.attempted = 23
stat.pool.100.respq.other.completed = 23
stat.pool.100.respq.other.can_send_blocked = 0
stat.pool.100.respq.other.send_failed = 0
stat.pool.100.respq.other.wait_avg_cycles = 0
stat.pool.100.respq.other.wait_max_cycles = 0
stat.pool.100.response.returned_burst_max_pkts = 1
stat.pool.100.response.returned_burst_avg_pkts = 1
stat.pool.100.response.returned_burst_stddev_pkts = 0
stat.pool.100.response.returned_nonempty_frac = 0.0078986
stat.pool.100.response.sent_burst_max_pkts = 1
stat.pool.100.response.sent_burst_avg_pkts = 1
stat.pool.100.response.sent_burst_stddev_pkts = 0
stat.pool.100.response.sent_nonempty_frac = 0.0078986
stat.pool.100.response.blocked_cycles = 0
stat.pool.100.response.blocked_avg_pending_pkts = 0
stat.pool.100.response.blocked_max_pending_pkts = 0
stat.pool.100.response.returned_occ_avg_pkts = 0.0078986
stat.pool.100.response.returned_occ_stddev_pkts = 0.0885224
stat.pool.100.response.returned_occ_max_pkts = 1
stat.pool.100.response.pending_occ_avg = 0.608984
stat.pool.100.response.pending_occ_stddev = 0.851745
stat.pool.100.response.pending_occ_max = 8
stat.pool.100.request.accept_src.distinct_avg = 1
stat.pool.100.request.accept_src.distinct_max = 1
stat.pool.100.request.accept_src.nonempty_frac = 0.0136312
stat.pool.100.request.blocked_src.distinct_avg = 0
stat.pool.100.request.blocked_src.distinct_max = 0
stat.pool.100.request.blocked_src.nonempty_frac = 0
stat.pool.100.pending.src.distinct_avg = 1
stat.pool.100.pending.src.distinct_max = 1
stat.pool.100.pending.src.nonempty_frac = 0.421775
stat.pool.100.pending.ready_src.distinct_avg = 0
stat.pool.100.pending.ready_src.distinct_max = 0
stat.pool.100.pending.ready_src.nonempty_frac = 0
stat.pool.100.response.ready_src.distinct_avg = 1
stat.pool.100.response.ready_src.distinct_max = 1
stat.pool.100.response.ready_src.nonempty_frac = 0.0078986
stat.pool.100.response.sent_dst.distinct_avg = 1
stat.pool.100.response.sent_dst.distinct_max = 1
stat.pool.100.response.sent_dst.nonempty_frac = 0.0078986
stat.pool.100.pending_episode.count = 6532
stat.pool.100.pending_episode.avg_cycles = 122.482
stat.pool.100.pending_episode.max_cycles = 467
stat.pool.100.pending_episode.avg_peak_occ = 1.92897
stat.pool.100.pending_episode.max_peak_occ = 8
stat.pool.100.pending_episode.avg_accepted = 3.02909
stat.pool.100.pending_episode.max_accepted = 15
stat.pool.100.pending_episode.avg_sent = 2.29394
stat.pool.100.pending_episode.max_sent = 8
stat.pool.100.pending_episode.avg_pending_distinct_src = 1
stat.pool.100.pending_episode.max_pending_distinct_src = 1
stat.pool.100.pending_episode.avg_ready_distinct_src = 0
stat.pool.100.pending_episode.max_ready_distinct_src = 0
stat.pool.100.pending_episode.avg_sent_distinct_dst = 1
stat.pool.100.pending_episode.max_sent_distinct_dst = 1
stat.pool.100.response.returned_episode.count = 14984
stat.pool.100.response.returned_episode.avg_cycles = 1
stat.pool.100.response.returned_episode.max_cycles = 1
stat.pool.100.response.returned_episode.avg_peak_occ = 1
stat.pool.100.response.returned_episode.max_peak_occ = 1
stat.pool.100.response.returned_episode.avg_sent = 1
stat.pool.100.response.returned_episode.max_sent = 1
stat.pool.100.response.returned_episode.avg_ready_distinct_src = 1
stat.pool.100.response.returned_episode.max_ready_distinct_src = 1
stat.pool.100.response.returned_episode.avg_sent_distinct_dst = 1
stat.pool.100.response.returned_episode.max_sent_distinct_dst = 1
stat.pool.100.node.0.pending_occ_avg = 0.608984
stat.pool.100.node.0.pending_occ_max = 8
stat.pool.100.node.0.ready_occ_avg = 0
stat.pool.100.node.0.ready_occ_max = 0
stat.pool.100.node.0.pending_age_avg_cycles = 38.0478
stat.pool.100.node.0.pending_age_max_cycles = 82
stat.pool.100.node.0.ready_age_avg_cycles = 0
stat.pool.100.node.0.ready_age_max_cycles = 0
stat.pool.100.node.0.request_enqueued.load = 10553
stat.pool.100.node.0.request_blocked.load = 0
stat.pool.100.node.0.response_ready.load = 10551
stat.pool.100.node.0.response_sent.load = 10551
stat.pool.100.node.0.response_blocked.load = 0
stat.pool.100.node.0.pending_occ_avg.load = 0.428852
stat.pool.100.node.0.pending_occ_max.load = 8
stat.pool.100.node.0.ready_occ_avg.load = 0
stat.pool.100.node.0.ready_occ_max.load = 0
stat.pool.100.node.0.mem_ready_avg_cycles.load = 76.0986
stat.pool.100.node.0.mem_ready_max_cycles.load = 82
stat.pool.100.node.0.response_wait_avg_cycles.load = 0
stat.pool.100.node.0.response_wait_max_cycles.load = 0
stat.pool.100.node.0.request_enqueue_gap_avg_cycles.load = 131.338
stat.pool.100.node.0.request_enqueue_gap_max_cycles.load = 942
stat.pool.100.node.0.response_ready_gap_avg_cycles.load = 131.349
stat.pool.100.node.0.response_ready_gap_max_cycles.load = 942
stat.pool.100.node.0.response_sent_gap_avg_cycles.load = 131.349
stat.pool.100.node.0.response_sent_gap_max_cycles.load = 942
stat.pool.100.node.0.total_turnaround_avg_cycles.load = 76.0986
stat.pool.100.node.0.total_turnaround_max_cycles.load = 82
stat.pool.100.node.0.request_enqueued.rfo = 4410
stat.pool.100.node.0.request_blocked.rfo = 0
stat.pool.100.node.0.response_ready.rfo = 4410
stat.pool.100.node.0.response_sent.rfo = 4410
stat.pool.100.node.0.response_blocked.rfo = 0
stat.pool.100.node.0.pending_occ_avg.rfo = 0.179197
stat.pool.100.node.0.pending_occ_max.rfo = 5
stat.pool.100.node.0.ready_occ_avg.rfo = 0
stat.pool.100.node.0.ready_occ_max.rfo = 0
stat.pool.100.node.0.mem_ready_avg_cycles.rfo = 76.085
stat.pool.100.node.0.mem_ready_max_cycles.rfo = 81
stat.pool.100.node.0.response_wait_avg_cycles.rfo = 0
stat.pool.100.node.0.response_wait_max_cycles.rfo = 0
stat.pool.100.node.0.request_enqueue_gap_avg_cycles.rfo = 314.25
stat.pool.100.node.0.request_enqueue_gap_max_cycles.rfo = 2207
stat.pool.100.node.0.response_ready_gap_avg_cycles.rfo = 314.25
stat.pool.100.node.0.response_ready_gap_max_cycles.rfo = 2207
stat.pool.100.node.0.response_sent_gap_avg_cycles.rfo = 314.25
stat.pool.100.node.0.response_sent_gap_max_cycles.rfo = 2207
stat.pool.100.node.0.total_turnaround_avg_cycles.rfo = 76.085
stat.pool.100.node.0.total_turnaround_max_cycles.rfo = 81
stat.pool.100.node.0.request_enqueued.write = 10873
stat.pool.100.node.0.request_blocked.write = 0
stat.pool.100.node.0.response_ready.write = 0
stat.pool.100.node.0.response_sent.write = 0
stat.pool.100.node.0.response_blocked.write = 0
stat.pool.100.node.0.pending_occ_avg.write = 0
stat.pool.100.node.0.pending_occ_max.write = 0
stat.pool.100.node.0.ready_occ_avg.write = 0
stat.pool.100.node.0.ready_occ_max.write = 0
stat.pool.100.node.0.mem_ready_avg_cycles.write = 0
stat.pool.100.node.0.mem_ready_max_cycles.write = 0
stat.pool.100.node.0.response_wait_avg_cycles.write = 0
stat.pool.100.node.0.response_wait_max_cycles.write = 0
stat.pool.100.node.0.request_enqueue_gap_avg_cycles.write = 127.396
stat.pool.100.node.0.request_enqueue_gap_max_cycles.write = 1140
stat.pool.100.node.0.response_ready_gap_avg_cycles.write = 0
stat.pool.100.node.0.response_ready_gap_max_cycles.write = 0
stat.pool.100.node.0.response_sent_gap_avg_cycles.write = 0
stat.pool.100.node.0.response_sent_gap_max_cycles.write = 0
stat.pool.100.node.0.total_turnaround_avg_cycles.write = 0
stat.pool.100.node.0.total_turnaround_max_cycles.write = 0
stat.pool.100.node.0.request_enqueued.other = 23
stat.pool.100.node.0.request_blocked.other = 0
stat.pool.100.node.0.response_ready.other = 23
stat.pool.100.node.0.response_sent.other = 23
stat.pool.100.node.0.response_blocked.other = 0
stat.pool.100.node.0.pending_occ_avg.other = 0.000934085
stat.pool.100.node.0.pending_occ_max.other = 1
stat.pool.100.node.0.ready_occ_avg.other = 0
stat.pool.100.node.0.ready_occ_max.other = 0
stat.pool.100.node.0.mem_ready_avg_cycles.other = 76.0435
stat.pool.100.node.0.mem_ready_max_cycles.other = 77
stat.pool.100.node.0.response_wait_avg_cycles.other = 0
stat.pool.100.node.0.response_wait_max_cycles.other = 0
stat.pool.100.node.0.request_enqueue_gap_avg_cycles.other = 51066.7
stat.pool.100.node.0.request_enqueue_gap_max_cycles.other = 216109
stat.pool.100.node.0.response_ready_gap_avg_cycles.other = 51066.7
stat.pool.100.node.0.response_ready_gap_max_cycles.other = 216109
stat.pool.100.node.0.response_sent_gap_avg_cycles.other = 51066.7
stat.pool.100.node.0.response_sent_gap_max_cycles.other = 216109
stat.pool.100.node.0.total_turnaround_avg_cycles.other = 76.0435
stat.pool.100.node.0.total_turnaround_max_cycles.other = 77
stat.pool.100.fabric.ingress_wait_avg_cycles = 137.444
stat.pool.100.fabric.egress_wait_avg_cycles = 1
stat.pool.100.fabric.ingress_wait_max_cycles = 146
stat.pool.100.fabric.egress_wait_max_cycles = 1
stat.pool.100.fabric.ingress_queue_wait_avg_cycles = 4.61402
stat.pool.100.fabric.ingress_queue_wait_max_cycles = 22
stat.pool.100.fabric.ingress_occ_bytes = 72
stat.pool.100.fabric.ready_wait_avg_cycles = 0
stat.pool.100.fabric.ready_wait_max_cycles = 0
stat.pool.100.fabric.ready_occ_avg_pkts = 0.0136312
stat.pool.100.fabric.ready_occ_pkts = 0
stat.pool.100.fabric.ready_occ_max_pkts = 1
stat.pool.100.fabric.ready_retry_count = 0
stat.pool.100.fabric.ingress_arrival_burst_max_pkts = 1
stat.pool.100.fabric.ingress_arrival_burst_max_bytes = 64
stat.pool.100.fabric.ingress_arrival_burst_avg_pkts = 1
stat.pool.100.fabric.ingress_arrival_burst_avg_bytes = 31.5468
stat.pool.100.fabric.ingress_arrival_burst_stddev_pkts = 0
stat.pool.100.fabric.ingress_arrival_burst_stddev_bytes = 27.6436
stat.pool.100.fabric.ingress_arrival_nonempty_frac = 0.0136323
stat.pool.100.fabric.ingress_arrival_run_max_cycles = 1
stat.pool.100.fabric.ingress_arrival_run_avg_cycles = 1
stat.pool.100.fabric.ingress_arrival_run_stddev_cycles = 0
stat.pool.100.fabric.ingress_arrival_gap_max_cycles = 672
stat.pool.100.fabric.ingress_arrival_gap_avg_cycles = 52.596
stat.pool.100.fabric.ingress_arrival_gap_stddev_cycles = 65.935
stat.pool.100.fabric.ingress_release_burst_max_pkts = 1
stat.pool.100.fabric.ingress_release_burst_max_bytes = 64
stat.pool.100.fabric.ingress_release_burst_avg_pkts = 1
stat.pool.100.fabric.ingress_release_burst_avg_bytes = 31.5465
stat.pool.100.fabric.ingress_release_burst_stddev_pkts = 0
stat.pool.100.fabric.ingress_release_burst_stddev_bytes = 27.6436
stat.pool.100.fabric.ingress_release_nonempty_frac = 0.0136312
stat.pool.100.fabric.ingress_release_run_max_cycles = 1
stat.pool.100.fabric.ingress_release_run_avg_cycles = 1
stat.pool.100.fabric.ingress_release_run_stddev_cycles = 0
stat.pool.100.fabric.ingress_release_gap_max_cycles = 693
stat.pool.100.fabric.ingress_release_gap_avg_cycles = 52.5949
stat.pool.100.fabric.ingress_release_gap_stddev_cycles = 69.4609
stat.pool.100.fabric.ingress_occ_avg_bytes = 61.1055
stat.pool.100.fabric.ingress_occ_stddev_bytes = 71.7382
stat.pool.100.fabric.ingress_occ_max_bytes = 408
stat.pool.100.fabric.ingress_occ_nonempty_frac = 0.613953
stat.pool.100.fabric.ingress_occ_run_max_cycles = 3687
stat.pool.100.fabric.ingress_occ_run_avg_cycles = 472.685
stat.pool.100.fabric.ingress_occ_run_stddev_cycles = 283.981
stat.pool.100.fabric.ingress_occ_gap_max_cycles = 550
stat.pool.100.fabric.ingress_occ_gap_avg_cycles = 89.8652
stat.pool.100.fabric.ingress_occ_gap_stddev_cycles = 83.833
stat.pool.100.fabric.rx_bytes.demand_req = 119712
stat.pool.100.fabric.tx_bytes.demand_req = 0
stat.pool.100.fabric.rx_pkts.demand_req = 14964
stat.pool.100.fabric.tx_pkts.demand_req = 0
stat.pool.100.fabric.rx_bytes.write_req = 695936
stat.pool.100.fabric.tx_bytes.write_req = 0
stat.pool.100.fabric.rx_pkts.write_req = 10874
stat.pool.100.fabric.tx_pkts.write_req = 0
stat.pool.100.fabric.rx_bytes.response = 0
stat.pool.100.fabric.tx_bytes.response = 958976
stat.pool.100.fabric.rx_pkts.response = 0
stat.pool.100.fabric.tx_pkts.response = 14984
stat.pool.100.fabric.rx_bytes.other_req = 184
stat.pool.100.fabric.tx_bytes.other_req = 0
stat.pool.100.fabric.rx_pkts.other_req = 23
stat.pool.100.fabric.tx_pkts.other_req = 0
stat.pool.100.port.switch.ingress_wait_avg_cycles = 137.444
stat.pool.100.port.switch.ingress_wait_max_cycles = 146
stat.pool.100.port.switch.egress_wait_avg_cycles = 1
stat.pool.100.port.switch.egress_wait_max_cycles = 1
stat.pool.100.port.switch.ingress_queue_wait_avg_cycles = 4.61402
stat.pool.100.port.switch.ingress_queue_wait_max_cycles = 22
stat.pool.100.port.switch.egress_occ_avg_bytes = 0
stat.pool.100.port.switch.egress_occ_stddev_bytes = 0
stat.pool.100.port.switch.egress_occ_max_bytes = 0
stat.pool.100.port.switch.egress_occ_nonempty_frac = 0
stat.pool.100.port.switch.egress_blocked_cycles = 0
stat.pool.100.port.switch.egress_blocked_nonempty_frac = 0
stat.pool.100.port.switch.egress_blocked_avg_occ_bytes = 0
stat.pool.100.port.switch.egress_blocked_max_occ_bytes = 0
stat.pool.100.port.switch.egress_send_burst_max_pkts = 1
stat.pool.100.port.switch.egress_send_burst_max_bytes = 64
stat.pool.100.port.switch.egress_send_burst_avg_pkts = 1
stat.pool.100.port.switch.egress_send_burst_avg_bytes = 64
stat.pool.100.port.switch.egress_send_burst_stddev_pkts = 0
stat.pool.100.port.switch.egress_send_burst_stddev_bytes = 0
stat.pool.100.port.switch.egress_send_nonempty_frac = 0.0078986
stat.pool.100.port.switch.ingress_arrival_burst_avg_bytes = 31.5468
stat.pool.100.port.switch.ingress_arrival_nonempty_frac = 0.0136323
stat.pool.100.port.switch.ingress_arrival_run_max_cycles = 1
stat.pool.100.port.switch.ingress_arrival_run_avg_cycles = 1
stat.pool.100.port.switch.ingress_arrival_gap_max_cycles = 672
stat.pool.100.port.switch.ingress_arrival_gap_avg_cycles = 52.596
stat.pool.100.port.switch.ingress_release_burst_avg_bytes = 31.5465
stat.pool.100.port.switch.ingress_release_nonempty_frac = 0.0136312
stat.pool.100.port.switch.ingress_release_run_max_cycles = 1
stat.pool.100.port.switch.ingress_release_run_avg_cycles = 1
stat.pool.100.port.switch.ingress_release_gap_max_cycles = 693
stat.pool.100.port.switch.ingress_release_gap_avg_cycles = 52.5949
stat.pool.100.port.switch.ingress_occ_avg_bytes = 61.1055
stat.pool.100.port.switch.ingress_occ_stddev_bytes = 71.7382
stat.pool.100.port.switch.ingress_occ_max_bytes = 408
stat.pool.100.port.switch.ingress_occ_nonempty_frac = 0.613953
stat.pool.100.port.switch.ingress_occ_run_max_cycles = 3687
stat.pool.100.port.switch.ingress_occ_run_avg_cycles = 472.685
stat.pool.100.port.switch.ingress_occ_gap_max_cycles = 550
stat.pool.100.port.switch.ingress_occ_gap_avg_cycles = 89.8652
stat.pool.100.port.switch.ingress_wait_avg_cycles.demand_req = 131.951
stat.pool.100.port.switch.ingress_wait_max_cycles.demand_req = 146
stat.pool.100.port.switch.ingress_queue_wait_avg_cycles.demand_req = 7.95054
stat.pool.100.port.switch.ingress_queue_wait_max_cycles.demand_req = 22
stat.pool.100.port.switch.egress_wait_avg_cycles.demand_req = 0
stat.pool.100.port.switch.egress_wait_max_cycles.demand_req = 0
stat.pool.100.port.switch.egress_occ_avg_bytes.demand_req = 0
stat.pool.100.port.switch.egress_occ_max_bytes.demand_req = 0
stat.pool.100.port.switch.egress_blocked_cycles.demand_req = 0
stat.pool.100.port.switch.ingress_arrival_empty_packets.demand_req = 924
stat.pool.100.port.switch.ingress_arrival_nonempty_packets.demand_req = 14040
stat.pool.100.port.switch.ingress_arrival_nonempty_packet_frac.demand_req = 0.938252
stat.pool.100.port.switch.ingress_nonempty_arrival_pre_occ_avg_bytes.demand_req = 126.009
stat.pool.100.port.switch.ingress_nonempty_arrival_pre_occ_max_bytes.demand_req = 400
stat.pool.100.port.switch.ingress_release_after_empty_arrival_packets.demand_req = 924
stat.pool.100.port.switch.ingress_release_after_nonempty_arrival_packets.demand_req = 14039
stat.pool.100.port.switch.ingress_wait_after_empty_arrival_avg_cycles.demand_req = 124
stat.pool.100.port.switch.ingress_wait_after_nonempty_arrival_avg_cycles.demand_req = 132.474
stat.pool.100.port.switch.ingress_queue_wait_after_empty_arrival_avg_cycles.demand_req = 0
stat.pool.100.port.switch.ingress_queue_wait_after_nonempty_arrival_avg_cycles.demand_req = 8.47382
stat.pool.100.port.switch.ingress_queue_wait_after_empty_arrival_max_cycles.demand_req = 0
stat.pool.100.port.switch.ingress_queue_wait_after_nonempty_arrival_max_cycles.demand_req = 22
stat.pool.100.port.switch.rx_bytes.demand_req = 119712
stat.pool.100.port.switch.tx_bytes.demand_req = 0
stat.pool.100.port.switch.rx_pkts.demand_req = 14964
stat.pool.100.port.switch.tx_pkts.demand_req = 0
stat.pool.100.port.switch.ingress_wait_avg_cycles.write_req = 145.017
stat.pool.100.port.switch.ingress_wait_max_cycles.write_req = 146
stat.pool.100.port.switch.ingress_queue_wait_avg_cycles.write_req = 0.0169227
stat.pool.100.port.switch.ingress_queue_wait_max_cycles.write_req = 1
stat.pool.100.port.switch.egress_wait_avg_cycles.write_req = 0
stat.pool.100.port.switch.egress_wait_max_cycles.write_req = 0
stat.pool.100.port.switch.egress_occ_avg_bytes.write_req = 0
stat.pool.100.port.switch.egress_occ_max_bytes.write_req = 0
stat.pool.100.port.switch.egress_blocked_cycles.write_req = 0
stat.pool.100.port.switch.ingress_arrival_empty_packets.write_req = 1538
stat.pool.100.port.switch.ingress_arrival_nonempty_packets.write_req = 9336
stat.pool.100.port.switch.ingress_arrival_nonempty_packet_frac.write_req = 0.858562
stat.pool.100.port.switch.ingress_nonempty_arrival_pre_occ_avg_bytes.write_req = 98.3539
stat.pool.100.port.switch.ingress_nonempty_arrival_pre_occ_max_bytes.write_req = 344
stat.pool.100.port.switch.ingress_release_after_empty_arrival_packets.write_req = 1538
stat.pool.100.port.switch.ingress_release_after_nonempty_arrival_packets.write_req = 9335
stat.pool.100.port.switch.ingress_wait_after_empty_arrival_avg_cycles.write_req = 145
stat.pool.100.port.switch.ingress_wait_after_nonempty_arrival_avg_cycles.write_req = 145.02
stat.pool.100.port.switch.ingress_queue_wait_after_empty_arrival_avg_cycles.write_req = 0
stat.pool.100.port.switch.ingress_queue_wait_after_nonempty_arrival_avg_cycles.write_req = 0.0197108
stat.pool.100.port.switch.ingress_queue_wait_after_empty_arrival_max_cycles.write_req = 0
stat.pool.100.port.switch.ingress_queue_wait_after_nonempty_arrival_max_cycles.write_req = 1
stat.pool.100.port.switch.rx_bytes.write_req = 695936
stat.pool.100.port.switch.tx_bytes.write_req = 0
stat.pool.100.port.switch.rx_pkts.write_req = 10874
stat.pool.100.port.switch.tx_pkts.write_req = 0
stat.pool.100.port.switch.ingress_wait_avg_cycles.response = 0
stat.pool.100.port.switch.ingress_wait_max_cycles.response = 0
stat.pool.100.port.switch.ingress_queue_wait_avg_cycles.response = 0
stat.pool.100.port.switch.ingress_queue_wait_max_cycles.response = 0
stat.pool.100.port.switch.egress_wait_avg_cycles.response = 1
stat.pool.100.port.switch.egress_wait_max_cycles.response = 1
stat.pool.100.port.switch.egress_occ_avg_bytes.response = 0
stat.pool.100.port.switch.egress_occ_max_bytes.response = 0
stat.pool.100.port.switch.egress_blocked_cycles.response = 0
stat.pool.100.port.switch.ingress_arrival_empty_packets.response = 0
stat.pool.100.port.switch.ingress_arrival_nonempty_packets.response = 0
stat.pool.100.port.switch.ingress_arrival_nonempty_packet_frac.response = 0
stat.pool.100.port.switch.ingress_nonempty_arrival_pre_occ_avg_bytes.response = 0
stat.pool.100.port.switch.ingress_nonempty_arrival_pre_occ_max_bytes.response = 0
stat.pool.100.port.switch.ingress_release_after_empty_arrival_packets.response = 0
stat.pool.100.port.switch.ingress_release_after_nonempty_arrival_packets.response = 0
stat.pool.100.port.switch.ingress_wait_after_empty_arrival_avg_cycles.response = 0
stat.pool.100.port.switch.ingress_wait_after_nonempty_arrival_avg_cycles.response = 0
stat.pool.100.port.switch.ingress_queue_wait_after_empty_arrival_avg_cycles.response = 0
stat.pool.100.port.switch.ingress_queue_wait_after_nonempty_arrival_avg_cycles.response = 0
stat.pool.100.port.switch.ingress_queue_wait_after_empty_arrival_max_cycles.response = 0
stat.pool.100.port.switch.ingress_queue_wait_after_nonempty_arrival_max_cycles.response = 0
stat.pool.100.port.switch.rx_bytes.response = 0
stat.pool.100.port.switch.tx_bytes.response = 958976
stat.pool.100.port.switch.rx_pkts.response = 0
stat.pool.100.port.switch.tx_pkts.response = 14984
stat.pool.100.port.switch.ingress_wait_avg_cycles.other_req = 131.217
stat.pool.100.port.switch.ingress_wait_max_cycles.other_req = 146
stat.pool.100.port.switch.ingress_queue_wait_avg_cycles.other_req = 7.21739
stat.pool.100.port.switch.ingress_queue_wait_max_cycles.other_req = 22
stat.pool.100.port.switch.egress_wait_avg_cycles.other_req = 0
stat.pool.100.port.switch.egress_wait_max_cycles.other_req = 0
stat.pool.100.port.switch.egress_occ_avg_bytes.other_req = 0
stat.pool.100.port.switch.egress_occ_max_bytes.other_req = 0
stat.pool.100.port.switch.egress_blocked_cycles.other_req = 0
stat.pool.100.port.switch.ingress_arrival_empty_packets.other_req = 2
stat.pool.100.port.switch.ingress_arrival_nonempty_packets.other_req = 21
stat.pool.100.port.switch.ingress_arrival_nonempty_packet_frac.other_req = 0.913043
stat.pool.100.port.switch.ingress_nonempty_arrival_pre_occ_avg_bytes.other_req = 147.81
stat.pool.100.port.switch.ingress_nonempty_arrival_pre_occ_max_bytes.other_req = 344
stat.pool.100.port.switch.ingress_release_after_empty_arrival_packets.other_req = 2
stat.pool.100.port.switch.ingress_release_after_nonempty_arrival_packets.other_req = 21
stat.pool.100.port.switch.ingress_wait_after_empty_arrival_avg_cycles.other_req = 124
stat.pool.100.port.switch.ingress_wait_after_nonempty_arrival_avg_cycles.other_req = 131.905
stat.pool.100.port.switch.ingress_queue_wait_after_empty_arrival_avg_cycles.other_req = 0
stat.pool.100.port.switch.ingress_queue_wait_after_nonempty_arrival_avg_cycles.other_req = 7.90476
stat.pool.100.port.switch.ingress_queue_wait_after_empty_arrival_max_cycles.other_req = 0
stat.pool.100.port.switch.ingress_queue_wait_after_nonempty_arrival_max_cycles.other_req = 22
stat.pool.100.port.switch.rx_bytes.other_req = 184
stat.pool.100.port.switch.tx_bytes.other_req = 0
stat.pool.100.port.switch.rx_pkts.other_req = 23
stat.pool.100.port.switch.tx_pkts.other_req = 0
stat.pool.100.port.switch.ingress_occ_bucket_bytes.0 = 732349
stat.pool.100.port.switch.ready_occ_bucket_bytes.0 = 1871185
stat.pool.100.port.switch.ingress_occ_bucket_bytes.1_64 = 319878
stat.pool.100.port.switch.ready_occ_bucket_bytes.1_64 = 25859
stat.pool.100.port.switch.ingress_occ_bucket_bytes.65_256 = 812461
stat.pool.100.port.switch.ready_occ_bucket_bytes.65_256 = 0
stat.pool.100.port.switch.ingress_occ_bucket_bytes.257_1024 = 32356
stat.pool.100.port.switch.ready_occ_bucket_bytes.257_1024 = 0
stat.pool.100.port.switch.ingress_occ_bucket_bytes.1025_4096 = 0
stat.pool.100.port.switch.ready_occ_bucket_bytes.1025_4096 = 0
stat.pool.100.port.switch.ingress_occ_bucket_bytes.4097_plus = 0
stat.pool.100.port.switch.ready_occ_bucket_bytes.4097_plus = 0
stat.pool.100.port.switch.ingress_episode.count = 2463
stat.pool.100.port.switch.ingress_episode.avg_cycles = 472.652
stat.pool.100.port.switch.ingress_episode.max_cycles = 3687
stat.pool.100.port.switch.ingress_episode.avg_peak_occ_bytes = 181.989
stat.pool.100.port.switch.ingress_episode.max_peak_occ_bytes = 408
stat.pool.100.port.switch.ingress_episode.avg_arrival_pkts = 10.4945
stat.pool.100.port.switch.ingress_episode.max_arrival_pkts = 83
stat.pool.100.port.switch.ingress_episode.avg_arrival_bytes = 331.079
stat.pool.100.port.switch.ingress_episode.max_arrival_bytes = 2960
stat.pool.100.port.switch.ingress_episode.avg_release_pkts = 10.4945
stat.pool.100.port.switch.ingress_episode.max_release_pkts = 83
stat.pool.100.port.switch.ingress_episode.avg_release_bytes = 331.079
stat.pool.100.port.switch.ingress_episode.max_release_bytes = 2960
stat.pool.100.port.switch.ingress_episode.avg_wait_cycles = 1442.42
stat.pool.100.port.switch.ingress_episode.max_wait_cycles = 146
stat.pool.100.port.switch.ingress_episode.avg_queue_wait_cycles = 48.4275
stat.pool.100.port.switch.ingress_episode.max_queue_wait_cycles = 22
stat.pool.100.port.switch.ingress_episode.avg_src_distinct = 1
stat.pool.100.port.switch.ingress_episode.max_src_distinct = 1
stat.pool.100.port.switch.ingress_episode.avg_dst_distinct = 1
stat.pool.100.port.switch.ingress_episode.max_dst_distinct = 1
stat.pool.100.port.switch.ingress_episode.avg_arrival_pkts.demand_req = 6.07227
stat.pool.100.port.switch.ingress_episode.max_arrival_pkts.demand_req = 42
stat.pool.100.port.switch.ingress_episode.avg_release_pkts.demand_req = 6.07227
stat.pool.100.port.switch.ingress_episode.max_release_pkts.demand_req = 42
stat.pool.100.port.switch.ingress_pre_occ_bucket.demand_req.0 = 924
stat.pool.100.port.switch.ingress_queue_wait_bucket.demand_req.0 = 7951
stat.pool.100.port.switch.ingress_pre_occ_bucket.demand_req.1_64 = 2679
stat.pool.100.port.switch.ingress_queue_wait_bucket.demand_req.1_63 = 7012
stat.pool.100.port.switch.ingress_pre_occ_bucket.demand_req.65_256 = 10456
stat.pool.100.port.switch.ingress_queue_wait_bucket.demand_req.64_255 = 0
stat.pool.100.port.switch.ingress_pre_occ_bucket.demand_req.257_1024 = 905
stat.pool.100.port.switch.ingress_queue_wait_bucket.demand_req.256_1023 = 0
stat.pool.100.port.switch.ingress_pre_occ_bucket.demand_req.1025_4096 = 0
stat.pool.100.port.switch.ingress_queue_wait_bucket.demand_req.1024_4095 = 0
stat.pool.100.port.switch.ingress_pre_occ_bucket.demand_req.4097_plus = 0
stat.pool.100.port.switch.ingress_queue_wait_bucket.demand_req.4096_plus = 0
stat.pool.100.port.switch.ingress_episode.avg_arrival_pkts.write_req = 4.41291
stat.pool.100.port.switch.ingress_episode.max_arrival_pkts.write_req = 41
stat.pool.100.port.switch.ingress_episode.avg_release_pkts.write_req = 4.41291
stat.pool.100.port.switch.ingress_episode.max_release_pkts.write_req = 41
stat.pool.100.port.switch.ingress_pre_occ_bucket.write_req.0 = 1538
stat.pool.100.port.switch.ingress_queue_wait_bucket.write_req.0 = 10689
stat.pool.100.port.switch.ingress_pre_occ_bucket.write_req.1_64 = 2655
stat.pool.100.port.switch.ingress_queue_wait_bucket.write_req.1_63 = 184
stat.pool.100.port.switch.ingress_pre_occ_bucket.write_req.65_256 = 6466
stat.pool.100.port.switch.ingress_queue_wait_bucket.write_req.64_255 = 0
stat.pool.100.port.switch.ingress_pre_occ_bucket.write_req.257_1024 = 215
stat.pool.100.port.switch.ingress_queue_wait_bucket.write_req.256_1023 = 0
stat.pool.100.port.switch.ingress_pre_occ_bucket.write_req.1025_4096 = 0
stat.pool.100.port.switch.ingress_queue_wait_bucket.write_req.1024_4095 = 0
stat.pool.100.port.switch.ingress_pre_occ_bucket.write_req.4097_plus = 0
stat.pool.100.port.switch.ingress_queue_wait_bucket.write_req.4096_plus = 0
stat.pool.100.port.switch.ingress_episode.avg_arrival_pkts.response = 0
stat.pool.100.port.switch.ingress_episode.max_arrival_pkts.response = 0
stat.pool.100.port.switch.ingress_episode.avg_release_pkts.response = 0
stat.pool.100.port.switch.ingress_episode.max_release_pkts.response = 0
stat.pool.100.port.switch.ingress_pre_occ_bucket.response.0 = 0
stat.pool.100.port.switch.ingress_queue_wait_bucket.response.0 = 0
stat.pool.100.port.switch.ingress_pre_occ_bucket.response.1_64 = 0
stat.pool.100.port.switch.ingress_queue_wait_bucket.response.1_63 = 0
stat.pool.100.port.switch.ingress_pre_occ_bucket.response.65_256 = 0
stat.pool.100.port.switch.ingress_queue_wait_bucket.response.64_255 = 0
stat.pool.100.port.switch.ingress_pre_occ_bucket.response.257_1024 = 0
stat.pool.100.port.switch.ingress_queue_wait_bucket.response.256_1023 = 0
stat.pool.100.port.switch.ingress_pre_occ_bucket.response.1025_4096 = 0
stat.pool.100.port.switch.ingress_queue_wait_bucket.response.1024_4095 = 0
stat.pool.100.port.switch.ingress_pre_occ_bucket.response.4097_plus = 0
stat.pool.100.port.switch.ingress_queue_wait_bucket.response.4096_plus = 0
stat.pool.100.port.switch.ingress_episode.avg_arrival_pkts.other_req = 0.00933821
stat.pool.100.port.switch.ingress_episode.max_arrival_pkts.other_req = 1
stat.pool.100.port.switch.ingress_episode.avg_release_pkts.other_req = 0.00933821
stat.pool.100.port.switch.ingress_episode.max_release_pkts.other_req = 1
stat.pool.100.port.switch.ingress_pre_occ_bucket.other_req.0 = 2
stat.pool.100.port.switch.ingress_queue_wait_bucket.other_req.0 = 14
stat.pool.100.port.switch.ingress_pre_occ_bucket.other_req.1_64 = 4
stat.pool.100.port.switch.ingress_queue_wait_bucket.other_req.1_63 = 9
stat.pool.100.port.switch.ingress_pre_occ_bucket.other_req.65_256 = 13
stat.pool.100.port.switch.ingress_queue_wait_bucket.other_req.64_255 = 0
stat.pool.100.port.switch.ingress_pre_occ_bucket.other_req.257_1024 = 4
stat.pool.100.port.switch.ingress_queue_wait_bucket.other_req.256_1023 = 0
stat.pool.100.port.switch.ingress_pre_occ_bucket.other_req.1025_4096 = 0
stat.pool.100.port.switch.ingress_queue_wait_bucket.other_req.1024_4095 = 0
stat.pool.100.port.switch.ingress_pre_occ_bucket.other_req.4097_plus = 0
stat.pool.100.port.switch.ingress_queue_wait_bucket.other_req.4096_plus = 0
stat.pool.100.port.switch.peer_src.0.rx_bytes.demand_req = 119712
stat.pool.100.port.switch.peer_src.0.rx_pkts.demand_req = 14964
stat.pool.100.port.switch.peer_src.0.tx_bytes.demand_req = 0
stat.pool.100.port.switch.peer_src.0.tx_pkts.demand_req = 0
stat.pool.100.port.switch.peer_src.0.ingress_arrivals.demand_req = 14964
stat.pool.100.port.switch.peer_src.0.ingress_arrival_nonempty_packet_frac.demand_req = 0.938252
stat.pool.100.port.switch.peer_src.0.ingress_nonempty_arrival_pre_occ_avg_bytes.demand_req = 126.009
stat.pool.100.port.switch.peer_src.0.ingress_nonempty_arrival_pre_occ_max_bytes.demand_req = 400
stat.pool.100.port.switch.peer_src.0.ingress_wait_avg_cycles.demand_req = 131.951
stat.pool.100.port.switch.peer_src.0.ingress_queue_wait_avg_cycles.demand_req = 7.95054
stat.pool.100.port.switch.peer_src.0.ingress_queue_wait_after_nonempty_arrival_avg_cycles.demand_req = 8.47382
stat.pool.100.port.switch.peer_src.0.ingress_pre_occ_bucket.demand_req.0 = 924
stat.pool.100.port.switch.peer_src.0.ingress_queue_wait_bucket.demand_req.0 = 7951
stat.pool.100.port.switch.peer_src.0.ingress_pre_occ_bucket.demand_req.1_64 = 2679
stat.pool.100.port.switch.peer_src.0.ingress_queue_wait_bucket.demand_req.1_63 = 7012
stat.pool.100.port.switch.peer_src.0.ingress_pre_occ_bucket.demand_req.65_256 = 10456
stat.pool.100.port.switch.peer_src.0.ingress_queue_wait_bucket.demand_req.64_255 = 0
stat.pool.100.port.switch.peer_src.0.ingress_pre_occ_bucket.demand_req.257_1024 = 905
stat.pool.100.port.switch.peer_src.0.ingress_queue_wait_bucket.demand_req.256_1023 = 0
stat.pool.100.port.switch.peer_src.0.ingress_pre_occ_bucket.demand_req.1025_4096 = 0
stat.pool.100.port.switch.peer_src.0.ingress_queue_wait_bucket.demand_req.1024_4095 = 0
stat.pool.100.port.switch.peer_src.0.ingress_pre_occ_bucket.demand_req.4097_plus = 0
stat.pool.100.port.switch.peer_src.0.ingress_queue_wait_bucket.demand_req.4096_plus = 0
stat.pool.100.port.switch.peer_src.0.rx_bytes.write_req = 695936
stat.pool.100.port.switch.peer_src.0.rx_pkts.write_req = 10874
stat.pool.100.port.switch.peer_src.0.tx_bytes.write_req = 0
stat.pool.100.port.switch.peer_src.0.tx_pkts.write_req = 0
stat.pool.100.port.switch.peer_src.0.ingress_arrivals.write_req = 10874
stat.pool.100.port.switch.peer_src.0.ingress_arrival_nonempty_packet_frac.write_req = 0.858562
stat.pool.100.port.switch.peer_src.0.ingress_nonempty_arrival_pre_occ_avg_bytes.write_req = 98.3539
stat.pool.100.port.switch.peer_src.0.ingress_nonempty_arrival_pre_occ_max_bytes.write_req = 344
stat.pool.100.port.switch.peer_src.0.ingress_wait_avg_cycles.write_req = 145.017
stat.pool.100.port.switch.peer_src.0.ingress_queue_wait_avg_cycles.write_req = 0.0169227
stat.pool.100.port.switch.peer_src.0.ingress_queue_wait_after_nonempty_arrival_avg_cycles.write_req = 0.0197108
stat.pool.100.port.switch.peer_src.0.ingress_pre_occ_bucket.write_req.0 = 1538
stat.pool.100.port.switch.peer_src.0.ingress_queue_wait_bucket.write_req.0 = 10689
stat.pool.100.port.switch.peer_src.0.ingress_pre_occ_bucket.write_req.1_64 = 2655
stat.pool.100.port.switch.peer_src.0.ingress_queue_wait_bucket.write_req.1_63 = 184
stat.pool.100.port.switch.peer_src.0.ingress_pre_occ_bucket.write_req.65_256 = 6466
stat.pool.100.port.switch.peer_src.0.ingress_queue_wait_bucket.write_req.64_255 = 0
stat.pool.100.port.switch.peer_src.0.ingress_pre_occ_bucket.write_req.257_1024 = 215
stat.pool.100.port.switch.peer_src.0.ingress_queue_wait_bucket.write_req.256_1023 = 0
stat.pool.100.port.switch.peer_src.0.ingress_pre_occ_bucket.write_req.1025_4096 = 0
stat.pool.100.port.switch.peer_src.0.ingress_queue_wait_bucket.write_req.1024_4095 = 0
stat.pool.100.port.switch.peer_src.0.ingress_pre_occ_bucket.write_req.4097_plus = 0
stat.pool.100.port.switch.peer_src.0.ingress_queue_wait_bucket.write_req.4096_plus = 0
stat.pool.100.port.switch.peer_src.0.rx_bytes.other_req = 184
stat.pool.100.port.switch.peer_src.0.rx_pkts.other_req = 23
stat.pool.100.port.switch.peer_src.0.tx_bytes.other_req = 0
stat.pool.100.port.switch.peer_src.0.tx_pkts.other_req = 0
stat.pool.100.port.switch.peer_src.0.ingress_arrivals.other_req = 23
stat.pool.100.port.switch.peer_src.0.ingress_arrival_nonempty_packet_frac.other_req = 0.913043
stat.pool.100.port.switch.peer_src.0.ingress_nonempty_arrival_pre_occ_avg_bytes.other_req = 147.81
stat.pool.100.port.switch.peer_src.0.ingress_nonempty_arrival_pre_occ_max_bytes.other_req = 344
stat.pool.100.port.switch.peer_src.0.ingress_wait_avg_cycles.other_req = 131.217
stat.pool.100.port.switch.peer_src.0.ingress_queue_wait_avg_cycles.other_req = 7.21739
stat.pool.100.port.switch.peer_src.0.ingress_queue_wait_after_nonempty_arrival_avg_cycles.other_req = 7.90476
stat.pool.100.port.switch.peer_src.0.ingress_pre_occ_bucket.other_req.0 = 2
stat.pool.100.port.switch.peer_src.0.ingress_queue_wait_bucket.other_req.0 = 14
stat.pool.100.port.switch.peer_src.0.ingress_pre_occ_bucket.other_req.1_64 = 4
stat.pool.100.port.switch.peer_src.0.ingress_queue_wait_bucket.other_req.1_63 = 9
stat.pool.100.port.switch.peer_src.0.ingress_pre_occ_bucket.other_req.65_256 = 13
stat.pool.100.port.switch.peer_src.0.ingress_queue_wait_bucket.other_req.64_255 = 0
stat.pool.100.port.switch.peer_src.0.ingress_pre_occ_bucket.other_req.257_1024 = 4
stat.pool.100.port.switch.peer_src.0.ingress_queue_wait_bucket.other_req.256_1023 = 0
stat.pool.100.port.switch.peer_src.0.ingress_pre_occ_bucket.other_req.1025_4096 = 0
stat.pool.100.port.switch.peer_src.0.ingress_queue_wait_bucket.other_req.1024_4095 = 0
stat.pool.100.port.switch.peer_src.0.ingress_pre_occ_bucket.other_req.4097_plus = 0
stat.pool.100.port.switch.peer_src.0.ingress_queue_wait_bucket.other_req.4096_plus = 0
stat.pool.100.port.switch.peer_dst.100.rx_bytes.demand_req = 119712
stat.pool.100.port.switch.peer_dst.100.rx_pkts.demand_req = 14964
stat.pool.100.port.switch.peer_dst.100.tx_bytes.demand_req = 0
stat.pool.100.port.switch.peer_dst.100.tx_pkts.demand_req = 0
stat.pool.100.port.switch.peer_dst.100.ingress_arrivals.demand_req = 14964
stat.pool.100.port.switch.peer_dst.100.ingress_arrival_nonempty_packet_frac.demand_req = 0.938252
stat.pool.100.port.switch.peer_dst.100.ingress_nonempty_arrival_pre_occ_avg_bytes.demand_req = 126.009
stat.pool.100.port.switch.peer_dst.100.ingress_nonempty_arrival_pre_occ_max_bytes.demand_req = 400
stat.pool.100.port.switch.peer_dst.100.ingress_wait_avg_cycles.demand_req = 131.951
stat.pool.100.port.switch.peer_dst.100.ingress_queue_wait_avg_cycles.demand_req = 7.95054
stat.pool.100.port.switch.peer_dst.100.ingress_queue_wait_after_nonempty_arrival_avg_cycles.demand_req = 8.47382
stat.pool.100.port.switch.peer_dst.100.ingress_pre_occ_bucket.demand_req.0 = 924
stat.pool.100.port.switch.peer_dst.100.ingress_queue_wait_bucket.demand_req.0 = 7951
stat.pool.100.port.switch.peer_dst.100.ingress_pre_occ_bucket.demand_req.1_64 = 2679
stat.pool.100.port.switch.peer_dst.100.ingress_queue_wait_bucket.demand_req.1_63 = 7012
stat.pool.100.port.switch.peer_dst.100.ingress_pre_occ_bucket.demand_req.65_256 = 10456
stat.pool.100.port.switch.peer_dst.100.ingress_queue_wait_bucket.demand_req.64_255 = 0
stat.pool.100.port.switch.peer_dst.100.ingress_pre_occ_bucket.demand_req.257_1024 = 905
stat.pool.100.port.switch.peer_dst.100.ingress_queue_wait_bucket.demand_req.256_1023 = 0
stat.pool.100.port.switch.peer_dst.100.ingress_pre_occ_bucket.demand_req.1025_4096 = 0
stat.pool.100.port.switch.peer_dst.100.ingress_queue_wait_bucket.demand_req.1024_4095 = 0
stat.pool.100.port.switch.peer_dst.100.ingress_pre_occ_bucket.demand_req.4097_plus = 0
stat.pool.100.port.switch.peer_dst.100.ingress_queue_wait_bucket.demand_req.4096_plus = 0
stat.pool.100.port.switch.peer_dst.100.rx_bytes.write_req = 695936
stat.pool.100.port.switch.peer_dst.100.rx_pkts.write_req = 10874
stat.pool.100.port.switch.peer_dst.100.tx_bytes.write_req = 0
stat.pool.100.port.switch.peer_dst.100.tx_pkts.write_req = 0
stat.pool.100.port.switch.peer_dst.100.ingress_arrivals.write_req = 10874
stat.pool.100.port.switch.peer_dst.100.ingress_arrival_nonempty_packet_frac.write_req = 0.858562
stat.pool.100.port.switch.peer_dst.100.ingress_nonempty_arrival_pre_occ_avg_bytes.write_req = 98.3539
stat.pool.100.port.switch.peer_dst.100.ingress_nonempty_arrival_pre_occ_max_bytes.write_req = 344
stat.pool.100.port.switch.peer_dst.100.ingress_wait_avg_cycles.write_req = 145.017
stat.pool.100.port.switch.peer_dst.100.ingress_queue_wait_avg_cycles.write_req = 0.0169227
stat.pool.100.port.switch.peer_dst.100.ingress_queue_wait_after_nonempty_arrival_avg_cycles.write_req = 0.0197108
stat.pool.100.port.switch.peer_dst.100.ingress_pre_occ_bucket.write_req.0 = 1538
stat.pool.100.port.switch.peer_dst.100.ingress_queue_wait_bucket.write_req.0 = 10689
stat.pool.100.port.switch.peer_dst.100.ingress_pre_occ_bucket.write_req.1_64 = 2655
stat.pool.100.port.switch.peer_dst.100.ingress_queue_wait_bucket.write_req.1_63 = 184
stat.pool.100.port.switch.peer_dst.100.ingress_pre_occ_bucket.write_req.65_256 = 6466
stat.pool.100.port.switch.peer_dst.100.ingress_queue_wait_bucket.write_req.64_255 = 0
stat.pool.100.port.switch.peer_dst.100.ingress_pre_occ_bucket.write_req.257_1024 = 215
stat.pool.100.port.switch.peer_dst.100.ingress_queue_wait_bucket.write_req.256_1023 = 0
stat.pool.100.port.switch.peer_dst.100.ingress_pre_occ_bucket.write_req.1025_4096 = 0
stat.pool.100.port.switch.peer_dst.100.ingress_queue_wait_bucket.write_req.1024_4095 = 0
stat.pool.100.port.switch.peer_dst.100.ingress_pre_occ_bucket.write_req.4097_plus = 0
stat.pool.100.port.switch.peer_dst.100.ingress_queue_wait_bucket.write_req.4096_plus = 0
stat.pool.100.port.switch.peer_dst.100.rx_bytes.other_req = 184
stat.pool.100.port.switch.peer_dst.100.rx_pkts.other_req = 23
stat.pool.100.port.switch.peer_dst.100.tx_bytes.other_req = 0
stat.pool.100.port.switch.peer_dst.100.tx_pkts.other_req = 0
stat.pool.100.port.switch.peer_dst.100.ingress_arrivals.other_req = 23
stat.pool.100.port.switch.peer_dst.100.ingress_arrival_nonempty_packet_frac.other_req = 0.913043
stat.pool.100.port.switch.peer_dst.100.ingress_nonempty_arrival_pre_occ_avg_bytes.other_req = 147.81
stat.pool.100.port.switch.peer_dst.100.ingress_nonempty_arrival_pre_occ_max_bytes.other_req = 344
stat.pool.100.port.switch.peer_dst.100.ingress_wait_avg_cycles.other_req = 131.217
stat.pool.100.port.switch.peer_dst.100.ingress_queue_wait_avg_cycles.other_req = 7.21739
stat.pool.100.port.switch.peer_dst.100.ingress_queue_wait_after_nonempty_arrival_avg_cycles.other_req = 7.90476
stat.pool.100.port.switch.peer_dst.100.ingress_pre_occ_bucket.other_req.0 = 2
stat.pool.100.port.switch.peer_dst.100.ingress_queue_wait_bucket.other_req.0 = 14
stat.pool.100.port.switch.peer_dst.100.ingress_pre_occ_bucket.other_req.1_64 = 4
stat.pool.100.port.switch.peer_dst.100.ingress_queue_wait_bucket.other_req.1_63 = 9
stat.pool.100.port.switch.peer_dst.100.ingress_pre_occ_bucket.other_req.65_256 = 13
stat.pool.100.port.switch.peer_dst.100.ingress_queue_wait_bucket.other_req.64_255 = 0
stat.pool.100.port.switch.peer_dst.100.ingress_pre_occ_bucket.other_req.257_1024 = 4
stat.pool.100.port.switch.peer_dst.100.ingress_queue_wait_bucket.other_req.256_1023 = 0
stat.pool.100.port.switch.peer_dst.100.ingress_pre_occ_bucket.other_req.1025_4096 = 0
stat.pool.100.port.switch.peer_dst.100.ingress_queue_wait_bucket.other_req.1024_4095 = 0
stat.pool.100.port.switch.peer_dst.100.ingress_pre_occ_bucket.other_req.4097_plus = 0
stat.pool.100.port.switch.peer_dst.100.ingress_queue_wait_bucket.other_req.4096_plus = 0
stat.pool.100.port.switch.tx_src.100.rx_bytes.response = 0
stat.pool.100.port.switch.tx_src.100.rx_pkts.response = 0
stat.pool.100.port.switch.tx_src.100.tx_bytes.response = 958976
stat.pool.100.port.switch.tx_src.100.tx_pkts.response = 14984
stat.pool.100.port.switch.tx_src.100.ingress_arrivals.response = 0
stat.pool.100.port.switch.tx_src.100.ingress_arrival_nonempty_packet_frac.response = 0
stat.pool.100.port.switch.tx_src.100.ingress_nonempty_arrival_pre_occ_avg_bytes.response = 0
stat.pool.100.port.switch.tx_src.100.ingress_nonempty_arrival_pre_occ_max_bytes.response = 0
stat.pool.100.port.switch.tx_src.100.ingress_wait_avg_cycles.response = 0
stat.pool.100.port.switch.tx_src.100.ingress_queue_wait_avg_cycles.response = 0
stat.pool.100.port.switch.tx_src.100.ingress_queue_wait_after_nonempty_arrival_avg_cycles.response = 0
stat.pool.100.port.switch.tx_src.100.ingress_pre_occ_bucket.response.0 = 0
stat.pool.100.port.switch.tx_src.100.ingress_queue_wait_bucket.response.0 = 0
stat.pool.100.port.switch.tx_src.100.ingress_pre_occ_bucket.response.1_64 = 0
stat.pool.100.port.switch.tx_src.100.ingress_queue_wait_bucket.response.1_63 = 0
stat.pool.100.port.switch.tx_src.100.ingress_pre_occ_bucket.response.65_256 = 0
stat.pool.100.port.switch.tx_src.100.ingress_queue_wait_bucket.response.64_255 = 0
stat.pool.100.port.switch.tx_src.100.ingress_pre_occ_bucket.response.257_1024 = 0
stat.pool.100.port.switch.tx_src.100.ingress_queue_wait_bucket.response.256_1023 = 0
stat.pool.100.port.switch.tx_src.100.ingress_pre_occ_bucket.response.1025_4096 = 0
stat.pool.100.port.switch.tx_src.100.ingress_queue_wait_bucket.response.1024_4095 = 0
stat.pool.100.port.switch.tx_src.100.ingress_pre_occ_bucket.response.4097_plus = 0
stat.pool.100.port.switch.tx_src.100.ingress_queue_wait_bucket.response.4096_plus = 0
stat.pool.100.port.switch.tx_dst.0.rx_bytes.response = 0
stat.pool.100.port.switch.tx_dst.0.rx_pkts.response = 0
stat.pool.100.port.switch.tx_dst.0.tx_bytes.response = 958976
stat.pool.100.port.switch.tx_dst.0.tx_pkts.response = 14984
stat.pool.100.port.switch.tx_dst.0.ingress_arrivals.response = 0
stat.pool.100.port.switch.tx_dst.0.ingress_arrival_nonempty_packet_frac.response = 0
stat.pool.100.port.switch.tx_dst.0.ingress_nonempty_arrival_pre_occ_avg_bytes.response = 0
stat.pool.100.port.switch.tx_dst.0.ingress_nonempty_arrival_pre_occ_max_bytes.response = 0
stat.pool.100.port.switch.tx_dst.0.ingress_wait_avg_cycles.response = 0
stat.pool.100.port.switch.tx_dst.0.ingress_queue_wait_avg_cycles.response = 0
stat.pool.100.port.switch.tx_dst.0.ingress_queue_wait_after_nonempty_arrival_avg_cycles.response = 0
stat.pool.100.port.switch.tx_dst.0.ingress_pre_occ_bucket.response.0 = 0
stat.pool.100.port.switch.tx_dst.0.ingress_queue_wait_bucket.response.0 = 0
stat.pool.100.port.switch.tx_dst.0.ingress_pre_occ_bucket.response.1_64 = 0
stat.pool.100.port.switch.tx_dst.0.ingress_queue_wait_bucket.response.1_63 = 0
stat.pool.100.port.switch.tx_dst.0.ingress_pre_occ_bucket.response.65_256 = 0
stat.pool.100.port.switch.tx_dst.0.ingress_queue_wait_bucket.response.64_255 = 0
stat.pool.100.port.switch.tx_dst.0.ingress_pre_occ_bucket.response.257_1024 = 0
stat.pool.100.port.switch.tx_dst.0.ingress_queue_wait_bucket.response.256_1023 = 0
stat.pool.100.port.switch.tx_dst.0.ingress_pre_occ_bucket.response.1025_4096 = 0
stat.pool.100.port.switch.tx_dst.0.ingress_queue_wait_bucket.response.1024_4095 = 0
stat.pool.100.port.switch.tx_dst.0.ingress_pre_occ_bucket.response.4097_plus = 0
stat.pool.100.port.switch.tx_dst.0.ingress_queue_wait_bucket.response.4096_plus = 0
stat.pool.100.walltime_s = 188.549
stat.pool.100.active_time_s = 13.6212
stat.switch.replicated_messages = 21748
stat.switch.util.node_ingress_avg = 0.192673
stat.switch.util.pool_ingress_avg = 0.197436
stat.switch.fabric.node_ingress_wait_avg_cycles = 133.291
stat.switch.fabric.node_egress_wait_avg_cycles = 1
stat.switch.fabric.pool_ingress_wait_avg_cycles = 150.271
stat.switch.fabric.pool_egress_wait_avg_cycles = 1
stat.switch.fabric.node_ingress_queue_wait_avg_cycles = 3.70055
stat.switch.fabric.pool_ingress_queue_wait_avg_cycles = 5.27073
stat.switch.fabric.node_ready_wait_avg_cycles = 0
stat.switch.fabric.pool_ready_wait_avg_cycles = 0
stat.switch.fabric.node_ingress_wait_max_cycles = 179
stat.switch.fabric.node_egress_wait_max_cycles = 1
stat.switch.fabric.pool_ingress_wait_max_cycles = 292
stat.switch.fabric.pool_egress_wait_max_cycles = 1
stat.switch.fabric.node_ingress_queue_wait_max_cycles = 51
stat.switch.fabric.pool_ingress_queue_wait_max_cycles = 147
stat.switch.fabric.node_ready_wait_max_cycles = 0
stat.switch.fabric.pool_ready_wait_max_cycles = 0
stat.switch.fabric.node_ingress_occ_bytes = 64
stat.switch.fabric.pool_ingress_occ_bytes = 320
stat.switch.fabric.node_ready_occ_avg_pkts = 0.0215324
stat.switch.fabric.pool_ready_occ_avg_pkts = 0.00789729
stat.switch.fabric.node_ready_occ_pkts = 0
stat.switch.fabric.pool_ready_occ_pkts = 0
stat.switch.fabric.node_ready_occ_max_pkts = 1
stat.switch.fabric.pool_ready_occ_max_pkts = 1
stat.switch.fabric.node_ready_retry_count = 0
stat.switch.fabric.pool_ready_retry_count = 0
stat.switch.fabric.node_ingress_arrival_burst_max_pkts = 2
stat.switch.fabric.node_ingress_arrival_burst_max_bytes = 72
stat.switch.fabric.node_ingress_arrival_burst_avg_pkts = 1.00457
stat.switch.fabric.node_ingress_arrival_burst_avg_bytes = 23.0134
stat.switch.fabric.node_ingress_arrival_burst_stddev_pkts = 0.0674778
stat.switch.fabric.node_ingress_arrival_burst_stddev_bytes = 24.8533
stat.switch.fabric.node_ingress_arrival_nonempty_frac = 0.0214349
stat.switch.fabric.node_ingress_arrival_run_max_cycles = 7
stat.switch.fabric.node_ingress_arrival_run_avg_cycles = 1.04672
stat.switch.fabric.node_ingress_arrival_run_stddev_cycles = 0.269149
stat.switch.fabric.node_ingress_arrival_gap_max_cycles = 656
stat.switch.fabric.node_ingress_arrival_gap_avg_cycles = 34.6351
stat.switch.fabric.node_ingress_arrival_gap_stddev_cycles = 49.2166
stat.switch.fabric.node_ingress_release_burst_max_pkts = 1
stat.switch.fabric.node_ingress_release_burst_max_bytes = 64
stat.switch.fabric.node_ingress_release_burst_avg_pkts = 1
stat.switch.fabric.node_ingress_release_burst_avg_bytes = 22.9076
stat.switch.fabric.node_ingress_release_burst_stddev_pkts = 0
stat.switch.fabric.node_ingress_release_burst_stddev_bytes = 24.7505
stat.switch.fabric.node_ingress_release_nonempty_frac = 0.0215324
stat.switch.fabric.node_ingress_release_run_max_cycles = 1
stat.switch.fabric.node_ingress_release_run_avg_cycles = 1
stat.switch.fabric.node_ingress_release_run_stddev_cycles = 0
stat.switch.fabric.node_ingress_release_gap_max_cycles = 668
stat.switch.fabric.node_ingress_release_gap_avg_cycles = 32.9316
stat.switch.fabric.node_ingress_release_gap_stddev_cycles = 51.2429
stat.switch.fabric.pool_ingress_arrival_burst_max_pkts = 1
stat.switch.fabric.pool_ingress_arrival_burst_max_bytes = 64
stat.switch.fabric.pool_ingress_arrival_burst_avg_pkts = 1
stat.switch.fabric.pool_ingress_arrival_burst_avg_bytes = 64
stat.switch.fabric.pool_ingress_arrival_burst_stddev_pkts = 0
stat.switch.fabric.pool_ingress_arrival_burst_stddev_bytes = 0
stat.switch.fabric.pool_ingress_arrival_nonempty_frac = 0.0078986
stat.switch.fabric.pool_ingress_arrival_run_max_cycles = 1
stat.switch.fabric.pool_ingress_arrival_run_avg_cycles = 1
stat.switch.fabric.pool_ingress_arrival_run_stddev_cycles = 0
stat.switch.fabric.pool_ingress_arrival_gap_max_cycles = 941
stat.switch.fabric.pool_ingress_arrival_gap_avg_cycles = 91.4891
stat.switch.fabric.pool_ingress_arrival_gap_stddev_cycles = 93.2906
stat.switch.fabric.pool_ingress_release_burst_max_pkts = 1
stat.switch.fabric.pool_ingress_release_burst_max_bytes = 64
stat.switch.fabric.pool_ingress_release_burst_avg_pkts = 1
stat.switch.fabric.pool_ingress_release_burst_avg_bytes = 64
stat.switch.fabric.pool_ingress_release_burst_stddev_pkts = 0
stat.switch.fabric.pool_ingress_release_burst_stddev_bytes = 0
stat.switch.fabric.pool_ingress_release_nonempty_frac = 0.00789729
stat.switch.fabric.pool_ingress_release_run_max_cycles = 1
stat.switch.fabric.pool_ingress_release_run_avg_cycles = 1
stat.switch.fabric.pool_ingress_release_run_stddev_cycles = 0
stat.switch.fabric.pool_ingress_release_gap_max_cycles = 941
stat.switch.fabric.pool_ingress_release_gap_avg_cycles = 91.493
stat.switch.fabric.pool_ingress_release_gap_stddev_cycles = 88.5539
stat.switch.fabric.node_ingress_occ_avg_bytes = 69.3106
stat.switch.fabric.node_ingress_occ_stddev_bytes = 77.5975
stat.switch.fabric.node_ingress_occ_max_bytes = 440
stat.switch.fabric.node_ingress_occ_nonempty_frac = 0.645171
stat.switch.fabric.node_ingress_occ_run_max_cycles = 5875
stat.switch.fabric.node_ingress_occ_run_avg_cycles = 645.186
stat.switch.fabric.node_ingress_occ_run_stddev_cycles = 521.028
stat.switch.fabric.node_ingress_occ_gap_max_cycles = 525
stat.switch.fabric.node_ingress_occ_gap_avg_cycles = 85.5701
stat.switch.fabric.node_ingress_occ_gap_stddev_cycles = 81.4293
stat.switch.fabric.pool_ingress_occ_avg_bytes = 75.4519
stat.switch.fabric.pool_ingress_occ_stddev_bytes = 80.8559
stat.switch.fabric.pool_ingress_occ_max_bytes = 512
stat.switch.fabric.pool_ingress_occ_nonempty_frac = 0.583314
stat.switch.fabric.pool_ingress_occ_run_max_cycles = 3536
stat.switch.fabric.pool_ingress_occ_run_avg_cycles = 401.088
stat.switch.fabric.pool_ingress_occ_run_stddev_cycles = 220.211
stat.switch.fabric.pool_ingress_occ_gap_max_cycles = 798
stat.switch.fabric.pool_ingress_occ_gap_avg_cycles = 101.257
stat.switch.fabric.pool_ingress_occ_gap_stddev_cycles = 94.9294
stat.switch.route.blocked_to_node = 0
stat.switch.route.blocked_to_pool = 0
stat.switch.route.blocked_replicated_write = 0
stat.switch.route.send_fail_to_node = 0
stat.switch.route.send_fail_to_pool = 0
stat.switch.route.attempt_to_node.demand_req = 0
stat.switch.route.attempt_to_pool.demand_req = 29920
stat.switch.route.blocked_to_node.demand_req = 0
stat.switch.route.blocked_to_pool.demand_req = 0
stat.switch.route.send_fail_to_node.demand_req = 0
stat.switch.route.send_fail_to_pool.demand_req = 0
stat.switch.route.replicated_clones.demand_req = 0
stat.switch.fabric.node_rx_bytes.demand_req = 239360
stat.switch.fabric.node_tx_bytes.demand_req = 0
stat.switch.fabric.pool_rx_bytes.demand_req = 0
stat.switch.fabric.pool_tx_bytes.demand_req = 239360
stat.switch.fabric.node_rx_pkts.demand_req = 29920
stat.switch.fabric.node_tx_pkts.demand_req = 0
stat.switch.fabric.pool_rx_pkts.demand_req = 0
stat.switch.fabric.pool_tx_pkts.demand_req = 29920
stat.switch.route.attempt_to_node.write_req = 0
stat.switch.route.attempt_to_pool.write_req = 21748
stat.switch.route.blocked_to_node.write_req = 0
stat.switch.route.blocked_to_pool.write_req = 0
stat.switch.route.send_fail_to_node.write_req = 0
stat.switch.route.send_fail_to_pool.write_req = 0
stat.switch.route.replicated_clones.write_req = 21748
stat.switch.fabric.node_rx_bytes.write_req = 696000
stat.switch.fabric.node_tx_bytes.write_req = 0
stat.switch.fabric.pool_rx_bytes.write_req = 0
stat.switch.fabric.pool_tx_bytes.write_req = 1391872
stat.switch.fabric.node_rx_pkts.write_req = 10875
stat.switch.fabric.node_tx_pkts.write_req = 0
stat.switch.fabric.pool_rx_pkts.write_req = 0
stat.switch.fabric.pool_tx_pkts.write_req = 21748
stat.switch.route.attempt_to_node.response = 29963
stat.switch.route.attempt_to_pool.response = 0
stat.switch.route.blocked_to_node.response = 0
stat.switch.route.blocked_to_pool.response = 0
stat.switch.route.send_fail_to_node.response = 0
stat.switch.route.send_fail_to_pool.response = 0
stat.switch.route.replicated_clones.response = 0
stat.switch.fabric.node_rx_bytes.response = 0
stat.switch.fabric.node_tx_bytes.response = 1917632
stat.switch.fabric.pool_rx_bytes.response = 1917952
stat.switch.fabric.pool_tx_bytes.response = 0
stat.switch.fabric.node_rx_pkts.response = 0
stat.switch.fabric.node_tx_pkts.response = 29963
stat.switch.fabric.pool_rx_pkts.response = 29968
stat.switch.fabric.pool_tx_pkts.response = 0
stat.switch.route.attempt_to_node.other_req = 0
stat.switch.route.attempt_to_pool.other_req = 54
stat.switch.route.blocked_to_node.other_req = 0
stat.switch.route.blocked_to_pool.other_req = 0
stat.switch.route.send_fail_to_node.other_req = 0
stat.switch.route.send_fail_to_pool.other_req = 0
stat.switch.route.replicated_clones.other_req = 0
stat.switch.fabric.node_rx_bytes.other_req = 432
stat.switch.fabric.node_tx_bytes.other_req = 0
stat.switch.fabric.pool_rx_bytes.other_req = 0
stat.switch.fabric.pool_tx_bytes.other_req = 432
stat.switch.fabric.node_rx_pkts.other_req = 54
stat.switch.fabric.node_tx_pkts.other_req = 0
stat.switch.fabric.pool_rx_pkts.other_req = 0
stat.switch.fabric.pool_tx_pkts.other_req = 54
stat.switch.bw.host_to_switch_gbps = 1.18389
stat.switch.bw.switch_to_host_gbps = 2.42605
stat.switch.bw.host_link_total_gbps = 3.60994
stat.switch.port.node.0.ingress_wait_avg_cycles = 133.291
stat.switch.port.node.0.ingress_wait_max_cycles = 179
stat.switch.port.node.0.egress_wait_avg_cycles = 1
stat.switch.port.node.0.egress_wait_max_cycles = 1
stat.switch.port.node.0.ingress_queue_wait_avg_cycles = 3.70055
stat.switch.port.node.0.ingress_queue_wait_max_cycles = 51
stat.switch.port.node.0.egress_occ_avg_bytes = 0
stat.switch.port.node.0.egress_occ_stddev_bytes = 0
stat.switch.port.node.0.egress_occ_max_bytes = 0
stat.switch.port.node.0.egress_occ_nonempty_frac = 0
stat.switch.port.node.0.egress_blocked_cycles = 0
stat.switch.port.node.0.egress_blocked_nonempty_frac = 0
stat.switch.port.node.0.egress_blocked_avg_occ_bytes = 0
stat.switch.port.node.0.egress_blocked_max_occ_bytes = 0
stat.switch.port.node.0.egress_send_burst_max_pkts = 2
stat.switch.port.node.0.egress_send_burst_max_bytes = 128
stat.switch.port.node.0.egress_send_burst_avg_pkts = 1.20391
stat.switch.port.node.0.egress_send_burst_avg_bytes = 77.0505
stat.switch.port.node.0.egress_send_burst_stddev_pkts = 0.402905
stat.switch.port.node.0.egress_send_burst_stddev_bytes = 25.7859
stat.switch.port.node.0.egress_send_nonempty_frac = 0.0131194
stat.switch.port.node.0.ingress_arrival_burst_avg_bytes = 23.0134
stat.switch.port.node.0.ingress_arrival_nonempty_frac = 0.0214349
stat.switch.port.node.0.ingress_arrival_run_max_cycles = 7
stat.switch.port.node.0.ingress_arrival_run_avg_cycles = 1.04672
stat.switch.port.node.0.ingress_arrival_gap_max_cycles = 656
stat.switch.port.node.0.ingress_arrival_gap_avg_cycles = 34.6351
stat.switch.port.node.0.ingress_release_burst_avg_bytes = 22.9076
stat.switch.port.node.0.ingress_release_nonempty_frac = 0.0215324
stat.switch.port.node.0.ingress_release_run_max_cycles = 1
stat.switch.port.node.0.ingress_release_run_avg_cycles = 1
stat.switch.port.node.0.ingress_release_gap_max_cycles = 668
stat.switch.port.node.0.ingress_release_gap_avg_cycles = 32.9316
stat.switch.port.node.0.ingress_occ_avg_bytes = 69.3106
stat.switch.port.node.0.ingress_occ_stddev_bytes = 77.5975
stat.switch.port.node.0.ingress_occ_max_bytes = 440
stat.switch.port.node.0.ingress_occ_nonempty_frac = 0.645171
stat.switch.port.node.0.ingress_occ_run_max_cycles = 5875
stat.switch.port.node.0.ingress_occ_run_avg_cycles = 645.186
stat.switch.port.node.0.ingress_occ_gap_max_cycles = 525
stat.switch.port.node.0.ingress_occ_gap_avg_cycles = 85.5701
stat.switch.port.node.0.ingress_wait_avg_cycles.demand_req = 128.704
stat.switch.port.node.0.ingress_wait_max_cycles.demand_req = 175
stat.switch.port.node.0.ingress_queue_wait_avg_cycles.demand_req = 4.70364
stat.switch.port.node.0.ingress_queue_wait_max_cycles.demand_req = 51
stat.switch.port.node.0.egress_wait_avg_cycles.demand_req = 0
stat.switch.port.node.0.egress_wait_max_cycles.demand_req = 0
stat.switch.port.node.0.egress_occ_avg_bytes.demand_req = 0
stat.switch.port.node.0.egress_occ_max_bytes.demand_req = 0
stat.switch.port.node.0.egress_blocked_cycles.demand_req = 0
stat.switch.port.node.0.ingress_arrival_empty_packets.demand_req = 914
stat.switch.port.node.0.ingress_arrival_nonempty_packets.demand_req = 29006
stat.switch.port.node.0.ingress_arrival_nonempty_packet_frac.demand_req = 0.969452
stat.switch.port.node.0.ingress_nonempty_arrival_pre_occ_avg_bytes.demand_req = 126.917
stat.switch.port.node.0.ingress_nonempty_arrival_pre_occ_max_bytes.demand_req = 432
stat.switch.port.node.0.ingress_release_after_empty_arrival_packets.demand_req = 914
stat.switch.port.node.0.ingress_release_after_nonempty_arrival_packets.demand_req = 29006
stat.switch.port.node.0.ingress_wait_after_empty_arrival_avg_cycles.demand_req = 124
stat.switch.port.node.0.ingress_wait_after_nonempty_arrival_avg_cycles.demand_req = 128.852
stat.switch.port.node.0.ingress_queue_wait_after_empty_arrival_avg_cycles.demand_req = 0
stat.switch.port.node.0.ingress_queue_wait_after_nonempty_arrival_avg_cycles.demand_req = 4.85186
stat.switch.port.node.0.ingress_queue_wait_after_empty_arrival_max_cycles.demand_req = 0
stat.switch.port.node.0.ingress_queue_wait_after_nonempty_arrival_max_cycles.demand_req = 51
stat.switch.port.node.0.rx_bytes.demand_req = 239360
stat.switch.port.node.0.tx_bytes.demand_req = 0
stat.switch.port.node.0.rx_pkts.demand_req = 29920
stat.switch.port.node.0.tx_pkts.demand_req = 0
stat.switch.port.node.0.ingress_wait_avg_cycles.write_req = 145.928
stat.switch.port.node.0.ingress_wait_max_cycles.write_req = 179
stat.switch.port.node.0.ingress_queue_wait_avg_cycles.write_req = 0.927901
stat.switch.port.node.0.ingress_queue_wait_max_cycles.write_req = 34
stat.switch.port.node.0.egress_wait_avg_cycles.write_req = 0
stat.switch.port.node.0.egress_wait_max_cycles.write_req = 0
stat.switch.port.node.0.egress_occ_avg_bytes.write_req = 0
stat.switch.port.node.0.egress_occ_max_bytes.write_req = 0
stat.switch.port.node.0.egress_blocked_cycles.write_req = 0
stat.switch.port.node.0.ingress_arrival_empty_packets.write_req = 980
stat.switch.port.node.0.ingress_arrival_nonempty_packets.write_req = 9895
stat.switch.port.node.0.ingress_arrival_nonempty_packet_frac.write_req = 0.909885
stat.switch.port.node.0.ingress_nonempty_arrival_pre_occ_avg_bytes.write_req = 106.753
stat.switch.port.node.0.ingress_nonempty_arrival_pre_occ_max_bytes.write_req = 368
stat.switch.port.node.0.ingress_release_after_empty_arrival_packets.write_req = 979
stat.switch.port.node.0.ingress_release_after_nonempty_arrival_packets.write_req = 9895
stat.switch.port.node.0.ingress_wait_after_empty_arrival_avg_cycles.write_req = 145
stat.switch.port.node.0.ingress_wait_after_nonempty_arrival_avg_cycles.write_req = 146.02
stat.switch.port.node.0.ingress_queue_wait_after_empty_arrival_avg_cycles.write_req = 0
stat.switch.port.node.0.ingress_queue_wait_after_nonempty_arrival_avg_cycles.write_req = 1.01971
stat.switch.port.node.0.ingress_queue_wait_after_empty_arrival_max_cycles.write_req = 0
stat.switch.port.node.0.ingress_queue_wait_after_nonempty_arrival_max_cycles.write_req = 34
stat.switch.port.node.0.rx_bytes.write_req = 696000
stat.switch.port.node.0.tx_bytes.write_req = 0
stat.switch.port.node.0.rx_pkts.write_req = 10875
stat.switch.port.node.0.tx_pkts.write_req = 0
stat.switch.port.node.0.ingress_wait_avg_cycles.response = 0
stat.switch.port.node.0.ingress_wait_max_cycles.response = 0
stat.switch.port.node.0.ingress_queue_wait_avg_cycles.response = 0
stat.switch.port.node.0.ingress_queue_wait_max_cycles.response = 0
stat.switch.port.node.0.egress_wait_avg_cycles.response = 1
stat.switch.port.node.0.egress_wait_max_cycles.response = 1
stat.switch.port.node.0.egress_occ_avg_bytes.response = 0
stat.switch.port.node.0.egress_occ_max_bytes.response = 0
stat.switch.port.node.0.egress_blocked_cycles.response = 0
stat.switch.port.node.0.ingress_arrival_empty_packets.response = 0
stat.switch.port.node.0.ingress_arrival_nonempty_packets.response = 0
stat.switch.port.node.0.ingress_arrival_nonempty_packet_frac.response = 0
stat.switch.port.node.0.ingress_nonempty_arrival_pre_occ_avg_bytes.response = 0
stat.switch.port.node.0.ingress_nonempty_arrival_pre_occ_max_bytes.response = 0
stat.switch.port.node.0.ingress_release_after_empty_arrival_packets.response = 0
stat.switch.port.node.0.ingress_release_after_nonempty_arrival_packets.response = 0
stat.switch.port.node.0.ingress_wait_after_empty_arrival_avg_cycles.response = 0
stat.switch.port.node.0.ingress_wait_after_nonempty_arrival_avg_cycles.response = 0
stat.switch.port.node.0.ingress_queue_wait_after_empty_arrival_avg_cycles.response = 0
stat.switch.port.node.0.ingress_queue_wait_after_nonempty_arrival_avg_cycles.response = 0
stat.switch.port.node.0.ingress_queue_wait_after_empty_arrival_max_cycles.response = 0
stat.switch.port.node.0.ingress_queue_wait_after_nonempty_arrival_max_cycles.response = 0
stat.switch.port.node.0.rx_bytes.response = 0
stat.switch.port.node.0.tx_bytes.response = 1917632
stat.switch.port.node.0.rx_pkts.response = 0
stat.switch.port.node.0.tx_pkts.response = 29963
stat.switch.port.node.0.ingress_wait_avg_cycles.other_req = 130.241
stat.switch.port.node.0.ingress_wait_max_cycles.other_req = 151
stat.switch.port.node.0.ingress_queue_wait_avg_cycles.other_req = 6.24074
stat.switch.port.node.0.ingress_queue_wait_max_cycles.other_req = 27
stat.switch.port.node.0.egress_wait_avg_cycles.other_req = 0
stat.switch.port.node.0.egress_wait_max_cycles.other_req = 0
stat.switch.port.node.0.egress_occ_avg_bytes.other_req = 0
stat.switch.port.node.0.egress_occ_max_bytes.other_req = 0
stat.switch.port.node.0.egress_blocked_cycles.other_req = 0
stat.switch.port.node.0.ingress_arrival_empty_packets.other_req = 3
stat.switch.port.node.0.ingress_arrival_nonempty_packets.other_req = 51
stat.switch.port.node.0.ingress_arrival_nonempty_packet_frac.other_req = 0.944444
stat.switch.port.node.0.ingress_nonempty_arrival_pre_occ_avg_bytes.other_req = 127.373
stat.switch.port.node.0.ingress_nonempty_arrival_pre_occ_max_bytes.other_req = 352
stat.switch.port.node.0.ingress_release_after_empty_arrival_packets.other_req = 3
stat.switch.port.node.0.ingress_release_after_nonempty_arrival_packets.other_req = 51
stat.switch.port.node.0.ingress_wait_after_empty_arrival_avg_cycles.other_req = 124
stat.switch.port.node.0.ingress_wait_after_nonempty_arrival_avg_cycles.other_req = 130.608
stat.switch.port.node.0.ingress_queue_wait_after_empty_arrival_avg_cycles.other_req = 0
stat.switch.port.node.0.ingress_queue_wait_after_nonempty_arrival_avg_cycles.other_req = 6.60784
stat.switch.port.node.0.ingress_queue_wait_after_empty_arrival_max_cycles.other_req = 0
stat.switch.port.node.0.ingress_queue_wait_after_nonempty_arrival_max_cycles.other_req = 27
stat.switch.port.node.0.rx_bytes.other_req = 432
stat.switch.port.node.0.tx_bytes.other_req = 0
stat.switch.port.node.0.rx_pkts.other_req = 54
stat.switch.port.node.0.tx_pkts.other_req = 0
stat.switch.port.node.0.ingress_occ_bucket_bytes.0 = 673126
stat.switch.port.node.0.ready_occ_bucket_bytes.0 = 1856196
stat.switch.port.node.0.ingress_occ_bucket_bytes.1_64 = 350146
stat.switch.port.node.0.ready_occ_bucket_bytes.1_64 = 40848
stat.switch.port.node.0.ingress_occ_bucket_bytes.65_256 = 837147
stat.switch.port.node.0.ready_occ_bucket_bytes.65_256 = 0
stat.switch.port.node.0.ingress_occ_bucket_bytes.257_1024 = 36625
stat.switch.port.node.0.ready_occ_bucket_bytes.257_1024 = 0
stat.switch.port.node.0.ingress_occ_bucket_bytes.1025_4096 = 0
stat.switch.port.node.0.ready_occ_bucket_bytes.1025_4096 = 0
stat.switch.port.node.0.ingress_occ_bucket_bytes.4097_plus = 0
stat.switch.port.node.0.ready_occ_bucket_bytes.4097_plus = 0
stat.switch.port.node.0.ingress_episode.count = 1896
stat.switch.port.node.0.ingress_episode.avg_cycles = 645.512
stat.switch.port.node.0.ingress_episode.max_cycles = 5875
stat.switch.port.node.0.ingress_episode.avg_peak_occ_bytes = 219.051
stat.switch.port.node.0.ingress_episode.max_peak_occ_bytes = 440
stat.switch.port.node.0.ingress_episode.avg_arrival_pkts = 21.5443
stat.switch.port.node.0.ingress_episode.max_arrival_pkts = 184
stat.switch.port.node.0.ingress_episode.avg_arrival_bytes = 493.527
stat.switch.port.node.0.ingress_episode.max_arrival_bytes = 4272
stat.switch.port.node.0.ingress_episode.avg_release_pkts = 21.5443
stat.switch.port.node.0.ingress_episode.max_release_pkts = 184
stat.switch.port.node.0.ingress_episode.avg_release_bytes = 493.527
stat.switch.port.node.0.ingress_episode.max_release_bytes = 4272
stat.switch.port.node.0.ingress_episode.avg_wait_cycles = 2871.66
stat.switch.port.node.0.ingress_episode.max_wait_cycles = 179
stat.switch.port.node.0.ingress_episode.avg_queue_wait_cycles = 79.7257
stat.switch.port.node.0.ingress_episode.max_queue_wait_cycles = 51
stat.switch.port.node.0.ingress_episode.avg_src_distinct = 1
stat.switch.port.node.0.ingress_episode.max_src_distinct = 1
stat.switch.port.node.0.ingress_episode.avg_dst_distinct = 1
stat.switch.port.node.0.ingress_episode.max_dst_distinct = 1
stat.switch.port.node.0.ingress_episode.avg_arrival_pkts.demand_req = 15.7806
stat.switch.port.node.0.ingress_episode.max_arrival_pkts.demand_req = 134
stat.switch.port.node.0.ingress_episode.avg_release_pkts.demand_req = 15.7806
stat.switch.port.node.0.ingress_episode.max_release_pkts.demand_req = 134
stat.switch.port.node.0.ingress_pre_occ_bucket.demand_req.0 = 914
stat.switch.port.node.0.ingress_queue_wait_bucket.demand_req.0 = 19646
stat.switch.port.node.0.ingress_pre_occ_bucket.demand_req.1_64 = 5402
stat.switch.port.node.0.ingress_queue_wait_bucket.demand_req.1_63 = 10274
stat.switch.port.node.0.ingress_pre_occ_bucket.demand_req.65_256 = 22163
stat.switch.port.node.0.ingress_queue_wait_bucket.demand_req.64_255 = 0
stat.switch.port.node.0.ingress_pre_occ_bucket.demand_req.257_1024 = 1441
stat.switch.port.node.0.ingress_queue_wait_bucket.demand_req.256_1023 = 0
stat.switch.port.node.0.ingress_pre_occ_bucket.demand_req.1025_4096 = 0
stat.switch.port.node.0.ingress_queue_wait_bucket.demand_req.1024_4095 = 0
stat.switch.port.node.0.ingress_pre_occ_bucket.demand_req.4097_plus = 0
stat.switch.port.node.0.ingress_queue_wait_bucket.demand_req.4096_plus = 0
stat.switch.port.node.0.ingress_episode.avg_arrival_pkts.write_req = 5.73523
stat.switch.port.node.0.ingress_episode.max_arrival_pkts.write_req = 50
stat.switch.port.node.0.ingress_episode.avg_release_pkts.write_req = 5.73523
stat.switch.port.node.0.ingress_episode.max_release_pkts.write_req = 50
stat.switch.port.node.0.ingress_pre_occ_bucket.write_req.0 = 980
stat.switch.port.node.0.ingress_queue_wait_bucket.write_req.0 = 8960
stat.switch.port.node.0.ingress_pre_occ_bucket.write_req.1_64 = 2741
stat.switch.port.node.0.ingress_queue_wait_bucket.write_req.1_63 = 1914
stat.switch.port.node.0.ingress_pre_occ_bucket.write_req.65_256 = 6917
stat.switch.port.node.0.ingress_queue_wait_bucket.write_req.64_255 = 0
stat.switch.port.node.0.ingress_pre_occ_bucket.write_req.257_1024 = 237
stat.switch.port.node.0.ingress_queue_wait_bucket.write_req.256_1023 = 0
stat.switch.port.node.0.ingress_pre_occ_bucket.write_req.1025_4096 = 0
stat.switch.port.node.0.ingress_queue_wait_bucket.write_req.1024_4095 = 0
stat.switch.port.node.0.ingress_pre_occ_bucket.write_req.4097_plus = 0
stat.switch.port.node.0.ingress_queue_wait_bucket.write_req.4096_plus = 0
stat.switch.port.node.0.ingress_episode.avg_arrival_pkts.response = 0
stat.switch.port.node.0.ingress_episode.max_arrival_pkts.response = 0
stat.switch.port.node.0.ingress_episode.avg_release_pkts.response = 0
stat.switch.port.node.0.ingress_episode.max_release_pkts.response = 0
stat.switch.port.node.0.ingress_pre_occ_bucket.response.0 = 0
stat.switch.port.node.0.ingress_queue_wait_bucket.response.0 = 0
stat.switch.port.node.0.ingress_pre_occ_bucket.response.1_64 = 0
stat.switch.port.node.0.ingress_queue_wait_bucket.response.1_63 = 0
stat.switch.port.node.0.ingress_pre_occ_bucket.response.65_256 = 0
stat.switch.port.node.0.ingress_queue_wait_bucket.response.64_255 = 0
stat.switch.port.node.0.ingress_pre_occ_bucket.response.257_1024 = 0
stat.switch.port.node.0.ingress_queue_wait_bucket.response.256_1023 = 0
stat.switch.port.node.0.ingress_pre_occ_bucket.response.1025_4096 = 0
stat.switch.port.node.0.ingress_queue_wait_bucket.response.1024_4095 = 0
stat.switch.port.node.0.ingress_pre_occ_bucket.response.4097_plus = 0
stat.switch.port.node.0.ingress_queue_wait_bucket.response.4096_plus = 0
stat.switch.port.node.0.ingress_episode.avg_arrival_pkts.other_req = 0.028481
stat.switch.port.node.0.ingress_episode.max_arrival_pkts.other_req = 2
stat.switch.port.node.0.ingress_episode.avg_release_pkts.other_req = 0.028481
stat.switch.port.node.0.ingress_episode.max_release_pkts.other_req = 2
stat.switch.port.node.0.ingress_pre_occ_bucket.other_req.0 = 3
stat.switch.port.node.0.ingress_queue_wait_bucket.other_req.0 = 36
stat.switch.port.node.0.ingress_pre_occ_bucket.other_req.1_64 = 4
stat.switch.port.node.0.ingress_queue_wait_bucket.other_req.1_63 = 18
stat.switch.port.node.0.ingress_pre_occ_bucket.other_req.65_256 = 44
stat.switch.port.node.0.ingress_queue_wait_bucket.other_req.64_255 = 0
stat.switch.port.node.0.ingress_pre_occ_bucket.other_req.257_1024 = 3
stat.switch.port.node.0.ingress_queue_wait_bucket.other_req.256_1023 = 0
stat.switch.port.node.0.ingress_pre_occ_bucket.other_req.1025_4096 = 0
stat.switch.port.node.0.ingress_queue_wait_bucket.other_req.1024_4095 = 0
stat.switch.port.node.0.ingress_pre_occ_bucket.other_req.4097_plus = 0
stat.switch.port.node.0.ingress_queue_wait_bucket.other_req.4096_plus = 0
stat.switch.port.node.0.peer_src.0.rx_bytes.demand_req = 239360
stat.switch.port.node.0.peer_src.0.rx_pkts.demand_req = 29920
stat.switch.port.node.0.peer_src.0.tx_bytes.demand_req = 0
stat.switch.port.node.0.peer_src.0.tx_pkts.demand_req = 0
stat.switch.port.node.0.peer_src.0.ingress_arrivals.demand_req = 29920
stat.switch.port.node.0.peer_src.0.ingress_arrival_nonempty_packet_frac.demand_req = 0.969452
stat.switch.port.node.0.peer_src.0.ingress_nonempty_arrival_pre_occ_avg_bytes.demand_req = 126.917
stat.switch.port.node.0.peer_src.0.ingress_nonempty_arrival_pre_occ_max_bytes.demand_req = 432
stat.switch.port.node.0.peer_src.0.ingress_wait_avg_cycles.demand_req = 128.704
stat.switch.port.node.0.peer_src.0.ingress_queue_wait_avg_cycles.demand_req = 4.70364
stat.switch.port.node.0.peer_src.0.ingress_queue_wait_after_nonempty_arrival_avg_cycles.demand_req = 4.85186
stat.switch.port.node.0.peer_src.0.ingress_pre_occ_bucket.demand_req.0 = 914
stat.switch.port.node.0.peer_src.0.ingress_queue_wait_bucket.demand_req.0 = 19646
stat.switch.port.node.0.peer_src.0.ingress_pre_occ_bucket.demand_req.1_64 = 5402
stat.switch.port.node.0.peer_src.0.ingress_queue_wait_bucket.demand_req.1_63 = 10274
stat.switch.port.node.0.peer_src.0.ingress_pre_occ_bucket.demand_req.65_256 = 22163
stat.switch.port.node.0.peer_src.0.ingress_queue_wait_bucket.demand_req.64_255 = 0
stat.switch.port.node.0.peer_src.0.ingress_pre_occ_bucket.demand_req.257_1024 = 1441
stat.switch.port.node.0.peer_src.0.ingress_queue_wait_bucket.demand_req.256_1023 = 0
stat.switch.port.node.0.peer_src.0.ingress_pre_occ_bucket.demand_req.1025_4096 = 0
stat.switch.port.node.0.peer_src.0.ingress_queue_wait_bucket.demand_req.1024_4095 = 0
stat.switch.port.node.0.peer_src.0.ingress_pre_occ_bucket.demand_req.4097_plus = 0
stat.switch.port.node.0.peer_src.0.ingress_queue_wait_bucket.demand_req.4096_plus = 0
stat.switch.port.node.0.peer_src.0.rx_bytes.write_req = 696000
stat.switch.port.node.0.peer_src.0.rx_pkts.write_req = 10875
stat.switch.port.node.0.peer_src.0.tx_bytes.write_req = 0
stat.switch.port.node.0.peer_src.0.tx_pkts.write_req = 0
stat.switch.port.node.0.peer_src.0.ingress_arrivals.write_req = 10875
stat.switch.port.node.0.peer_src.0.ingress_arrival_nonempty_packet_frac.write_req = 0.909885
stat.switch.port.node.0.peer_src.0.ingress_nonempty_arrival_pre_occ_avg_bytes.write_req = 106.753
stat.switch.port.node.0.peer_src.0.ingress_nonempty_arrival_pre_occ_max_bytes.write_req = 368
stat.switch.port.node.0.peer_src.0.ingress_wait_avg_cycles.write_req = 145.928
stat.switch.port.node.0.peer_src.0.ingress_queue_wait_avg_cycles.write_req = 0.927901
stat.switch.port.node.0.peer_src.0.ingress_queue_wait_after_nonempty_arrival_avg_cycles.write_req = 1.01971
stat.switch.port.node.0.peer_src.0.ingress_pre_occ_bucket.write_req.0 = 980
stat.switch.port.node.0.peer_src.0.ingress_queue_wait_bucket.write_req.0 = 8960
stat.switch.port.node.0.peer_src.0.ingress_pre_occ_bucket.write_req.1_64 = 2741
stat.switch.port.node.0.peer_src.0.ingress_queue_wait_bucket.write_req.1_63 = 1914
stat.switch.port.node.0.peer_src.0.ingress_pre_occ_bucket.write_req.65_256 = 6917
stat.switch.port.node.0.peer_src.0.ingress_queue_wait_bucket.write_req.64_255 = 0
stat.switch.port.node.0.peer_src.0.ingress_pre_occ_bucket.write_req.257_1024 = 237
stat.switch.port.node.0.peer_src.0.ingress_queue_wait_bucket.write_req.256_1023 = 0
stat.switch.port.node.0.peer_src.0.ingress_pre_occ_bucket.write_req.1025_4096 = 0
stat.switch.port.node.0.peer_src.0.ingress_queue_wait_bucket.write_req.1024_4095 = 0
stat.switch.port.node.0.peer_src.0.ingress_pre_occ_bucket.write_req.4097_plus = 0
stat.switch.port.node.0.peer_src.0.ingress_queue_wait_bucket.write_req.4096_plus = 0
stat.switch.port.node.0.peer_src.0.rx_bytes.other_req = 432
stat.switch.port.node.0.peer_src.0.rx_pkts.other_req = 54
stat.switch.port.node.0.peer_src.0.tx_bytes.other_req = 0
stat.switch.port.node.0.peer_src.0.tx_pkts.other_req = 0
stat.switch.port.node.0.peer_src.0.ingress_arrivals.other_req = 54
stat.switch.port.node.0.peer_src.0.ingress_arrival_nonempty_packet_frac.other_req = 0.944444
stat.switch.port.node.0.peer_src.0.ingress_nonempty_arrival_pre_occ_avg_bytes.other_req = 127.373
stat.switch.port.node.0.peer_src.0.ingress_nonempty_arrival_pre_occ_max_bytes.other_req = 352
stat.switch.port.node.0.peer_src.0.ingress_wait_avg_cycles.other_req = 130.241
stat.switch.port.node.0.peer_src.0.ingress_queue_wait_avg_cycles.other_req = 6.24074
stat.switch.port.node.0.peer_src.0.ingress_queue_wait_after_nonempty_arrival_avg_cycles.other_req = 6.60784
stat.switch.port.node.0.peer_src.0.ingress_pre_occ_bucket.other_req.0 = 3
stat.switch.port.node.0.peer_src.0.ingress_queue_wait_bucket.other_req.0 = 36
stat.switch.port.node.0.peer_src.0.ingress_pre_occ_bucket.other_req.1_64 = 4
stat.switch.port.node.0.peer_src.0.ingress_queue_wait_bucket.other_req.1_63 = 18
stat.switch.port.node.0.peer_src.0.ingress_pre_occ_bucket.other_req.65_256 = 44
stat.switch.port.node.0.peer_src.0.ingress_queue_wait_bucket.other_req.64_255 = 0
stat.switch.port.node.0.peer_src.0.ingress_pre_occ_bucket.other_req.257_1024 = 3
stat.switch.port.node.0.peer_src.0.ingress_queue_wait_bucket.other_req.256_1023 = 0
stat.switch.port.node.0.peer_src.0.ingress_pre_occ_bucket.other_req.1025_4096 = 0
stat.switch.port.node.0.peer_src.0.ingress_queue_wait_bucket.other_req.1024_4095 = 0
stat.switch.port.node.0.peer_src.0.ingress_pre_occ_bucket.other_req.4097_plus = 0
stat.switch.port.node.0.peer_src.0.ingress_queue_wait_bucket.other_req.4096_plus = 0
stat.switch.port.node.0.peer_dst.100.rx_bytes.demand_req = 239360
stat.switch.port.node.0.peer_dst.100.rx_pkts.demand_req = 29920
stat.switch.port.node.0.peer_dst.100.tx_bytes.demand_req = 0
stat.switch.port.node.0.peer_dst.100.tx_pkts.demand_req = 0
stat.switch.port.node.0.peer_dst.100.ingress_arrivals.demand_req = 29920
stat.switch.port.node.0.peer_dst.100.ingress_arrival_nonempty_packet_frac.demand_req = 0.969452
stat.switch.port.node.0.peer_dst.100.ingress_nonempty_arrival_pre_occ_avg_bytes.demand_req = 126.917
stat.switch.port.node.0.peer_dst.100.ingress_nonempty_arrival_pre_occ_max_bytes.demand_req = 432
stat.switch.port.node.0.peer_dst.100.ingress_wait_avg_cycles.demand_req = 128.704
stat.switch.port.node.0.peer_dst.100.ingress_queue_wait_avg_cycles.demand_req = 4.70364
stat.switch.port.node.0.peer_dst.100.ingress_queue_wait_after_nonempty_arrival_avg_cycles.demand_req = 4.85186
stat.switch.port.node.0.peer_dst.100.ingress_pre_occ_bucket.demand_req.0 = 914
stat.switch.port.node.0.peer_dst.100.ingress_queue_wait_bucket.demand_req.0 = 19646
stat.switch.port.node.0.peer_dst.100.ingress_pre_occ_bucket.demand_req.1_64 = 5402
stat.switch.port.node.0.peer_dst.100.ingress_queue_wait_bucket.demand_req.1_63 = 10274
stat.switch.port.node.0.peer_dst.100.ingress_pre_occ_bucket.demand_req.65_256 = 22163
stat.switch.port.node.0.peer_dst.100.ingress_queue_wait_bucket.demand_req.64_255 = 0
stat.switch.port.node.0.peer_dst.100.ingress_pre_occ_bucket.demand_req.257_1024 = 1441
stat.switch.port.node.0.peer_dst.100.ingress_queue_wait_bucket.demand_req.256_1023 = 0
stat.switch.port.node.0.peer_dst.100.ingress_pre_occ_bucket.demand_req.1025_4096 = 0
stat.switch.port.node.0.peer_dst.100.ingress_queue_wait_bucket.demand_req.1024_4095 = 0
stat.switch.port.node.0.peer_dst.100.ingress_pre_occ_bucket.demand_req.4097_plus = 0
stat.switch.port.node.0.peer_dst.100.ingress_queue_wait_bucket.demand_req.4096_plus = 0
stat.switch.port.node.0.peer_dst.100.rx_bytes.write_req = 696000
stat.switch.port.node.0.peer_dst.100.rx_pkts.write_req = 10875
stat.switch.port.node.0.peer_dst.100.tx_bytes.write_req = 0
stat.switch.port.node.0.peer_dst.100.tx_pkts.write_req = 0
stat.switch.port.node.0.peer_dst.100.ingress_arrivals.write_req = 10875
stat.switch.port.node.0.peer_dst.100.ingress_arrival_nonempty_packet_frac.write_req = 0.909885
stat.switch.port.node.0.peer_dst.100.ingress_nonempty_arrival_pre_occ_avg_bytes.write_req = 106.753
stat.switch.port.node.0.peer_dst.100.ingress_nonempty_arrival_pre_occ_max_bytes.write_req = 368
stat.switch.port.node.0.peer_dst.100.ingress_wait_avg_cycles.write_req = 145.928
stat.switch.port.node.0.peer_dst.100.ingress_queue_wait_avg_cycles.write_req = 0.927901
stat.switch.port.node.0.peer_dst.100.ingress_queue_wait_after_nonempty_arrival_avg_cycles.write_req = 1.01971
stat.switch.port.node.0.peer_dst.100.ingress_pre_occ_bucket.write_req.0 = 980
stat.switch.port.node.0.peer_dst.100.ingress_queue_wait_bucket.write_req.0 = 8960
stat.switch.port.node.0.peer_dst.100.ingress_pre_occ_bucket.write_req.1_64 = 2741
stat.switch.port.node.0.peer_dst.100.ingress_queue_wait_bucket.write_req.1_63 = 1914
stat.switch.port.node.0.peer_dst.100.ingress_pre_occ_bucket.write_req.65_256 = 6917
stat.switch.port.node.0.peer_dst.100.ingress_queue_wait_bucket.write_req.64_255 = 0
stat.switch.port.node.0.peer_dst.100.ingress_pre_occ_bucket.write_req.257_1024 = 237
stat.switch.port.node.0.peer_dst.100.ingress_queue_wait_bucket.write_req.256_1023 = 0
stat.switch.port.node.0.peer_dst.100.ingress_pre_occ_bucket.write_req.1025_4096 = 0
stat.switch.port.node.0.peer_dst.100.ingress_queue_wait_bucket.write_req.1024_4095 = 0
stat.switch.port.node.0.peer_dst.100.ingress_pre_occ_bucket.write_req.4097_plus = 0
stat.switch.port.node.0.peer_dst.100.ingress_queue_wait_bucket.write_req.4096_plus = 0
stat.switch.port.node.0.peer_dst.100.rx_bytes.other_req = 432
stat.switch.port.node.0.peer_dst.100.rx_pkts.other_req = 54
stat.switch.port.node.0.peer_dst.100.tx_bytes.other_req = 0
stat.switch.port.node.0.peer_dst.100.tx_pkts.other_req = 0
stat.switch.port.node.0.peer_dst.100.ingress_arrivals.other_req = 54
stat.switch.port.node.0.peer_dst.100.ingress_arrival_nonempty_packet_frac.other_req = 0.944444
stat.switch.port.node.0.peer_dst.100.ingress_nonempty_arrival_pre_occ_avg_bytes.other_req = 127.373
stat.switch.port.node.0.peer_dst.100.ingress_nonempty_arrival_pre_occ_max_bytes.other_req = 352
stat.switch.port.node.0.peer_dst.100.ingress_wait_avg_cycles.other_req = 130.241
stat.switch.port.node.0.peer_dst.100.ingress_queue_wait_avg_cycles.other_req = 6.24074
stat.switch.port.node.0.peer_dst.100.ingress_queue_wait_after_nonempty_arrival_avg_cycles.other_req = 6.60784
stat.switch.port.node.0.peer_dst.100.ingress_pre_occ_bucket.other_req.0 = 3
stat.switch.port.node.0.peer_dst.100.ingress_queue_wait_bucket.other_req.0 = 36
stat.switch.port.node.0.peer_dst.100.ingress_pre_occ_bucket.other_req.1_64 = 4
stat.switch.port.node.0.peer_dst.100.ingress_queue_wait_bucket.other_req.1_63 = 18
stat.switch.port.node.0.peer_dst.100.ingress_pre_occ_bucket.other_req.65_256 = 44
stat.switch.port.node.0.peer_dst.100.ingress_queue_wait_bucket.other_req.64_255 = 0
stat.switch.port.node.0.peer_dst.100.ingress_pre_occ_bucket.other_req.257_1024 = 3
stat.switch.port.node.0.peer_dst.100.ingress_queue_wait_bucket.other_req.256_1023 = 0
stat.switch.port.node.0.peer_dst.100.ingress_pre_occ_bucket.other_req.1025_4096 = 0
stat.switch.port.node.0.peer_dst.100.ingress_queue_wait_bucket.other_req.1024_4095 = 0
stat.switch.port.node.0.peer_dst.100.ingress_pre_occ_bucket.other_req.4097_plus = 0
stat.switch.port.node.0.peer_dst.100.ingress_queue_wait_bucket.other_req.4096_plus = 0
stat.switch.port.node.0.tx_src.100.rx_bytes.response = 0
stat.switch.port.node.0.tx_src.100.rx_pkts.response = 0
stat.switch.port.node.0.tx_src.100.tx_bytes.response = 958848
stat.switch.port.node.0.tx_src.100.tx_pkts.response = 14982
stat.switch.port.node.0.tx_src.100.ingress_arrivals.response = 0
stat.switch.port.node.0.tx_src.100.ingress_arrival_nonempty_packet_frac.response = 0
stat.switch.port.node.0.tx_src.100.ingress_nonempty_arrival_pre_occ_avg_bytes.response = 0
stat.switch.port.node.0.tx_src.100.ingress_nonempty_arrival_pre_occ_max_bytes.response = 0
stat.switch.port.node.0.tx_src.100.ingress_wait_avg_cycles.response = 0
stat.switch.port.node.0.tx_src.100.ingress_queue_wait_avg_cycles.response = 0
stat.switch.port.node.0.tx_src.100.ingress_queue_wait_after_nonempty_arrival_avg_cycles.response = 0
stat.switch.port.node.0.tx_src.100.ingress_pre_occ_bucket.response.0 = 0
stat.switch.port.node.0.tx_src.100.ingress_queue_wait_bucket.response.0 = 0
stat.switch.port.node.0.tx_src.100.ingress_pre_occ_bucket.response.1_64 = 0
stat.switch.port.node.0.tx_src.100.ingress_queue_wait_bucket.response.1_63 = 0
stat.switch.port.node.0.tx_src.100.ingress_pre_occ_bucket.response.65_256 = 0
stat.switch.port.node.0.tx_src.100.ingress_queue_wait_bucket.response.64_255 = 0
stat.switch.port.node.0.tx_src.100.ingress_pre_occ_bucket.response.257_1024 = 0
stat.switch.port.node.0.tx_src.100.ingress_queue_wait_bucket.response.256_1023 = 0
stat.switch.port.node.0.tx_src.100.ingress_pre_occ_bucket.response.1025_4096 = 0
stat.switch.port.node.0.tx_src.100.ingress_queue_wait_bucket.response.1024_4095 = 0
stat.switch.port.node.0.tx_src.100.ingress_pre_occ_bucket.response.4097_plus = 0
stat.switch.port.node.0.tx_src.100.ingress_queue_wait_bucket.response.4096_plus = 0
stat.switch.port.node.0.tx_src.101.rx_bytes.response = 0
stat.switch.port.node.0.tx_src.101.rx_pkts.response = 0
stat.switch.port.node.0.tx_src.101.tx_bytes.response = 958784
stat.switch.port.node.0.tx_src.101.tx_pkts.response = 14981
stat.switch.port.node.0.tx_src.101.ingress_arrivals.response = 0
stat.switch.port.node.0.tx_src.101.ingress_arrival_nonempty_packet_frac.response = 0
stat.switch.port.node.0.tx_src.101.ingress_nonempty_arrival_pre_occ_avg_bytes.response = 0
stat.switch.port.node.0.tx_src.101.ingress_nonempty_arrival_pre_occ_max_bytes.response = 0
stat.switch.port.node.0.tx_src.101.ingress_wait_avg_cycles.response = 0
stat.switch.port.node.0.tx_src.101.ingress_queue_wait_avg_cycles.response = 0
stat.switch.port.node.0.tx_src.101.ingress_queue_wait_after_nonempty_arrival_avg_cycles.response = 0
stat.switch.port.node.0.tx_src.101.ingress_pre_occ_bucket.response.0 = 0
stat.switch.port.node.0.tx_src.101.ingress_queue_wait_bucket.response.0 = 0
stat.switch.port.node.0.tx_src.101.ingress_pre_occ_bucket.response.1_64 = 0
stat.switch.port.node.0.tx_src.101.ingress_queue_wait_bucket.response.1_63 = 0
stat.switch.port.node.0.tx_src.101.ingress_pre_occ_bucket.response.65_256 = 0
stat.switch.port.node.0.tx_src.101.ingress_queue_wait_bucket.response.64_255 = 0
stat.switch.port.node.0.tx_src.101.ingress_pre_occ_bucket.response.257_1024 = 0
stat.switch.port.node.0.tx_src.101.ingress_queue_wait_bucket.response.256_1023 = 0
stat.switch.port.node.0.tx_src.101.ingress_pre_occ_bucket.response.1025_4096 = 0
stat.switch.port.node.0.tx_src.101.ingress_queue_wait_bucket.response.1024_4095 = 0
stat.switch.port.node.0.tx_src.101.ingress_pre_occ_bucket.response.4097_plus = 0
stat.switch.port.node.0.tx_src.101.ingress_queue_wait_bucket.response.4096_plus = 0
stat.switch.port.node.0.tx_dst.0.rx_bytes.response = 0
stat.switch.port.node.0.tx_dst.0.rx_pkts.response = 0
stat.switch.port.node.0.tx_dst.0.tx_bytes.response = 1917632
stat.switch.port.node.0.tx_dst.0.tx_pkts.response = 29963
stat.switch.port.node.0.tx_dst.0.ingress_arrivals.response = 0
stat.switch.port.node.0.tx_dst.0.ingress_arrival_nonempty_packet_frac.response = 0
stat.switch.port.node.0.tx_dst.0.ingress_nonempty_arrival_pre_occ_avg_bytes.response = 0
stat.switch.port.node.0.tx_dst.0.ingress_nonempty_arrival_pre_occ_max_bytes.response = 0
stat.switch.port.node.0.tx_dst.0.ingress_wait_avg_cycles.response = 0
stat.switch.port.node.0.tx_dst.0.ingress_queue_wait_avg_cycles.response = 0
stat.switch.port.node.0.tx_dst.0.ingress_queue_wait_after_nonempty_arrival_avg_cycles.response = 0
stat.switch.port.node.0.tx_dst.0.ingress_pre_occ_bucket.response.0 = 0
stat.switch.port.node.0.tx_dst.0.ingress_queue_wait_bucket.response.0 = 0
stat.switch.port.node.0.tx_dst.0.ingress_pre_occ_bucket.response.1_64 = 0
stat.switch.port.node.0.tx_dst.0.ingress_queue_wait_bucket.response.1_63 = 0
stat.switch.port.node.0.tx_dst.0.ingress_pre_occ_bucket.response.65_256 = 0
stat.switch.port.node.0.tx_dst.0.ingress_queue_wait_bucket.response.64_255 = 0
stat.switch.port.node.0.tx_dst.0.ingress_pre_occ_bucket.response.257_1024 = 0
stat.switch.port.node.0.tx_dst.0.ingress_queue_wait_bucket.response.256_1023 = 0
stat.switch.port.node.0.tx_dst.0.ingress_pre_occ_bucket.response.1025_4096 = 0
stat.switch.port.node.0.tx_dst.0.ingress_queue_wait_bucket.response.1024_4095 = 0
stat.switch.port.node.0.tx_dst.0.ingress_pre_occ_bucket.response.4097_plus = 0
stat.switch.port.node.0.tx_dst.0.ingress_queue_wait_bucket.response.4096_plus = 0
stat.switch.port.pool.0.ingress_wait_avg_cycles = 150.29
stat.switch.port.pool.0.ingress_wait_max_cycles = 292
stat.switch.port.pool.0.egress_wait_avg_cycles = 1
stat.switch.port.pool.0.egress_wait_max_cycles = 1
stat.switch.port.pool.0.ingress_queue_wait_avg_cycles = 5.29008
stat.switch.port.pool.0.ingress_queue_wait_max_cycles = 147
stat.switch.port.pool.0.egress_occ_avg_bytes = 0
stat.switch.port.pool.0.egress_occ_stddev_bytes = 0
stat.switch.port.pool.0.egress_occ_max_bytes = 0
stat.switch.port.pool.0.egress_occ_nonempty_frac = 0
stat.switch.port.pool.0.egress_blocked_cycles = 0
stat.switch.port.pool.0.egress_blocked_nonempty_frac = 0
stat.switch.port.pool.0.egress_blocked_avg_occ_bytes = 0
stat.switch.port.pool.0.egress_blocked_max_occ_bytes = 0
stat.switch.port.pool.0.egress_send_burst_max_pkts = 1
stat.switch.port.pool.0.egress_send_burst_max_bytes = 64
stat.switch.port.pool.0.egress_send_burst_avg_pkts = 1
stat.switch.port.pool.0.egress_send_burst_avg_bytes = 31.5468
stat.switch.port.pool.0.egress_send_burst_stddev_pkts = 0
stat.switch.port.pool.0.egress_send_burst_stddev_bytes = 27.6436
stat.switch.port.pool.0.egress_send_nonempty_frac = 0.0136323
stat.switch.port.pool.0.ingress_arrival_burst_avg_bytes = 64
stat.switch.port.pool.0.ingress_arrival_nonempty_frac = 0.0078986
stat.switch.port.pool.0.ingress_arrival_run_max_cycles = 1
stat.switch.port.pool.0.ingress_arrival_run_avg_cycles = 1
stat.switch.port.pool.0.ingress_arrival_gap_max_cycles = 941
stat.switch.port.pool.0.ingress_arrival_gap_avg_cycles = 91.4884
stat.switch.port.pool.0.ingress_release_burst_avg_bytes = 64
stat.switch.port.pool.0.ingress_release_nonempty_frac = 0.00789755
stat.switch.port.pool.0.ingress_release_run_max_cycles = 1
stat.switch.port.pool.0.ingress_release_run_avg_cycles = 1
stat.switch.port.pool.0.ingress_release_gap_max_cycles = 941
stat.switch.port.pool.0.ingress_release_gap_avg_cycles = 91.4901
stat.switch.port.pool.0.ingress_occ_avg_bytes = 75.4632
stat.switch.port.pool.0.ingress_occ_stddev_bytes = 80.9403
stat.switch.port.pool.0.ingress_occ_max_bytes = 512
stat.switch.port.pool.0.ingress_occ_nonempty_frac = 0.583569
stat.switch.port.pool.0.ingress_occ_run_max_cycles = 2514
stat.switch.port.pool.0.ingress_occ_run_avg_cycles = 399.083
stat.switch.port.pool.0.ingress_occ_gap_max_cycles = 798
stat.switch.port.pool.0.ingress_occ_gap_avg_cycles = 100.532
stat.switch.port.pool.0.ingress_wait_avg_cycles.demand_req = 0
stat.switch.port.pool.0.ingress_wait_max_cycles.demand_req = 0
stat.switch.port.pool.0.ingress_queue_wait_avg_cycles.demand_req = 0
stat.switch.port.pool.0.ingress_queue_wait_max_cycles.demand_req = 0
stat.switch.port.pool.0.egress_wait_avg_cycles.demand_req = 1
stat.switch.port.pool.0.egress_wait_max_cycles.demand_req = 1
stat.switch.port.pool.0.egress_occ_avg_bytes.demand_req = 0
stat.switch.port.pool.0.egress_occ_max_bytes.demand_req = 0
stat.switch.port.pool.0.egress_blocked_cycles.demand_req = 0
stat.switch.port.pool.0.ingress_arrival_empty_packets.demand_req = 0
stat.switch.port.pool.0.ingress_arrival_nonempty_packets.demand_req = 0
stat.switch.port.pool.0.ingress_arrival_nonempty_packet_frac.demand_req = 0
stat.switch.port.pool.0.ingress_nonempty_arrival_pre_occ_avg_bytes.demand_req = 0
stat.switch.port.pool.0.ingress_nonempty_arrival_pre_occ_max_bytes.demand_req = 0
stat.switch.port.pool.0.ingress_release_after_empty_arrival_packets.demand_req = 0
stat.switch.port.pool.0.ingress_release_after_nonempty_arrival_packets.demand_req = 0
stat.switch.port.pool.0.ingress_wait_after_empty_arrival_avg_cycles.demand_req = 0
stat.switch.port.pool.0.ingress_wait_after_nonempty_arrival_avg_cycles.demand_req = 0
stat.switch.port.pool.0.ingress_queue_wait_after_empty_arrival_avg_cycles.demand_req = 0
stat.switch.port.pool.0.ingress_queue_wait_after_nonempty_arrival_avg_cycles.demand_req = 0
stat.switch.port.pool.0.ingress_queue_wait_after_empty_arrival_max_cycles.demand_req = 0
stat.switch.port.pool.0.ingress_queue_wait_after_nonempty_arrival_max_cycles.demand_req = 0
stat.switch.port.pool.0.rx_bytes.demand_req = 0
stat.switch.port.pool.0.tx_bytes.demand_req = 119712
stat.switch.port.pool.0.rx_pkts.demand_req = 0
stat.switch.port.pool.0.tx_pkts.demand_req = 14964
stat.switch.port.pool.0.ingress_wait_avg_cycles.write_req = 0
stat.switch.port.pool.0.ingress_wait_max_cycles.write_req = 0
stat.switch.port.pool.0.ingress_queue_wait_avg_cycles.write_req = 0
stat.switch.port.pool.0.ingress_queue_wait_max_cycles.write_req = 0
stat.switch.port.pool.0.egress_wait_avg_cycles.write_req = 1
stat.switch.port.pool.0.egress_wait_max_cycles.write_req = 1
stat.switch.port.pool.0.egress_occ_avg_bytes.write_req = 0
stat.switch.port.pool.0.egress_occ_max_bytes.write_req = 0
stat.switch.port.pool.0.egress_blocked_cycles.write_req = 0
stat.switch.port.pool.0.ingress_arrival_empty_packets.write_req = 0
stat.switch.port.pool.0.ingress_arrival_nonempty_packets.write_req = 0
stat.switch.port.pool.0.ingress_arrival_nonempty_packet_frac.write_req = 0
stat.switch.port.pool.0.ingress_nonempty_arrival_pre_occ_avg_bytes.write_req = 0
stat.switch.port.pool.0.ingress_nonempty_arrival_pre_occ_max_bytes.write_req = 0
stat.switch.port.pool.0.ingress_release_after_empty_arrival_packets.write_req = 0
stat.switch.port.pool.0.ingress_release_after_nonempty_arrival_packets.write_req = 0
stat.switch.port.pool.0.ingress_wait_after_empty_arrival_avg_cycles.write_req = 0
stat.switch.port.pool.0.ingress_wait_after_nonempty_arrival_avg_cycles.write_req = 0
stat.switch.port.pool.0.ingress_queue_wait_after_empty_arrival_avg_cycles.write_req = 0
stat.switch.port.pool.0.ingress_queue_wait_after_nonempty_arrival_avg_cycles.write_req = 0
stat.switch.port.pool.0.ingress_queue_wait_after_empty_arrival_max_cycles.write_req = 0
stat.switch.port.pool.0.ingress_queue_wait_after_nonempty_arrival_max_cycles.write_req = 0
stat.switch.port.pool.0.rx_bytes.write_req = 0
stat.switch.port.pool.0.tx_bytes.write_req = 695936
stat.switch.port.pool.0.rx_pkts.write_req = 0
stat.switch.port.pool.0.tx_pkts.write_req = 10874
stat.switch.port.pool.0.ingress_wait_avg_cycles.response = 150.29
stat.switch.port.pool.0.ingress_wait_max_cycles.response = 292
stat.switch.port.pool.0.ingress_queue_wait_avg_cycles.response = 5.29008
stat.switch.port.pool.0.ingress_queue_wait_max_cycles.response = 147
stat.switch.port.pool.0.egress_wait_avg_cycles.response = 0
stat.switch.port.pool.0.egress_wait_max_cycles.response = 0
stat.switch.port.pool.0.egress_occ_avg_bytes.response = 0
stat.switch.port.pool.0.egress_occ_max_bytes.response = 0
stat.switch.port.pool.0.egress_blocked_cycles.response = 0
stat.switch.port.pool.0.ingress_arrival_empty_packets.response = 2774
stat.switch.port.pool.0.ingress_arrival_nonempty_packets.response = 12210
stat.switch.port.pool.0.ingress_arrival_nonempty_packet_frac.response = 0.814869
stat.switch.port.pool.0.ingress_nonempty_arrival_pre_occ_avg_bytes.response = 119.026
stat.switch.port.pool.0.ingress_nonempty_arrival_pre_occ_max_bytes.response = 448
stat.switch.port.pool.0.ingress_release_after_empty_arrival_packets.response = 2774
stat.switch.port.pool.0.ingress_release_after_nonempty_arrival_packets.response = 12208
stat.switch.port.pool.0.ingress_wait_after_empty_arrival_avg_cycles.response = 145
stat.switch.port.pool.0.ingress_wait_after_nonempty_arrival_avg_cycles.response = 151.492
stat.switch.port.pool.0.ingress_queue_wait_after_empty_arrival_avg_cycles.response = 0
stat.switch.port.pool.0.ingress_queue_wait_after_nonempty_arrival_avg_cycles.response = 6.49214
stat.switch.port.pool.0.ingress_queue_wait_after_empty_arrival_max_cycles.response = 0
stat.switch.port.pool.0.ingress_queue_wait_after_nonempty_arrival_max_cycles.response = 147
stat.switch.port.pool.0.rx_bytes.response = 958976
stat.switch.port.pool.0.tx_bytes.response = 0
stat.switch.port.pool.0.rx_pkts.response = 14984
stat.switch.port.pool.0.tx_pkts.response = 0
stat.switch.port.pool.0.ingress_wait_avg_cycles.other_req = 0
stat.switch.port.pool.0.ingress_wait_max_cycles.other_req = 0
stat.switch.port.pool.0.ingress_queue_wait_avg_cycles.other_req = 0
stat.switch.port.pool.0.ingress_queue_wait_max_cycles.other_req = 0
stat.switch.port.pool.0.egress_wait_avg_cycles.other_req = 1
stat.switch.port.pool.0.egress_wait_max_cycles.other_req = 1
stat.switch.port.pool.0.egress_occ_avg_bytes.other_req = 0
stat.switch.port.pool.0.egress_occ_max_bytes.other_req = 0
stat.switch.port.pool.0.egress_blocked_cycles.other_req = 0
stat.switch.port.pool.0.ingress_arrival_empty_packets.other_req = 0
stat.switch.port.pool.0.ingress_arrival_nonempty_packets.other_req = 0
stat.switch.port.pool.0.ingress_arrival_nonempty_packet_frac.other_req = 0
stat.switch.port.pool.0.ingress_nonempty_arrival_pre_occ_avg_bytes.other_req = 0
stat.switch.port.pool.0.ingress_nonempty_arrival_pre_occ_max_bytes.other_req = 0
stat.switch.port.pool.0.ingress_release_after_empty_arrival_packets.other_req = 0
stat.switch.port.pool.0.ingress_release_after_nonempty_arrival_packets.other_req = 0
stat.switch.port.pool.0.ingress_wait_after_empty_arrival_avg_cycles.other_req = 0
stat.switch.port.pool.0.ingress_wait_after_nonempty_arrival_avg_cycles.other_req = 0
stat.switch.port.pool.0.ingress_queue_wait_after_empty_arrival_avg_cycles.other_req = 0
stat.switch.port.pool.0.ingress_queue_wait_after_nonempty_arrival_avg_cycles.other_req = 0
stat.switch.port.pool.0.ingress_queue_wait_after_empty_arrival_max_cycles.other_req = 0
stat.switch.port.pool.0.ingress_queue_wait_after_nonempty_arrival_max_cycles.other_req = 0
stat.switch.port.pool.0.rx_bytes.other_req = 0
stat.switch.port.pool.0.tx_bytes.other_req = 184
stat.switch.port.pool.0.rx_pkts.other_req = 0
stat.switch.port.pool.0.tx_pkts.other_req = 23
stat.switch.port.pool.0.ingress_occ_bucket_bytes.0 = 789988
stat.switch.port.pool.0.ready_occ_bucket_bytes.0 = 1882062
stat.switch.port.pool.0.ingress_occ_bucket_bytes.1_64 = 396942
stat.switch.port.pool.0.ready_occ_bucket_bytes.1_64 = 14982
stat.switch.port.pool.0.ingress_occ_bucket_bytes.65_256 = 688038
stat.switch.port.pool.0.ready_occ_bucket_bytes.65_256 = 0
stat.switch.port.pool.0.ingress_occ_bucket_bytes.257_1024 = 22076
stat.switch.port.pool.0.ready_occ_bucket_bytes.257_1024 = 0
stat.switch.port.pool.0.ingress_occ_bucket_bytes.1025_4096 = 0
stat.switch.port.pool.0.ready_occ_bucket_bytes.1025_4096 = 0
stat.switch.port.pool.0.ingress_occ_bucket_bytes.4097_plus = 0
stat.switch.port.pool.0.ready_occ_bucket_bytes.4097_plus = 0
stat.switch.port.pool.0.ingress_episode.count = 2773
stat.switch.port.pool.0.ingress_episode.avg_cycles = 399.11
stat.switch.port.pool.0.ingress_episode.max_cycles = 2514
stat.switch.port.pool.0.ingress_episode.avg_peak_occ_bytes = 208.456
stat.switch.port.pool.0.ingress_episode.max_peak_occ_bytes = 512
stat.switch.port.pool.0.ingress_episode.avg_arrival_pkts = 5.40173
stat.switch.port.pool.0.ingress_episode.max_arrival_pkts = 29
stat.switch.port.pool.0.ingress_episode.avg_arrival_bytes = 345.711
stat.switch.port.pool.0.ingress_episode.max_arrival_bytes = 1856
stat.switch.port.pool.0.ingress_episode.avg_release_pkts = 5.40173
stat.switch.port.pool.0.ingress_episode.max_release_pkts = 29
stat.switch.port.pool.0.ingress_episode.avg_release_bytes = 345.711
stat.switch.port.pool.0.ingress_episode.max_release_bytes = 1856
stat.switch.port.pool.0.ingress_episode.avg_wait_cycles = 811.832
stat.switch.port.pool.0.ingress_episode.max_wait_cycles = 292
stat.switch.port.pool.0.ingress_episode.avg_queue_wait_cycles = 28.5806
stat.switch.port.pool.0.ingress_episode.max_queue_wait_cycles = 147
stat.switch.port.pool.0.ingress_episode.avg_src_distinct = 1
stat.switch.port.pool.0.ingress_episode.max_src_distinct = 1
stat.switch.port.pool.0.ingress_episode.avg_dst_distinct = 1
stat.switch.port.pool.0.ingress_episode.max_dst_distinct = 1
stat.switch.port.pool.0.ingress_episode.avg_arrival_pkts.demand_req = 0
stat.switch.port.pool.0.ingress_episode.max_arrival_pkts.demand_req = 0
stat.switch.port.pool.0.ingress_episode.avg_release_pkts.demand_req = 0
stat.switch.port.pool.0.ingress_episode.max_release_pkts.demand_req = 0
stat.switch.port.pool.0.ingress_pre_occ_bucket.demand_req.0 = 0
stat.switch.port.pool.0.ingress_queue_wait_bucket.demand_req.0 = 0
stat.switch.port.pool.0.ingress_pre_occ_bucket.demand_req.1_64 = 0
stat.switch.port.pool.0.ingress_queue_wait_bucket.demand_req.1_63 = 0
stat.switch.port.pool.0.ingress_pre_occ_bucket.demand_req.65_256 = 0
stat.switch.port.pool.0.ingress_queue_wait_bucket.demand_req.64_255 = 0
stat.switch.port.pool.0.ingress_pre_occ_bucket.demand_req.257_1024 = 0
stat.switch.port.pool.0.ingress_queue_wait_bucket.demand_req.256_1023 = 0
stat.switch.port.pool.0.ingress_pre_occ_bucket.demand_req.1025_4096 = 0
stat.switch.port.pool.0.ingress_queue_wait_bucket.demand_req.1024_4095 = 0
stat.switch.port.pool.0.ingress_pre_occ_bucket.demand_req.4097_plus = 0
stat.switch.port.pool.0.ingress_queue_wait_bucket.demand_req.4096_plus = 0
stat.switch.port.pool.0.ingress_episode.avg_arrival_pkts.write_req = 0
stat.switch.port.pool.0.ingress_episode.max_arrival_pkts.write_req = 0
stat.switch.port.pool.0.ingress_episode.avg_release_pkts.write_req = 0
stat.switch.port.pool.0.ingress_episode.max_release_pkts.write_req = 0
stat.switch.port.pool.0.ingress_pre_occ_bucket.write_req.0 = 0
stat.switch.port.pool.0.ingress_queue_wait_bucket.write_req.0 = 0
stat.switch.port.pool.0.ingress_pre_occ_bucket.write_req.1_64 = 0
stat.switch.port.pool.0.ingress_queue_wait_bucket.write_req.1_63 = 0
stat.switch.port.pool.0.ingress_pre_occ_bucket.write_req.65_256 = 0
stat.switch.port.pool.0.ingress_queue_wait_bucket.write_req.64_255 = 0
stat.switch.port.pool.0.ingress_pre_occ_bucket.write_req.257_1024 = 0
stat.switch.port.pool.0.ingress_queue_wait_bucket.write_req.256_1023 = 0
stat.switch.port.pool.0.ingress_pre_occ_bucket.write_req.1025_4096 = 0
stat.switch.port.pool.0.ingress_queue_wait_bucket.write_req.1024_4095 = 0
stat.switch.port.pool.0.ingress_pre_occ_bucket.write_req.4097_plus = 0
stat.switch.port.pool.0.ingress_queue_wait_bucket.write_req.4096_plus = 0
stat.switch.port.pool.0.ingress_episode.avg_arrival_pkts.response = 5.40173
stat.switch.port.pool.0.ingress_episode.max_arrival_pkts.response = 29
stat.switch.port.pool.0.ingress_episode.avg_release_pkts.response = 5.40173
stat.switch.port.pool.0.ingress_episode.max_release_pkts.response = 29
stat.switch.port.pool.0.ingress_pre_occ_bucket.response.0 = 2774
stat.switch.port.pool.0.ingress_queue_wait_bucket.response.0 = 11480
stat.switch.port.pool.0.ingress_pre_occ_bucket.response.1_64 = 4991
stat.switch.port.pool.0.ingress_queue_wait_bucket.response.1_63 = 3389
stat.switch.port.pool.0.ingress_pre_occ_bucket.response.65_256 = 7018
stat.switch.port.pool.0.ingress_queue_wait_bucket.response.64_255 = 113
stat.switch.port.pool.0.ingress_pre_occ_bucket.response.257_1024 = 201
stat.switch.port.pool.0.ingress_queue_wait_bucket.response.256_1023 = 0
stat.switch.port.pool.0.ingress_pre_occ_bucket.response.1025_4096 = 0
stat.switch.port.pool.0.ingress_queue_wait_bucket.response.1024_4095 = 0
stat.switch.port.pool.0.ingress_pre_occ_bucket.response.4097_plus = 0
stat.switch.port.pool.0.ingress_queue_wait_bucket.response.4096_plus = 0
stat.switch.port.pool.0.ingress_episode.avg_arrival_pkts.other_req = 0
stat.switch.port.pool.0.ingress_episode.max_arrival_pkts.other_req = 0
stat.switch.port.pool.0.ingress_episode.avg_release_pkts.other_req = 0
stat.switch.port.pool.0.ingress_episode.max_release_pkts.other_req = 0
stat.switch.port.pool.0.ingress_pre_occ_bucket.other_req.0 = 0
stat.switch.port.pool.0.ingress_queue_wait_bucket.other_req.0 = 0
stat.switch.port.pool.0.ingress_pre_occ_bucket.other_req.1_64 = 0
stat.switch.port.pool.0.ingress_queue_wait_bucket.other_req.1_63 = 0
stat.switch.port.pool.0.ingress_pre_occ_bucket.other_req.65_256 = 0
stat.switch.port.pool.0.ingress_queue_wait_bucket.other_req.64_255 = 0
stat.switch.port.pool.0.ingress_pre_occ_bucket.other_req.257_1024 = 0
stat.switch.port.pool.0.ingress_queue_wait_bucket.other_req.256_1023 = 0
stat.switch.port.pool.0.ingress_pre_occ_bucket.other_req.1025_4096 = 0
stat.switch.port.pool.0.ingress_queue_wait_bucket.other_req.1024_4095 = 0
stat.switch.port.pool.0.ingress_pre_occ_bucket.other_req.4097_plus = 0
stat.switch.port.pool.0.ingress_queue_wait_bucket.other_req.4096_plus = 0
stat.switch.port.pool.0.peer_src.100.rx_bytes.response = 958976
stat.switch.port.pool.0.peer_src.100.rx_pkts.response = 14984
stat.switch.port.pool.0.peer_src.100.tx_bytes.response = 0
stat.switch.port.pool.0.peer_src.100.tx_pkts.response = 0
stat.switch.port.pool.0.peer_src.100.ingress_arrivals.response = 14984
stat.switch.port.pool.0.peer_src.100.ingress_arrival_nonempty_packet_frac.response = 0.814869
stat.switch.port.pool.0.peer_src.100.ingress_nonempty_arrival_pre_occ_avg_bytes.response = 119.026
stat.switch.port.pool.0.peer_src.100.ingress_nonempty_arrival_pre_occ_max_bytes.response = 448
stat.switch.port.pool.0.peer_src.100.ingress_wait_avg_cycles.response = 150.29
stat.switch.port.pool.0.peer_src.100.ingress_queue_wait_avg_cycles.response = 5.29008
stat.switch.port.pool.0.peer_src.100.ingress_queue_wait_after_nonempty_arrival_avg_cycles.response = 6.49214
stat.switch.port.pool.0.peer_src.100.ingress_pre_occ_bucket.response.0 = 2774
stat.switch.port.pool.0.peer_src.100.ingress_queue_wait_bucket.response.0 = 11480
stat.switch.port.pool.0.peer_src.100.ingress_pre_occ_bucket.response.1_64 = 4991
stat.switch.port.pool.0.peer_src.100.ingress_queue_wait_bucket.response.1_63 = 3389
stat.switch.port.pool.0.peer_src.100.ingress_pre_occ_bucket.response.65_256 = 7018
stat.switch.port.pool.0.peer_src.100.ingress_queue_wait_bucket.response.64_255 = 113
stat.switch.port.pool.0.peer_src.100.ingress_pre_occ_bucket.response.257_1024 = 201
stat.switch.port.pool.0.peer_src.100.ingress_queue_wait_bucket.response.256_1023 = 0
stat.switch.port.pool.0.peer_src.100.ingress_pre_occ_bucket.response.1025_4096 = 0
stat.switch.port.pool.0.peer_src.100.ingress_queue_wait_bucket.response.1024_4095 = 0
stat.switch.port.pool.0.peer_src.100.ingress_pre_occ_bucket.response.4097_plus = 0
stat.switch.port.pool.0.peer_src.100.ingress_queue_wait_bucket.response.4096_plus = 0
stat.switch.port.pool.0.peer_dst.0.rx_bytes.response = 958976
stat.switch.port.pool.0.peer_dst.0.rx_pkts.response = 14984
stat.switch.port.pool.0.peer_dst.0.tx_bytes.response = 0
stat.switch.port.pool.0.peer_dst.0.tx_pkts.response = 0
stat.switch.port.pool.0.peer_dst.0.ingress_arrivals.response = 14984
stat.switch.port.pool.0.peer_dst.0.ingress_arrival_nonempty_packet_frac.response = 0.814869
stat.switch.port.pool.0.peer_dst.0.ingress_nonempty_arrival_pre_occ_avg_bytes.response = 119.026
stat.switch.port.pool.0.peer_dst.0.ingress_nonempty_arrival_pre_occ_max_bytes.response = 448
stat.switch.port.pool.0.peer_dst.0.ingress_wait_avg_cycles.response = 150.29
stat.switch.port.pool.0.peer_dst.0.ingress_queue_wait_avg_cycles.response = 5.29008
stat.switch.port.pool.0.peer_dst.0.ingress_queue_wait_after_nonempty_arrival_avg_cycles.response = 6.49214
stat.switch.port.pool.0.peer_dst.0.ingress_pre_occ_bucket.response.0 = 2774
stat.switch.port.pool.0.peer_dst.0.ingress_queue_wait_bucket.response.0 = 11480
stat.switch.port.pool.0.peer_dst.0.ingress_pre_occ_bucket.response.1_64 = 4991
stat.switch.port.pool.0.peer_dst.0.ingress_queue_wait_bucket.response.1_63 = 3389
stat.switch.port.pool.0.peer_dst.0.ingress_pre_occ_bucket.response.65_256 = 7018
stat.switch.port.pool.0.peer_dst.0.ingress_queue_wait_bucket.response.64_255 = 113
stat.switch.port.pool.0.peer_dst.0.ingress_pre_occ_bucket.response.257_1024 = 201
stat.switch.port.pool.0.peer_dst.0.ingress_queue_wait_bucket.response.256_1023 = 0
stat.switch.port.pool.0.peer_dst.0.ingress_pre_occ_bucket.response.1025_4096 = 0
stat.switch.port.pool.0.peer_dst.0.ingress_queue_wait_bucket.response.1024_4095 = 0
stat.switch.port.pool.0.peer_dst.0.ingress_pre_occ_bucket.response.4097_plus = 0
stat.switch.port.pool.0.peer_dst.0.ingress_queue_wait_bucket.response.4096_plus = 0
stat.switch.port.pool.0.tx_src.0.rx_bytes.demand_req = 0
stat.switch.port.pool.0.tx_src.0.rx_pkts.demand_req = 0
stat.switch.port.pool.0.tx_src.0.tx_bytes.demand_req = 119712
stat.switch.port.pool.0.tx_src.0.tx_pkts.demand_req = 14964
stat.switch.port.pool.0.tx_src.0.ingress_arrivals.demand_req = 0
stat.switch.port.pool.0.tx_src.0.ingress_arrival_nonempty_packet_frac.demand_req = 0
stat.switch.port.pool.0.tx_src.0.ingress_nonempty_arrival_pre_occ_avg_bytes.demand_req = 0
stat.switch.port.pool.0.tx_src.0.ingress_nonempty_arrival_pre_occ_max_bytes.demand_req = 0
stat.switch.port.pool.0.tx_src.0.ingress_wait_avg_cycles.demand_req = 0
stat.switch.port.pool.0.tx_src.0.ingress_queue_wait_avg_cycles.demand_req = 0
stat.switch.port.pool.0.tx_src.0.ingress_queue_wait_after_nonempty_arrival_avg_cycles.demand_req = 0
stat.switch.port.pool.0.tx_src.0.ingress_pre_occ_bucket.demand_req.0 = 0
stat.switch.port.pool.0.tx_src.0.ingress_queue_wait_bucket.demand_req.0 = 0
stat.switch.port.pool.0.tx_src.0.ingress_pre_occ_bucket.demand_req.1_64 = 0
stat.switch.port.pool.0.tx_src.0.ingress_queue_wait_bucket.demand_req.1_63 = 0
stat.switch.port.pool.0.tx_src.0.ingress_pre_occ_bucket.demand_req.65_256 = 0
stat.switch.port.pool.0.tx_src.0.ingress_queue_wait_bucket.demand_req.64_255 = 0
stat.switch.port.pool.0.tx_src.0.ingress_pre_occ_bucket.demand_req.257_1024 = 0
stat.switch.port.pool.0.tx_src.0.ingress_queue_wait_bucket.demand_req.256_1023 = 0
stat.switch.port.pool.0.tx_src.0.ingress_pre_occ_bucket.demand_req.1025_4096 = 0
stat.switch.port.pool.0.tx_src.0.ingress_queue_wait_bucket.demand_req.1024_4095 = 0
stat.switch.port.pool.0.tx_src.0.ingress_pre_occ_bucket.demand_req.4097_plus = 0
stat.switch.port.pool.0.tx_src.0.ingress_queue_wait_bucket.demand_req.4096_plus = 0
stat.switch.port.pool.0.tx_src.0.rx_bytes.write_req = 0
stat.switch.port.pool.0.tx_src.0.rx_pkts.write_req = 0
stat.switch.port.pool.0.tx_src.0.tx_bytes.write_req = 695936
stat.switch.port.pool.0.tx_src.0.tx_pkts.write_req = 10874
stat.switch.port.pool.0.tx_src.0.ingress_arrivals.write_req = 0
stat.switch.port.pool.0.tx_src.0.ingress_arrival_nonempty_packet_frac.write_req = 0
stat.switch.port.pool.0.tx_src.0.ingress_nonempty_arrival_pre_occ_avg_bytes.write_req = 0
stat.switch.port.pool.0.tx_src.0.ingress_nonempty_arrival_pre_occ_max_bytes.write_req = 0
stat.switch.port.pool.0.tx_src.0.ingress_wait_avg_cycles.write_req = 0
stat.switch.port.pool.0.tx_src.0.ingress_queue_wait_avg_cycles.write_req = 0
stat.switch.port.pool.0.tx_src.0.ingress_queue_wait_after_nonempty_arrival_avg_cycles.write_req = 0
stat.switch.port.pool.0.tx_src.0.ingress_pre_occ_bucket.write_req.0 = 0
stat.switch.port.pool.0.tx_src.0.ingress_queue_wait_bucket.write_req.0 = 0
stat.switch.port.pool.0.tx_src.0.ingress_pre_occ_bucket.write_req.1_64 = 0
stat.switch.port.pool.0.tx_src.0.ingress_queue_wait_bucket.write_req.1_63 = 0
stat.switch.port.pool.0.tx_src.0.ingress_pre_occ_bucket.write_req.65_256 = 0
stat.switch.port.pool.0.tx_src.0.ingress_queue_wait_bucket.write_req.64_255 = 0
stat.switch.port.pool.0.tx_src.0.ingress_pre_occ_bucket.write_req.257_1024 = 0
stat.switch.port.pool.0.tx_src.0.ingress_queue_wait_bucket.write_req.256_1023 = 0
stat.switch.port.pool.0.tx_src.0.ingress_pre_occ_bucket.write_req.1025_4096 = 0
stat.switch.port.pool.0.tx_src.0.ingress_queue_wait_bucket.write_req.1024_4095 = 0
stat.switch.port.pool.0.tx_src.0.ingress_pre_occ_bucket.write_req.4097_plus = 0
stat.switch.port.pool.0.tx_src.0.ingress_queue_wait_bucket.write_req.4096_plus = 0
stat.switch.port.pool.0.tx_src.0.rx_bytes.other_req = 0
stat.switch.port.pool.0.tx_src.0.rx_pkts.other_req = 0
stat.switch.port.pool.0.tx_src.0.tx_bytes.other_req = 184
stat.switch.port.pool.0.tx_src.0.tx_pkts.other_req = 23
stat.switch.port.pool.0.tx_src.0.ingress_arrivals.other_req = 0
stat.switch.port.pool.0.tx_src.0.ingress_arrival_nonempty_packet_frac.other_req = 0
stat.switch.port.pool.0.tx_src.0.ingress_nonempty_arrival_pre_occ_avg_bytes.other_req = 0
stat.switch.port.pool.0.tx_src.0.ingress_nonempty_arrival_pre_occ_max_bytes.other_req = 0
stat.switch.port.pool.0.tx_src.0.ingress_wait_avg_cycles.other_req = 0
stat.switch.port.pool.0.tx_src.0.ingress_queue_wait_avg_cycles.other_req = 0
stat.switch.port.pool.0.tx_src.0.ingress_queue_wait_after_nonempty_arrival_avg_cycles.other_req = 0
stat.switch.port.pool.0.tx_src.0.ingress_pre_occ_bucket.other_req.0 = 0
stat.switch.port.pool.0.tx_src.0.ingress_queue_wait_bucket.other_req.0 = 0
stat.switch.port.pool.0.tx_src.0.ingress_pre_occ_bucket.other_req.1_64 = 0
stat.switch.port.pool.0.tx_src.0.ingress_queue_wait_bucket.other_req.1_63 = 0
stat.switch.port.pool.0.tx_src.0.ingress_pre_occ_bucket.other_req.65_256 = 0
stat.switch.port.pool.0.tx_src.0.ingress_queue_wait_bucket.other_req.64_255 = 0
stat.switch.port.pool.0.tx_src.0.ingress_pre_occ_bucket.other_req.257_1024 = 0
stat.switch.port.pool.0.tx_src.0.ingress_queue_wait_bucket.other_req.256_1023 = 0
stat.switch.port.pool.0.tx_src.0.ingress_pre_occ_bucket.other_req.1025_4096 = 0
stat.switch.port.pool.0.tx_src.0.ingress_queue_wait_bucket.other_req.1024_4095 = 0
stat.switch.port.pool.0.tx_src.0.ingress_pre_occ_bucket.other_req.4097_plus = 0
stat.switch.port.pool.0.tx_src.0.ingress_queue_wait_bucket.other_req.4096_plus = 0
stat.switch.port.pool.0.tx_dst.100.rx_bytes.demand_req = 0
stat.switch.port.pool.0.tx_dst.100.rx_pkts.demand_req = 0
stat.switch.port.pool.0.tx_dst.100.tx_bytes.demand_req = 119712
stat.switch.port.pool.0.tx_dst.100.tx_pkts.demand_req = 14964
stat.switch.port.pool.0.tx_dst.100.ingress_arrivals.demand_req = 0
stat.switch.port.pool.0.tx_dst.100.ingress_arrival_nonempty_packet_frac.demand_req = 0
stat.switch.port.pool.0.tx_dst.100.ingress_nonempty_arrival_pre_occ_avg_bytes.demand_req = 0
stat.switch.port.pool.0.tx_dst.100.ingress_nonempty_arrival_pre_occ_max_bytes.demand_req = 0
stat.switch.port.pool.0.tx_dst.100.ingress_wait_avg_cycles.demand_req = 0
stat.switch.port.pool.0.tx_dst.100.ingress_queue_wait_avg_cycles.demand_req = 0
stat.switch.port.pool.0.tx_dst.100.ingress_queue_wait_after_nonempty_arrival_avg_cycles.demand_req = 0
stat.switch.port.pool.0.tx_dst.100.ingress_pre_occ_bucket.demand_req.0 = 0
stat.switch.port.pool.0.tx_dst.100.ingress_queue_wait_bucket.demand_req.0 = 0
stat.switch.port.pool.0.tx_dst.100.ingress_pre_occ_bucket.demand_req.1_64 = 0
stat.switch.port.pool.0.tx_dst.100.ingress_queue_wait_bucket.demand_req.1_63 = 0
stat.switch.port.pool.0.tx_dst.100.ingress_pre_occ_bucket.demand_req.65_256 = 0
stat.switch.port.pool.0.tx_dst.100.ingress_queue_wait_bucket.demand_req.64_255 = 0
stat.switch.port.pool.0.tx_dst.100.ingress_pre_occ_bucket.demand_req.257_1024 = 0
stat.switch.port.pool.0.tx_dst.100.ingress_queue_wait_bucket.demand_req.256_1023 = 0
stat.switch.port.pool.0.tx_dst.100.ingress_pre_occ_bucket.demand_req.1025_4096 = 0
stat.switch.port.pool.0.tx_dst.100.ingress_queue_wait_bucket.demand_req.1024_4095 = 0
stat.switch.port.pool.0.tx_dst.100.ingress_pre_occ_bucket.demand_req.4097_plus = 0
stat.switch.port.pool.0.tx_dst.100.ingress_queue_wait_bucket.demand_req.4096_plus = 0
stat.switch.port.pool.0.tx_dst.100.rx_bytes.write_req = 0
stat.switch.port.pool.0.tx_dst.100.rx_pkts.write_req = 0
stat.switch.port.pool.0.tx_dst.100.tx_bytes.write_req = 695936
stat.switch.port.pool.0.tx_dst.100.tx_pkts.write_req = 10874
stat.switch.port.pool.0.tx_dst.100.ingress_arrivals.write_req = 0
stat.switch.port.pool.0.tx_dst.100.ingress_arrival_nonempty_packet_frac.write_req = 0
stat.switch.port.pool.0.tx_dst.100.ingress_nonempty_arrival_pre_occ_avg_bytes.write_req = 0
stat.switch.port.pool.0.tx_dst.100.ingress_nonempty_arrival_pre_occ_max_bytes.write_req = 0
stat.switch.port.pool.0.tx_dst.100.ingress_wait_avg_cycles.write_req = 0
stat.switch.port.pool.0.tx_dst.100.ingress_queue_wait_avg_cycles.write_req = 0
stat.switch.port.pool.0.tx_dst.100.ingress_queue_wait_after_nonempty_arrival_avg_cycles.write_req = 0
stat.switch.port.pool.0.tx_dst.100.ingress_pre_occ_bucket.write_req.0 = 0
stat.switch.port.pool.0.tx_dst.100.ingress_queue_wait_bucket.write_req.0 = 0
stat.switch.port.pool.0.tx_dst.100.ingress_pre_occ_bucket.write_req.1_64 = 0
stat.switch.port.pool.0.tx_dst.100.ingress_queue_wait_bucket.write_req.1_63 = 0
stat.switch.port.pool.0.tx_dst.100.ingress_pre_occ_bucket.write_req.65_256 = 0
stat.switch.port.pool.0.tx_dst.100.ingress_queue_wait_bucket.write_req.64_255 = 0
stat.switch.port.pool.0.tx_dst.100.ingress_pre_occ_bucket.write_req.257_1024 = 0
stat.switch.port.pool.0.tx_dst.100.ingress_queue_wait_bucket.write_req.256_1023 = 0
stat.switch.port.pool.0.tx_dst.100.ingress_pre_occ_bucket.write_req.1025_4096 = 0
stat.switch.port.pool.0.tx_dst.100.ingress_queue_wait_bucket.write_req.1024_4095 = 0
stat.switch.port.pool.0.tx_dst.100.ingress_pre_occ_bucket.write_req.4097_plus = 0
stat.switch.port.pool.0.tx_dst.100.ingress_queue_wait_bucket.write_req.4096_plus = 0
stat.switch.port.pool.0.tx_dst.100.rx_bytes.other_req = 0
stat.switch.port.pool.0.tx_dst.100.rx_pkts.other_req = 0
stat.switch.port.pool.0.tx_dst.100.tx_bytes.other_req = 184
stat.switch.port.pool.0.tx_dst.100.tx_pkts.other_req = 23
stat.switch.port.pool.0.tx_dst.100.ingress_arrivals.other_req = 0
stat.switch.port.pool.0.tx_dst.100.ingress_arrival_nonempty_packet_frac.other_req = 0
stat.switch.port.pool.0.tx_dst.100.ingress_nonempty_arrival_pre_occ_avg_bytes.other_req = 0
stat.switch.port.pool.0.tx_dst.100.ingress_nonempty_arrival_pre_occ_max_bytes.other_req = 0
stat.switch.port.pool.0.tx_dst.100.ingress_wait_avg_cycles.other_req = 0
stat.switch.port.pool.0.tx_dst.100.ingress_queue_wait_avg_cycles.other_req = 0
stat.switch.port.pool.0.tx_dst.100.ingress_queue_wait_after_nonempty_arrival_avg_cycles.other_req = 0
stat.switch.port.pool.0.tx_dst.100.ingress_pre_occ_bucket.other_req.0 = 0
stat.switch.port.pool.0.tx_dst.100.ingress_queue_wait_bucket.other_req.0 = 0
stat.switch.port.pool.0.tx_dst.100.ingress_pre_occ_bucket.other_req.1_64 = 0
stat.switch.port.pool.0.tx_dst.100.ingress_queue_wait_bucket.other_req.1_63 = 0
stat.switch.port.pool.0.tx_dst.100.ingress_pre_occ_bucket.other_req.65_256 = 0
stat.switch.port.pool.0.tx_dst.100.ingress_queue_wait_bucket.other_req.64_255 = 0
stat.switch.port.pool.0.tx_dst.100.ingress_pre_occ_bucket.other_req.257_1024 = 0
stat.switch.port.pool.0.tx_dst.100.ingress_queue_wait_bucket.other_req.256_1023 = 0
stat.switch.port.pool.0.tx_dst.100.ingress_pre_occ_bucket.other_req.1025_4096 = 0
stat.switch.port.pool.0.tx_dst.100.ingress_queue_wait_bucket.other_req.1024_4095 = 0
stat.switch.port.pool.0.tx_dst.100.ingress_pre_occ_bucket.other_req.4097_plus = 0
stat.switch.port.pool.0.tx_dst.100.ingress_queue_wait_bucket.other_req.4096_plus = 0
stat.switch.port.pool.1.ingress_wait_avg_cycles = 150.251
stat.switch.port.pool.1.ingress_wait_max_cycles = 292
stat.switch.port.pool.1.egress_wait_avg_cycles = 1
stat.switch.port.pool.1.egress_wait_max_cycles = 1
stat.switch.port.pool.1.ingress_queue_wait_avg_cycles = 5.25139
stat.switch.port.pool.1.ingress_queue_wait_max_cycles = 147
stat.switch.port.pool.1.egress_occ_avg_bytes = 0
stat.switch.port.pool.1.egress_occ_stddev_bytes = 0
stat.switch.port.pool.1.egress_occ_max_bytes = 0
stat.switch.port.pool.1.egress_occ_nonempty_frac = 0
stat.switch.port.pool.1.egress_blocked_cycles = 0
stat.switch.port.pool.1.egress_blocked_nonempty_frac = 0
stat.switch.port.pool.1.egress_blocked_avg_occ_bytes = 0
stat.switch.port.pool.1.egress_blocked_max_occ_bytes = 0
stat.switch.port.pool.1.egress_send_burst_max_pkts = 1
stat.switch.port.pool.1.egress_send_burst_max_bytes = 64
stat.switch.port.pool.1.egress_send_burst_avg_pkts = 1
stat.switch.port.pool.1.egress_send_burst_avg_bytes = 31.5468
stat.switch.port.pool.1.egress_send_burst_stddev_pkts = 0
stat.switch.port.pool.1.egress_send_burst_stddev_bytes = 27.6436
stat.switch.port.pool.1.egress_send_nonempty_frac = 0.0136323
stat.switch.port.pool.1.ingress_arrival_burst_avg_bytes = 64
stat.switch.port.pool.1.ingress_arrival_nonempty_frac = 0.0078986
stat.switch.port.pool.1.ingress_arrival_run_max_cycles = 1
stat.switch.port.pool.1.ingress_arrival_run_avg_cycles = 1
stat.switch.port.pool.1.ingress_arrival_gap_max_cycles = 879
stat.switch.port.pool.1.ingress_arrival_gap_avg_cycles = 91.4898
stat.switch.port.pool.1.ingress_release_burst_avg_bytes = 64
stat.switch.port.pool.1.ingress_release_nonempty_frac = 0.00789702
stat.switch.port.pool.1.ingress_release_run_max_cycles = 1
stat.switch.port.pool.1.ingress_release_run_avg_cycles = 1
stat.switch.port.pool.1.ingress_release_gap_max_cycles = 795
stat.switch.port.pool.1.ingress_release_gap_avg_cycles = 91.496
stat.switch.port.pool.1.ingress_occ_avg_bytes = 75.4406
stat.switch.port.pool.1.ingress_occ_stddev_bytes = 80.7714
stat.switch.port.pool.1.ingress_occ_max_bytes = 512
stat.switch.port.pool.1.ingress_occ_nonempty_frac = 0.583059
stat.switch.port.pool.1.ingress_occ_run_max_cycles = 3536
stat.switch.port.pool.1.ingress_occ_run_avg_cycles = 403.093
stat.switch.port.pool.1.ingress_occ_gap_max_cycles = 652
stat.switch.port.pool.1.ingress_occ_gap_avg_cycles = 101.983
stat.switch.port.pool.1.ingress_wait_avg_cycles.demand_req = 0
stat.switch.port.pool.1.ingress_wait_max_cycles.demand_req = 0
stat.switch.port.pool.1.ingress_queue_wait_avg_cycles.demand_req = 0
stat.switch.port.pool.1.ingress_queue_wait_max_cycles.demand_req = 0
stat.switch.port.pool.1.egress_wait_avg_cycles.demand_req = 1
stat.switch.port.pool.1.egress_wait_max_cycles.demand_req = 1
stat.switch.port.pool.1.egress_occ_avg_bytes.demand_req = 0
stat.switch.port.pool.1.egress_occ_max_bytes.demand_req = 0
stat.switch.port.pool.1.egress_blocked_cycles.demand_req = 0
stat.switch.port.pool.1.ingress_arrival_empty_packets.demand_req = 0
stat.switch.port.pool.1.ingress_arrival_nonempty_packets.demand_req = 0
stat.switch.port.pool.1.ingress_arrival_nonempty_packet_frac.demand_req = 0
stat.switch.port.pool.1.ingress_nonempty_arrival_pre_occ_avg_bytes.demand_req = 0
stat.switch.port.pool.1.ingress_nonempty_arrival_pre_occ_max_bytes.demand_req = 0
stat.switch.port.pool.1.ingress_release_after_empty_arrival_packets.demand_req = 0
stat.switch.port.pool.1.ingress_release_after_nonempty_arrival_packets.demand_req = 0
stat.switch.port.pool.1.ingress_wait_after_empty_arrival_avg_cycles.demand_req = 0
stat.switch.port.pool.1.ingress_wait_after_nonempty_arrival_avg_cycles.demand_req = 0
stat.switch.port.pool.1.ingress_queue_wait_after_empty_arrival_avg_cycles.demand_req = 0
stat.switch.port.pool.1.ingress_queue_wait_after_nonempty_arrival_avg_cycles.demand_req = 0
stat.switch.port.pool.1.ingress_queue_wait_after_empty_arrival_max_cycles.demand_req = 0
stat.switch.port.pool.1.ingress_queue_wait_after_nonempty_arrival_max_cycles.demand_req = 0
stat.switch.port.pool.1.rx_bytes.demand_req = 0
stat.switch.port.pool.1.tx_bytes.demand_req = 119648
stat.switch.port.pool.1.rx_pkts.demand_req = 0
stat.switch.port.pool.1.tx_pkts.demand_req = 14956
stat.switch.port.pool.1.ingress_wait_avg_cycles.write_req = 0
stat.switch.port.pool.1.ingress_wait_max_cycles.write_req = 0
stat.switch.port.pool.1.ingress_queue_wait_avg_cycles.write_req = 0
stat.switch.port.pool.1.ingress_queue_wait_max_cycles.write_req = 0
stat.switch.port.pool.1.egress_wait_avg_cycles.write_req = 1
stat.switch.port.pool.1.egress_wait_max_cycles.write_req = 1
stat.switch.port.pool.1.egress_occ_avg_bytes.write_req = 0
stat.switch.port.pool.1.egress_occ_max_bytes.write_req = 0
stat.switch.port.pool.1.egress_blocked_cycles.write_req = 0
stat.switch.port.pool.1.ingress_arrival_empty_packets.write_req = 0
stat.switch.port.pool.1.ingress_arrival_nonempty_packets.write_req = 0
stat.switch.port.pool.1.ingress_arrival_nonempty_packet_frac.write_req = 0
stat.switch.port.pool.1.ingress_nonempty_arrival_pre_occ_avg_bytes.write_req = 0
stat.switch.port.pool.1.ingress_nonempty_arrival_pre_occ_max_bytes.write_req = 0
stat.switch.port.pool.1.ingress_release_after_empty_arrival_packets.write_req = 0
stat.switch.port.pool.1.ingress_release_after_nonempty_arrival_packets.write_req = 0
stat.switch.port.pool.1.ingress_wait_after_empty_arrival_avg_cycles.write_req = 0
stat.switch.port.pool.1.ingress_wait_after_nonempty_arrival_avg_cycles.write_req = 0
stat.switch.port.pool.1.ingress_queue_wait_after_empty_arrival_avg_cycles.write_req = 0
stat.switch.port.pool.1.ingress_queue_wait_after_nonempty_arrival_avg_cycles.write_req = 0
stat.switch.port.pool.1.ingress_queue_wait_after_empty_arrival_max_cycles.write_req = 0
stat.switch.port.pool.1.ingress_queue_wait_after_nonempty_arrival_max_cycles.write_req = 0
stat.switch.port.pool.1.rx_bytes.write_req = 0
stat.switch.port.pool.1.tx_bytes.write_req = 695936
stat.switch.port.pool.1.rx_pkts.write_req = 0
stat.switch.port.pool.1.tx_pkts.write_req = 10874
stat.switch.port.pool.1.ingress_wait_avg_cycles.response = 150.251
stat.switch.port.pool.1.ingress_wait_max_cycles.response = 292
stat.switch.port.pool.1.ingress_queue_wait_avg_cycles.response = 5.25139
stat.switch.port.pool.1.ingress_queue_wait_max_cycles.response = 147
stat.switch.port.pool.1.egress_wait_avg_cycles.response = 0
stat.switch.port.pool.1.egress_wait_max_cycles.response = 0
stat.switch.port.pool.1.egress_occ_avg_bytes.response = 0
stat.switch.port.pool.1.egress_occ_max_bytes.response = 0
stat.switch.port.pool.1.egress_blocked_cycles.response = 0
stat.switch.port.pool.1.ingress_arrival_empty_packets.response = 2744
stat.switch.port.pool.1.ingress_arrival_nonempty_packets.response = 12240
stat.switch.port.pool.1.ingress_arrival_nonempty_packet_frac.response = 0.816871
stat.switch.port.pool.1.ingress_nonempty_arrival_pre_occ_avg_bytes.response = 118.437
stat.switch.port.pool.1.ingress_nonempty_arrival_pre_occ_max_bytes.response = 448
stat.switch.port.pool.1.ingress_release_after_empty_arrival_packets.response = 2744
stat.switch.port.pool.1.ingress_release_after_nonempty_arrival_packets.response = 12237
stat.switch.port.pool.1.ingress_wait_after_empty_arrival_avg_cycles.response = 145
stat.switch.port.pool.1.ingress_wait_after_nonempty_arrival_avg_cycles.response = 151.429
stat.switch.port.pool.1.ingress_queue_wait_after_empty_arrival_avg_cycles.response = 0
stat.switch.port.pool.1.ingress_queue_wait_after_nonempty_arrival_avg_cycles.response = 6.42895
stat.switch.port.pool.1.ingress_queue_wait_after_empty_arrival_max_cycles.response = 0
stat.switch.port.pool.1.ingress_queue_wait_after_nonempty_arrival_max_cycles.response = 147
stat.switch.port.pool.1.rx_bytes.response = 958976
stat.switch.port.pool.1.tx_bytes.response = 0
stat.switch.port.pool.1.rx_pkts.response = 14984
stat.switch.port.pool.1.tx_pkts.response = 0
stat.switch.port.pool.1.ingress_wait_avg_cycles.other_req = 0
stat.switch.port.pool.1.ingress_wait_max_cycles.other_req = 0
stat.switch.port.pool.1.ingress_queue_wait_avg_cycles.other_req = 0
stat.switch.port.pool.1.ingress_queue_wait_max_cycles.other_req = 0
stat.switch.port.pool.1.egress_wait_avg_cycles.other_req = 1
stat.switch.port.pool.1.egress_wait_max_cycles.other_req = 1
stat.switch.port.pool.1.egress_occ_avg_bytes.other_req = 0
stat.switch.port.pool.1.egress_occ_max_bytes.other_req = 0
stat.switch.port.pool.1.egress_blocked_cycles.other_req = 0
stat.switch.port.pool.1.ingress_arrival_empty_packets.other_req = 0
stat.switch.port.pool.1.ingress_arrival_nonempty_packets.other_req = 0
stat.switch.port.pool.1.ingress_arrival_nonempty_packet_frac.other_req = 0
stat.switch.port.pool.1.ingress_nonempty_arrival_pre_occ_avg_bytes.other_req = 0
stat.switch.port.pool.1.ingress_nonempty_arrival_pre_occ_max_bytes.other_req = 0
stat.switch.port.pool.1.ingress_release_after_empty_arrival_packets.other_req = 0
stat.switch.port.pool.1.ingress_release_after_nonempty_arrival_packets.other_req = 0
stat.switch.port.pool.1.ingress_wait_after_empty_arrival_avg_cycles.other_req = 0
stat.switch.port.pool.1.ingress_wait_after_nonempty_arrival_avg_cycles.other_req = 0
stat.switch.port.pool.1.ingress_queue_wait_after_empty_arrival_avg_cycles.other_req = 0
stat.switch.port.pool.1.ingress_queue_wait_after_nonempty_arrival_avg_cycles.other_req = 0
stat.switch.port.pool.1.ingress_queue_wait_after_empty_arrival_max_cycles.other_req = 0
stat.switch.port.pool.1.ingress_queue_wait_after_nonempty_arrival_max_cycles.other_req = 0
stat.switch.port.pool.1.rx_bytes.other_req = 0
stat.switch.port.pool.1.tx_bytes.other_req = 248
stat.switch.port.pool.1.rx_pkts.other_req = 0
stat.switch.port.pool.1.tx_pkts.other_req = 31
stat.switch.port.pool.1.ingress_occ_bucket_bytes.0 = 790956
stat.switch.port.pool.1.ready_occ_bucket_bytes.0 = 1882063
stat.switch.port.pool.1.ingress_occ_bucket_bytes.1_64 = 389310
stat.switch.port.pool.1.ready_occ_bucket_bytes.1_64 = 14981
stat.switch.port.pool.1.ingress_occ_bucket_bytes.65_256 = 694760
stat.switch.port.pool.1.ready_occ_bucket_bytes.65_256 = 0
stat.switch.port.pool.1.ingress_occ_bucket_bytes.257_1024 = 22018
stat.switch.port.pool.1.ready_occ_bucket_bytes.257_1024 = 0
stat.switch.port.pool.1.ingress_occ_bucket_bytes.1025_4096 = 0
stat.switch.port.pool.1.ready_occ_bucket_bytes.1025_4096 = 0
stat.switch.port.pool.1.ingress_occ_bucket_bytes.4097_plus = 0
stat.switch.port.pool.1.ready_occ_bucket_bytes.4097_plus = 0
stat.switch.port.pool.1.ingress_episode.count = 2743
stat.switch.port.pool.1.ingress_episode.avg_cycles = 403.122
stat.switch.port.pool.1.ingress_episode.max_cycles = 3536
stat.switch.port.pool.1.ingress_episode.avg_peak_occ_bytes = 208.589
stat.switch.port.pool.1.ingress_episode.max_peak_occ_bytes = 512
stat.switch.port.pool.1.ingress_episode.avg_arrival_pkts = 5.46081
stat.switch.port.pool.1.ingress_episode.max_arrival_pkts = 42
stat.switch.port.pool.1.ingress_episode.avg_arrival_bytes = 349.492
stat.switch.port.pool.1.ingress_episode.max_arrival_bytes = 2688
stat.switch.port.pool.1.ingress_episode.avg_release_pkts = 5.46081
stat.switch.port.pool.1.ingress_episode.max_release_pkts = 42
stat.switch.port.pool.1.ingress_episode.avg_release_bytes = 349.492
stat.switch.port.pool.1.ingress_episode.max_release_bytes = 2688
stat.switch.port.pool.1.ingress_episode.avg_wait_cycles = 820.498
stat.switch.port.pool.1.ingress_episode.max_wait_cycles = 292
stat.switch.port.pool.1.ingress_episode.avg_queue_wait_cycles = 28.6806
stat.switch.port.pool.1.ingress_episode.max_queue_wait_cycles = 147
stat.switch.port.pool.1.ingress_episode.avg_src_distinct = 1
stat.switch.port.pool.1.ingress_episode.max_src_distinct = 1
stat.switch.port.pool.1.ingress_episode.avg_dst_distinct = 1
stat.switch.port.pool.1.ingress_episode.max_dst_distinct = 1
stat.switch.port.pool.1.ingress_episode.avg_arrival_pkts.demand_req = 0
stat.switch.port.pool.1.ingress_episode.max_arrival_pkts.demand_req = 0
stat.switch.port.pool.1.ingress_episode.avg_release_pkts.demand_req = 0
stat.switch.port.pool.1.ingress_episode.max_release_pkts.demand_req = 0
stat.switch.port.pool.1.ingress_pre_occ_bucket.demand_req.0 = 0
stat.switch.port.pool.1.ingress_queue_wait_bucket.demand_req.0 = 0
stat.switch.port.pool.1.ingress_pre_occ_bucket.demand_req.1_64 = 0
stat.switch.port.pool.1.ingress_queue_wait_bucket.demand_req.1_63 = 0
stat.switch.port.pool.1.ingress_pre_occ_bucket.demand_req.65_256 = 0
stat.switch.port.pool.1.ingress_queue_wait_bucket.demand_req.64_255 = 0
stat.switch.port.pool.1.ingress_pre_occ_bucket.demand_req.257_1024 = 0
stat.switch.port.pool.1.ingress_queue_wait_bucket.demand_req.256_1023 = 0
stat.switch.port.pool.1.ingress_pre_occ_bucket.demand_req.1025_4096 = 0
stat.switch.port.pool.1.ingress_queue_wait_bucket.demand_req.1024_4095 = 0
stat.switch.port.pool.1.ingress_pre_occ_bucket.demand_req.4097_plus = 0
stat.switch.port.pool.1.ingress_queue_wait_bucket.demand_req.4096_plus = 0
stat.switch.port.pool.1.ingress_episode.avg_arrival_pkts.write_req = 0
stat.switch.port.pool.1.ingress_episode.max_arrival_pkts.write_req = 0
stat.switch.port.pool.1.ingress_episode.avg_release_pkts.write_req = 0
stat.switch.port.pool.1.ingress_episode.max_release_pkts.write_req = 0
stat.switch.port.pool.1.ingress_pre_occ_bucket.write_req.0 = 0
stat.switch.port.pool.1.ingress_queue_wait_bucket.write_req.0 = 0
stat.switch.port.pool.1.ingress_pre_occ_bucket.write_req.1_64 = 0
stat.switch.port.pool.1.ingress_queue_wait_bucket.write_req.1_63 = 0
stat.switch.port.pool.1.ingress_pre_occ_bucket.write_req.65_256 = 0
stat.switch.port.pool.1.ingress_queue_wait_bucket.write_req.64_255 = 0
stat.switch.port.pool.1.ingress_pre_occ_bucket.write_req.257_1024 = 0
stat.switch.port.pool.1.ingress_queue_wait_bucket.write_req.256_1023 = 0
stat.switch.port.pool.1.ingress_pre_occ_bucket.write_req.1025_4096 = 0
stat.switch.port.pool.1.ingress_queue_wait_bucket.write_req.1024_4095 = 0
stat.switch.port.pool.1.ingress_pre_occ_bucket.write_req.4097_plus = 0
stat.switch.port.pool.1.ingress_queue_wait_bucket.write_req.4096_plus = 0
stat.switch.port.pool.1.ingress_episode.avg_arrival_pkts.response = 5.46081
stat.switch.port.pool.1.ingress_episode.max_arrival_pkts.response = 42
stat.switch.port.pool.1.ingress_episode.avg_release_pkts.response = 5.46081
stat.switch.port.pool.1.ingress_episode.max_release_pkts.response = 42
stat.switch.port.pool.1.ingress_pre_occ_bucket.response.0 = 2744
stat.switch.port.pool.1.ingress_queue_wait_bucket.response.0 = 11575
stat.switch.port.pool.1.ingress_pre_occ_bucket.response.1_64 = 5107
stat.switch.port.pool.1.ingress_queue_wait_bucket.response.1_63 = 3295
stat.switch.port.pool.1.ingress_pre_occ_bucket.response.65_256 = 6925
stat.switch.port.pool.1.ingress_queue_wait_bucket.response.64_255 = 111
stat.switch.port.pool.1.ingress_pre_occ_bucket.response.257_1024 = 208
stat.switch.port.pool.1.ingress_queue_wait_bucket.response.256_1023 = 0
stat.switch.port.pool.1.ingress_pre_occ_bucket.response.1025_4096 = 0
stat.switch.port.pool.1.ingress_queue_wait_bucket.response.1024_4095 = 0
stat.switch.port.pool.1.ingress_pre_occ_bucket.response.4097_plus = 0
stat.switch.port.pool.1.ingress_queue_wait_bucket.response.4096_plus = 0
stat.switch.port.pool.1.ingress_episode.avg_arrival_pkts.other_req = 0
stat.switch.port.pool.1.ingress_episode.max_arrival_pkts.other_req = 0
stat.switch.port.pool.1.ingress_episode.avg_release_pkts.other_req = 0
stat.switch.port.pool.1.ingress_episode.max_release_pkts.other_req = 0
stat.switch.port.pool.1.ingress_pre_occ_bucket.other_req.0 = 0
stat.switch.port.pool.1.ingress_queue_wait_bucket.other_req.0 = 0
stat.switch.port.pool.1.ingress_pre_occ_bucket.other_req.1_64 = 0
stat.switch.port.pool.1.ingress_queue_wait_bucket.other_req.1_63 = 0
stat.switch.port.pool.1.ingress_pre_occ_bucket.other_req.65_256 = 0
stat.switch.port.pool.1.ingress_queue_wait_bucket.other_req.64_255 = 0
stat.switch.port.pool.1.ingress_pre_occ_bucket.other_req.257_1024 = 0
stat.switch.port.pool.1.ingress_queue_wait_bucket.other_req.256_1023 = 0
stat.switch.port.pool.1.ingress_pre_occ_bucket.other_req.1025_4096 = 0
stat.switch.port.pool.1.ingress_queue_wait_bucket.other_req.1024_4095 = 0
stat.switch.port.pool.1.ingress_pre_occ_bucket.other_req.4097_plus = 0
stat.switch.port.pool.1.ingress_queue_wait_bucket.other_req.4096_plus = 0
stat.switch.port.pool.1.peer_src.101.rx_bytes.response = 958976
stat.switch.port.pool.1.peer_src.101.rx_pkts.response = 14984
stat.switch.port.pool.1.peer_src.101.tx_bytes.response = 0
stat.switch.port.pool.1.peer_src.101.tx_pkts.response = 0
stat.switch.port.pool.1.peer_src.101.ingress_arrivals.response = 14984
stat.switch.port.pool.1.peer_src.101.ingress_arrival_nonempty_packet_frac.response = 0.816871
stat.switch.port.pool.1.peer_src.101.ingress_nonempty_arrival_pre_occ_avg_bytes.response = 118.437
stat.switch.port.pool.1.peer_src.101.ingress_nonempty_arrival_pre_occ_max_bytes.response = 448
stat.switch.port.pool.1.peer_src.101.ingress_wait_avg_cycles.response = 150.251
stat.switch.port.pool.1.peer_src.101.ingress_queue_wait_avg_cycles.response = 5.25139
stat.switch.port.pool.1.peer_src.101.ingress_queue_wait_after_nonempty_arrival_avg_cycles.response = 6.42895
stat.switch.port.pool.1.peer_src.101.ingress_pre_occ_bucket.response.0 = 2744
stat.switch.port.pool.1.peer_src.101.ingress_queue_wait_bucket.response.0 = 11575
stat.switch.port.pool.1.peer_src.101.ingress_pre_occ_bucket.response.1_64 = 5107
stat.switch.port.pool.1.peer_src.101.ingress_queue_wait_bucket.response.1_63 = 3295
stat.switch.port.pool.1.peer_src.101.ingress_pre_occ_bucket.response.65_256 = 6925
stat.switch.port.pool.1.peer_src.101.ingress_queue_wait_bucket.response.64_255 = 111
stat.switch.port.pool.1.peer_src.101.ingress_pre_occ_bucket.response.257_1024 = 208
stat.switch.port.pool.1.peer_src.101.ingress_queue_wait_bucket.response.256_1023 = 0
stat.switch.port.pool.1.peer_src.101.ingress_pre_occ_bucket.response.1025_4096 = 0
stat.switch.port.pool.1.peer_src.101.ingress_queue_wait_bucket.response.1024_4095 = 0
stat.switch.port.pool.1.peer_src.101.ingress_pre_occ_bucket.response.4097_plus = 0
stat.switch.port.pool.1.peer_src.101.ingress_queue_wait_bucket.response.4096_plus = 0
stat.switch.port.pool.1.peer_dst.0.rx_bytes.response = 958976
stat.switch.port.pool.1.peer_dst.0.rx_pkts.response = 14984
stat.switch.port.pool.1.peer_dst.0.tx_bytes.response = 0
stat.switch.port.pool.1.peer_dst.0.tx_pkts.response = 0
stat.switch.port.pool.1.peer_dst.0.ingress_arrivals.response = 14984
stat.switch.port.pool.1.peer_dst.0.ingress_arrival_nonempty_packet_frac.response = 0.816871
stat.switch.port.pool.1.peer_dst.0.ingress_nonempty_arrival_pre_occ_avg_bytes.response = 118.437
stat.switch.port.pool.1.peer_dst.0.ingress_nonempty_arrival_pre_occ_max_bytes.response = 448
stat.switch.port.pool.1.peer_dst.0.ingress_wait_avg_cycles.response = 150.251
stat.switch.port.pool.1.peer_dst.0.ingress_queue_wait_avg_cycles.response = 5.25139
stat.switch.port.pool.1.peer_dst.0.ingress_queue_wait_after_nonempty_arrival_avg_cycles.response = 6.42895
stat.switch.port.pool.1.peer_dst.0.ingress_pre_occ_bucket.response.0 = 2744
stat.switch.port.pool.1.peer_dst.0.ingress_queue_wait_bucket.response.0 = 11575
stat.switch.port.pool.1.peer_dst.0.ingress_pre_occ_bucket.response.1_64 = 5107
stat.switch.port.pool.1.peer_dst.0.ingress_queue_wait_bucket.response.1_63 = 3295
stat.switch.port.pool.1.peer_dst.0.ingress_pre_occ_bucket.response.65_256 = 6925
stat.switch.port.pool.1.peer_dst.0.ingress_queue_wait_bucket.response.64_255 = 111
stat.switch.port.pool.1.peer_dst.0.ingress_pre_occ_bucket.response.257_1024 = 208
stat.switch.port.pool.1.peer_dst.0.ingress_queue_wait_bucket.response.256_1023 = 0
stat.switch.port.pool.1.peer_dst.0.ingress_pre_occ_bucket.response.1025_4096 = 0
stat.switch.port.pool.1.peer_dst.0.ingress_queue_wait_bucket.response.1024_4095 = 0
stat.switch.port.pool.1.peer_dst.0.ingress_pre_occ_bucket.response.4097_plus = 0
stat.switch.port.pool.1.peer_dst.0.ingress_queue_wait_bucket.response.4096_plus = 0
stat.switch.port.pool.1.tx_src.0.rx_bytes.demand_req = 0
stat.switch.port.pool.1.tx_src.0.rx_pkts.demand_req = 0
stat.switch.port.pool.1.tx_src.0.tx_bytes.demand_req = 119648
stat.switch.port.pool.1.tx_src.0.tx_pkts.demand_req = 14956
stat.switch.port.pool.1.tx_src.0.ingress_arrivals.demand_req = 0
stat.switch.port.pool.1.tx_src.0.ingress_arrival_nonempty_packet_frac.demand_req = 0
stat.switch.port.pool.1.tx_src.0.ingress_nonempty_arrival_pre_occ_avg_bytes.demand_req = 0
stat.switch.port.pool.1.tx_src.0.ingress_nonempty_arrival_pre_occ_max_bytes.demand_req = 0
stat.switch.port.pool.1.tx_src.0.ingress_wait_avg_cycles.demand_req = 0
stat.switch.port.pool.1.tx_src.0.ingress_queue_wait_avg_cycles.demand_req = 0
stat.switch.port.pool.1.tx_src.0.ingress_queue_wait_after_nonempty_arrival_avg_cycles.demand_req = 0
stat.switch.port.pool.1.tx_src.0.ingress_pre_occ_bucket.demand_req.0 = 0
stat.switch.port.pool.1.tx_src.0.ingress_queue_wait_bucket.demand_req.0 = 0
stat.switch.port.pool.1.tx_src.0.ingress_pre_occ_bucket.demand_req.1_64 = 0
stat.switch.port.pool.1.tx_src.0.ingress_queue_wait_bucket.demand_req.1_63 = 0
stat.switch.port.pool.1.tx_src.0.ingress_pre_occ_bucket.demand_req.65_256 = 0
stat.switch.port.pool.1.tx_src.0.ingress_queue_wait_bucket.demand_req.64_255 = 0
stat.switch.port.pool.1.tx_src.0.ingress_pre_occ_bucket.demand_req.257_1024 = 0
stat.switch.port.pool.1.tx_src.0.ingress_queue_wait_bucket.demand_req.256_1023 = 0
stat.switch.port.pool.1.tx_src.0.ingress_pre_occ_bucket.demand_req.1025_4096 = 0
stat.switch.port.pool.1.tx_src.0.ingress_queue_wait_bucket.demand_req.1024_4095 = 0
stat.switch.port.pool.1.tx_src.0.ingress_pre_occ_bucket.demand_req.4097_plus = 0
stat.switch.port.pool.1.tx_src.0.ingress_queue_wait_bucket.demand_req.4096_plus = 0
stat.switch.port.pool.1.tx_src.0.rx_bytes.write_req = 0
stat.switch.port.pool.1.tx_src.0.rx_pkts.write_req = 0
stat.switch.port.pool.1.tx_src.0.tx_bytes.write_req = 695936
stat.switch.port.pool.1.tx_src.0.tx_pkts.write_req = 10874
stat.switch.port.pool.1.tx_src.0.ingress_arrivals.write_req = 0
stat.switch.port.pool.1.tx_src.0.ingress_arrival_nonempty_packet_frac.write_req = 0
stat.switch.port.pool.1.tx_src.0.ingress_nonempty_arrival_pre_occ_avg_bytes.write_req = 0
stat.switch.port.pool.1.tx_src.0.ingress_nonempty_arrival_pre_occ_max_bytes.write_req = 0
stat.switch.port.pool.1.tx_src.0.ingress_wait_avg_cycles.write_req = 0
stat.switch.port.pool.1.tx_src.0.ingress_queue_wait_avg_cycles.write_req = 0
stat.switch.port.pool.1.tx_src.0.ingress_queue_wait_after_nonempty_arrival_avg_cycles.write_req = 0
stat.switch.port.pool.1.tx_src.0.ingress_pre_occ_bucket.write_req.0 = 0
stat.switch.port.pool.1.tx_src.0.ingress_queue_wait_bucket.write_req.0 = 0
stat.switch.port.pool.1.tx_src.0.ingress_pre_occ_bucket.write_req.1_64 = 0
stat.switch.port.pool.1.tx_src.0.ingress_queue_wait_bucket.write_req.1_63 = 0
stat.switch.port.pool.1.tx_src.0.ingress_pre_occ_bucket.write_req.65_256 = 0
stat.switch.port.pool.1.tx_src.0.ingress_queue_wait_bucket.write_req.64_255 = 0
stat.switch.port.pool.1.tx_src.0.ingress_pre_occ_bucket.write_req.257_1024 = 0
stat.switch.port.pool.1.tx_src.0.ingress_queue_wait_bucket.write_req.256_1023 = 0
stat.switch.port.pool.1.tx_src.0.ingress_pre_occ_bucket.write_req.1025_4096 = 0
stat.switch.port.pool.1.tx_src.0.ingress_queue_wait_bucket.write_req.1024_4095 = 0
stat.switch.port.pool.1.tx_src.0.ingress_pre_occ_bucket.write_req.4097_plus = 0
stat.switch.port.pool.1.tx_src.0.ingress_queue_wait_bucket.write_req.4096_plus = 0
stat.switch.port.pool.1.tx_src.0.rx_bytes.other_req = 0
stat.switch.port.pool.1.tx_src.0.rx_pkts.other_req = 0
stat.switch.port.pool.1.tx_src.0.tx_bytes.other_req = 248
stat.switch.port.pool.1.tx_src.0.tx_pkts.other_req = 31
stat.switch.port.pool.1.tx_src.0.ingress_arrivals.other_req = 0
stat.switch.port.pool.1.tx_src.0.ingress_arrival_nonempty_packet_frac.other_req = 0
stat.switch.port.pool.1.tx_src.0.ingress_nonempty_arrival_pre_occ_avg_bytes.other_req = 0
stat.switch.port.pool.1.tx_src.0.ingress_nonempty_arrival_pre_occ_max_bytes.other_req = 0
stat.switch.port.pool.1.tx_src.0.ingress_wait_avg_cycles.other_req = 0
stat.switch.port.pool.1.tx_src.0.ingress_queue_wait_avg_cycles.other_req = 0
stat.switch.port.pool.1.tx_src.0.ingress_queue_wait_after_nonempty_arrival_avg_cycles.other_req = 0
stat.switch.port.pool.1.tx_src.0.ingress_pre_occ_bucket.other_req.0 = 0
stat.switch.port.pool.1.tx_src.0.ingress_queue_wait_bucket.other_req.0 = 0
stat.switch.port.pool.1.tx_src.0.ingress_pre_occ_bucket.other_req.1_64 = 0
stat.switch.port.pool.1.tx_src.0.ingress_queue_wait_bucket.other_req.1_63 = 0
stat.switch.port.pool.1.tx_src.0.ingress_pre_occ_bucket.other_req.65_256 = 0
stat.switch.port.pool.1.tx_src.0.ingress_queue_wait_bucket.other_req.64_255 = 0
stat.switch.port.pool.1.tx_src.0.ingress_pre_occ_bucket.other_req.257_1024 = 0
stat.switch.port.pool.1.tx_src.0.ingress_queue_wait_bucket.other_req.256_1023 = 0
stat.switch.port.pool.1.tx_src.0.ingress_pre_occ_bucket.other_req.1025_4096 = 0
stat.switch.port.pool.1.tx_src.0.ingress_queue_wait_bucket.other_req.1024_4095 = 0
stat.switch.port.pool.1.tx_src.0.ingress_pre_occ_bucket.other_req.4097_plus = 0
stat.switch.port.pool.1.tx_src.0.ingress_queue_wait_bucket.other_req.4096_plus = 0
stat.switch.port.pool.1.tx_dst.101.rx_bytes.demand_req = 0
stat.switch.port.pool.1.tx_dst.101.rx_pkts.demand_req = 0
stat.switch.port.pool.1.tx_dst.101.tx_bytes.demand_req = 119648
stat.switch.port.pool.1.tx_dst.101.tx_pkts.demand_req = 14956
stat.switch.port.pool.1.tx_dst.101.ingress_arrivals.demand_req = 0
stat.switch.port.pool.1.tx_dst.101.ingress_arrival_nonempty_packet_frac.demand_req = 0
stat.switch.port.pool.1.tx_dst.101.ingress_nonempty_arrival_pre_occ_avg_bytes.demand_req = 0
stat.switch.port.pool.1.tx_dst.101.ingress_nonempty_arrival_pre_occ_max_bytes.demand_req = 0
stat.switch.port.pool.1.tx_dst.101.ingress_wait_avg_cycles.demand_req = 0
stat.switch.port.pool.1.tx_dst.101.ingress_queue_wait_avg_cycles.demand_req = 0
stat.switch.port.pool.1.tx_dst.101.ingress_queue_wait_after_nonempty_arrival_avg_cycles.demand_req = 0
stat.switch.port.pool.1.tx_dst.101.ingress_pre_occ_bucket.demand_req.0 = 0
stat.switch.port.pool.1.tx_dst.101.ingress_queue_wait_bucket.demand_req.0 = 0
stat.switch.port.pool.1.tx_dst.101.ingress_pre_occ_bucket.demand_req.1_64 = 0
stat.switch.port.pool.1.tx_dst.101.ingress_queue_wait_bucket.demand_req.1_63 = 0
stat.switch.port.pool.1.tx_dst.101.ingress_pre_occ_bucket.demand_req.65_256 = 0
stat.switch.port.pool.1.tx_dst.101.ingress_queue_wait_bucket.demand_req.64_255 = 0
stat.switch.port.pool.1.tx_dst.101.ingress_pre_occ_bucket.demand_req.257_1024 = 0
stat.switch.port.pool.1.tx_dst.101.ingress_queue_wait_bucket.demand_req.256_1023 = 0
stat.switch.port.pool.1.tx_dst.101.ingress_pre_occ_bucket.demand_req.1025_4096 = 0
stat.switch.port.pool.1.tx_dst.101.ingress_queue_wait_bucket.demand_req.1024_4095 = 0
stat.switch.port.pool.1.tx_dst.101.ingress_pre_occ_bucket.demand_req.4097_plus = 0
stat.switch.port.pool.1.tx_dst.101.ingress_queue_wait_bucket.demand_req.4096_plus = 0
stat.switch.port.pool.1.tx_dst.101.rx_bytes.write_req = 0
stat.switch.port.pool.1.tx_dst.101.rx_pkts.write_req = 0
stat.switch.port.pool.1.tx_dst.101.tx_bytes.write_req = 695936
stat.switch.port.pool.1.tx_dst.101.tx_pkts.write_req = 10874
stat.switch.port.pool.1.tx_dst.101.ingress_arrivals.write_req = 0
stat.switch.port.pool.1.tx_dst.101.ingress_arrival_nonempty_packet_frac.write_req = 0
stat.switch.port.pool.1.tx_dst.101.ingress_nonempty_arrival_pre_occ_avg_bytes.write_req = 0
stat.switch.port.pool.1.tx_dst.101.ingress_nonempty_arrival_pre_occ_max_bytes.write_req = 0
stat.switch.port.pool.1.tx_dst.101.ingress_wait_avg_cycles.write_req = 0
stat.switch.port.pool.1.tx_dst.101.ingress_queue_wait_avg_cycles.write_req = 0
stat.switch.port.pool.1.tx_dst.101.ingress_queue_wait_after_nonempty_arrival_avg_cycles.write_req = 0
stat.switch.port.pool.1.tx_dst.101.ingress_pre_occ_bucket.write_req.0 = 0
stat.switch.port.pool.1.tx_dst.101.ingress_queue_wait_bucket.write_req.0 = 0
stat.switch.port.pool.1.tx_dst.101.ingress_pre_occ_bucket.write_req.1_64 = 0
stat.switch.port.pool.1.tx_dst.101.ingress_queue_wait_bucket.write_req.1_63 = 0
stat.switch.port.pool.1.tx_dst.101.ingress_pre_occ_bucket.write_req.65_256 = 0
stat.switch.port.pool.1.tx_dst.101.ingress_queue_wait_bucket.write_req.64_255 = 0
stat.switch.port.pool.1.tx_dst.101.ingress_pre_occ_bucket.write_req.257_1024 = 0
stat.switch.port.pool.1.tx_dst.101.ingress_queue_wait_bucket.write_req.256_1023 = 0
stat.switch.port.pool.1.tx_dst.101.ingress_pre_occ_bucket.write_req.1025_4096 = 0
stat.switch.port.pool.1.tx_dst.101.ingress_queue_wait_bucket.write_req.1024_4095 = 0
stat.switch.port.pool.1.tx_dst.101.ingress_pre_occ_bucket.write_req.4097_plus = 0
stat.switch.port.pool.1.tx_dst.101.ingress_queue_wait_bucket.write_req.4096_plus = 0
stat.switch.port.pool.1.tx_dst.101.rx_bytes.other_req = 0
stat.switch.port.pool.1.tx_dst.101.rx_pkts.other_req = 0
stat.switch.port.pool.1.tx_dst.101.tx_bytes.other_req = 248
stat.switch.port.pool.1.tx_dst.101.tx_pkts.other_req = 31
stat.switch.port.pool.1.tx_dst.101.ingress_arrivals.other_req = 0
stat.switch.port.pool.1.tx_dst.101.ingress_arrival_nonempty_packet_frac.other_req = 0
stat.switch.port.pool.1.tx_dst.101.ingress_nonempty_arrival_pre_occ_avg_bytes.other_req = 0
stat.switch.port.pool.1.tx_dst.101.ingress_nonempty_arrival_pre_occ_max_bytes.other_req = 0
stat.switch.port.pool.1.tx_dst.101.ingress_wait_avg_cycles.other_req = 0
stat.switch.port.pool.1.tx_dst.101.ingress_queue_wait_avg_cycles.other_req = 0
stat.switch.port.pool.1.tx_dst.101.ingress_queue_wait_after_nonempty_arrival_avg_cycles.other_req = 0
stat.switch.port.pool.1.tx_dst.101.ingress_pre_occ_bucket.other_req.0 = 0
stat.switch.port.pool.1.tx_dst.101.ingress_queue_wait_bucket.other_req.0 = 0
stat.switch.port.pool.1.tx_dst.101.ingress_pre_occ_bucket.other_req.1_64 = 0
stat.switch.port.pool.1.tx_dst.101.ingress_queue_wait_bucket.other_req.1_63 = 0
stat.switch.port.pool.1.tx_dst.101.ingress_pre_occ_bucket.other_req.65_256 = 0
stat.switch.port.pool.1.tx_dst.101.ingress_queue_wait_bucket.other_req.64_255 = 0
stat.switch.port.pool.1.tx_dst.101.ingress_pre_occ_bucket.other_req.257_1024 = 0
stat.switch.port.pool.1.tx_dst.101.ingress_queue_wait_bucket.other_req.256_1023 = 0
stat.switch.port.pool.1.tx_dst.101.ingress_pre_occ_bucket.other_req.1025_4096 = 0
stat.switch.port.pool.1.tx_dst.101.ingress_queue_wait_bucket.other_req.1024_4095 = 0
stat.switch.port.pool.1.tx_dst.101.ingress_pre_occ_bucket.other_req.4097_plus = 0
stat.switch.port.pool.1.tx_dst.101.ingress_queue_wait_bucket.other_req.4096_plus = 0
stat.switch.walltime_s = 188.553
stat.switch.active_time_s = 3.42686
Simulation is complete, simulated time: 791.067 us
