stat.node.0.llc.pool_accesses = 14364
stat.node.0.llc.cxl_miss = 14335
stat.node.0.llc.total_miss = 14353
stat.node.0.llc.avg_miss_lat = 689.703
stat.node.0.llc.avg_cxl_miss_lat = 690.569
stat.node.0.llc.miss_lat_hist_bin_ns = 10
stat.node.0.llc.miss_lat_hist = [0,0,0,0,0,0,0,0,0,0,0,0,0,0,0,0,0,0,0,0,0,0,0,0,0,0,3117,3185,3142,1982,1232,750,424,231,127,77,32,15,14,4,3]
stat.node.0.util.dram_avg = 1.48783e-05
stat.node.0.bw.interval_cycles = 818563
stat.node.0.bw.host_to_switch_bytes = 303136
stat.node.0.bw.switch_to_host_bytes = 919104
stat.node.0.bw.host_link_total_bytes = 1222240
stat.node.0.bw.host_to_switch_gbps = 0.888785
stat.node.0.bw.switch_to_host_gbps = 2.69478
stat.node.0.bw.host_link_total_gbps = 3.58357
stat.node.0.fabric.ingress_wait_avg_cycles = 175.18
stat.node.0.fabric.egress_wait_avg_cycles = 1
stat.node.0.fabric.ingress_wait_max_cycles = 342
stat.node.0.fabric.egress_wait_max_cycles = 1
stat.node.0.fabric.ingress_queue_wait_avg_cycles = 30.1851
stat.node.0.fabric.ingress_queue_wait_max_cycles = 197
stat.node.0.fabric.egress_occ_avg_bytes = 0
stat.node.0.fabric.egress_occ_stddev_bytes = 0
stat.node.0.fabric.egress_occ_max_bytes = 0
stat.node.0.fabric.egress_occ_nonempty_frac = 0
stat.node.0.fabric.egress_blocked_cycles = 0
stat.node.0.fabric.egress_blocked_nonempty_frac = 0
stat.node.0.fabric.egress_blocked_avg_occ_bytes = 0
stat.node.0.fabric.egress_blocked_max_occ_bytes = 0
stat.node.0.fabric.egress_send_burst_max_pkts = 2
stat.node.0.fabric.egress_send_burst_max_bytes = 72
stat.node.0.fabric.egress_send_burst_avg_pkts = 1.0029
stat.node.0.fabric.egress_send_burst_avg_bytes = 17.568
stat.node.0.fabric.egress_send_burst_stddev_pkts = 0.0537523
stat.node.0.fabric.egress_send_burst_stddev_bytes = 21.1127
stat.node.0.fabric.egress_send_nonempty_frac = 0.0210796
stat.node.0.fabric.ingress_occ_bytes = 320
stat.node.0.fabric.ready_wait_avg_cycles = 0
stat.node.0.fabric.ready_wait_max_cycles = 0
stat.node.0.fabric.ready_occ_avg_pkts = 0.0175405
stat.node.0.fabric.ready_occ_pkts = 0
stat.node.0.fabric.ready_occ_max_pkts = 1
stat.node.0.fabric.ready_retry_count = 0
stat.node.0.fabric.ingress_arrival_burst_max_pkts = 2
stat.node.0.fabric.ingress_arrival_burst_max_bytes = 128
stat.node.0.fabric.ingress_arrival_burst_avg_pkts = 1.10283
stat.node.0.fabric.ingress_arrival_burst_avg_bytes = 70.5809
stat.node.0.fabric.ingress_arrival_burst_stddev_pkts = 0.303731
stat.node.0.fabric.ingress_arrival_burst_stddev_bytes = 19.4388
stat.node.0.fabric.ingress_arrival_nonempty_frac = 0.0159084
stat.node.0.fabric.ingress_arrival_run_max_cycles = 2
stat.node.0.fabric.ingress_arrival_run_avg_cycles = 1.00223
stat.node.0.fabric.ingress_arrival_run_stddev_cycles = 0.047191
stat.node.0.fabric.ingress_arrival_gap_max_cycles = 745
stat.node.0.fabric.ingress_arrival_gap_avg_cycles = 62.0001
stat.node.0.fabric.ingress_arrival_gap_stddev_cycles = 100.566
stat.node.0.fabric.ingress_release_burst_max_pkts = 1
stat.node.0.fabric.ingress_release_burst_max_bytes = 64
stat.node.0.fabric.ingress_release_burst_avg_pkts = 1
stat.node.0.fabric.ingress_release_burst_avg_bytes = 64
stat.node.0.fabric.ingress_release_burst_stddev_pkts = 0
stat.node.0.fabric.ingress_release_burst_stddev_bytes = 0
stat.node.0.fabric.ingress_release_nonempty_frac = 0.0175405
stat.node.0.fabric.ingress_release_run_max_cycles = 1
stat.node.0.fabric.ingress_release_run_avg_cycles = 1
stat.node.0.fabric.ingress_release_run_stddev_cycles = 0
stat.node.0.fabric.ingress_release_gap_max_cycles = 682
stat.node.0.fabric.ingress_release_gap_avg_cycles = 56.0043
stat.node.0.fabric.ingress_release_gap_stddev_cycles = 80.0339
stat.node.0.fabric.ingress_occ_avg_bytes = 195.549
stat.node.0.fabric.ingress_occ_stddev_bytes = 166.169
stat.node.0.fabric.ingress_occ_max_bytes = 896
stat.node.0.fabric.ingress_occ_nonempty_frac = 0.781576
stat.node.0.fabric.ingress_occ_run_max_cycles = 2249
stat.node.0.fabric.ingress_occ_run_avg_cycles = 448.961
stat.node.0.fabric.ingress_occ_run_stddev_cycles = 229.415
stat.node.0.fabric.ingress_occ_gap_max_cycles = 539
stat.node.0.fabric.ingress_occ_gap_avg_cycles = 125.558
stat.node.0.fabric.ingress_occ_gap_stddev_cycles = 98.283
stat.node.0.fabric.ingress_wait_avg_cycles.demand_req = 0
stat.node.0.fabric.ingress_wait_max_cycles.demand_req = 0
stat.node.0.fabric.ingress_queue_wait_avg_cycles.demand_req = 0
stat.node.0.fabric.ingress_queue_wait_max_cycles.demand_req = 0
stat.node.0.fabric.egress_wait_avg_cycles.demand_req = 1
stat.node.0.fabric.egress_wait_max_cycles.demand_req = 1
stat.node.0.fabric.egress_occ_avg_bytes.demand_req = 0
stat.node.0.fabric.egress_occ_max_bytes.demand_req = 0
stat.node.0.fabric.egress_blocked_cycles.demand_req = 0
stat.node.0.fabric.ingress_arrival_empty_packets.demand_req = 0
stat.node.0.fabric.ingress_arrival_nonempty_packets.demand_req = 0
stat.node.0.fabric.ingress_arrival_nonempty_packet_frac.demand_req = 0
stat.node.0.fabric.ingress_nonempty_arrival_pre_occ_avg_bytes.demand_req = 0
stat.node.0.fabric.ingress_nonempty_arrival_pre_occ_max_bytes.demand_req = 0
stat.node.0.fabric.ingress_release_after_empty_arrival_packets.demand_req = 0
stat.node.0.fabric.ingress_release_after_nonempty_arrival_packets.demand_req = 0
stat.node.0.fabric.ingress_wait_after_empty_arrival_avg_cycles.demand_req = 0
stat.node.0.fabric.ingress_wait_after_nonempty_arrival_avg_cycles.demand_req = 0
stat.node.0.fabric.ingress_queue_wait_after_empty_arrival_avg_cycles.demand_req = 0
stat.node.0.fabric.ingress_queue_wait_after_nonempty_arrival_avg_cycles.demand_req = 0
stat.node.0.fabric.ingress_queue_wait_after_empty_arrival_max_cycles.demand_req = 0
stat.node.0.fabric.ingress_queue_wait_after_nonempty_arrival_max_cycles.demand_req = 0
stat.node.0.fabric.rx_bytes.demand_req = 0
stat.node.0.fabric.tx_bytes.demand_req = 114824
stat.node.0.fabric.rx_pkts.demand_req = 0
stat.node.0.fabric.tx_pkts.demand_req = 14353
stat.node.0.fabric.ingress_wait_avg_cycles.write_req = 0
stat.node.0.fabric.ingress_wait_max_cycles.write_req = 0
stat.node.0.fabric.ingress_queue_wait_avg_cycles.write_req = 0
stat.node.0.fabric.ingress_queue_wait_max_cycles.write_req = 0
stat.node.0.fabric.egress_wait_avg_cycles.write_req = 1
stat.node.0.fabric.egress_wait_max_cycles.write_req = 1
stat.node.0.fabric.egress_occ_avg_bytes.write_req = 0
stat.node.0.fabric.egress_occ_max_bytes.write_req = 0
stat.node.0.fabric.egress_blocked_cycles.write_req = 0
stat.node.0.fabric.ingress_arrival_empty_packets.write_req = 0
stat.node.0.fabric.ingress_arrival_nonempty_packets.write_req = 0
stat.node.0.fabric.ingress_arrival_nonempty_packet_frac.write_req = 0
stat.node.0.fabric.ingress_nonempty_arrival_pre_occ_avg_bytes.write_req = 0
stat.node.0.fabric.ingress_nonempty_arrival_pre_occ_max_bytes.write_req = 0
stat.node.0.fabric.ingress_release_after_empty_arrival_packets.write_req = 0
stat.node.0.fabric.ingress_release_after_nonempty_arrival_packets.write_req = 0
stat.node.0.fabric.ingress_wait_after_empty_arrival_avg_cycles.write_req = 0
stat.node.0.fabric.ingress_wait_after_nonempty_arrival_avg_cycles.write_req = 0
stat.node.0.fabric.ingress_queue_wait_after_empty_arrival_avg_cycles.write_req = 0
stat.node.0.fabric.ingress_queue_wait_after_nonempty_arrival_avg_cycles.write_req = 0
stat.node.0.fabric.ingress_queue_wait_after_empty_arrival_max_cycles.write_req = 0
stat.node.0.fabric.ingress_queue_wait_after_nonempty_arrival_max_cycles.write_req = 0
stat.node.0.fabric.rx_bytes.write_req = 0
stat.node.0.fabric.tx_bytes.write_req = 188224
stat.node.0.fabric.rx_pkts.write_req = 0
stat.node.0.fabric.tx_pkts.write_req = 2941
stat.node.0.fabric.ingress_wait_avg_cycles.response = 175.18
stat.node.0.fabric.ingress_wait_max_cycles.response = 342
stat.node.0.fabric.ingress_queue_wait_avg_cycles.response = 30.1851
stat.node.0.fabric.ingress_queue_wait_max_cycles.response = 197
stat.node.0.fabric.egress_wait_avg_cycles.response = 0
stat.node.0.fabric.egress_wait_max_cycles.response = 0
stat.node.0.fabric.egress_occ_avg_bytes.response = 0
stat.node.0.fabric.egress_occ_max_bytes.response = 0
stat.node.0.fabric.egress_blocked_cycles.response = 0
stat.node.0.fabric.ingress_arrival_empty_packets.response = 1424
stat.node.0.fabric.ingress_arrival_nonempty_packets.response = 12937
stat.node.0.fabric.ingress_arrival_nonempty_packet_frac.response = 0.900843
stat.node.0.fabric.ingress_nonempty_arrival_pre_occ_avg_bytes.response = 256.475
stat.node.0.fabric.ingress_nonempty_arrival_pre_occ_max_bytes.response = 832
stat.node.0.fabric.ingress_release_after_empty_arrival_packets.response = 1426
stat.node.0.fabric.ingress_release_after_nonempty_arrival_packets.response = 12932
stat.node.0.fabric.ingress_wait_after_empty_arrival_avg_cycles.response = 144.949
stat.node.0.fabric.ingress_wait_after_nonempty_arrival_avg_cycles.response = 178.514
stat.node.0.fabric.ingress_queue_wait_after_empty_arrival_avg_cycles.response = 0
stat.node.0.fabric.ingress_queue_wait_after_nonempty_arrival_avg_cycles.response = 33.5135
stat.node.0.fabric.ingress_queue_wait_after_empty_arrival_max_cycles.response = 0
stat.node.0.fabric.ingress_queue_wait_after_nonempty_arrival_max_cycles.response = 197
stat.node.0.fabric.rx_bytes.response = 919104
stat.node.0.fabric.tx_bytes.response = 0
stat.node.0.fabric.rx_pkts.response = 14361
stat.node.0.fabric.tx_pkts.response = 0
stat.node.0.fabric.ingress_wait_avg_cycles.other_req = 0
stat.node.0.fabric.ingress_wait_max_cycles.other_req = 0
stat.node.0.fabric.ingress_queue_wait_avg_cycles.other_req = 0
stat.node.0.fabric.ingress_queue_wait_max_cycles.other_req = 0
stat.node.0.fabric.egress_wait_avg_cycles.other_req = 1
stat.node.0.fabric.egress_wait_max_cycles.other_req = 1
stat.node.0.fabric.egress_occ_avg_bytes.other_req = 0
stat.node.0.fabric.egress_occ_max_bytes.other_req = 0
stat.node.0.fabric.egress_blocked_cycles.other_req = 0
stat.node.0.fabric.ingress_arrival_empty_packets.other_req = 0
stat.node.0.fabric.ingress_arrival_nonempty_packets.other_req = 0
stat.node.0.fabric.ingress_arrival_nonempty_packet_frac.other_req = 0
stat.node.0.fabric.ingress_nonempty_arrival_pre_occ_avg_bytes.other_req = 0
stat.node.0.fabric.ingress_nonempty_arrival_pre_occ_max_bytes.other_req = 0
stat.node.0.fabric.ingress_release_after_empty_arrival_packets.other_req = 0
stat.node.0.fabric.ingress_release_after_nonempty_arrival_packets.other_req = 0
stat.node.0.fabric.ingress_wait_after_empty_arrival_avg_cycles.other_req = 0
stat.node.0.fabric.ingress_wait_after_nonempty_arrival_avg_cycles.other_req = 0
stat.node.0.fabric.ingress_queue_wait_after_empty_arrival_avg_cycles.other_req = 0
stat.node.0.fabric.ingress_queue_wait_after_nonempty_arrival_avg_cycles.other_req = 0
stat.node.0.fabric.ingress_queue_wait_after_empty_arrival_max_cycles.other_req = 0
stat.node.0.fabric.ingress_queue_wait_after_nonempty_arrival_max_cycles.other_req = 0
stat.node.0.fabric.rx_bytes.other_req = 0
stat.node.0.fabric.tx_bytes.other_req = 88
stat.node.0.fabric.rx_pkts.other_req = 0
stat.node.0.fabric.tx_pkts.other_req = 11
stat.node.0.fabric.ingress_occ_bucket_bytes.0 = 178794
stat.node.0.fabric.ready_occ_bucket_bytes.0 = 804205
stat.node.0.fabric.ingress_occ_bucket_bytes.1_64 = 94804
stat.node.0.fabric.ready_occ_bucket_bytes.1_64 = 14358
stat.node.0.fabric.ingress_occ_bucket_bytes.65_256 = 319790
stat.node.0.fabric.ready_occ_bucket_bytes.65_256 = 0
stat.node.0.fabric.ingress_occ_bucket_bytes.257_1024 = 225175
stat.node.0.fabric.ready_occ_bucket_bytes.257_1024 = 0
stat.node.0.fabric.ingress_occ_bucket_bytes.1025_4096 = 0
stat.node.0.fabric.ready_occ_bucket_bytes.1025_4096 = 0
stat.node.0.fabric.ingress_occ_bucket_bytes.4097_plus = 0
stat.node.0.fabric.ready_occ_bucket_bytes.4097_plus = 0
stat.node.0.fabric.ingress_episode.count = 1424
stat.node.0.fabric.ingress_episode.avg_cycles = 449.009
stat.node.0.fabric.ingress_episode.max_cycles = 2249
stat.node.0.fabric.ingress_episode.avg_peak_occ_bytes = 415.551
stat.node.0.fabric.ingress_episode.max_peak_occ_bytes = 896
stat.node.0.fabric.ingress_episode.avg_arrival_pkts = 10.0772
stat.node.0.fabric.ingress_episode.max_arrival_pkts = 51
stat.node.0.fabric.ingress_episode.avg_arrival_bytes = 644.944
stat.node.0.fabric.ingress_episode.max_arrival_bytes = 3264
stat.node.0.fabric.ingress_episode.avg_release_pkts = 10.0787
stat.node.0.fabric.ingress_episode.max_release_pkts = 51
stat.node.0.fabric.ingress_episode.avg_release_bytes = 645.034
stat.node.0.fabric.ingress_episode.max_release_bytes = 3264
stat.node.0.fabric.ingress_episode.avg_wait_cycles = 1765.63
stat.node.0.fabric.ingress_episode.max_wait_cycles = 342
stat.node.0.fabric.ingress_episode.avg_queue_wait_cycles = 304.282
stat.node.0.fabric.ingress_episode.max_queue_wait_cycles = 197
stat.node.0.fabric.ingress_episode.avg_src_distinct = 1.94593
stat.node.0.fabric.ingress_episode.max_src_distinct = 2
stat.node.0.fabric.ingress_episode.avg_dst_distinct = 1
stat.node.0.fabric.ingress_episode.max_dst_distinct = 1
stat.node.0.fabric.ingress_episode.avg_arrival_pkts.demand_req = 0
stat.node.0.fabric.ingress_episode.max_arrival_pkts.demand_req = 0
stat.node.0.fabric.ingress_episode.avg_release_pkts.demand_req = 0
stat.node.0.fabric.ingress_episode.max_release_pkts.demand_req = 0
stat.node.0.fabric.ingress_pre_occ_bucket.demand_req.0 = 0
stat.node.0.fabric.ingress_queue_wait_bucket.demand_req.0 = 0
stat.node.0.fabric.ingress_pre_occ_bucket.demand_req.1_64 = 0
stat.node.0.fabric.ingress_queue_wait_bucket.demand_req.1_63 = 0
stat.node.0.fabric.ingress_pre_occ_bucket.demand_req.65_256 = 0
stat.node.0.fabric.ingress_queue_wait_bucket.demand_req.64_255 = 0
stat.node.0.fabric.ingress_pre_occ_bucket.demand_req.257_1024 = 0
stat.node.0.fabric.ingress_queue_wait_bucket.demand_req.256_1023 = 0
stat.node.0.fabric.ingress_pre_occ_bucket.demand_req.1025_4096 = 0
stat.node.0.fabric.ingress_queue_wait_bucket.demand_req.1024_4095 = 0
stat.node.0.fabric.ingress_pre_occ_bucket.demand_req.4097_plus = 0
stat.node.0.fabric.ingress_queue_wait_bucket.demand_req.4096_plus = 0
stat.node.0.fabric.ingress_episode.avg_arrival_pkts.write_req = 0
stat.node.0.fabric.ingress_episode.max_arrival_pkts.write_req = 0
stat.node.0.fabric.ingress_episode.avg_release_pkts.write_req = 0
stat.node.0.fabric.ingress_episode.max_release_pkts.write_req = 0
stat.node.0.fabric.ingress_pre_occ_bucket.write_req.0 = 0
stat.node.0.fabric.ingress_queue_wait_bucket.write_req.0 = 0
stat.node.0.fabric.ingress_pre_occ_bucket.write_req.1_64 = 0
stat.node.0.fabric.ingress_queue_wait_bucket.write_req.1_63 = 0
stat.node.0.fabric.ingress_pre_occ_bucket.write_req.65_256 = 0
stat.node.0.fabric.ingress_queue_wait_bucket.write_req.64_255 = 0
stat.node.0.fabric.ingress_pre_occ_bucket.write_req.257_1024 = 0
stat.node.0.fabric.ingress_queue_wait_bucket.write_req.256_1023 = 0
stat.node.0.fabric.ingress_pre_occ_bucket.write_req.1025_4096 = 0
stat.node.0.fabric.ingress_queue_wait_bucket.write_req.1024_4095 = 0
stat.node.0.fabric.ingress_pre_occ_bucket.write_req.4097_plus = 0
stat.node.0.fabric.ingress_queue_wait_bucket.write_req.4096_plus = 0
stat.node.0.fabric.ingress_episode.avg_arrival_pkts.response = 10.0772
stat.node.0.fabric.ingress_episode.max_arrival_pkts.response = 51
stat.node.0.fabric.ingress_episode.avg_release_pkts.response = 10.0787
stat.node.0.fabric.ingress_episode.max_release_pkts.response = 51
stat.node.0.fabric.ingress_pre_occ_bucket.response.0 = 1424
stat.node.0.fabric.ingress_queue_wait_bucket.response.0 = 4169
stat.node.0.fabric.ingress_pre_occ_bucket.response.1_64 = 1857
stat.node.0.fabric.ingress_queue_wait_bucket.response.1_63 = 8082
stat.node.0.fabric.ingress_pre_occ_bucket.response.65_256 = 6216
stat.node.0.fabric.ingress_queue_wait_bucket.response.64_255 = 2107
stat.node.0.fabric.ingress_pre_occ_bucket.response.257_1024 = 4864
stat.node.0.fabric.ingress_queue_wait_bucket.response.256_1023 = 0
stat.node.0.fabric.ingress_pre_occ_bucket.response.1025_4096 = 0
stat.node.0.fabric.ingress_queue_wait_bucket.response.1024_4095 = 0
stat.node.0.fabric.ingress_pre_occ_bucket.response.4097_plus = 0
stat.node.0.fabric.ingress_queue_wait_bucket.response.4096_plus = 0
stat.node.0.fabric.ingress_episode.avg_arrival_pkts.other_req = 0
stat.node.0.fabric.ingress_episode.max_arrival_pkts.other_req = 0
stat.node.0.fabric.ingress_episode.avg_release_pkts.other_req = 0
stat.node.0.fabric.ingress_episode.max_release_pkts.other_req = 0
stat.node.0.fabric.ingress_pre_occ_bucket.other_req.0 = 0
stat.node.0.fabric.ingress_queue_wait_bucket.other_req.0 = 0
stat.node.0.fabric.ingress_pre_occ_bucket.other_req.1_64 = 0
stat.node.0.fabric.ingress_queue_wait_bucket.other_req.1_63 = 0
stat.node.0.fabric.ingress_pre_occ_bucket.other_req.65_256 = 0
stat.node.0.fabric.ingress_queue_wait_bucket.other_req.64_255 = 0
stat.node.0.fabric.ingress_pre_occ_bucket.other_req.257_1024 = 0
stat.node.0.fabric.ingress_queue_wait_bucket.other_req.256_1023 = 0
stat.node.0.fabric.ingress_pre_occ_bucket.other_req.1025_4096 = 0
stat.node.0.fabric.ingress_queue_wait_bucket.other_req.1024_4095 = 0
stat.node.0.fabric.ingress_pre_occ_bucket.other_req.4097_plus = 0
stat.node.0.fabric.ingress_queue_wait_bucket.other_req.4096_plus = 0
stat.node.0.fabric.peer_src.100.rx_bytes.response = 459584
stat.node.0.fabric.peer_src.100.rx_pkts.response = 7181
stat.node.0.fabric.peer_src.100.tx_bytes.response = 0
stat.node.0.fabric.peer_src.100.tx_pkts.response = 0
stat.node.0.fabric.peer_src.100.ingress_arrivals.response = 7181
stat.node.0.fabric.peer_src.100.ingress_arrival_nonempty_packet_frac.response = 0.901964
stat.node.0.fabric.peer_src.100.ingress_nonempty_arrival_pre_occ_avg_bytes.response = 255.506
stat.node.0.fabric.peer_src.100.ingress_nonempty_arrival_pre_occ_max_bytes.response = 832
stat.node.0.fabric.peer_src.100.ingress_wait_avg_cycles.response = 174.552
stat.node.0.fabric.peer_src.100.ingress_queue_wait_avg_cycles.response = 29.5593
stat.node.0.fabric.peer_src.100.ingress_queue_wait_after_nonempty_arrival_avg_cycles.response = 32.7782
stat.node.0.fabric.peer_src.100.ingress_pre_occ_bucket.response.0 = 704
stat.node.0.fabric.peer_src.100.ingress_queue_wait_bucket.response.0 = 2159
stat.node.0.fabric.peer_src.100.ingress_pre_occ_bucket.response.1_64 = 955
stat.node.0.fabric.peer_src.100.ingress_queue_wait_bucket.response.1_63 = 4006
stat.node.0.fabric.peer_src.100.ingress_pre_occ_bucket.response.65_256 = 3099
stat.node.0.fabric.peer_src.100.ingress_queue_wait_bucket.response.64_255 = 1014
stat.node.0.fabric.peer_src.100.ingress_pre_occ_bucket.response.257_1024 = 2423
stat.node.0.fabric.peer_src.100.ingress_queue_wait_bucket.response.256_1023 = 0
stat.node.0.fabric.peer_src.100.ingress_pre_occ_bucket.response.1025_4096 = 0
stat.node.0.fabric.peer_src.100.ingress_queue_wait_bucket.response.1024_4095 = 0
stat.node.0.fabric.peer_src.100.ingress_pre_occ_bucket.response.4097_plus = 0
stat.node.0.fabric.peer_src.100.ingress_queue_wait_bucket.response.4096_plus = 0
stat.node.0.fabric.peer_src.101.rx_bytes.response = 459520
stat.node.0.fabric.peer_src.101.rx_pkts.response = 7180
stat.node.0.fabric.peer_src.101.tx_bytes.response = 0
stat.node.0.fabric.peer_src.101.tx_pkts.response = 0
stat.node.0.fabric.peer_src.101.ingress_arrivals.response = 7180
stat.node.0.fabric.peer_src.101.ingress_arrival_nonempty_packet_frac.response = 0.899721
stat.node.0.fabric.peer_src.101.ingress_nonempty_arrival_pre_occ_avg_bytes.response = 257.446
stat.node.0.fabric.peer_src.101.ingress_nonempty_arrival_pre_occ_max_bytes.response = 832
stat.node.0.fabric.peer_src.101.ingress_wait_avg_cycles.response = 175.807
stat.node.0.fabric.peer_src.101.ingress_queue_wait_avg_cycles.response = 30.8108
stat.node.0.fabric.peer_src.101.ingress_queue_wait_after_nonempty_arrival_avg_cycles.response = 34.2507
stat.node.0.fabric.peer_src.101.ingress_pre_occ_bucket.response.0 = 720
stat.node.0.fabric.peer_src.101.ingress_queue_wait_bucket.response.0 = 2010
stat.node.0.fabric.peer_src.101.ingress_pre_occ_bucket.response.1_64 = 902
stat.node.0.fabric.peer_src.101.ingress_queue_wait_bucket.response.1_63 = 4076
stat.node.0.fabric.peer_src.101.ingress_pre_occ_bucket.response.65_256 = 3117
stat.node.0.fabric.peer_src.101.ingress_queue_wait_bucket.response.64_255 = 1093
stat.node.0.fabric.peer_src.101.ingress_pre_occ_bucket.response.257_1024 = 2441
stat.node.0.fabric.peer_src.101.ingress_queue_wait_bucket.response.256_1023 = 0
stat.node.0.fabric.peer_src.101.ingress_pre_occ_bucket.response.1025_4096 = 0
stat.node.0.fabric.peer_src.101.ingress_queue_wait_bucket.response.1024_4095 = 0
stat.node.0.fabric.peer_src.101.ingress_pre_occ_bucket.response.4097_plus = 0
stat.node.0.fabric.peer_src.101.ingress_queue_wait_bucket.response.4096_plus = 0
stat.node.0.fabric.peer_dst.0.rx_bytes.response = 919104
stat.node.0.fabric.peer_dst.0.rx_pkts.response = 14361
stat.node.0.fabric.peer_dst.0.tx_bytes.response = 0
stat.node.0.fabric.peer_dst.0.tx_pkts.response = 0
stat.node.0.fabric.peer_dst.0.ingress_arrivals.response = 14361
stat.node.0.fabric.peer_dst.0.ingress_arrival_nonempty_packet_frac.response = 0.900843
stat.node.0.fabric.peer_dst.0.ingress_nonempty_arrival_pre_occ_avg_bytes.response = 256.475
stat.node.0.fabric.peer_dst.0.ingress_nonempty_arrival_pre_occ_max_bytes.response = 832
stat.node.0.fabric.peer_dst.0.ingress_wait_avg_cycles.response = 175.18
stat.node.0.fabric.peer_dst.0.ingress_queue_wait_avg_cycles.response = 30.1851
stat.node.0.fabric.peer_dst.0.ingress_queue_wait_after_nonempty_arrival_avg_cycles.response = 33.5135
stat.node.0.fabric.peer_dst.0.ingress_pre_occ_bucket.response.0 = 1424
stat.node.0.fabric.peer_dst.0.ingress_queue_wait_bucket.response.0 = 4169
stat.node.0.fabric.peer_dst.0.ingress_pre_occ_bucket.response.1_64 = 1857
stat.node.0.fabric.peer_dst.0.ingress_queue_wait_bucket.response.1_63 = 8082
stat.node.0.fabric.peer_dst.0.ingress_pre_occ_bucket.response.65_256 = 6216
stat.node.0.fabric.peer_dst.0.ingress_queue_wait_bucket.response.64_255 = 2107
stat.node.0.fabric.peer_dst.0.ingress_pre_occ_bucket.response.257_1024 = 4864
stat.node.0.fabric.peer_dst.0.ingress_queue_wait_bucket.response.256_1023 = 0
stat.node.0.fabric.peer_dst.0.ingress_pre_occ_bucket.response.1025_4096 = 0
stat.node.0.fabric.peer_dst.0.ingress_queue_wait_bucket.response.1024_4095 = 0
stat.node.0.fabric.peer_dst.0.ingress_pre_occ_bucket.response.4097_plus = 0
stat.node.0.fabric.peer_dst.0.ingress_queue_wait_bucket.response.4096_plus = 0
stat.node.0.fabric.tx_src.0.rx_bytes.demand_req = 0
stat.node.0.fabric.tx_src.0.rx_pkts.demand_req = 0
stat.node.0.fabric.tx_src.0.tx_bytes.demand_req = 114824
stat.node.0.fabric.tx_src.0.tx_pkts.demand_req = 14353
stat.node.0.fabric.tx_src.0.ingress_arrivals.demand_req = 0
stat.node.0.fabric.tx_src.0.ingress_arrival_nonempty_packet_frac.demand_req = 0
stat.node.0.fabric.tx_src.0.ingress_nonempty_arrival_pre_occ_avg_bytes.demand_req = 0
stat.node.0.fabric.tx_src.0.ingress_nonempty_arrival_pre_occ_max_bytes.demand_req = 0
stat.node.0.fabric.tx_src.0.ingress_wait_avg_cycles.demand_req = 0
stat.node.0.fabric.tx_src.0.ingress_queue_wait_avg_cycles.demand_req = 0
stat.node.0.fabric.tx_src.0.ingress_queue_wait_after_nonempty_arrival_avg_cycles.demand_req = 0
stat.node.0.fabric.tx_src.0.ingress_pre_occ_bucket.demand_req.0 = 0
stat.node.0.fabric.tx_src.0.ingress_queue_wait_bucket.demand_req.0 = 0
stat.node.0.fabric.tx_src.0.ingress_pre_occ_bucket.demand_req.1_64 = 0
stat.node.0.fabric.tx_src.0.ingress_queue_wait_bucket.demand_req.1_63 = 0
stat.node.0.fabric.tx_src.0.ingress_pre_occ_bucket.demand_req.65_256 = 0
stat.node.0.fabric.tx_src.0.ingress_queue_wait_bucket.demand_req.64_255 = 0
stat.node.0.fabric.tx_src.0.ingress_pre_occ_bucket.demand_req.257_1024 = 0
stat.node.0.fabric.tx_src.0.ingress_queue_wait_bucket.demand_req.256_1023 = 0
stat.node.0.fabric.tx_src.0.ingress_pre_occ_bucket.demand_req.1025_4096 = 0
stat.node.0.fabric.tx_src.0.ingress_queue_wait_bucket.demand_req.1024_4095 = 0
stat.node.0.fabric.tx_src.0.ingress_pre_occ_bucket.demand_req.4097_plus = 0
stat.node.0.fabric.tx_src.0.ingress_queue_wait_bucket.demand_req.4096_plus = 0
stat.node.0.fabric.tx_src.0.rx_bytes.write_req = 0
stat.node.0.fabric.tx_src.0.rx_pkts.write_req = 0
stat.node.0.fabric.tx_src.0.tx_bytes.write_req = 188224
stat.node.0.fabric.tx_src.0.tx_pkts.write_req = 2941
stat.node.0.fabric.tx_src.0.ingress_arrivals.write_req = 0
stat.node.0.fabric.tx_src.0.ingress_arrival_nonempty_packet_frac.write_req = 0
stat.node.0.fabric.tx_src.0.ingress_nonempty_arrival_pre_occ_avg_bytes.write_req = 0
stat.node.0.fabric.tx_src.0.ingress_nonempty_arrival_pre_occ_max_bytes.write_req = 0
stat.node.0.fabric.tx_src.0.ingress_wait_avg_cycles.write_req = 0
stat.node.0.fabric.tx_src.0.ingress_queue_wait_avg_cycles.write_req = 0
stat.node.0.fabric.tx_src.0.ingress_queue_wait_after_nonempty_arrival_avg_cycles.write_req = 0
stat.node.0.fabric.tx_src.0.ingress_pre_occ_bucket.write_req.0 = 0
stat.node.0.fabric.tx_src.0.ingress_queue_wait_bucket.write_req.0 = 0
stat.node.0.fabric.tx_src.0.ingress_pre_occ_bucket.write_req.1_64 = 0
stat.node.0.fabric.tx_src.0.ingress_queue_wait_bucket.write_req.1_63 = 0
stat.node.0.fabric.tx_src.0.ingress_pre_occ_bucket.write_req.65_256 = 0
stat.node.0.fabric.tx_src.0.ingress_queue_wait_bucket.write_req.64_255 = 0
stat.node.0.fabric.tx_src.0.ingress_pre_occ_bucket.write_req.257_1024 = 0
stat.node.0.fabric.tx_src.0.ingress_queue_wait_bucket.write_req.256_1023 = 0
stat.node.0.fabric.tx_src.0.ingress_pre_occ_bucket.write_req.1025_4096 = 0
stat.node.0.fabric.tx_src.0.ingress_queue_wait_bucket.write_req.1024_4095 = 0
stat.node.0.fabric.tx_src.0.ingress_pre_occ_bucket.write_req.4097_plus = 0
stat.node.0.fabric.tx_src.0.ingress_queue_wait_bucket.write_req.4096_plus = 0
stat.node.0.fabric.tx_src.0.rx_bytes.other_req = 0
stat.node.0.fabric.tx_src.0.rx_pkts.other_req = 0
stat.node.0.fabric.tx_src.0.tx_bytes.other_req = 88
stat.node.0.fabric.tx_src.0.tx_pkts.other_req = 11
stat.node.0.fabric.tx_src.0.ingress_arrivals.other_req = 0
stat.node.0.fabric.tx_src.0.ingress_arrival_nonempty_packet_frac.other_req = 0
stat.node.0.fabric.tx_src.0.ingress_nonempty_arrival_pre_occ_avg_bytes.other_req = 0
stat.node.0.fabric.tx_src.0.ingress_nonempty_arrival_pre_occ_max_bytes.other_req = 0
stat.node.0.fabric.tx_src.0.ingress_wait_avg_cycles.other_req = 0
stat.node.0.fabric.tx_src.0.ingress_queue_wait_avg_cycles.other_req = 0
stat.node.0.fabric.tx_src.0.ingress_queue_wait_after_nonempty_arrival_avg_cycles.other_req = 0
stat.node.0.fabric.tx_src.0.ingress_pre_occ_bucket.other_req.0 = 0
stat.node.0.fabric.tx_src.0.ingress_queue_wait_bucket.other_req.0 = 0
stat.node.0.fabric.tx_src.0.ingress_pre_occ_bucket.other_req.1_64 = 0
stat.node.0.fabric.tx_src.0.ingress_queue_wait_bucket.other_req.1_63 = 0
stat.node.0.fabric.tx_src.0.ingress_pre_occ_bucket.other_req.65_256 = 0
stat.node.0.fabric.tx_src.0.ingress_queue_wait_bucket.other_req.64_255 = 0
stat.node.0.fabric.tx_src.0.ingress_pre_occ_bucket.other_req.257_1024 = 0
stat.node.0.fabric.tx_src.0.ingress_queue_wait_bucket.other_req.256_1023 = 0
stat.node.0.fabric.tx_src.0.ingress_pre_occ_bucket.other_req.1025_4096 = 0
stat.node.0.fabric.tx_src.0.ingress_queue_wait_bucket.other_req.1024_4095 = 0
stat.node.0.fabric.tx_src.0.ingress_pre_occ_bucket.other_req.4097_plus = 0
stat.node.0.fabric.tx_src.0.ingress_queue_wait_bucket.other_req.4096_plus = 0
stat.node.0.fabric.tx_dst.100.rx_bytes.demand_req = 0
stat.node.0.fabric.tx_dst.100.rx_pkts.demand_req = 0
stat.node.0.fabric.tx_dst.100.tx_bytes.demand_req = 114824
stat.node.0.fabric.tx_dst.100.tx_pkts.demand_req = 14353
stat.node.0.fabric.tx_dst.100.ingress_arrivals.demand_req = 0
stat.node.0.fabric.tx_dst.100.ingress_arrival_nonempty_packet_frac.demand_req = 0
stat.node.0.fabric.tx_dst.100.ingress_nonempty_arrival_pre_occ_avg_bytes.demand_req = 0
stat.node.0.fabric.tx_dst.100.ingress_nonempty_arrival_pre_occ_max_bytes.demand_req = 0
stat.node.0.fabric.tx_dst.100.ingress_wait_avg_cycles.demand_req = 0
stat.node.0.fabric.tx_dst.100.ingress_queue_wait_avg_cycles.demand_req = 0
stat.node.0.fabric.tx_dst.100.ingress_queue_wait_after_nonempty_arrival_avg_cycles.demand_req = 0
stat.node.0.fabric.tx_dst.100.ingress_pre_occ_bucket.demand_req.0 = 0
stat.node.0.fabric.tx_dst.100.ingress_queue_wait_bucket.demand_req.0 = 0
stat.node.0.fabric.tx_dst.100.ingress_pre_occ_bucket.demand_req.1_64 = 0
stat.node.0.fabric.tx_dst.100.ingress_queue_wait_bucket.demand_req.1_63 = 0
stat.node.0.fabric.tx_dst.100.ingress_pre_occ_bucket.demand_req.65_256 = 0
stat.node.0.fabric.tx_dst.100.ingress_queue_wait_bucket.demand_req.64_255 = 0
stat.node.0.fabric.tx_dst.100.ingress_pre_occ_bucket.demand_req.257_1024 = 0
stat.node.0.fabric.tx_dst.100.ingress_queue_wait_bucket.demand_req.256_1023 = 0
stat.node.0.fabric.tx_dst.100.ingress_pre_occ_bucket.demand_req.1025_4096 = 0
stat.node.0.fabric.tx_dst.100.ingress_queue_wait_bucket.demand_req.1024_4095 = 0
stat.node.0.fabric.tx_dst.100.ingress_pre_occ_bucket.demand_req.4097_plus = 0
stat.node.0.fabric.tx_dst.100.ingress_queue_wait_bucket.demand_req.4096_plus = 0
stat.node.0.fabric.tx_dst.100.rx_bytes.write_req = 0
stat.node.0.fabric.tx_dst.100.rx_pkts.write_req = 0
stat.node.0.fabric.tx_dst.100.tx_bytes.write_req = 188224
stat.node.0.fabric.tx_dst.100.tx_pkts.write_req = 2941
stat.node.0.fabric.tx_dst.100.ingress_arrivals.write_req = 0
stat.node.0.fabric.tx_dst.100.ingress_arrival_nonempty_packet_frac.write_req = 0
stat.node.0.fabric.tx_dst.100.ingress_nonempty_arrival_pre_occ_avg_bytes.write_req = 0
stat.node.0.fabric.tx_dst.100.ingress_nonempty_arrival_pre_occ_max_bytes.write_req = 0
stat.node.0.fabric.tx_dst.100.ingress_wait_avg_cycles.write_req = 0
stat.node.0.fabric.tx_dst.100.ingress_queue_wait_avg_cycles.write_req = 0
stat.node.0.fabric.tx_dst.100.ingress_queue_wait_after_nonempty_arrival_avg_cycles.write_req = 0
stat.node.0.fabric.tx_dst.100.ingress_pre_occ_bucket.write_req.0 = 0
stat.node.0.fabric.tx_dst.100.ingress_queue_wait_bucket.write_req.0 = 0
stat.node.0.fabric.tx_dst.100.ingress_pre_occ_bucket.write_req.1_64 = 0
stat.node.0.fabric.tx_dst.100.ingress_queue_wait_bucket.write_req.1_63 = 0
stat.node.0.fabric.tx_dst.100.ingress_pre_occ_bucket.write_req.65_256 = 0
stat.node.0.fabric.tx_dst.100.ingress_queue_wait_bucket.write_req.64_255 = 0
stat.node.0.fabric.tx_dst.100.ingress_pre_occ_bucket.write_req.257_1024 = 0
stat.node.0.fabric.tx_dst.100.ingress_queue_wait_bucket.write_req.256_1023 = 0
stat.node.0.fabric.tx_dst.100.ingress_pre_occ_bucket.write_req.1025_4096 = 0
stat.node.0.fabric.tx_dst.100.ingress_queue_wait_bucket.write_req.1024_4095 = 0
stat.node.0.fabric.tx_dst.100.ingress_pre_occ_bucket.write_req.4097_plus = 0
stat.node.0.fabric.tx_dst.100.ingress_queue_wait_bucket.write_req.4096_plus = 0
stat.node.0.fabric.tx_dst.100.rx_bytes.other_req = 0
stat.node.0.fabric.tx_dst.100.rx_pkts.other_req = 0
stat.node.0.fabric.tx_dst.100.tx_bytes.other_req = 88
stat.node.0.fabric.tx_dst.100.tx_pkts.other_req = 11
stat.node.0.fabric.tx_dst.100.ingress_arrivals.other_req = 0
stat.node.0.fabric.tx_dst.100.ingress_arrival_nonempty_packet_frac.other_req = 0
stat.node.0.fabric.tx_dst.100.ingress_nonempty_arrival_pre_occ_avg_bytes.other_req = 0
stat.node.0.fabric.tx_dst.100.ingress_nonempty_arrival_pre_occ_max_bytes.other_req = 0
stat.node.0.fabric.tx_dst.100.ingress_wait_avg_cycles.other_req = 0
stat.node.0.fabric.tx_dst.100.ingress_queue_wait_avg_cycles.other_req = 0
stat.node.0.fabric.tx_dst.100.ingress_queue_wait_after_nonempty_arrival_avg_cycles.other_req = 0
stat.node.0.fabric.tx_dst.100.ingress_pre_occ_bucket.other_req.0 = 0
stat.node.0.fabric.tx_dst.100.ingress_queue_wait_bucket.other_req.0 = 0
stat.node.0.fabric.tx_dst.100.ingress_pre_occ_bucket.other_req.1_64 = 0
stat.node.0.fabric.tx_dst.100.ingress_queue_wait_bucket.other_req.1_63 = 0
stat.node.0.fabric.tx_dst.100.ingress_pre_occ_bucket.other_req.65_256 = 0
stat.node.0.fabric.tx_dst.100.ingress_queue_wait_bucket.other_req.64_255 = 0
stat.node.0.fabric.tx_dst.100.ingress_pre_occ_bucket.other_req.257_1024 = 0
stat.node.0.fabric.tx_dst.100.ingress_queue_wait_bucket.other_req.256_1023 = 0
stat.node.0.fabric.tx_dst.100.ingress_pre_occ_bucket.other_req.1025_4096 = 0
stat.node.0.fabric.tx_dst.100.ingress_queue_wait_bucket.other_req.1024_4095 = 0
stat.node.0.fabric.tx_dst.100.ingress_pre_occ_bucket.other_req.4097_plus = 0
stat.node.0.fabric.tx_dst.100.ingress_queue_wait_bucket.other_req.4096_plus = 0
stat.node.0.walltime_s = 130.3
stat.node.0.active_time_s = 103.669
stat.pool.101.util.mem_avg = 0.0494671
stat.pool.101.util.req_link_avg = 0.117298
stat.pool.101.memq.demand.completed = 7176
stat.pool.101.memq.demand.response_completed = 7176
stat.pool.101.memq.demand.queue_wait_avg_cycles = 1.0772
stat.pool.101.memq.demand.queue_wait_max_cycles = 6
stat.pool.101.memq.demand.service_avg_cycles = 75
stat.pool.101.memq.demand.service_max_cycles = 75
stat.pool.101.memq.demand.total_avg_cycles = 76.0772
stat.pool.101.memq.demand.total_max_cycles = 81
stat.pool.101.memq.demand.ahead_pkts_avg.load = 0.690775
stat.pool.101.memq.demand.ahead_pkts_max.load = 7
stat.pool.101.memq.demand.ahead_bytes_avg.load = 0.690775
stat.pool.101.memq.demand.ahead_bytes_max.load = 7
stat.pool.101.memq.demand.ahead_pkts_avg.rfo = 0.218088
stat.pool.101.memq.demand.ahead_pkts_max.rfo = 4
stat.pool.101.memq.demand.ahead_bytes_avg.rfo = 0.218088
stat.pool.101.memq.demand.ahead_bytes_max.rfo = 4
stat.pool.101.memq.demand.ahead_pkts_avg.write = 0.640747
stat.pool.101.memq.demand.ahead_pkts_max.write = 3
stat.pool.101.memq.demand.ahead_bytes_avg.write = 0.640747
stat.pool.101.memq.demand.ahead_bytes_max.write = 3
stat.pool.101.memq.demand.ahead_pkts_avg.other = 0.00111483
stat.pool.101.memq.demand.ahead_pkts_max.other = 1
stat.pool.101.memq.demand.ahead_bytes_avg.other = 0.00111483
stat.pool.101.memq.demand.ahead_bytes_max.other = 1
stat.pool.101.memq.demand.queue_wait_bucket.0 = 0
stat.pool.101.memq.demand.service_bucket.0 = 0
stat.pool.101.memq.demand.total_bucket.0 = 0
stat.pool.101.memq.demand.ahead_total_pkts_bucket.0 = 1517
stat.pool.101.memq.demand.ahead_total_bytes_bucket.0 = 1517
stat.pool.101.memq.demand.queue_wait_bucket.1_63 = 7176
stat.pool.101.memq.demand.service_bucket.1_63 = 0
stat.pool.101.memq.demand.total_bucket.1_63 = 0
stat.pool.101.memq.demand.ahead_total_pkts_bucket.1 = 2394
stat.pool.101.memq.demand.ahead_total_bytes_bucket.1_64 = 5659
stat.pool.101.memq.demand.queue_wait_bucket.64_255 = 0
stat.pool.101.memq.demand.service_bucket.64_255 = 7176
stat.pool.101.memq.demand.total_bucket.64_255 = 7176
stat.pool.101.memq.demand.ahead_total_pkts_bucket.2 = 1787
stat.pool.101.memq.demand.ahead_total_bytes_bucket.65_256 = 0
stat.pool.101.memq.demand.queue_wait_bucket.256_1023 = 0
stat.pool.101.memq.demand.service_bucket.256_1023 = 0
stat.pool.101.memq.demand.total_bucket.256_1023 = 0
stat.pool.101.memq.demand.ahead_total_pkts_bucket.3_4 = 1328
stat.pool.101.memq.demand.ahead_total_bytes_bucket.257_1024 = 0
stat.pool.101.memq.demand.queue_wait_bucket.1024_4095 = 0
stat.pool.101.memq.demand.service_bucket.1024_4095 = 0
stat.pool.101.memq.demand.total_bucket.1024_4095 = 0
stat.pool.101.memq.demand.ahead_total_pkts_bucket.5_8 = 149
stat.pool.101.memq.demand.ahead_total_bytes_bucket.1025_4096 = 0
stat.pool.101.memq.demand.queue_wait_bucket.4096_plus = 0
stat.pool.101.memq.demand.service_bucket.4096_plus = 0
stat.pool.101.memq.demand.total_bucket.4096_plus = 0
stat.pool.101.memq.demand.ahead_total_pkts_bucket.9_plus = 1
stat.pool.101.memq.demand.ahead_total_bytes_bucket.4097_plus = 0
stat.pool.101.memq.queue_occ_avg_reqs = 0.937056
stat.pool.101.memq.queue_occ_stddev_reqs = 1.21386
stat.pool.101.memq.queue_occ_max_reqs = 10
stat.pool.101.memq.queue_occ_nonempty_frac = 0.492025
stat.pool.101.memq.enqueue_burst_avg_pkts = 1
stat.pool.101.memq.enqueue_burst_stddev_pkts = 0
stat.pool.101.memq.enqueue_burst_max_pkts = 1
stat.pool.101.memq.complete_burst_avg_pkts = 1
stat.pool.101.memq.complete_burst_stddev_pkts = 0
stat.pool.101.memq.complete_burst_max_pkts = 1
stat.pool.101.memq.queue_episode.count = 3088
stat.pool.101.memq.queue_episode.avg_cycles = 130.425
stat.pool.101.memq.queue_episode.max_cycles = 509
stat.pool.101.memq.queue_episode.avg_peak_occ_reqs = 2.65544
stat.pool.101.memq.queue_episode.max_peak_occ_reqs = 10
stat.pool.101.memq.queue_episode.avg_enqueue_pkts = 3.2785
stat.pool.101.memq.queue_episode.max_enqueue_pkts = 14
stat.pool.101.memq.queue_episode.avg_complete_pkts = 3.16451
stat.pool.101.memq.queue_episode.max_complete_pkts = 14
stat.pool.101.memq.queue_occ_bucket.0 = 415807
stat.pool.101.memq.enqueue_burst_bucket.0 = 0
stat.pool.101.memq.complete_burst_bucket.0 = 0
stat.pool.101.memq.queue_occ_bucket.1 = 184455
stat.pool.101.memq.enqueue_burst_bucket.1 = 10124
stat.pool.101.memq.complete_burst_bucket.1 = 10124
stat.pool.101.memq.queue_occ_bucket.2 = 121636
stat.pool.101.memq.enqueue_burst_bucket.2 = 0
stat.pool.101.memq.complete_burst_bucket.2 = 0
stat.pool.101.memq.queue_occ_bucket.3_4 = 85916
stat.pool.101.memq.enqueue_burst_bucket.3_4 = 0
stat.pool.101.memq.complete_burst_bucket.3_4 = 0
stat.pool.101.memq.queue_occ_bucket.5_8 = 10684
stat.pool.101.memq.enqueue_burst_bucket.5_8 = 0
stat.pool.101.memq.complete_burst_bucket.5_8 = 0
stat.pool.101.memq.queue_occ_bucket.9_plus = 60
stat.pool.101.memq.enqueue_burst_bucket.9_plus = 0
stat.pool.101.memq.complete_burst_bucket.9_plus = 0
stat.pool.101.memq.queue_occ_avg_reqs.load = 0.536948
stat.pool.101.memq.queue_occ_max_reqs.load = 8
stat.pool.101.memq.enqueue_burst_avg_pkts.load = 0.570624
stat.pool.101.memq.enqueue_burst_max_pkts.load = 1
stat.pool.101.memq.complete_burst_avg_pkts.load = 0.570624
stat.pool.101.memq.complete_burst_max_pkts.load = 1
stat.pool.101.memq.queue_occ_avg_reqs.rfo = 0.129993
stat.pool.101.memq.queue_occ_max_reqs.rfo = 4
stat.pool.101.memq.enqueue_burst_avg_pkts.rfo = 0.138186
stat.pool.101.memq.enqueue_burst_max_pkts.rfo = 1
stat.pool.101.memq.complete_burst_avg_pkts.rfo = 0.138186
stat.pool.101.memq.complete_burst_max_pkts.rfo = 1
stat.pool.101.memq.queue_occ_avg_reqs.write = 0.269651
stat.pool.101.memq.queue_occ_max_reqs.write = 3
stat.pool.101.memq.enqueue_burst_avg_pkts.write = 0.290695
stat.pool.101.memq.enqueue_burst_max_pkts.write = 1
stat.pool.101.memq.complete_burst_avg_pkts.write = 0.290695
stat.pool.101.memq.complete_burst_max_pkts.write = 1
stat.pool.101.memq.queue_occ_avg_reqs.other = 0.000464231
stat.pool.101.memq.queue_occ_max_reqs.other = 1
stat.pool.101.memq.enqueue_burst_avg_pkts.other = 0.000493876
stat.pool.101.memq.enqueue_burst_max_pkts.other = 1
stat.pool.101.memq.complete_burst_avg_pkts.other = 0.000493876
stat.pool.101.memq.complete_burst_max_pkts.other = 1
stat.pool.101.memq.load.completed = 5777
stat.pool.101.memq.load.response_completed = 5777
stat.pool.101.memq.load.queue_wait_avg_cycles = 1.08153
stat.pool.101.memq.load.queue_wait_max_cycles = 6
stat.pool.101.memq.load.service_avg_cycles = 75
stat.pool.101.memq.load.service_max_cycles = 75
stat.pool.101.memq.load.total_avg_cycles = 76.0815
stat.pool.101.memq.load.total_max_cycles = 81
stat.pool.101.memq.load.ahead_pkts_avg.load = 0.720962
stat.pool.101.memq.load.ahead_pkts_max.load = 7
stat.pool.101.memq.load.ahead_bytes_avg.load = 0.720962
stat.pool.101.memq.load.ahead_bytes_max.load = 7
stat.pool.101.memq.load.ahead_pkts_avg.rfo = 0.228492
stat.pool.101.memq.load.ahead_pkts_max.rfo = 4
stat.pool.101.memq.load.ahead_bytes_avg.rfo = 0.228492
stat.pool.101.memq.load.ahead_bytes_max.rfo = 4
stat.pool.101.memq.load.ahead_pkts_avg.write = 0.648087
stat.pool.101.memq.load.ahead_pkts_max.write = 3
stat.pool.101.memq.load.ahead_bytes_avg.write = 0.648087
stat.pool.101.memq.load.ahead_bytes_max.write = 3
stat.pool.101.memq.load.ahead_pkts_avg.other = 0.0013848
stat.pool.101.memq.load.ahead_pkts_max.other = 1
stat.pool.101.memq.load.ahead_bytes_avg.other = 0.0013848
stat.pool.101.memq.load.ahead_bytes_max.other = 1
stat.pool.101.memq.load.queue_wait_bucket.0 = 0
stat.pool.101.memq.load.service_bucket.0 = 0
stat.pool.101.memq.load.total_bucket.0 = 0
stat.pool.101.memq.load.ahead_total_pkts_bucket.0 = 1122
stat.pool.101.memq.load.ahead_total_bytes_bucket.0 = 1122
stat.pool.101.memq.load.queue_wait_bucket.1_63 = 5777
stat.pool.101.memq.load.service_bucket.1_63 = 0
stat.pool.101.memq.load.total_bucket.1_63 = 0
stat.pool.101.memq.load.ahead_total_pkts_bucket.1 = 1939
stat.pool.101.memq.load.ahead_total_bytes_bucket.1_64 = 4655
stat.pool.101.memq.load.queue_wait_bucket.64_255 = 0
stat.pool.101.memq.load.service_bucket.64_255 = 5777
stat.pool.101.memq.load.total_bucket.64_255 = 5777
stat.pool.101.memq.load.ahead_total_pkts_bucket.2 = 1462
stat.pool.101.memq.load.ahead_total_bytes_bucket.65_256 = 0
stat.pool.101.memq.load.queue_wait_bucket.256_1023 = 0
stat.pool.101.memq.load.service_bucket.256_1023 = 0
stat.pool.101.memq.load.total_bucket.256_1023 = 0
stat.pool.101.memq.load.ahead_total_pkts_bucket.3_4 = 1129
stat.pool.101.memq.load.ahead_total_bytes_bucket.257_1024 = 0
stat.pool.101.memq.load.queue_wait_bucket.1024_4095 = 0
stat.pool.101.memq.load.service_bucket.1024_4095 = 0
stat.pool.101.memq.load.total_bucket.1024_4095 = 0
stat.pool.101.memq.load.ahead_total_pkts_bucket.5_8 = 124
stat.pool.101.memq.load.ahead_total_bytes_bucket.1025_4096 = 0
stat.pool.101.memq.load.queue_wait_bucket.4096_plus = 0
stat.pool.101.memq.load.service_bucket.4096_plus = 0
stat.pool.101.memq.load.total_bucket.4096_plus = 0
stat.pool.101.memq.load.ahead_total_pkts_bucket.9_plus = 1
stat.pool.101.memq.load.ahead_total_bytes_bucket.4097_plus = 0
stat.pool.101.respq.load.attempted = 5777
stat.pool.101.respq.load.completed = 5777
stat.pool.101.respq.load.blocked = 0
stat.pool.101.respq.load.wait_avg_cycles = 0
stat.pool.101.respq.load.wait_max_cycles = 0
stat.pool.101.memq.rfo.completed = 1399
stat.pool.101.memq.rfo.response_completed = 1399
stat.pool.101.memq.rfo.queue_wait_avg_cycles = 1.05933
stat.pool.101.memq.rfo.queue_wait_max_cycles = 4
stat.pool.101.memq.rfo.service_avg_cycles = 75
stat.pool.101.memq.rfo.service_max_cycles = 75
stat.pool.101.memq.rfo.total_avg_cycles = 76.0593
stat.pool.101.memq.rfo.total_max_cycles = 79
stat.pool.101.memq.rfo.ahead_pkts_avg.load = 0.566119
stat.pool.101.memq.rfo.ahead_pkts_max.load = 5
stat.pool.101.memq.rfo.ahead_bytes_avg.load = 0.566119
stat.pool.101.memq.rfo.ahead_bytes_max.load = 5
stat.pool.101.memq.rfo.ahead_pkts_avg.rfo = 0.175125
stat.pool.101.memq.rfo.ahead_pkts_max.rfo = 3
stat.pool.101.memq.rfo.ahead_bytes_avg.rfo = 0.175125
stat.pool.101.memq.rfo.ahead_bytes_max.rfo = 3
stat.pool.101.memq.rfo.ahead_pkts_avg.write = 0.610436
stat.pool.101.memq.rfo.ahead_pkts_max.write = 3
stat.pool.101.memq.rfo.ahead_bytes_avg.write = 0.610436
stat.pool.101.memq.rfo.ahead_bytes_max.write = 3
stat.pool.101.memq.rfo.ahead_pkts_avg.other = 0
stat.pool.101.memq.rfo.ahead_pkts_max.other = 0
stat.pool.101.memq.rfo.ahead_bytes_avg.other = 0
stat.pool.101.memq.rfo.ahead_bytes_max.other = 0
stat.pool.101.memq.rfo.queue_wait_bucket.0 = 0
stat.pool.101.memq.rfo.service_bucket.0 = 0
stat.pool.101.memq.rfo.total_bucket.0 = 0
stat.pool.101.memq.rfo.ahead_total_pkts_bucket.0 = 395
stat.pool.101.memq.rfo.ahead_total_bytes_bucket.0 = 395
stat.pool.101.memq.rfo.queue_wait_bucket.1_63 = 1399
stat.pool.101.memq.rfo.service_bucket.1_63 = 0
stat.pool.101.memq.rfo.total_bucket.1_63 = 0
stat.pool.101.memq.rfo.ahead_total_pkts_bucket.1 = 455
stat.pool.101.memq.rfo.ahead_total_bytes_bucket.1_64 = 1004
stat.pool.101.memq.rfo.queue_wait_bucket.64_255 = 0
stat.pool.101.memq.rfo.service_bucket.64_255 = 1399
stat.pool.101.memq.rfo.total_bucket.64_255 = 1399
stat.pool.101.memq.rfo.ahead_total_pkts_bucket.2 = 325
stat.pool.101.memq.rfo.ahead_total_bytes_bucket.65_256 = 0
stat.pool.101.memq.rfo.queue_wait_bucket.256_1023 = 0
stat.pool.101.memq.rfo.service_bucket.256_1023 = 0
stat.pool.101.memq.rfo.total_bucket.256_1023 = 0
stat.pool.101.memq.rfo.ahead_total_pkts_bucket.3_4 = 199
stat.pool.101.memq.rfo.ahead_total_bytes_bucket.257_1024 = 0
stat.pool.101.memq.rfo.queue_wait_bucket.1024_4095 = 0
stat.pool.101.memq.rfo.service_bucket.1024_4095 = 0
stat.pool.101.memq.rfo.total_bucket.1024_4095 = 0
stat.pool.101.memq.rfo.ahead_total_pkts_bucket.5_8 = 25
stat.pool.101.memq.rfo.ahead_total_bytes_bucket.1025_4096 = 0
stat.pool.101.memq.rfo.queue_wait_bucket.4096_plus = 0
stat.pool.101.memq.rfo.service_bucket.4096_plus = 0
stat.pool.101.memq.rfo.total_bucket.4096_plus = 0
stat.pool.101.memq.rfo.ahead_total_pkts_bucket.9_plus = 0
stat.pool.101.memq.rfo.ahead_total_bytes_bucket.4097_plus = 0
stat.pool.101.respq.rfo.attempted = 1399
stat.pool.101.respq.rfo.completed = 1399
stat.pool.101.respq.rfo.blocked = 0
stat.pool.101.respq.rfo.wait_avg_cycles = 0
stat.pool.101.respq.rfo.wait_max_cycles = 0
stat.pool.101.memq.write.completed = 2943
stat.pool.101.memq.write.response_completed = 0
stat.pool.101.memq.write.queue_wait_avg_cycles = 1
stat.pool.101.memq.write.queue_wait_max_cycles = 1
stat.pool.101.memq.write.service_avg_cycles = 75
stat.pool.101.memq.write.service_max_cycles = 75
stat.pool.101.memq.write.total_avg_cycles = 76
stat.pool.101.memq.write.total_max_cycles = 76
stat.pool.101.memq.write.ahead_pkts_avg.load = 0.264696
stat.pool.101.memq.write.ahead_pkts_max.load = 4
stat.pool.101.memq.write.ahead_bytes_avg.load = 0.264696
stat.pool.101.memq.write.ahead_bytes_max.load = 4
stat.pool.101.memq.write.ahead_pkts_avg.rfo = 0.0638804
stat.pool.101.memq.write.ahead_pkts_max.rfo = 2
stat.pool.101.memq.write.ahead_bytes_avg.rfo = 0.0638804
stat.pool.101.memq.write.ahead_bytes_max.rfo = 2
stat.pool.101.memq.write.ahead_pkts_avg.write = 0.376826
stat.pool.101.memq.write.ahead_pkts_max.write = 3
stat.pool.101.memq.write.ahead_bytes_avg.write = 0.376826
stat.pool.101.memq.write.ahead_bytes_max.write = 3
stat.pool.101.memq.write.ahead_pkts_avg.other = 0
stat.pool.101.memq.write.ahead_pkts_max.other = 0
stat.pool.101.memq.write.ahead_bytes_avg.other = 0
stat.pool.101.memq.write.ahead_bytes_max.other = 0
stat.pool.101.memq.write.queue_wait_bucket.0 = 0
stat.pool.101.memq.write.service_bucket.0 = 0
stat.pool.101.memq.write.total_bucket.0 = 0
stat.pool.101.memq.write.ahead_total_pkts_bucket.0 = 1593
stat.pool.101.memq.write.ahead_total_bytes_bucket.0 = 1593
stat.pool.101.memq.write.queue_wait_bucket.1_63 = 2943
stat.pool.101.memq.write.service_bucket.1_63 = 0
stat.pool.101.memq.write.total_bucket.1_63 = 0
stat.pool.101.memq.write.ahead_total_pkts_bucket.1 = 826
stat.pool.101.memq.write.ahead_total_bytes_bucket.1_64 = 1350
stat.pool.101.memq.write.queue_wait_bucket.64_255 = 0
stat.pool.101.memq.write.service_bucket.64_255 = 2943
stat.pool.101.memq.write.total_bucket.64_255 = 2943
stat.pool.101.memq.write.ahead_total_pkts_bucket.2 = 363
stat.pool.101.memq.write.ahead_total_bytes_bucket.65_256 = 0
stat.pool.101.memq.write.queue_wait_bucket.256_1023 = 0
stat.pool.101.memq.write.service_bucket.256_1023 = 0
stat.pool.101.memq.write.total_bucket.256_1023 = 0
stat.pool.101.memq.write.ahead_total_pkts_bucket.3_4 = 155
stat.pool.101.memq.write.ahead_total_bytes_bucket.257_1024 = 0
stat.pool.101.memq.write.queue_wait_bucket.1024_4095 = 0
stat.pool.101.memq.write.service_bucket.1024_4095 = 0
stat.pool.101.memq.write.total_bucket.1024_4095 = 0
stat.pool.101.memq.write.ahead_total_pkts_bucket.5_8 = 6
stat.pool.101.memq.write.ahead_total_bytes_bucket.1025_4096 = 0
stat.pool.101.memq.write.queue_wait_bucket.4096_plus = 0
stat.pool.101.memq.write.service_bucket.4096_plus = 0
stat.pool.101.memq.write.total_bucket.4096_plus = 0
stat.pool.101.memq.write.ahead_total_pkts_bucket.9_plus = 0
stat.pool.101.memq.write.ahead_total_bytes_bucket.4097_plus = 0
stat.pool.101.respq.write.attempted = 0
stat.pool.101.respq.write.completed = 0
stat.pool.101.respq.write.blocked = 0
stat.pool.101.respq.write.wait_avg_cycles = 0
stat.pool.101.respq.write.wait_max_cycles = 0
stat.pool.101.memq.other.completed = 5
stat.pool.101.memq.other.response_completed = 5
stat.pool.101.memq.other.queue_wait_avg_cycles = 1
stat.pool.101.memq.other.queue_wait_max_cycles = 1
stat.pool.101.memq.other.service_avg_cycles = 75
stat.pool.101.memq.other.service_max_cycles = 75
stat.pool.101.memq.other.total_avg_cycles = 76
stat.pool.101.memq.other.total_max_cycles = 76
stat.pool.101.memq.other.ahead_pkts_avg.load = 0.6
stat.pool.101.memq.other.ahead_pkts_max.load = 1
stat.pool.101.memq.other.ahead_bytes_avg.load = 0.6
stat.pool.101.memq.other.ahead_bytes_max.load = 1
stat.pool.101.memq.other.ahead_pkts_avg.rfo = 0
stat.pool.101.memq.other.ahead_pkts_max.rfo = 0
stat.pool.101.memq.other.ahead_bytes_avg.rfo = 0
stat.pool.101.memq.other.ahead_bytes_max.rfo = 0
stat.pool.101.memq.other.ahead_pkts_avg.write = 0.6
stat.pool.101.memq.other.ahead_pkts_max.write = 1
stat.pool.101.memq.other.ahead_bytes_avg.write = 0.6
stat.pool.101.memq.other.ahead_bytes_max.write = 1
stat.pool.101.memq.other.ahead_pkts_avg.other = 0
stat.pool.101.memq.other.ahead_pkts_max.other = 0
stat.pool.101.memq.other.ahead_bytes_avg.other = 0
stat.pool.101.memq.other.ahead_bytes_max.other = 0
stat.pool.101.memq.other.queue_wait_bucket.0 = 0
stat.pool.101.memq.other.service_bucket.0 = 0
stat.pool.101.memq.other.total_bucket.0 = 0
stat.pool.101.memq.other.ahead_total_pkts_bucket.0 = 1
stat.pool.101.memq.other.ahead_total_bytes_bucket.0 = 1
stat.pool.101.memq.other.queue_wait_bucket.1_63 = 5
stat.pool.101.memq.other.service_bucket.1_63 = 0
stat.pool.101.memq.other.total_bucket.1_63 = 0
stat.pool.101.memq.other.ahead_total_pkts_bucket.1 = 2
stat.pool.101.memq.other.ahead_total_bytes_bucket.1_64 = 4
stat.pool.101.memq.other.queue_wait_bucket.64_255 = 0
stat.pool.101.memq.other.service_bucket.64_255 = 5
stat.pool.101.memq.other.total_bucket.64_255 = 5
stat.pool.101.memq.other.ahead_total_pkts_bucket.2 = 2
stat.pool.101.memq.other.ahead_total_bytes_bucket.65_256 = 0
stat.pool.101.memq.other.queue_wait_bucket.256_1023 = 0
stat.pool.101.memq.other.service_bucket.256_1023 = 0
stat.pool.101.memq.other.total_bucket.256_1023 = 0
stat.pool.101.memq.other.ahead_total_pkts_bucket.3_4 = 0
stat.pool.101.memq.other.ahead_total_bytes_bucket.257_1024 = 0
stat.pool.101.memq.other.queue_wait_bucket.1024_4095 = 0
stat.pool.101.memq.other.service_bucket.1024_4095 = 0
stat.pool.101.memq.other.total_bucket.1024_4095 = 0
stat.pool.101.memq.other.ahead_total_pkts_bucket.5_8 = 0
stat.pool.101.memq.other.ahead_total_bytes_bucket.1025_4096 = 0
stat.pool.101.memq.other.queue_wait_bucket.4096_plus = 0
stat.pool.101.memq.other.service_bucket.4096_plus = 0
stat.pool.101.memq.other.total_bucket.4096_plus = 0
stat.pool.101.memq.other.ahead_total_pkts_bucket.9_plus = 0
stat.pool.101.memq.other.ahead_total_bytes_bucket.4097_plus = 0
stat.pool.101.respq.other.attempted = 5
stat.pool.101.respq.other.completed = 5
stat.pool.101.respq.other.blocked = 0
stat.pool.101.respq.other.wait_avg_cycles = 0
stat.pool.101.respq.other.wait_max_cycles = 0
stat.pool.101.response.returned_burst_max_pkts = 1
stat.pool.101.response.returned_burst_avg_pkts = 1
stat.pool.101.response.returned_burst_stddev_pkts = 0
stat.pool.101.response.returned_nonempty_frac = 0.00877275
stat.pool.101.response.sent_burst_max_pkts = 1
stat.pool.101.response.sent_burst_avg_pkts = 1
stat.pool.101.response.sent_burst_stddev_pkts = 0
stat.pool.101.response.sent_nonempty_frac = 0.00877275
stat.pool.101.response.blocked_cycles = 0
stat.pool.101.response.blocked_avg_pending_pkts = 0
stat.pool.101.response.blocked_max_pending_pkts = 0
stat.pool.101.response.returned_occ_avg_pkts = 0.00877274
stat.pool.101.response.returned_occ_stddev_pkts = 0.0932512
stat.pool.101.response.returned_occ_max_pkts = 1
stat.pool.101.response.pending_occ_avg = 0.667405
stat.pool.101.response.pending_occ_stddev = 0.989134
stat.pool.101.response.pending_occ_max = 8
stat.pool.101.request.accept_src.distinct_avg = 1
stat.pool.101.request.accept_src.distinct_max = 1
stat.pool.101.request.accept_src.nonempty_frac = 0.0123681
stat.pool.101.request.blocked_src.distinct_avg = 0
stat.pool.101.request.blocked_src.distinct_max = 0
stat.pool.101.request.blocked_src.nonempty_frac = 0
stat.pool.101.pending.src.distinct_avg = 1
stat.pool.101.pending.src.distinct_max = 1
stat.pool.101.pending.src.nonempty_frac = 0.407413
stat.pool.101.pending.ready_src.distinct_avg = 1
stat.pool.101.pending.ready_src.distinct_max = 1
stat.pool.101.pending.ready_src.nonempty_frac = 0.00877275
stat.pool.101.response.ready_src.distinct_avg = 1
stat.pool.101.response.ready_src.distinct_max = 1
stat.pool.101.response.ready_src.nonempty_frac = 0.00877275
stat.pool.101.response.sent_dst.distinct_avg = 1
stat.pool.101.response.sent_dst.distinct_max = 1
stat.pool.101.response.sent_dst.nonempty_frac = 0.00877275
stat.pool.101.pending_episode.count = 3087
stat.pool.101.pending_episode.avg_cycles = 108.031
stat.pool.101.pending_episode.max_cycles = 426
stat.pool.101.pending_episode.avg_peak_occ = 2.11079
stat.pool.101.pending_episode.max_peak_occ = 8
stat.pool.101.pending_episode.avg_accepted = 2.57078
stat.pool.101.pending_episode.max_accepted = 13
stat.pool.101.pending_episode.avg_sent = 2.32621
stat.pool.101.pending_episode.max_sent = 8
stat.pool.101.pending_episode.avg_pending_distinct_src = 1
stat.pool.101.pending_episode.max_pending_distinct_src = 1
stat.pool.101.pending_episode.avg_ready_distinct_src = 1
stat.pool.101.pending_episode.max_ready_distinct_src = 1
stat.pool.101.pending_episode.avg_sent_distinct_dst = 1
stat.pool.101.pending_episode.max_sent_distinct_dst = 1
stat.pool.101.response.returned_episode.count = 7181
stat.pool.101.response.returned_episode.avg_cycles = 1
stat.pool.101.response.returned_episode.max_cycles = 1
stat.pool.101.response.returned_episode.avg_peak_occ = 1
stat.pool.101.response.returned_episode.max_peak_occ = 1
stat.pool.101.response.returned_episode.avg_sent = 1
stat.pool.101.response.returned_episode.max_sent = 1
stat.pool.101.response.returned_episode.avg_ready_distinct_src = 1
stat.pool.101.response.returned_episode.max_ready_distinct_src = 1
stat.pool.101.response.returned_episode.avg_sent_distinct_dst = 1
stat.pool.101.response.returned_episode.max_sent_distinct_dst = 1
stat.pool.101.node.0.pending_occ_avg = 0.667406
stat.pool.101.node.0.pending_occ_max = 8
stat.pool.101.node.0.ready_occ_avg = 0.00877275
stat.pool.101.node.0.ready_occ_max = 1
stat.pool.101.node.0.pending_age_avg_cycles = 37.5394
stat.pool.101.node.0.pending_age_max_cycles = 80
stat.pool.101.node.0.ready_age_avg_cycles = 0
stat.pool.101.node.0.ready_age_max_cycles = 0
stat.pool.101.node.0.request_enqueued.load = 5777
stat.pool.101.node.0.request_blocked.load = 0
stat.pool.101.node.0.response_ready.load = 5777
stat.pool.101.node.0.response_sent.load = 5777
stat.pool.101.node.0.response_blocked.load = 0
stat.pool.101.node.0.pending_occ_avg.load = 0.536949
stat.pool.101.node.0.pending_occ_max.load = 8
stat.pool.101.node.0.ready_occ_avg.load = 0.00705754
stat.pool.101.node.0.ready_occ_max.load = 1
stat.pool.101.node.0.mem_ready_avg_cycles.load = 75.0815
stat.pool.101.node.0.mem_ready_max_cycles.load = 80
stat.pool.101.node.0.response_wait_avg_cycles.load = 0
stat.pool.101.node.0.response_wait_max_cycles.load = 0
stat.pool.101.node.0.request_enqueue_gap_avg_cycles.load = 141.654
stat.pool.101.node.0.request_enqueue_gap_max_cycles.load = 907
stat.pool.101.node.0.response_ready_gap_avg_cycles.load = 141.654
stat.pool.101.node.0.response_ready_gap_max_cycles.load = 907
stat.pool.101.node.0.response_sent_gap_avg_cycles.load = 141.654
stat.pool.101.node.0.response_sent_gap_max_cycles.load = 907
stat.pool.101.node.0.total_turnaround_avg_cycles.load = 75.0815
stat.pool.101.node.0.total_turnaround_max_cycles.load = 80
stat.pool.101.node.0.request_enqueued.rfo = 1399
stat.pool.101.node.0.request_blocked.rfo = 0
stat.pool.101.node.0.response_ready.rfo = 1399
stat.pool.101.node.0.response_sent.rfo = 1399
stat.pool.101.node.0.response_blocked.rfo = 0
stat.pool.101.node.0.pending_occ_avg.rfo = 0.129993
stat.pool.101.node.0.pending_occ_max.rfo = 4
stat.pool.101.node.0.ready_occ_avg.rfo = 0.00170911
stat.pool.101.node.0.ready_occ_max.rfo = 1
stat.pool.101.node.0.mem_ready_avg_cycles.rfo = 75.0593
stat.pool.101.node.0.mem_ready_max_cycles.rfo = 78
stat.pool.101.node.0.response_wait_avg_cycles.rfo = 0
stat.pool.101.node.0.response_wait_max_cycles.rfo = 0
stat.pool.101.node.0.request_enqueue_gap_avg_cycles.rfo = 584.927
stat.pool.101.node.0.request_enqueue_gap_max_cycles.rfo = 4417
stat.pool.101.node.0.response_ready_gap_avg_cycles.rfo = 584.927
stat.pool.101.node.0.response_ready_gap_max_cycles.rfo = 4417
stat.pool.101.node.0.response_sent_gap_avg_cycles.rfo = 584.927
stat.pool.101.node.0.response_sent_gap_max_cycles.rfo = 4417
stat.pool.101.node.0.total_turnaround_avg_cycles.rfo = 75.0593
stat.pool.101.node.0.total_turnaround_max_cycles.rfo = 78
stat.pool.101.node.0.request_enqueued.write = 2943
stat.pool.101.node.0.request_blocked.write = 0
stat.pool.101.node.0.response_ready.write = 0
stat.pool.101.node.0.response_sent.write = 0
stat.pool.101.node.0.response_blocked.write = 0
stat.pool.101.node.0.pending_occ_avg.write = 0
stat.pool.101.node.0.pending_occ_max.write = 0
stat.pool.101.node.0.ready_occ_avg.write = 0
stat.pool.101.node.0.ready_occ_max.write = 0
stat.pool.101.node.0.mem_ready_avg_cycles.write = 0
stat.pool.101.node.0.mem_ready_max_cycles.write = 0
stat.pool.101.node.0.response_wait_avg_cycles.write = 0
stat.pool.101.node.0.response_wait_max_cycles.write = 0
stat.pool.101.node.0.request_enqueue_gap_avg_cycles.write = 278.05
stat.pool.101.node.0.request_enqueue_gap_max_cycles.write = 2075
stat.pool.101.node.0.response_ready_gap_avg_cycles.write = 0
stat.pool.101.node.0.response_ready_gap_max_cycles.write = 0
stat.pool.101.node.0.response_sent_gap_avg_cycles.write = 0
stat.pool.101.node.0.response_sent_gap_max_cycles.write = 0
stat.pool.101.node.0.total_turnaround_avg_cycles.write = 0
stat.pool.101.node.0.total_turnaround_max_cycles.write = 0
stat.pool.101.node.0.request_enqueued.other = 5
stat.pool.101.node.0.request_blocked.other = 0
stat.pool.101.node.0.response_ready.other = 5
stat.pool.101.node.0.response_sent.other = 5
stat.pool.101.node.0.response_blocked.other = 0
stat.pool.101.node.0.pending_occ_avg.other = 0.000464232
stat.pool.101.node.0.pending_occ_max.other = 1
stat.pool.101.node.0.ready_occ_avg.other = 6.10831e-06
stat.pool.101.node.0.ready_occ_max.other = 1
stat.pool.101.node.0.mem_ready_avg_cycles.other = 75
stat.pool.101.node.0.mem_ready_max_cycles.other = 75
stat.pool.101.node.0.response_wait_avg_cycles.other = 0
stat.pool.101.node.0.response_wait_max_cycles.other = 0
stat.pool.101.node.0.request_enqueue_gap_avg_cycles.other = 171150
stat.pool.101.node.0.request_enqueue_gap_max_cycles.other = 310093
stat.pool.101.node.0.response_ready_gap_avg_cycles.other = 171150
stat.pool.101.node.0.response_ready_gap_max_cycles.other = 310093
stat.pool.101.node.0.response_sent_gap_avg_cycles.other = 171150
stat.pool.101.node.0.response_sent_gap_max_cycles.other = 310093
stat.pool.101.node.0.total_turnaround_avg_cycles.other = 75
stat.pool.101.node.0.total_turnaround_max_cycles.other = 75
stat.pool.101.fabric.port_count = 1
stat.pool.101.fabric.ingress_wait_avg_cycles = 132.509
stat.pool.101.fabric.egress_wait_avg_cycles = 1
stat.pool.101.fabric.ingress_wait_max_cycles = 146
stat.pool.101.fabric.egress_wait_max_cycles = 1
stat.pool.101.fabric.ingress_queue_wait_avg_cycles = 2.40399
stat.pool.101.fabric.ingress_queue_wait_max_cycles = 22
stat.pool.101.fabric.ingress_occ_bytes = 0
stat.pool.101.fabric.ready_wait_avg_cycles = 0
stat.pool.101.fabric.ready_wait_max_cycles = 0
stat.pool.101.fabric.ready_occ_avg_pkts = 0.0123681
stat.pool.101.fabric.ready_occ_pkts = 0
stat.pool.101.fabric.ready_occ_max_pkts = 1
stat.pool.101.fabric.ready_retry_count = 0
stat.pool.101.fabric.ingress_arrival_burst_max_pkts = 1
stat.pool.101.fabric.ingress_arrival_burst_max_bytes = 64
stat.pool.101.fabric.ingress_arrival_burst_avg_pkts = 1
stat.pool.101.fabric.ingress_arrival_burst_avg_bytes = 24.2789
stat.pool.101.fabric.ingress_arrival_burst_stddev_pkts = 0
stat.pool.101.fabric.ingress_arrival_burst_stddev_bytes = 25.4287
stat.pool.101.fabric.ingress_arrival_nonempty_frac = 0.0123681
stat.pool.101.fabric.ingress_arrival_run_max_cycles = 1
stat.pool.101.fabric.ingress_arrival_run_avg_cycles = 1
stat.pool.101.fabric.ingress_arrival_run_stddev_cycles = 0
stat.pool.101.fabric.ingress_arrival_gap_max_cycles = 675
stat.pool.101.fabric.ingress_arrival_gap_avg_cycles = 79.8348
stat.pool.101.fabric.ingress_arrival_gap_stddev_cycles = 107.665
stat.pool.101.fabric.ingress_release_burst_max_pkts = 1
stat.pool.101.fabric.ingress_release_burst_max_bytes = 64
stat.pool.101.fabric.ingress_release_burst_avg_pkts = 1
stat.pool.101.fabric.ingress_release_burst_avg_bytes = 24.2789
stat.pool.101.fabric.ingress_release_burst_stddev_pkts = 0
stat.pool.101.fabric.ingress_release_burst_stddev_bytes = 25.4287
stat.pool.101.fabric.ingress_release_nonempty_frac = 0.0123681
stat.pool.101.fabric.ingress_release_run_max_cycles = 1
stat.pool.101.fabric.ingress_release_run_avg_cycles = 1
stat.pool.101.fabric.ingress_release_run_stddev_cycles = 0
stat.pool.101.fabric.ingress_release_gap_max_cycles = 695
stat.pool.101.fabric.ingress_release_gap_avg_cycles = 79.8329
stat.pool.101.fabric.ingress_release_gap_stddev_cycles = 111.323
stat.pool.101.fabric.ingress_occ_avg_bytes = 42.0055
stat.pool.101.fabric.ingress_occ_stddev_bytes = 51.756
stat.pool.101.fabric.ingress_occ_max_bytes = 344
stat.pool.101.fabric.ingress_occ_nonempty_frac = 0.664644
stat.pool.101.fabric.ingress_occ_run_max_cycles = 948
stat.pool.101.fabric.ingress_occ_run_avg_cycles = 280.582
stat.pool.101.fabric.ingress_occ_run_stddev_cycles = 139.439
stat.pool.101.fabric.ingress_occ_gap_max_cycles = 553
stat.pool.101.fabric.ingress_occ_gap_avg_cycles = 141.54
stat.pool.101.fabric.ingress_occ_gap_stddev_cycles = 114.205
stat.pool.101.fabric.rx_bytes.demand_req = 57408
stat.pool.101.fabric.tx_bytes.demand_req = 0
stat.pool.101.fabric.rx_pkts.demand_req = 7176
stat.pool.101.fabric.tx_pkts.demand_req = 0
stat.pool.101.fabric.rx_bytes.write_req = 188352
stat.pool.101.fabric.tx_bytes.write_req = 0
stat.pool.101.fabric.rx_pkts.write_req = 2943
stat.pool.101.fabric.tx_pkts.write_req = 0
stat.pool.101.fabric.rx_bytes.response = 0
stat.pool.101.fabric.tx_bytes.response = 459584
stat.pool.101.fabric.rx_pkts.response = 0
stat.pool.101.fabric.tx_pkts.response = 7181
stat.pool.101.fabric.rx_bytes.other_req = 40
stat.pool.101.fabric.tx_bytes.other_req = 0
stat.pool.101.fabric.rx_pkts.other_req = 5
stat.pool.101.fabric.tx_pkts.other_req = 0
stat.pool.101.port.switch.ingress_wait_avg_cycles = 132.509
stat.pool.101.port.switch.ingress_wait_max_cycles = 146
stat.pool.101.port.switch.egress_wait_avg_cycles = 1
stat.pool.101.port.switch.egress_wait_max_cycles = 1
stat.pool.101.port.switch.ingress_queue_wait_avg_cycles = 2.40399
stat.pool.101.port.switch.ingress_queue_wait_max_cycles = 22
stat.pool.101.port.switch.egress_occ_avg_bytes = 0
stat.pool.101.port.switch.egress_occ_stddev_bytes = 0
stat.pool.101.port.switch.egress_occ_max_bytes = 0
stat.pool.101.port.switch.egress_occ_nonempty_frac = 0
stat.pool.101.port.switch.egress_blocked_cycles = 0
stat.pool.101.port.switch.egress_blocked_nonempty_frac = 0
stat.pool.101.port.switch.egress_blocked_avg_occ_bytes = 0
stat.pool.101.port.switch.egress_blocked_max_occ_bytes = 0
stat.pool.101.port.switch.egress_send_burst_max_pkts = 1
stat.pool.101.port.switch.egress_send_burst_max_bytes = 64
stat.pool.101.port.switch.egress_send_burst_avg_pkts = 1
stat.pool.101.port.switch.egress_send_burst_avg_bytes = 64
stat.pool.101.port.switch.egress_send_burst_stddev_pkts = 0
stat.pool.101.port.switch.egress_send_burst_stddev_bytes = 0
stat.pool.101.port.switch.egress_send_nonempty_frac = 0.00877275
stat.pool.101.port.switch.ingress_arrival_burst_avg_bytes = 24.2789
stat.pool.101.port.switch.ingress_arrival_nonempty_frac = 0.0123681
stat.pool.101.port.switch.ingress_arrival_run_max_cycles = 1
stat.pool.101.port.switch.ingress_arrival_run_avg_cycles = 1
stat.pool.101.port.switch.ingress_arrival_gap_max_cycles = 675
stat.pool.101.port.switch.ingress_arrival_gap_avg_cycles = 79.8348
stat.pool.101.port.switch.ingress_release_burst_avg_bytes = 24.2789
stat.pool.101.port.switch.ingress_release_nonempty_frac = 0.0123681
stat.pool.101.port.switch.ingress_release_run_max_cycles = 1
stat.pool.101.port.switch.ingress_release_run_avg_cycles = 1
stat.pool.101.port.switch.ingress_release_gap_max_cycles = 695
stat.pool.101.port.switch.ingress_release_gap_avg_cycles = 79.8329
stat.pool.101.port.switch.ingress_occ_avg_bytes = 42.0055
stat.pool.101.port.switch.ingress_occ_stddev_bytes = 51.756
stat.pool.101.port.switch.ingress_occ_max_bytes = 344
stat.pool.101.port.switch.ingress_occ_nonempty_frac = 0.664644
stat.pool.101.port.switch.ingress_occ_run_max_cycles = 948
stat.pool.101.port.switch.ingress_occ_run_avg_cycles = 280.582
stat.pool.101.port.switch.ingress_occ_gap_max_cycles = 553
stat.pool.101.port.switch.ingress_occ_gap_avg_cycles = 141.54
stat.pool.101.port.switch.ingress_wait_avg_cycles.demand_req = 127.391
stat.pool.101.port.switch.ingress_wait_max_cycles.demand_req = 146
stat.pool.101.port.switch.ingress_queue_wait_avg_cycles.demand_req = 3.39061
stat.pool.101.port.switch.ingress_queue_wait_max_cycles.demand_req = 22
stat.pool.101.port.switch.egress_wait_avg_cycles.demand_req = 0
stat.pool.101.port.switch.egress_wait_max_cycles.demand_req = 0
stat.pool.101.port.switch.egress_occ_avg_bytes.demand_req = 0
stat.pool.101.port.switch.egress_occ_max_bytes.demand_req = 0
stat.pool.101.port.switch.egress_blocked_cycles.demand_req = 0
stat.pool.101.port.switch.ingress_arrival_empty_packets.demand_req = 995
stat.pool.101.port.switch.ingress_arrival_nonempty_packets.demand_req = 6181
stat.pool.101.port.switch.ingress_arrival_nonempty_packet_frac.demand_req = 0.861343
stat.pool.101.port.switch.ingress_nonempty_arrival_pre_occ_avg_bytes.demand_req = 78.386
stat.pool.101.port.switch.ingress_nonempty_arrival_pre_occ_max_bytes.demand_req = 336
stat.pool.101.port.switch.ingress_release_after_empty_arrival_packets.demand_req = 995
stat.pool.101.port.switch.ingress_release_after_nonempty_arrival_packets.demand_req = 6181
stat.pool.101.port.switch.ingress_wait_after_empty_arrival_avg_cycles.demand_req = 124
stat.pool.101.port.switch.ingress_wait_after_nonempty_arrival_avg_cycles.demand_req = 127.936
stat.pool.101.port.switch.ingress_queue_wait_after_empty_arrival_avg_cycles.demand_req = 0
stat.pool.101.port.switch.ingress_queue_wait_after_nonempty_arrival_avg_cycles.demand_req = 3.93642
stat.pool.101.port.switch.ingress_queue_wait_after_empty_arrival_max_cycles.demand_req = 0
stat.pool.101.port.switch.ingress_queue_wait_after_nonempty_arrival_max_cycles.demand_req = 22
stat.pool.101.port.switch.rx_bytes.demand_req = 57408
stat.pool.101.port.switch.tx_bytes.demand_req = 0
stat.pool.101.port.switch.rx_pkts.demand_req = 7176
stat.pool.101.port.switch.tx_pkts.demand_req = 0
stat.pool.101.port.switch.ingress_wait_avg_cycles.write_req = 145.002
stat.pool.101.port.switch.ingress_wait_max_cycles.write_req = 146
stat.pool.101.port.switch.ingress_queue_wait_avg_cycles.write_req = 0.00237853
stat.pool.101.port.switch.ingress_queue_wait_max_cycles.write_req = 1
stat.pool.101.port.switch.egress_wait_avg_cycles.write_req = 0
stat.pool.101.port.switch.egress_wait_max_cycles.write_req = 0
stat.pool.101.port.switch.egress_occ_avg_bytes.write_req = 0
stat.pool.101.port.switch.egress_occ_max_bytes.write_req = 0
stat.pool.101.port.switch.egress_blocked_cycles.write_req = 0
stat.pool.101.port.switch.ingress_arrival_empty_packets.write_req = 944
stat.pool.101.port.switch.ingress_arrival_nonempty_packets.write_req = 1999
stat.pool.101.port.switch.ingress_arrival_nonempty_packet_frac.write_req = 0.679239
stat.pool.101.port.switch.ingress_nonempty_arrival_pre_occ_avg_bytes.write_req = 67.7779
stat.pool.101.port.switch.ingress_nonempty_arrival_pre_occ_max_bytes.write_req = 272
stat.pool.101.port.switch.ingress_release_after_empty_arrival_packets.write_req = 944
stat.pool.101.port.switch.ingress_release_after_nonempty_arrival_packets.write_req = 1999
stat.pool.101.port.switch.ingress_wait_after_empty_arrival_avg_cycles.write_req = 145
stat.pool.101.port.switch.ingress_wait_after_nonempty_arrival_avg_cycles.write_req = 145.004
stat.pool.101.port.switch.ingress_queue_wait_after_empty_arrival_avg_cycles.write_req = 0
stat.pool.101.port.switch.ingress_queue_wait_after_nonempty_arrival_avg_cycles.write_req = 0.00350175
stat.pool.101.port.switch.ingress_queue_wait_after_empty_arrival_max_cycles.write_req = 0
stat.pool.101.port.switch.ingress_queue_wait_after_nonempty_arrival_max_cycles.write_req = 1
stat.pool.101.port.switch.rx_bytes.write_req = 188352
stat.pool.101.port.switch.tx_bytes.write_req = 0
stat.pool.101.port.switch.rx_pkts.write_req = 2943
stat.pool.101.port.switch.tx_pkts.write_req = 0
stat.pool.101.port.switch.ingress_wait_avg_cycles.response = 0
stat.pool.101.port.switch.ingress_wait_max_cycles.response = 0
stat.pool.101.port.switch.ingress_queue_wait_avg_cycles.response = 0
stat.pool.101.port.switch.ingress_queue_wait_max_cycles.response = 0
stat.pool.101.port.switch.egress_wait_avg_cycles.response = 1
stat.pool.101.port.switch.egress_wait_max_cycles.response = 1
stat.pool.101.port.switch.egress_occ_avg_bytes.response = 0
stat.pool.101.port.switch.egress_occ_max_bytes.response = 0
stat.pool.101.port.switch.egress_blocked_cycles.response = 0
stat.pool.101.port.switch.ingress_arrival_empty_packets.response = 0
stat.pool.101.port.switch.ingress_arrival_nonempty_packets.response = 0
stat.pool.101.port.switch.ingress_arrival_nonempty_packet_frac.response = 0
stat.pool.101.port.switch.ingress_nonempty_arrival_pre_occ_avg_bytes.response = 0
stat.pool.101.port.switch.ingress_nonempty_arrival_pre_occ_max_bytes.response = 0
stat.pool.101.port.switch.ingress_release_after_empty_arrival_packets.response = 0
stat.pool.101.port.switch.ingress_release_after_nonempty_arrival_packets.response = 0
stat.pool.101.port.switch.ingress_wait_after_empty_arrival_avg_cycles.response = 0
stat.pool.101.port.switch.ingress_wait_after_nonempty_arrival_avg_cycles.response = 0
stat.pool.101.port.switch.ingress_queue_wait_after_empty_arrival_avg_cycles.response = 0
stat.pool.101.port.switch.ingress_queue_wait_after_nonempty_arrival_avg_cycles.response = 0
stat.pool.101.port.switch.ingress_queue_wait_after_empty_arrival_max_cycles.response = 0
stat.pool.101.port.switch.ingress_queue_wait_after_nonempty_arrival_max_cycles.response = 0
stat.pool.101.port.switch.rx_bytes.response = 0
stat.pool.101.port.switch.tx_bytes.response = 459584
stat.pool.101.port.switch.rx_pkts.response = 0
stat.pool.101.port.switch.tx_pkts.response = 7181
stat.pool.101.port.switch.ingress_wait_avg_cycles.other_req = 124
stat.pool.101.port.switch.ingress_wait_max_cycles.other_req = 124
stat.pool.101.port.switch.ingress_queue_wait_avg_cycles.other_req = 0
stat.pool.101.port.switch.ingress_queue_wait_max_cycles.other_req = 0
stat.pool.101.port.switch.egress_wait_avg_cycles.other_req = 0
stat.pool.101.port.switch.egress_wait_max_cycles.other_req = 0
stat.pool.101.port.switch.egress_occ_avg_bytes.other_req = 0
stat.pool.101.port.switch.egress_occ_max_bytes.other_req = 0
stat.pool.101.port.switch.egress_blocked_cycles.other_req = 0
stat.pool.101.port.switch.ingress_arrival_empty_packets.other_req = 0
stat.pool.101.port.switch.ingress_arrival_nonempty_packets.other_req = 5
stat.pool.101.port.switch.ingress_arrival_nonempty_packet_frac.other_req = 1
stat.pool.101.port.switch.ingress_nonempty_arrival_pre_occ_avg_bytes.other_req = 70.4
stat.pool.101.port.switch.ingress_nonempty_arrival_pre_occ_max_bytes.other_req = 192
stat.pool.101.port.switch.ingress_release_after_empty_arrival_packets.other_req = 0
stat.pool.101.port.switch.ingress_release_after_nonempty_arrival_packets.other_req = 5
stat.pool.101.port.switch.ingress_wait_after_empty_arrival_avg_cycles.other_req = 0
stat.pool.101.port.switch.ingress_wait_after_nonempty_arrival_avg_cycles.other_req = 124
stat.pool.101.port.switch.ingress_queue_wait_after_empty_arrival_avg_cycles.other_req = 0
stat.pool.101.port.switch.ingress_queue_wait_after_nonempty_arrival_avg_cycles.other_req = 0
stat.pool.101.port.switch.ingress_queue_wait_after_empty_arrival_max_cycles.other_req = 0
stat.pool.101.port.switch.ingress_queue_wait_after_nonempty_arrival_max_cycles.other_req = 0
stat.pool.101.port.switch.rx_bytes.other_req = 40
stat.pool.101.port.switch.tx_bytes.other_req = 0
stat.pool.101.port.switch.rx_pkts.other_req = 5
stat.pool.101.port.switch.tx_pkts.other_req = 0
stat.pool.101.port.switch.ingress_occ_bucket_bytes.0 = 274508
stat.pool.101.port.switch.ready_occ_bucket_bytes.0 = 808433
stat.pool.101.port.switch.ingress_occ_bucket_bytes.1_64 = 289487
stat.pool.101.port.switch.ready_occ_bucket_bytes.1_64 = 10124
stat.pool.101.port.switch.ingress_occ_bucket_bytes.65_256 = 253136
stat.pool.101.port.switch.ready_occ_bucket_bytes.65_256 = 0
stat.pool.101.port.switch.ingress_occ_bucket_bytes.257_1024 = 1426
stat.pool.101.port.switch.ready_occ_bucket_bytes.257_1024 = 0
stat.pool.101.port.switch.ingress_occ_bucket_bytes.1025_4096 = 0
stat.pool.101.port.switch.ready_occ_bucket_bytes.1025_4096 = 0
stat.pool.101.port.switch.ingress_occ_bucket_bytes.4097_plus = 0
stat.pool.101.port.switch.ready_occ_bucket_bytes.4097_plus = 0
stat.pool.101.port.switch.ingress_episode.count = 1939
stat.pool.101.port.switch.ingress_episode.avg_cycles = 280.582
stat.pool.101.port.switch.ingress_episode.max_cycles = 948
stat.pool.101.port.switch.ingress_episode.avg_peak_occ_bytes = 97.5348
stat.pool.101.port.switch.ingress_episode.max_peak_occ_bytes = 344
stat.pool.101.port.switch.ingress_episode.avg_arrival_pkts = 5.22125
stat.pool.101.port.switch.ingress_episode.max_arrival_pkts = 19
stat.pool.101.port.switch.ingress_episode.avg_arrival_bytes = 126.766
stat.pool.101.port.switch.ingress_episode.max_arrival_bytes = 656
stat.pool.101.port.switch.ingress_episode.avg_release_pkts = 5.22125
stat.pool.101.port.switch.ingress_episode.max_release_pkts = 19
stat.pool.101.port.switch.ingress_episode.avg_release_bytes = 126.766
stat.pool.101.port.switch.ingress_episode.max_release_bytes = 656
stat.pool.101.port.switch.ingress_episode.avg_wait_cycles = 691.86
stat.pool.101.port.switch.ingress_episode.max_wait_cycles = 146
stat.pool.101.port.switch.ingress_episode.avg_queue_wait_cycles = 12.5518
stat.pool.101.port.switch.ingress_episode.max_queue_wait_cycles = 22
stat.pool.101.port.switch.ingress_episode.avg_src_distinct = 1
stat.pool.101.port.switch.ingress_episode.max_src_distinct = 1
stat.pool.101.port.switch.ingress_episode.avg_dst_distinct = 1
stat.pool.101.port.switch.ingress_episode.max_dst_distinct = 1
stat.pool.101.port.switch.ingress_episode.avg_arrival_pkts.demand_req = 3.70088
stat.pool.101.port.switch.ingress_episode.max_arrival_pkts.demand_req = 10
stat.pool.101.port.switch.ingress_episode.avg_release_pkts.demand_req = 3.70088
stat.pool.101.port.switch.ingress_episode.max_release_pkts.demand_req = 10
stat.pool.101.port.switch.ingress_pre_occ_bucket.demand_req.0 = 995
stat.pool.101.port.switch.ingress_queue_wait_bucket.demand_req.0 = 5708
stat.pool.101.port.switch.ingress_pre_occ_bucket.demand_req.1_64 = 2625
stat.pool.101.port.switch.ingress_queue_wait_bucket.demand_req.1_63 = 1468
stat.pool.101.port.switch.ingress_pre_occ_bucket.demand_req.65_256 = 3520
stat.pool.101.port.switch.ingress_queue_wait_bucket.demand_req.64_255 = 0
stat.pool.101.port.switch.ingress_pre_occ_bucket.demand_req.257_1024 = 36
stat.pool.101.port.switch.ingress_queue_wait_bucket.demand_req.256_1023 = 0
stat.pool.101.port.switch.ingress_pre_occ_bucket.demand_req.1025_4096 = 0
stat.pool.101.port.switch.ingress_queue_wait_bucket.demand_req.1024_4095 = 0
stat.pool.101.port.switch.ingress_pre_occ_bucket.demand_req.4097_plus = 0
stat.pool.101.port.switch.ingress_queue_wait_bucket.demand_req.4096_plus = 0
stat.pool.101.port.switch.ingress_episode.avg_arrival_pkts.write_req = 1.51779
stat.pool.101.port.switch.ingress_episode.max_arrival_pkts.write_req = 9
stat.pool.101.port.switch.ingress_episode.avg_release_pkts.write_req = 1.51779
stat.pool.101.port.switch.ingress_episode.max_release_pkts.write_req = 9
stat.pool.101.port.switch.ingress_pre_occ_bucket.write_req.0 = 944
stat.pool.101.port.switch.ingress_queue_wait_bucket.write_req.0 = 2936
stat.pool.101.port.switch.ingress_pre_occ_bucket.write_req.1_64 = 1038
stat.pool.101.port.switch.ingress_queue_wait_bucket.write_req.1_63 = 7
stat.pool.101.port.switch.ingress_pre_occ_bucket.write_req.65_256 = 955
stat.pool.101.port.switch.ingress_queue_wait_bucket.write_req.64_255 = 0
stat.pool.101.port.switch.ingress_pre_occ_bucket.write_req.257_1024 = 6
stat.pool.101.port.switch.ingress_queue_wait_bucket.write_req.256_1023 = 0
stat.pool.101.port.switch.ingress_pre_occ_bucket.write_req.1025_4096 = 0
stat.pool.101.port.switch.ingress_queue_wait_bucket.write_req.1024_4095 = 0
stat.pool.101.port.switch.ingress_pre_occ_bucket.write_req.4097_plus = 0
stat.pool.101.port.switch.ingress_queue_wait_bucket.write_req.4096_plus = 0
stat.pool.101.port.switch.ingress_episode.avg_arrival_pkts.response = 0
stat.pool.101.port.switch.ingress_episode.max_arrival_pkts.response = 0
stat.pool.101.port.switch.ingress_episode.avg_release_pkts.response = 0
stat.pool.101.port.switch.ingress_episode.max_release_pkts.response = 0
stat.pool.101.port.switch.ingress_pre_occ_bucket.response.0 = 0
stat.pool.101.port.switch.ingress_queue_wait_bucket.response.0 = 0
stat.pool.101.port.switch.ingress_pre_occ_bucket.response.1_64 = 0
stat.pool.101.port.switch.ingress_queue_wait_bucket.response.1_63 = 0
stat.pool.101.port.switch.ingress_pre_occ_bucket.response.65_256 = 0
stat.pool.101.port.switch.ingress_queue_wait_bucket.response.64_255 = 0
stat.pool.101.port.switch.ingress_pre_occ_bucket.response.257_1024 = 0
stat.pool.101.port.switch.ingress_queue_wait_bucket.response.256_1023 = 0
stat.pool.101.port.switch.ingress_pre_occ_bucket.response.1025_4096 = 0
stat.pool.101.port.switch.ingress_queue_wait_bucket.response.1024_4095 = 0
stat.pool.101.port.switch.ingress_pre_occ_bucket.response.4097_plus = 0
stat.pool.101.port.switch.ingress_queue_wait_bucket.response.4096_plus = 0
stat.pool.101.port.switch.ingress_episode.avg_arrival_pkts.other_req = 0.00257865
stat.pool.101.port.switch.ingress_episode.max_arrival_pkts.other_req = 1
stat.pool.101.port.switch.ingress_episode.avg_release_pkts.other_req = 0.00257865
stat.pool.101.port.switch.ingress_episode.max_release_pkts.other_req = 1
stat.pool.101.port.switch.ingress_pre_occ_bucket.other_req.0 = 0
stat.pool.101.port.switch.ingress_queue_wait_bucket.other_req.0 = 5
stat.pool.101.port.switch.ingress_pre_occ_bucket.other_req.1_64 = 2
stat.pool.101.port.switch.ingress_queue_wait_bucket.other_req.1_63 = 0
stat.pool.101.port.switch.ingress_pre_occ_bucket.other_req.65_256 = 3
stat.pool.101.port.switch.ingress_queue_wait_bucket.other_req.64_255 = 0
stat.pool.101.port.switch.ingress_pre_occ_bucket.other_req.257_1024 = 0
stat.pool.101.port.switch.ingress_queue_wait_bucket.other_req.256_1023 = 0
stat.pool.101.port.switch.ingress_pre_occ_bucket.other_req.1025_4096 = 0
stat.pool.101.port.switch.ingress_queue_wait_bucket.other_req.1024_4095 = 0
stat.pool.101.port.switch.ingress_pre_occ_bucket.other_req.4097_plus = 0
stat.pool.101.port.switch.ingress_queue_wait_bucket.other_req.4096_plus = 0
stat.pool.101.port.switch.peer_src.0.rx_bytes.demand_req = 57408
stat.pool.101.port.switch.peer_src.0.rx_pkts.demand_req = 7176
stat.pool.101.port.switch.peer_src.0.tx_bytes.demand_req = 0
stat.pool.101.port.switch.peer_src.0.tx_pkts.demand_req = 0
stat.pool.101.port.switch.peer_src.0.ingress_arrivals.demand_req = 7176
stat.pool.101.port.switch.peer_src.0.ingress_arrival_nonempty_packet_frac.demand_req = 0.861343
stat.pool.101.port.switch.peer_src.0.ingress_nonempty_arrival_pre_occ_avg_bytes.demand_req = 78.386
stat.pool.101.port.switch.peer_src.0.ingress_nonempty_arrival_pre_occ_max_bytes.demand_req = 336
stat.pool.101.port.switch.peer_src.0.ingress_wait_avg_cycles.demand_req = 127.391
stat.pool.101.port.switch.peer_src.0.ingress_queue_wait_avg_cycles.demand_req = 3.39061
stat.pool.101.port.switch.peer_src.0.ingress_queue_wait_after_nonempty_arrival_avg_cycles.demand_req = 3.93642
stat.pool.101.port.switch.peer_src.0.ingress_pre_occ_bucket.demand_req.0 = 995
stat.pool.101.port.switch.peer_src.0.ingress_queue_wait_bucket.demand_req.0 = 5708
stat.pool.101.port.switch.peer_src.0.ingress_pre_occ_bucket.demand_req.1_64 = 2625
stat.pool.101.port.switch.peer_src.0.ingress_queue_wait_bucket.demand_req.1_63 = 1468
stat.pool.101.port.switch.peer_src.0.ingress_pre_occ_bucket.demand_req.65_256 = 3520
stat.pool.101.port.switch.peer_src.0.ingress_queue_wait_bucket.demand_req.64_255 = 0
stat.pool.101.port.switch.peer_src.0.ingress_pre_occ_bucket.demand_req.257_1024 = 36
stat.pool.101.port.switch.peer_src.0.ingress_queue_wait_bucket.demand_req.256_1023 = 0
stat.pool.101.port.switch.peer_src.0.ingress_pre_occ_bucket.demand_req.1025_4096 = 0
stat.pool.101.port.switch.peer_src.0.ingress_queue_wait_bucket.demand_req.1024_4095 = 0
stat.pool.101.port.switch.peer_src.0.ingress_pre_occ_bucket.demand_req.4097_plus = 0
stat.pool.101.port.switch.peer_src.0.ingress_queue_wait_bucket.demand_req.4096_plus = 0
stat.pool.101.port.switch.peer_src.0.rx_bytes.write_req = 188352
stat.pool.101.port.switch.peer_src.0.rx_pkts.write_req = 2943
stat.pool.101.port.switch.peer_src.0.tx_bytes.write_req = 0
stat.pool.101.port.switch.peer_src.0.tx_pkts.write_req = 0
stat.pool.101.port.switch.peer_src.0.ingress_arrivals.write_req = 2943
stat.pool.101.port.switch.peer_src.0.ingress_arrival_nonempty_packet_frac.write_req = 0.679239
stat.pool.101.port.switch.peer_src.0.ingress_nonempty_arrival_pre_occ_avg_bytes.write_req = 67.7779
stat.pool.101.port.switch.peer_src.0.ingress_nonempty_arrival_pre_occ_max_bytes.write_req = 272
stat.pool.101.port.switch.peer_src.0.ingress_wait_avg_cycles.write_req = 145.002
stat.pool.101.port.switch.peer_src.0.ingress_queue_wait_avg_cycles.write_req = 0.00237853
stat.pool.101.port.switch.peer_src.0.ingress_queue_wait_after_nonempty_arrival_avg_cycles.write_req = 0.00350175
stat.pool.101.port.switch.peer_src.0.ingress_pre_occ_bucket.write_req.0 = 944
stat.pool.101.port.switch.peer_src.0.ingress_queue_wait_bucket.write_req.0 = 2936
stat.pool.101.port.switch.peer_src.0.ingress_pre_occ_bucket.write_req.1_64 = 1038
stat.pool.101.port.switch.peer_src.0.ingress_queue_wait_bucket.write_req.1_63 = 7
stat.pool.101.port.switch.peer_src.0.ingress_pre_occ_bucket.write_req.65_256 = 955
stat.pool.101.port.switch.peer_src.0.ingress_queue_wait_bucket.write_req.64_255 = 0
stat.pool.101.port.switch.peer_src.0.ingress_pre_occ_bucket.write_req.257_1024 = 6
stat.pool.101.port.switch.peer_src.0.ingress_queue_wait_bucket.write_req.256_1023 = 0
stat.pool.101.port.switch.peer_src.0.ingress_pre_occ_bucket.write_req.1025_4096 = 0
stat.pool.101.port.switch.peer_src.0.ingress_queue_wait_bucket.write_req.1024_4095 = 0
stat.pool.101.port.switch.peer_src.0.ingress_pre_occ_bucket.write_req.4097_plus = 0
stat.pool.101.port.switch.peer_src.0.ingress_queue_wait_bucket.write_req.4096_plus = 0
stat.pool.101.port.switch.peer_src.0.rx_bytes.other_req = 40
stat.pool.101.port.switch.peer_src.0.rx_pkts.other_req = 5
stat.pool.101.port.switch.peer_src.0.tx_bytes.other_req = 0
stat.pool.101.port.switch.peer_src.0.tx_pkts.other_req = 0
stat.pool.101.port.switch.peer_src.0.ingress_arrivals.other_req = 5
stat.pool.101.port.switch.peer_src.0.ingress_arrival_nonempty_packet_frac.other_req = 1
stat.pool.101.port.switch.peer_src.0.ingress_nonempty_arrival_pre_occ_avg_bytes.other_req = 70.4
stat.pool.101.port.switch.peer_src.0.ingress_nonempty_arrival_pre_occ_max_bytes.other_req = 192
stat.pool.101.port.switch.peer_src.0.ingress_wait_avg_cycles.other_req = 124
stat.pool.101.port.switch.peer_src.0.ingress_queue_wait_avg_cycles.other_req = 0
stat.pool.101.port.switch.peer_src.0.ingress_queue_wait_after_nonempty_arrival_avg_cycles.other_req = 0
stat.pool.101.port.switch.peer_src.0.ingress_pre_occ_bucket.other_req.0 = 0
stat.pool.101.port.switch.peer_src.0.ingress_queue_wait_bucket.other_req.0 = 5
stat.pool.101.port.switch.peer_src.0.ingress_pre_occ_bucket.other_req.1_64 = 2
stat.pool.101.port.switch.peer_src.0.ingress_queue_wait_bucket.other_req.1_63 = 0
stat.pool.101.port.switch.peer_src.0.ingress_pre_occ_bucket.other_req.65_256 = 3
stat.pool.101.port.switch.peer_src.0.ingress_queue_wait_bucket.other_req.64_255 = 0
stat.pool.101.port.switch.peer_src.0.ingress_pre_occ_bucket.other_req.257_1024 = 0
stat.pool.101.port.switch.peer_src.0.ingress_queue_wait_bucket.other_req.256_1023 = 0
stat.pool.101.port.switch.peer_src.0.ingress_pre_occ_bucket.other_req.1025_4096 = 0
stat.pool.101.port.switch.peer_src.0.ingress_queue_wait_bucket.other_req.1024_4095 = 0
stat.pool.101.port.switch.peer_src.0.ingress_pre_occ_bucket.other_req.4097_plus = 0
stat.pool.101.port.switch.peer_src.0.ingress_queue_wait_bucket.other_req.4096_plus = 0
stat.pool.101.port.switch.peer_dst.101.rx_bytes.demand_req = 57408
stat.pool.101.port.switch.peer_dst.101.rx_pkts.demand_req = 7176
stat.pool.101.port.switch.peer_dst.101.tx_bytes.demand_req = 0
stat.pool.101.port.switch.peer_dst.101.tx_pkts.demand_req = 0
stat.pool.101.port.switch.peer_dst.101.ingress_arrivals.demand_req = 7176
stat.pool.101.port.switch.peer_dst.101.ingress_arrival_nonempty_packet_frac.demand_req = 0.861343
stat.pool.101.port.switch.peer_dst.101.ingress_nonempty_arrival_pre_occ_avg_bytes.demand_req = 78.386
stat.pool.101.port.switch.peer_dst.101.ingress_nonempty_arrival_pre_occ_max_bytes.demand_req = 336
stat.pool.101.port.switch.peer_dst.101.ingress_wait_avg_cycles.demand_req = 127.391
stat.pool.101.port.switch.peer_dst.101.ingress_queue_wait_avg_cycles.demand_req = 3.39061
stat.pool.101.port.switch.peer_dst.101.ingress_queue_wait_after_nonempty_arrival_avg_cycles.demand_req = 3.93642
stat.pool.101.port.switch.peer_dst.101.ingress_pre_occ_bucket.demand_req.0 = 995
stat.pool.101.port.switch.peer_dst.101.ingress_queue_wait_bucket.demand_req.0 = 5708
stat.pool.101.port.switch.peer_dst.101.ingress_pre_occ_bucket.demand_req.1_64 = 2625
stat.pool.101.port.switch.peer_dst.101.ingress_queue_wait_bucket.demand_req.1_63 = 1468
stat.pool.101.port.switch.peer_dst.101.ingress_pre_occ_bucket.demand_req.65_256 = 3520
stat.pool.101.port.switch.peer_dst.101.ingress_queue_wait_bucket.demand_req.64_255 = 0
stat.pool.101.port.switch.peer_dst.101.ingress_pre_occ_bucket.demand_req.257_1024 = 36
stat.pool.101.port.switch.peer_dst.101.ingress_queue_wait_bucket.demand_req.256_1023 = 0
stat.pool.101.port.switch.peer_dst.101.ingress_pre_occ_bucket.demand_req.1025_4096 = 0
stat.pool.101.port.switch.peer_dst.101.ingress_queue_wait_bucket.demand_req.1024_4095 = 0
stat.pool.101.port.switch.peer_dst.101.ingress_pre_occ_bucket.demand_req.4097_plus = 0
stat.pool.101.port.switch.peer_dst.101.ingress_queue_wait_bucket.demand_req.4096_plus = 0
stat.pool.101.port.switch.peer_dst.101.rx_bytes.write_req = 188352
stat.pool.101.port.switch.peer_dst.101.rx_pkts.write_req = 2943
stat.pool.101.port.switch.peer_dst.101.tx_bytes.write_req = 0
stat.pool.101.port.switch.peer_dst.101.tx_pkts.write_req = 0
stat.pool.101.port.switch.peer_dst.101.ingress_arrivals.write_req = 2943
stat.pool.101.port.switch.peer_dst.101.ingress_arrival_nonempty_packet_frac.write_req = 0.679239
stat.pool.101.port.switch.peer_dst.101.ingress_nonempty_arrival_pre_occ_avg_bytes.write_req = 67.7779
stat.pool.101.port.switch.peer_dst.101.ingress_nonempty_arrival_pre_occ_max_bytes.write_req = 272
stat.pool.101.port.switch.peer_dst.101.ingress_wait_avg_cycles.write_req = 145.002
stat.pool.101.port.switch.peer_dst.101.ingress_queue_wait_avg_cycles.write_req = 0.00237853
stat.pool.101.port.switch.peer_dst.101.ingress_queue_wait_after_nonempty_arrival_avg_cycles.write_req = 0.00350175
stat.pool.101.port.switch.peer_dst.101.ingress_pre_occ_bucket.write_req.0 = 944
stat.pool.101.port.switch.peer_dst.101.ingress_queue_wait_bucket.write_req.0 = 2936
stat.pool.101.port.switch.peer_dst.101.ingress_pre_occ_bucket.write_req.1_64 = 1038
stat.pool.101.port.switch.peer_dst.101.ingress_queue_wait_bucket.write_req.1_63 = 7
stat.pool.101.port.switch.peer_dst.101.ingress_pre_occ_bucket.write_req.65_256 = 955
stat.pool.101.port.switch.peer_dst.101.ingress_queue_wait_bucket.write_req.64_255 = 0
stat.pool.101.port.switch.peer_dst.101.ingress_pre_occ_bucket.write_req.257_1024 = 6
stat.pool.101.port.switch.peer_dst.101.ingress_queue_wait_bucket.write_req.256_1023 = 0
stat.pool.101.port.switch.peer_dst.101.ingress_pre_occ_bucket.write_req.1025_4096 = 0
stat.pool.101.port.switch.peer_dst.101.ingress_queue_wait_bucket.write_req.1024_4095 = 0
stat.pool.101.port.switch.peer_dst.101.ingress_pre_occ_bucket.write_req.4097_plus = 0
stat.pool.101.port.switch.peer_dst.101.ingress_queue_wait_bucket.write_req.4096_plus = 0
stat.pool.101.port.switch.peer_dst.101.rx_bytes.other_req = 40
stat.pool.101.port.switch.peer_dst.101.rx_pkts.other_req = 5
stat.pool.101.port.switch.peer_dst.101.tx_bytes.other_req = 0
stat.pool.101.port.switch.peer_dst.101.tx_pkts.other_req = 0
stat.pool.101.port.switch.peer_dst.101.ingress_arrivals.other_req = 5
stat.pool.101.port.switch.peer_dst.101.ingress_arrival_nonempty_packet_frac.other_req = 1
stat.pool.101.port.switch.peer_dst.101.ingress_nonempty_arrival_pre_occ_avg_bytes.other_req = 70.4
stat.pool.101.port.switch.peer_dst.101.ingress_nonempty_arrival_pre_occ_max_bytes.other_req = 192
stat.pool.101.port.switch.peer_dst.101.ingress_wait_avg_cycles.other_req = 124
stat.pool.101.port.switch.peer_dst.101.ingress_queue_wait_avg_cycles.other_req = 0
stat.pool.101.port.switch.peer_dst.101.ingress_queue_wait_after_nonempty_arrival_avg_cycles.other_req = 0
stat.pool.101.port.switch.peer_dst.101.ingress_pre_occ_bucket.other_req.0 = 0
stat.pool.101.port.switch.peer_dst.101.ingress_queue_wait_bucket.other_req.0 = 5
stat.pool.101.port.switch.peer_dst.101.ingress_pre_occ_bucket.other_req.1_64 = 2
stat.pool.101.port.switch.peer_dst.101.ingress_queue_wait_bucket.other_req.1_63 = 0
stat.pool.101.port.switch.peer_dst.101.ingress_pre_occ_bucket.other_req.65_256 = 3
stat.pool.101.port.switch.peer_dst.101.ingress_queue_wait_bucket.other_req.64_255 = 0
stat.pool.101.port.switch.peer_dst.101.ingress_pre_occ_bucket.other_req.257_1024 = 0
stat.pool.101.port.switch.peer_dst.101.ingress_queue_wait_bucket.other_req.256_1023 = 0
stat.pool.101.port.switch.peer_dst.101.ingress_pre_occ_bucket.other_req.1025_4096 = 0
stat.pool.101.port.switch.peer_dst.101.ingress_queue_wait_bucket.other_req.1024_4095 = 0
stat.pool.101.port.switch.peer_dst.101.ingress_pre_occ_bucket.other_req.4097_plus = 0
stat.pool.101.port.switch.peer_dst.101.ingress_queue_wait_bucket.other_req.4096_plus = 0
stat.pool.101.port.switch.tx_src.101.rx_bytes.response = 0
stat.pool.101.port.switch.tx_src.101.rx_pkts.response = 0
stat.pool.101.port.switch.tx_src.101.tx_bytes.response = 459584
stat.pool.101.port.switch.tx_src.101.tx_pkts.response = 7181
stat.pool.101.port.switch.tx_src.101.ingress_arrivals.response = 0
stat.pool.101.port.switch.tx_src.101.ingress_arrival_nonempty_packet_frac.response = 0
stat.pool.101.port.switch.tx_src.101.ingress_nonempty_arrival_pre_occ_avg_bytes.response = 0
stat.pool.101.port.switch.tx_src.101.ingress_nonempty_arrival_pre_occ_max_bytes.response = 0
stat.pool.101.port.switch.tx_src.101.ingress_wait_avg_cycles.response = 0
stat.pool.101.port.switch.tx_src.101.ingress_queue_wait_avg_cycles.response = 0
stat.pool.101.port.switch.tx_src.101.ingress_queue_wait_after_nonempty_arrival_avg_cycles.response = 0
stat.pool.101.port.switch.tx_src.101.ingress_pre_occ_bucket.response.0 = 0
stat.pool.101.port.switch.tx_src.101.ingress_queue_wait_bucket.response.0 = 0
stat.pool.101.port.switch.tx_src.101.ingress_pre_occ_bucket.response.1_64 = 0
stat.pool.101.port.switch.tx_src.101.ingress_queue_wait_bucket.response.1_63 = 0
stat.pool.101.port.switch.tx_src.101.ingress_pre_occ_bucket.response.65_256 = 0
stat.pool.101.port.switch.tx_src.101.ingress_queue_wait_bucket.response.64_255 = 0
stat.pool.101.port.switch.tx_src.101.ingress_pre_occ_bucket.response.257_1024 = 0
stat.pool.101.port.switch.tx_src.101.ingress_queue_wait_bucket.response.256_1023 = 0
stat.pool.101.port.switch.tx_src.101.ingress_pre_occ_bucket.response.1025_4096 = 0
stat.pool.101.port.switch.tx_src.101.ingress_queue_wait_bucket.response.1024_4095 = 0
stat.pool.101.port.switch.tx_src.101.ingress_pre_occ_bucket.response.4097_plus = 0
stat.pool.101.port.switch.tx_src.101.ingress_queue_wait_bucket.response.4096_plus = 0
stat.pool.101.port.switch.tx_dst.0.rx_bytes.response = 0
stat.pool.101.port.switch.tx_dst.0.rx_pkts.response = 0
stat.pool.101.port.switch.tx_dst.0.tx_bytes.response = 459584
stat.pool.101.port.switch.tx_dst.0.tx_pkts.response = 7181
stat.pool.101.port.switch.tx_dst.0.ingress_arrivals.response = 0
stat.pool.101.port.switch.tx_dst.0.ingress_arrival_nonempty_packet_frac.response = 0
stat.pool.101.port.switch.tx_dst.0.ingress_nonempty_arrival_pre_occ_avg_bytes.response = 0
stat.pool.101.port.switch.tx_dst.0.ingress_nonempty_arrival_pre_occ_max_bytes.response = 0
stat.pool.101.port.switch.tx_dst.0.ingress_wait_avg_cycles.response = 0
stat.pool.101.port.switch.tx_dst.0.ingress_queue_wait_avg_cycles.response = 0
stat.pool.101.port.switch.tx_dst.0.ingress_queue_wait_after_nonempty_arrival_avg_cycles.response = 0
stat.pool.101.port.switch.tx_dst.0.ingress_pre_occ_bucket.response.0 = 0
stat.pool.101.port.switch.tx_dst.0.ingress_queue_wait_bucket.response.0 = 0
stat.pool.101.port.switch.tx_dst.0.ingress_pre_occ_bucket.response.1_64 = 0
stat.pool.101.port.switch.tx_dst.0.ingress_queue_wait_bucket.response.1_63 = 0
stat.pool.101.port.switch.tx_dst.0.ingress_pre_occ_bucket.response.65_256 = 0
stat.pool.101.port.switch.tx_dst.0.ingress_queue_wait_bucket.response.64_255 = 0
stat.pool.101.port.switch.tx_dst.0.ingress_pre_occ_bucket.response.257_1024 = 0
stat.pool.101.port.switch.tx_dst.0.ingress_queue_wait_bucket.response.256_1023 = 0
stat.pool.101.port.switch.tx_dst.0.ingress_pre_occ_bucket.response.1025_4096 = 0
stat.pool.101.port.switch.tx_dst.0.ingress_queue_wait_bucket.response.1024_4095 = 0
stat.pool.101.port.switch.tx_dst.0.ingress_pre_occ_bucket.response.4097_plus = 0
stat.pool.101.port.switch.tx_dst.0.ingress_queue_wait_bucket.response.4096_plus = 0
stat.pool.101.walltime_s = 130.34
stat.pool.101.active_time_s = 9.77989
stat.pool.100.util.mem_avg = 0.0494647
stat.pool.100.util.req_link_avg = 0.117296
stat.pool.100.memq.demand.completed = 7175
stat.pool.100.memq.demand.response_completed = 7175
stat.pool.100.memq.demand.queue_wait_avg_cycles = 1.07805
stat.pool.100.memq.demand.queue_wait_max_cycles = 6
stat.pool.100.memq.demand.service_avg_cycles = 74.9976
stat.pool.100.memq.demand.service_max_cycles = 75
stat.pool.100.memq.demand.total_avg_cycles = 76.0757
stat.pool.100.memq.demand.total_max_cycles = 81
stat.pool.100.memq.demand.ahead_pkts_avg.load = 0.695749
stat.pool.100.memq.demand.ahead_pkts_max.load = 7
stat.pool.100.memq.demand.ahead_bytes_avg.load = 0.695749
stat.pool.100.memq.demand.ahead_bytes_max.load = 7
stat.pool.100.memq.demand.ahead_pkts_avg.rfo = 0.218815
stat.pool.100.memq.demand.ahead_pkts_max.rfo = 3
stat.pool.100.memq.demand.ahead_bytes_avg.rfo = 0.218815
stat.pool.100.memq.demand.ahead_bytes_max.rfo = 3
stat.pool.100.memq.demand.ahead_pkts_avg.write = 0.649895
stat.pool.100.memq.demand.ahead_pkts_max.write = 3
stat.pool.100.memq.demand.ahead_bytes_avg.write = 0.649895
stat.pool.100.memq.demand.ahead_bytes_max.write = 3
stat.pool.100.memq.demand.ahead_pkts_avg.other = 0.000418118
stat.pool.100.memq.demand.ahead_pkts_max.other = 1
stat.pool.100.memq.demand.ahead_bytes_avg.other = 0.000418118
stat.pool.100.memq.demand.ahead_bytes_max.other = 1
stat.pool.100.memq.demand.queue_wait_bucket.0 = 1
stat.pool.100.memq.demand.service_bucket.0 = 0
stat.pool.100.memq.demand.total_bucket.0 = 0
stat.pool.100.memq.demand.ahead_total_pkts_bucket.0 = 1498
stat.pool.100.memq.demand.ahead_total_bytes_bucket.0 = 1498
stat.pool.100.memq.demand.queue_wait_bucket.1_63 = 7174
stat.pool.100.memq.demand.service_bucket.1_63 = 1
stat.pool.100.memq.demand.total_bucket.1_63 = 1
stat.pool.100.memq.demand.ahead_total_pkts_bucket.1 = 2388
stat.pool.100.memq.demand.ahead_total_bytes_bucket.1_64 = 5677
stat.pool.100.memq.demand.queue_wait_bucket.64_255 = 0
stat.pool.100.memq.demand.service_bucket.64_255 = 7174
stat.pool.100.memq.demand.total_bucket.64_255 = 7174
stat.pool.100.memq.demand.ahead_total_pkts_bucket.2 = 1777
stat.pool.100.memq.demand.ahead_total_bytes_bucket.65_256 = 0
stat.pool.100.memq.demand.queue_wait_bucket.256_1023 = 0
stat.pool.100.memq.demand.service_bucket.256_1023 = 0
stat.pool.100.memq.demand.total_bucket.256_1023 = 0
stat.pool.100.memq.demand.ahead_total_pkts_bucket.3_4 = 1365
stat.pool.100.memq.demand.ahead_total_bytes_bucket.257_1024 = 0
stat.pool.100.memq.demand.queue_wait_bucket.1024_4095 = 0
stat.pool.100.memq.demand.service_bucket.1024_4095 = 0
stat.pool.100.memq.demand.total_bucket.1024_4095 = 0
stat.pool.100.memq.demand.ahead_total_pkts_bucket.5_8 = 146
stat.pool.100.memq.demand.ahead_total_bytes_bucket.1025_4096 = 0
stat.pool.100.memq.demand.queue_wait_bucket.4096_plus = 0
stat.pool.100.memq.demand.service_bucket.4096_plus = 0
stat.pool.100.memq.demand.total_bucket.4096_plus = 0
stat.pool.100.memq.demand.ahead_total_pkts_bucket.9_plus = 1
stat.pool.100.memq.demand.ahead_total_bytes_bucket.4097_plus = 0
stat.pool.100.memq.queue_occ_avg_reqs = 0.937044
stat.pool.100.memq.queue_occ_stddev_reqs = 1.21651
stat.pool.100.memq.queue_occ_max_reqs = 10
stat.pool.100.memq.queue_occ_nonempty_frac = 0.492567
stat.pool.100.memq.enqueue_burst_avg_pkts = 1
stat.pool.100.memq.enqueue_burst_stddev_pkts = 0
stat.pool.100.memq.enqueue_burst_max_pkts = 1
stat.pool.100.memq.complete_burst_avg_pkts = 1
stat.pool.100.memq.complete_burst_stddev_pkts = 0
stat.pool.100.memq.complete_burst_max_pkts = 1
stat.pool.100.memq.queue_episode.count = 3080
stat.pool.100.memq.queue_episode.avg_cycles = 130.907
stat.pool.100.memq.queue_episode.max_cycles = 487
stat.pool.100.memq.queue_episode.avg_peak_occ_reqs = 2.66558
stat.pool.100.memq.queue_episode.max_peak_occ_reqs = 10
stat.pool.100.memq.queue_episode.avg_enqueue_pkts = 3.28669
stat.pool.100.memq.queue_episode.max_enqueue_pkts = 15
stat.pool.100.memq.queue_episode.avg_complete_pkts = 3.16429
stat.pool.100.memq.queue_episode.max_complete_pkts = 14
stat.pool.100.memq.queue_occ_bucket.0 = 415363
stat.pool.100.memq.enqueue_burst_bucket.0 = 0
stat.pool.100.memq.complete_burst_bucket.0 = 0
stat.pool.100.memq.queue_occ_bucket.1 = 187243
stat.pool.100.memq.enqueue_burst_bucket.1 = 10123
stat.pool.100.memq.complete_burst_bucket.1 = 10124
stat.pool.100.memq.queue_occ_bucket.2 = 118265
stat.pool.100.memq.enqueue_burst_bucket.2 = 0
stat.pool.100.memq.complete_burst_bucket.2 = 0
stat.pool.100.memq.queue_occ_bucket.3_4 = 87246
stat.pool.100.memq.enqueue_burst_bucket.3_4 = 0
stat.pool.100.memq.complete_burst_bucket.3_4 = 0
stat.pool.100.memq.queue_occ_bucket.5_8 = 10404
stat.pool.100.memq.enqueue_burst_bucket.5_8 = 0
stat.pool.100.memq.complete_burst_bucket.5_8 = 0
stat.pool.100.memq.queue_occ_bucket.9_plus = 37
stat.pool.100.memq.enqueue_burst_bucket.9_plus = 0
stat.pool.100.memq.complete_burst_bucket.9_plus = 0
stat.pool.100.memq.queue_occ_avg_reqs.load = 0.534507
stat.pool.100.memq.queue_occ_max_reqs.load = 8
stat.pool.100.memq.enqueue_burst_avg_pkts.load = 0.568013
stat.pool.100.memq.enqueue_burst_max_pkts.load = 1
stat.pool.100.memq.complete_burst_avg_pkts.load = 0.568056
stat.pool.100.memq.complete_burst_max_pkts.load = 1
stat.pool.100.memq.queue_occ_avg_reqs.rfo = 0.132329
stat.pool.100.memq.queue_occ_max_reqs.rfo = 4
stat.pool.100.memq.enqueue_burst_avg_pkts.rfo = 0.14067
stat.pool.100.memq.enqueue_burst_max_pkts.rfo = 1
stat.pool.100.memq.complete_burst_avg_pkts.rfo = 0.140656
stat.pool.100.memq.complete_burst_max_pkts.rfo = 1
stat.pool.100.memq.queue_occ_avg_reqs.write = 0.269651
stat.pool.100.memq.queue_occ_max_reqs.write = 3
stat.pool.100.memq.enqueue_burst_avg_pkts.write = 0.290724
stat.pool.100.memq.enqueue_burst_max_pkts.write = 1
stat.pool.100.memq.complete_burst_avg_pkts.write = 0.290695
stat.pool.100.memq.complete_burst_max_pkts.write = 1
stat.pool.100.memq.queue_occ_avg_reqs.other = 0.000557077
stat.pool.100.memq.queue_occ_max_reqs.other = 1
stat.pool.100.memq.enqueue_burst_avg_pkts.other = 0.00059271
stat.pool.100.memq.enqueue_burst_max_pkts.other = 1
stat.pool.100.memq.complete_burst_avg_pkts.other = 0.000592651
stat.pool.100.memq.complete_burst_max_pkts.other = 1
stat.pool.100.memq.load.completed = 5751
stat.pool.100.memq.load.response_completed = 5751
stat.pool.100.memq.load.queue_wait_avg_cycles = 1.08086
stat.pool.100.memq.load.queue_wait_max_cycles = 6
stat.pool.100.memq.load.service_avg_cycles = 74.997
stat.pool.100.memq.load.service_max_cycles = 75
stat.pool.100.memq.load.total_avg_cycles = 76.0779
stat.pool.100.memq.load.total_max_cycles = 81
stat.pool.100.memq.load.ahead_pkts_avg.load = 0.723352
stat.pool.100.memq.load.ahead_pkts_max.load = 7
stat.pool.100.memq.load.ahead_bytes_avg.load = 0.723352
stat.pool.100.memq.load.ahead_bytes_max.load = 7
stat.pool.100.memq.load.ahead_pkts_avg.rfo = 0.228134
stat.pool.100.memq.load.ahead_pkts_max.rfo = 3
stat.pool.100.memq.load.ahead_bytes_avg.rfo = 0.228134
stat.pool.100.memq.load.ahead_bytes_max.rfo = 3
stat.pool.100.memq.load.ahead_pkts_avg.write = 0.651017
stat.pool.100.memq.load.ahead_pkts_max.write = 3
stat.pool.100.memq.load.ahead_bytes_avg.write = 0.651017
stat.pool.100.memq.load.ahead_bytes_max.write = 3
stat.pool.100.memq.load.ahead_pkts_avg.other = 0.000521648
stat.pool.100.memq.load.ahead_pkts_max.other = 1
stat.pool.100.memq.load.ahead_bytes_avg.other = 0.000521648
stat.pool.100.memq.load.ahead_bytes_max.other = 1
stat.pool.100.memq.load.queue_wait_bucket.0 = 1
stat.pool.100.memq.load.service_bucket.0 = 0
stat.pool.100.memq.load.total_bucket.0 = 0
stat.pool.100.memq.load.ahead_total_pkts_bucket.0 = 1160
stat.pool.100.memq.load.ahead_total_bytes_bucket.0 = 1160
stat.pool.100.memq.load.queue_wait_bucket.1_63 = 5750
stat.pool.100.memq.load.service_bucket.1_63 = 1
stat.pool.100.memq.load.total_bucket.1_63 = 1
stat.pool.100.memq.load.ahead_total_pkts_bucket.1 = 1864
stat.pool.100.memq.load.ahead_total_bytes_bucket.1_64 = 4591
stat.pool.100.memq.load.queue_wait_bucket.64_255 = 0
stat.pool.100.memq.load.service_bucket.64_255 = 5750
stat.pool.100.memq.load.total_bucket.64_255 = 5750
stat.pool.100.memq.load.ahead_total_pkts_bucket.2 = 1458
stat.pool.100.memq.load.ahead_total_bytes_bucket.65_256 = 0
stat.pool.100.memq.load.queue_wait_bucket.256_1023 = 0
stat.pool.100.memq.load.service_bucket.256_1023 = 0
stat.pool.100.memq.load.total_bucket.256_1023 = 0
stat.pool.100.memq.load.ahead_total_pkts_bucket.3_4 = 1143
stat.pool.100.memq.load.ahead_total_bytes_bucket.257_1024 = 0
stat.pool.100.memq.load.queue_wait_bucket.1024_4095 = 0
stat.pool.100.memq.load.service_bucket.1024_4095 = 0
stat.pool.100.memq.load.total_bucket.1024_4095 = 0
stat.pool.100.memq.load.ahead_total_pkts_bucket.5_8 = 125
stat.pool.100.memq.load.ahead_total_bytes_bucket.1025_4096 = 0
stat.pool.100.memq.load.queue_wait_bucket.4096_plus = 0
stat.pool.100.memq.load.service_bucket.4096_plus = 0
stat.pool.100.memq.load.total_bucket.4096_plus = 0
stat.pool.100.memq.load.ahead_total_pkts_bucket.9_plus = 1
stat.pool.100.memq.load.ahead_total_bytes_bucket.4097_plus = 0
stat.pool.100.respq.load.attempted = 5751
stat.pool.100.respq.load.completed = 5751
stat.pool.100.respq.load.blocked = 0
stat.pool.100.respq.load.wait_avg_cycles = 0
stat.pool.100.respq.load.wait_max_cycles = 0
stat.pool.100.memq.rfo.completed = 1424
stat.pool.100.memq.rfo.response_completed = 1424
stat.pool.100.memq.rfo.queue_wait_avg_cycles = 1.06671
stat.pool.100.memq.rfo.queue_wait_max_cycles = 5
stat.pool.100.memq.rfo.service_avg_cycles = 75
stat.pool.100.memq.rfo.service_max_cycles = 75
stat.pool.100.memq.rfo.total_avg_cycles = 76.0667
stat.pool.100.memq.rfo.total_max_cycles = 80
stat.pool.100.memq.rfo.ahead_pkts_avg.load = 0.58427
stat.pool.100.memq.rfo.ahead_pkts_max.load = 5
stat.pool.100.memq.rfo.ahead_bytes_avg.load = 0.58427
stat.pool.100.memq.rfo.ahead_bytes_max.load = 5
stat.pool.100.memq.rfo.ahead_pkts_avg.rfo = 0.18118
stat.pool.100.memq.rfo.ahead_pkts_max.rfo = 3
stat.pool.100.memq.rfo.ahead_bytes_avg.rfo = 0.18118
stat.pool.100.memq.rfo.ahead_bytes_max.rfo = 3
stat.pool.100.memq.rfo.ahead_pkts_avg.write = 0.645365
stat.pool.100.memq.rfo.ahead_pkts_max.write = 3
stat.pool.100.memq.rfo.ahead_bytes_avg.write = 0.645365
stat.pool.100.memq.rfo.ahead_bytes_max.write = 3
stat.pool.100.memq.rfo.ahead_pkts_avg.other = 0
stat.pool.100.memq.rfo.ahead_pkts_max.other = 0
stat.pool.100.memq.rfo.ahead_bytes_avg.other = 0
stat.pool.100.memq.rfo.ahead_bytes_max.other = 0
stat.pool.100.memq.rfo.queue_wait_bucket.0 = 0
stat.pool.100.memq.rfo.service_bucket.0 = 0
stat.pool.100.memq.rfo.total_bucket.0 = 0
stat.pool.100.memq.rfo.ahead_total_pkts_bucket.0 = 338
stat.pool.100.memq.rfo.ahead_total_bytes_bucket.0 = 338
stat.pool.100.memq.rfo.queue_wait_bucket.1_63 = 1424
stat.pool.100.memq.rfo.service_bucket.1_63 = 0
stat.pool.100.memq.rfo.total_bucket.1_63 = 0
stat.pool.100.memq.rfo.ahead_total_pkts_bucket.1 = 524
stat.pool.100.memq.rfo.ahead_total_bytes_bucket.1_64 = 1086
stat.pool.100.memq.rfo.queue_wait_bucket.64_255 = 0
stat.pool.100.memq.rfo.service_bucket.64_255 = 1424
stat.pool.100.memq.rfo.total_bucket.64_255 = 1424
stat.pool.100.memq.rfo.ahead_total_pkts_bucket.2 = 319
stat.pool.100.memq.rfo.ahead_total_bytes_bucket.65_256 = 0
stat.pool.100.memq.rfo.queue_wait_bucket.256_1023 = 0
stat.pool.100.memq.rfo.service_bucket.256_1023 = 0
stat.pool.100.memq.rfo.total_bucket.256_1023 = 0
stat.pool.100.memq.rfo.ahead_total_pkts_bucket.3_4 = 222
stat.pool.100.memq.rfo.ahead_total_bytes_bucket.257_1024 = 0
stat.pool.100.memq.rfo.queue_wait_bucket.1024_4095 = 0
stat.pool.100.memq.rfo.service_bucket.1024_4095 = 0
stat.pool.100.memq.rfo.total_bucket.1024_4095 = 0
stat.pool.100.memq.rfo.ahead_total_pkts_bucket.5_8 = 21
stat.pool.100.memq.rfo.ahead_total_bytes_bucket.1025_4096 = 0
stat.pool.100.memq.rfo.queue_wait_bucket.4096_plus = 0
stat.pool.100.memq.rfo.service_bucket.4096_plus = 0
stat.pool.100.memq.rfo.total_bucket.4096_plus = 0
stat.pool.100.memq.rfo.ahead_total_pkts_bucket.9_plus = 0
stat.pool.100.memq.rfo.ahead_total_bytes_bucket.4097_plus = 0
stat.pool.100.respq.rfo.attempted = 1424
stat.pool.100.respq.rfo.completed = 1424
stat.pool.100.respq.rfo.blocked = 0
stat.pool.100.respq.rfo.wait_avg_cycles = 0
stat.pool.100.respq.rfo.wait_max_cycles = 0
stat.pool.100.memq.write.completed = 2943
stat.pool.100.memq.write.response_completed = 0
stat.pool.100.memq.write.queue_wait_avg_cycles = 1
stat.pool.100.memq.write.queue_wait_max_cycles = 1
stat.pool.100.memq.write.service_avg_cycles = 75
stat.pool.100.memq.write.service_max_cycles = 75
stat.pool.100.memq.write.total_avg_cycles = 76
stat.pool.100.memq.write.total_max_cycles = 76
stat.pool.100.memq.write.ahead_pkts_avg.load = 0.262657
stat.pool.100.memq.write.ahead_pkts_max.load = 4
stat.pool.100.memq.write.ahead_bytes_avg.load = 0.262657
stat.pool.100.memq.write.ahead_bytes_max.load = 4
stat.pool.100.memq.write.ahead_pkts_avg.rfo = 0.0672783
stat.pool.100.memq.write.ahead_pkts_max.rfo = 3
stat.pool.100.memq.write.ahead_bytes_avg.rfo = 0.0672783
stat.pool.100.memq.write.ahead_bytes_max.rfo = 3
stat.pool.100.memq.write.ahead_pkts_avg.write = 0.376826
stat.pool.100.memq.write.ahead_pkts_max.write = 3
stat.pool.100.memq.write.ahead_bytes_avg.write = 0.376826
stat.pool.100.memq.write.ahead_bytes_max.write = 3
stat.pool.100.memq.write.ahead_pkts_avg.other = 0.000339789
stat.pool.100.memq.write.ahead_pkts_max.other = 1
stat.pool.100.memq.write.ahead_bytes_avg.other = 0.000339789
stat.pool.100.memq.write.ahead_bytes_max.other = 1
stat.pool.100.memq.write.queue_wait_bucket.0 = 0
stat.pool.100.memq.write.service_bucket.0 = 0
stat.pool.100.memq.write.total_bucket.0 = 0
stat.pool.100.memq.write.ahead_total_pkts_bucket.0 = 1603
stat.pool.100.memq.write.ahead_total_bytes_bucket.0 = 1603
stat.pool.100.memq.write.queue_wait_bucket.1_63 = 2943
stat.pool.100.memq.write.service_bucket.1_63 = 0
stat.pool.100.memq.write.total_bucket.1_63 = 0
stat.pool.100.memq.write.ahead_total_pkts_bucket.1 = 812
stat.pool.100.memq.write.ahead_total_bytes_bucket.1_64 = 1340
stat.pool.100.memq.write.queue_wait_bucket.64_255 = 0
stat.pool.100.memq.write.service_bucket.64_255 = 2943
stat.pool.100.memq.write.total_bucket.64_255 = 2943
stat.pool.100.memq.write.ahead_total_pkts_bucket.2 = 355
stat.pool.100.memq.write.ahead_total_bytes_bucket.65_256 = 0
stat.pool.100.memq.write.queue_wait_bucket.256_1023 = 0
stat.pool.100.memq.write.service_bucket.256_1023 = 0
stat.pool.100.memq.write.total_bucket.256_1023 = 0
stat.pool.100.memq.write.ahead_total_pkts_bucket.3_4 = 167
stat.pool.100.memq.write.ahead_total_bytes_bucket.257_1024 = 0
stat.pool.100.memq.write.queue_wait_bucket.1024_4095 = 0
stat.pool.100.memq.write.service_bucket.1024_4095 = 0
stat.pool.100.memq.write.total_bucket.1024_4095 = 0
stat.pool.100.memq.write.ahead_total_pkts_bucket.5_8 = 6
stat.pool.100.memq.write.ahead_total_bytes_bucket.1025_4096 = 0
stat.pool.100.memq.write.queue_wait_bucket.4096_plus = 0
stat.pool.100.memq.write.service_bucket.4096_plus = 0
stat.pool.100.memq.write.total_bucket.4096_plus = 0
stat.pool.100.memq.write.ahead_total_pkts_bucket.9_plus = 0
stat.pool.100.memq.write.ahead_total_bytes_bucket.4097_plus = 0
stat.pool.100.respq.write.attempted = 0
stat.pool.100.respq.write.completed = 0
stat.pool.100.respq.write.blocked = 0
stat.pool.100.respq.write.wait_avg_cycles = 0
stat.pool.100.respq.write.wait_max_cycles = 0
stat.pool.100.memq.other.completed = 6
stat.pool.100.memq.other.response_completed = 6
stat.pool.100.memq.other.queue_wait_avg_cycles = 1
stat.pool.100.memq.other.queue_wait_max_cycles = 1
stat.pool.100.memq.other.service_avg_cycles = 75
stat.pool.100.memq.other.service_max_cycles = 75
stat.pool.100.memq.other.total_avg_cycles = 76
stat.pool.100.memq.other.total_max_cycles = 76
stat.pool.100.memq.other.ahead_pkts_avg.load = 0
stat.pool.100.memq.other.ahead_pkts_max.load = 0
stat.pool.100.memq.other.ahead_bytes_avg.load = 0
stat.pool.100.memq.other.ahead_bytes_max.load = 0
stat.pool.100.memq.other.ahead_pkts_avg.rfo = 0
stat.pool.100.memq.other.ahead_pkts_max.rfo = 0
stat.pool.100.memq.other.ahead_bytes_avg.rfo = 0
stat.pool.100.memq.other.ahead_bytes_max.rfo = 0
stat.pool.100.memq.other.ahead_pkts_avg.write = 0.333333
stat.pool.100.memq.other.ahead_pkts_max.write = 1
stat.pool.100.memq.other.ahead_bytes_avg.write = 0.333333
stat.pool.100.memq.other.ahead_bytes_max.write = 1
stat.pool.100.memq.other.ahead_pkts_avg.other = 0
stat.pool.100.memq.other.ahead_pkts_max.other = 0
stat.pool.100.memq.other.ahead_bytes_avg.other = 0
stat.pool.100.memq.other.ahead_bytes_max.other = 0
stat.pool.100.memq.other.queue_wait_bucket.0 = 0
stat.pool.100.memq.other.service_bucket.0 = 0
stat.pool.100.memq.other.total_bucket.0 = 0
stat.pool.100.memq.other.ahead_total_pkts_bucket.0 = 4
stat.pool.100.memq.other.ahead_total_bytes_bucket.0 = 4
stat.pool.100.memq.other.queue_wait_bucket.1_63 = 6
stat.pool.100.memq.other.service_bucket.1_63 = 0
stat.pool.100.memq.other.total_bucket.1_63 = 0
stat.pool.100.memq.other.ahead_total_pkts_bucket.1 = 2
stat.pool.100.memq.other.ahead_total_bytes_bucket.1_64 = 2
stat.pool.100.memq.other.queue_wait_bucket.64_255 = 0
stat.pool.100.memq.other.service_bucket.64_255 = 6
stat.pool.100.memq.other.total_bucket.64_255 = 6
stat.pool.100.memq.other.ahead_total_pkts_bucket.2 = 0
stat.pool.100.memq.other.ahead_total_bytes_bucket.65_256 = 0
stat.pool.100.memq.other.queue_wait_bucket.256_1023 = 0
stat.pool.100.memq.other.service_bucket.256_1023 = 0
stat.pool.100.memq.other.total_bucket.256_1023 = 0
stat.pool.100.memq.other.ahead_total_pkts_bucket.3_4 = 0
stat.pool.100.memq.other.ahead_total_bytes_bucket.257_1024 = 0
stat.pool.100.memq.other.queue_wait_bucket.1024_4095 = 0
stat.pool.100.memq.other.service_bucket.1024_4095 = 0
stat.pool.100.memq.other.total_bucket.1024_4095 = 0
stat.pool.100.memq.other.ahead_total_pkts_bucket.5_8 = 0
stat.pool.100.memq.other.ahead_total_bytes_bucket.1025_4096 = 0
stat.pool.100.memq.other.queue_wait_bucket.4096_plus = 0
stat.pool.100.memq.other.service_bucket.4096_plus = 0
stat.pool.100.memq.other.total_bucket.4096_plus = 0
stat.pool.100.memq.other.ahead_total_pkts_bucket.9_plus = 0
stat.pool.100.memq.other.ahead_total_bytes_bucket.4097_plus = 0
stat.pool.100.respq.other.attempted = 6
stat.pool.100.respq.other.completed = 6
stat.pool.100.respq.other.blocked = 0
stat.pool.100.respq.other.wait_avg_cycles = 0
stat.pool.100.respq.other.wait_max_cycles = 0
stat.pool.100.response.returned_burst_max_pkts = 1
stat.pool.100.response.returned_burst_avg_pkts = 1
stat.pool.100.response.returned_burst_stddev_pkts = 0
stat.pool.100.response.returned_nonempty_frac = 0.00877275
stat.pool.100.response.sent_burst_max_pkts = 1
stat.pool.100.response.sent_burst_avg_pkts = 1
stat.pool.100.response.sent_burst_stddev_pkts = 0
stat.pool.100.response.sent_nonempty_frac = 0.00877275
stat.pool.100.response.blocked_cycles = 0
stat.pool.100.response.blocked_avg_pending_pkts = 0
stat.pool.100.response.blocked_max_pending_pkts = 0
stat.pool.100.response.returned_occ_avg_pkts = 0.00877274
stat.pool.100.response.returned_occ_stddev_pkts = 0.0932512
stat.pool.100.response.returned_occ_max_pkts = 1
stat.pool.100.response.pending_occ_avg = 0.667393
stat.pool.100.response.pending_occ_stddev = 0.988437
stat.pool.100.response.pending_occ_max = 8
stat.pool.100.request.accept_src.distinct_avg = 1
stat.pool.100.request.accept_src.distinct_max = 1
stat.pool.100.request.accept_src.nonempty_frac = 0.0123669
stat.pool.100.request.blocked_src.distinct_avg = 0
stat.pool.100.request.blocked_src.distinct_max = 0
stat.pool.100.request.blocked_src.nonempty_frac = 0
stat.pool.100.pending.src.distinct_avg = 1
stat.pool.100.pending.src.distinct_max = 1
stat.pool.100.pending.src.nonempty_frac = 0.407531
stat.pool.100.pending.ready_src.distinct_avg = 1
stat.pool.100.pending.ready_src.distinct_max = 1
stat.pool.100.pending.ready_src.nonempty_frac = 0.00877275
stat.pool.100.response.ready_src.distinct_avg = 1
stat.pool.100.response.ready_src.distinct_max = 1
stat.pool.100.response.ready_src.nonempty_frac = 0.00877275
stat.pool.100.response.sent_dst.distinct_avg = 1
stat.pool.100.response.sent_dst.distinct_max = 1
stat.pool.100.response.sent_dst.nonempty_frac = 0.00877275
stat.pool.100.pending_episode.count = 3059
stat.pool.100.pending_episode.avg_cycles = 109.051
stat.pool.100.pending_episode.max_cycles = 476
stat.pool.100.pending_episode.avg_peak_occ = 2.11605
stat.pool.100.pending_episode.max_peak_occ = 8
stat.pool.100.pending_episode.avg_accepted = 2.59497
stat.pool.100.pending_episode.max_accepted = 11
stat.pool.100.pending_episode.avg_sent = 2.3475
stat.pool.100.pending_episode.max_sent = 8
stat.pool.100.pending_episode.avg_pending_distinct_src = 1
stat.pool.100.pending_episode.max_pending_distinct_src = 1
stat.pool.100.pending_episode.avg_ready_distinct_src = 1
stat.pool.100.pending_episode.max_ready_distinct_src = 1
stat.pool.100.pending_episode.avg_sent_distinct_dst = 1
stat.pool.100.pending_episode.max_sent_distinct_dst = 1
stat.pool.100.response.returned_episode.count = 7181
stat.pool.100.response.returned_episode.avg_cycles = 1
stat.pool.100.response.returned_episode.max_cycles = 1
stat.pool.100.response.returned_episode.avg_peak_occ = 1
stat.pool.100.response.returned_episode.max_peak_occ = 1
stat.pool.100.response.returned_episode.avg_sent = 1
stat.pool.100.response.returned_episode.max_sent = 1
stat.pool.100.response.returned_episode.avg_ready_distinct_src = 1
stat.pool.100.response.returned_episode.max_ready_distinct_src = 1
stat.pool.100.response.returned_episode.avg_sent_distinct_dst = 1
stat.pool.100.response.returned_episode.max_sent_distinct_dst = 1
stat.pool.100.node.0.pending_occ_avg = 0.667394
stat.pool.100.node.0.pending_occ_max = 8
stat.pool.100.node.0.ready_occ_avg = 0.00877275
stat.pool.100.node.0.ready_occ_max = 1
stat.pool.100.node.0.pending_age_avg_cycles = 37.5391
stat.pool.100.node.0.pending_age_max_cycles = 80
stat.pool.100.node.0.ready_age_avg_cycles = 0
stat.pool.100.node.0.ready_age_max_cycles = 0
stat.pool.100.node.0.request_enqueued.load = 5750
stat.pool.100.node.0.request_blocked.load = 0
stat.pool.100.node.0.response_ready.load = 5751
stat.pool.100.node.0.response_sent.load = 5751
stat.pool.100.node.0.response_blocked.load = 0
stat.pool.100.node.0.pending_occ_avg.load = 0.534508
stat.pool.100.node.0.pending_occ_max.load = 8
stat.pool.100.node.0.ready_occ_avg.load = 0.00702578
stat.pool.100.node.0.ready_occ_max.load = 1
stat.pool.100.node.0.mem_ready_avg_cycles.load = 75.0781
stat.pool.100.node.0.mem_ready_max_cycles.load = 80
stat.pool.100.node.0.response_wait_avg_cycles.load = 0
stat.pool.100.node.0.response_wait_max_cycles.load = 0
stat.pool.100.node.0.request_enqueue_gap_avg_cycles.load = 142.307
stat.pool.100.node.0.request_enqueue_gap_max_cycles.load = 1050
stat.pool.100.node.0.response_ready_gap_avg_cycles.load = 142.335
stat.pool.100.node.0.response_ready_gap_max_cycles.load = 1050
stat.pool.100.node.0.response_sent_gap_avg_cycles.load = 142.335
stat.pool.100.node.0.response_sent_gap_max_cycles.load = 1050
stat.pool.100.node.0.total_turnaround_avg_cycles.load = 75.0781
stat.pool.100.node.0.total_turnaround_max_cycles.load = 80
stat.pool.100.node.0.request_enqueued.rfo = 1424
stat.pool.100.node.0.request_blocked.rfo = 0
stat.pool.100.node.0.response_ready.rfo = 1424
stat.pool.100.node.0.response_sent.rfo = 1424
stat.pool.100.node.0.response_blocked.rfo = 0
stat.pool.100.node.0.pending_occ_avg.rfo = 0.132329
stat.pool.100.node.0.pending_occ_max.rfo = 4
stat.pool.100.node.0.ready_occ_avg.rfo = 0.00173965
stat.pool.100.node.0.ready_occ_max.rfo = 1
stat.pool.100.node.0.mem_ready_avg_cycles.rfo = 75.0667
stat.pool.100.node.0.mem_ready_max_cycles.rfo = 79
stat.pool.100.node.0.response_wait_avg_cycles.rfo = 0
stat.pool.100.node.0.response_wait_max_cycles.rfo = 0
stat.pool.100.node.0.request_enqueue_gap_avg_cycles.rfo = 574.64
stat.pool.100.node.0.request_enqueue_gap_max_cycles.rfo = 3779
stat.pool.100.node.0.response_ready_gap_avg_cycles.rfo = 574.64
stat.pool.100.node.0.response_ready_gap_max_cycles.rfo = 3780
stat.pool.100.node.0.response_sent_gap_avg_cycles.rfo = 574.64
stat.pool.100.node.0.response_sent_gap_max_cycles.rfo = 3780
stat.pool.100.node.0.total_turnaround_avg_cycles.rfo = 75.0667
stat.pool.100.node.0.total_turnaround_max_cycles.rfo = 79
stat.pool.100.node.0.request_enqueued.write = 2943
stat.pool.100.node.0.request_blocked.write = 0
stat.pool.100.node.0.response_ready.write = 0
stat.pool.100.node.0.response_sent.write = 0
stat.pool.100.node.0.response_blocked.write = 0
stat.pool.100.node.0.pending_occ_avg.write = 0
stat.pool.100.node.0.pending_occ_max.write = 0
stat.pool.100.node.0.ready_occ_avg.write = 0
stat.pool.100.node.0.ready_occ_max.write = 0
stat.pool.100.node.0.mem_ready_avg_cycles.write = 0
stat.pool.100.node.0.mem_ready_max_cycles.write = 0
stat.pool.100.node.0.response_wait_avg_cycles.write = 0
stat.pool.100.node.0.response_wait_max_cycles.write = 0
stat.pool.100.node.0.request_enqueue_gap_avg_cycles.write = 278.05
stat.pool.100.node.0.request_enqueue_gap_max_cycles.write = 2075
stat.pool.100.node.0.response_ready_gap_avg_cycles.write = 0
stat.pool.100.node.0.response_ready_gap_max_cycles.write = 0
stat.pool.100.node.0.response_sent_gap_avg_cycles.write = 0
stat.pool.100.node.0.response_sent_gap_max_cycles.write = 0
stat.pool.100.node.0.total_turnaround_avg_cycles.write = 0
stat.pool.100.node.0.total_turnaround_max_cycles.write = 0
stat.pool.100.node.0.request_enqueued.other = 6
stat.pool.100.node.0.request_blocked.other = 0
stat.pool.100.node.0.response_ready.other = 6
stat.pool.100.node.0.response_sent.other = 6
stat.pool.100.node.0.response_blocked.other = 0
stat.pool.100.node.0.pending_occ_avg.other = 0.000557078
stat.pool.100.node.0.pending_occ_max.other = 1
stat.pool.100.node.0.ready_occ_avg.other = 7.32997e-06
stat.pool.100.node.0.ready_occ_max.other = 1
stat.pool.100.node.0.mem_ready_avg_cycles.other = 75
stat.pool.100.node.0.mem_ready_max_cycles.other = 75
stat.pool.100.node.0.response_wait_avg_cycles.other = 0
stat.pool.100.node.0.response_wait_max_cycles.other = 0
stat.pool.100.node.0.request_enqueue_gap_avg_cycles.other = 107805
stat.pool.100.node.0.request_enqueue_gap_max_cycles.other = 231945
stat.pool.100.node.0.response_ready_gap_avg_cycles.other = 107805
stat.pool.100.node.0.response_ready_gap_max_cycles.other = 231945
stat.pool.100.node.0.response_sent_gap_avg_cycles.other = 107805
stat.pool.100.node.0.response_sent_gap_max_cycles.other = 231945
stat.pool.100.node.0.total_turnaround_avg_cycles.other = 75
stat.pool.100.node.0.total_turnaround_max_cycles.other = 75
stat.pool.100.fabric.port_count = 1
stat.pool.100.fabric.ingress_wait_avg_cycles = 132.565
stat.pool.100.fabric.egress_wait_avg_cycles = 1
stat.pool.100.fabric.ingress_wait_max_cycles = 146
stat.pool.100.fabric.egress_wait_max_cycles = 1
stat.pool.100.fabric.ingress_queue_wait_avg_cycles = 2.46014
stat.pool.100.fabric.ingress_queue_wait_max_cycles = 22
stat.pool.100.fabric.ingress_occ_bytes = 8
stat.pool.100.fabric.ready_wait_avg_cycles = 0
stat.pool.100.fabric.ready_wait_max_cycles = 0
stat.pool.100.fabric.ready_occ_avg_pkts = 0.0123669
stat.pool.100.fabric.ready_occ_pkts = 0
stat.pool.100.fabric.ready_occ_max_pkts = 1
stat.pool.100.fabric.ready_retry_count = 0
stat.pool.100.fabric.ingress_arrival_burst_max_pkts = 1
stat.pool.100.fabric.ingress_arrival_burst_max_bytes = 64
stat.pool.100.fabric.ingress_arrival_burst_avg_pkts = 1
stat.pool.100.fabric.ingress_arrival_burst_avg_bytes = 24.2789
stat.pool.100.fabric.ingress_arrival_burst_stddev_pkts = 0
stat.pool.100.fabric.ingress_arrival_burst_stddev_bytes = 25.4287
stat.pool.100.fabric.ingress_arrival_nonempty_frac = 0.0123681
stat.pool.100.fabric.ingress_arrival_run_max_cycles = 1
stat.pool.100.fabric.ingress_arrival_run_avg_cycles = 1
stat.pool.100.fabric.ingress_arrival_run_stddev_cycles = 0
stat.pool.100.fabric.ingress_arrival_gap_max_cycles = 681
stat.pool.100.fabric.ingress_arrival_gap_avg_cycles = 79.8496
stat.pool.100.fabric.ingress_arrival_gap_stddev_cycles = 107.875
stat.pool.100.fabric.ingress_release_burst_max_pkts = 1
stat.pool.100.fabric.ingress_release_burst_max_bytes = 64
stat.pool.100.fabric.ingress_release_burst_avg_pkts = 1
stat.pool.100.fabric.ingress_release_burst_avg_bytes = 24.2805
stat.pool.100.fabric.ingress_release_burst_stddev_pkts = 0
stat.pool.100.fabric.ingress_release_burst_stddev_bytes = 25.4294
stat.pool.100.fabric.ingress_release_nonempty_frac = 0.0123669
stat.pool.100.fabric.ingress_release_run_max_cycles = 1
stat.pool.100.fabric.ingress_release_run_avg_cycles = 1
stat.pool.100.fabric.ingress_release_run_stddev_cycles = 0
stat.pool.100.fabric.ingress_release_gap_max_cycles = 701
stat.pool.100.fabric.ingress_release_gap_avg_cycles = 79.8409
stat.pool.100.fabric.ingress_release_gap_stddev_cycles = 111.552
stat.pool.100.fabric.ingress_occ_avg_bytes = 42.0102
stat.pool.100.fabric.ingress_occ_stddev_bytes = 51.8109
stat.pool.100.fabric.ingress_occ_max_bytes = 336
stat.pool.100.fabric.ingress_occ_nonempty_frac = 0.664292
stat.pool.100.fabric.ingress_occ_run_max_cycles = 1221
stat.pool.100.fabric.ingress_occ_run_avg_cycles = 278.281
stat.pool.100.fabric.ingress_occ_run_stddev_cycles = 136.56
stat.pool.100.fabric.ingress_occ_gap_max_cycles = 558
stat.pool.100.fabric.ingress_occ_gap_avg_cycles = 140.673
stat.pool.100.fabric.ingress_occ_gap_stddev_cycles = 115.337
stat.pool.100.fabric.rx_bytes.demand_req = 57400
stat.pool.100.fabric.tx_bytes.demand_req = 0
stat.pool.100.fabric.rx_pkts.demand_req = 7175
stat.pool.100.fabric.tx_pkts.demand_req = 0
stat.pool.100.fabric.rx_bytes.write_req = 188352
stat.pool.100.fabric.tx_bytes.write_req = 0
stat.pool.100.fabric.rx_pkts.write_req = 2943
stat.pool.100.fabric.tx_pkts.write_req = 0
stat.pool.100.fabric.rx_bytes.response = 0
stat.pool.100.fabric.tx_bytes.response = 459584
stat.pool.100.fabric.rx_pkts.response = 0
stat.pool.100.fabric.tx_pkts.response = 7181
stat.pool.100.fabric.rx_bytes.other_req = 48
stat.pool.100.fabric.tx_bytes.other_req = 0
stat.pool.100.fabric.rx_pkts.other_req = 6
stat.pool.100.fabric.tx_pkts.other_req = 0
stat.pool.100.port.switch.ingress_wait_avg_cycles = 132.565
stat.pool.100.port.switch.ingress_wait_max_cycles = 146
stat.pool.100.port.switch.egress_wait_avg_cycles = 1
stat.pool.100.port.switch.egress_wait_max_cycles = 1
stat.pool.100.port.switch.ingress_queue_wait_avg_cycles = 2.46014
stat.pool.100.port.switch.ingress_queue_wait_max_cycles = 22
stat.pool.100.port.switch.egress_occ_avg_bytes = 0
stat.pool.100.port.switch.egress_occ_stddev_bytes = 0
stat.pool.100.port.switch.egress_occ_max_bytes = 0
stat.pool.100.port.switch.egress_occ_nonempty_frac = 0
stat.pool.100.port.switch.egress_blocked_cycles = 0
stat.pool.100.port.switch.egress_blocked_nonempty_frac = 0
stat.pool.100.port.switch.egress_blocked_avg_occ_bytes = 0
stat.pool.100.port.switch.egress_blocked_max_occ_bytes = 0
stat.pool.100.port.switch.egress_send_burst_max_pkts = 1
stat.pool.100.port.switch.egress_send_burst_max_bytes = 64
stat.pool.100.port.switch.egress_send_burst_avg_pkts = 1
stat.pool.100.port.switch.egress_send_burst_avg_bytes = 64
stat.pool.100.port.switch.egress_send_burst_stddev_pkts = 0
stat.pool.100.port.switch.egress_send_burst_stddev_bytes = 0
stat.pool.100.port.switch.egress_send_nonempty_frac = 0.00877275
stat.pool.100.port.switch.ingress_arrival_burst_avg_bytes = 24.2789
stat.pool.100.port.switch.ingress_arrival_nonempty_frac = 0.0123681
stat.pool.100.port.switch.ingress_arrival_run_max_cycles = 1
stat.pool.100.port.switch.ingress_arrival_run_avg_cycles = 1
stat.pool.100.port.switch.ingress_arrival_gap_max_cycles = 681
stat.pool.100.port.switch.ingress_arrival_gap_avg_cycles = 79.8496
stat.pool.100.port.switch.ingress_release_burst_avg_bytes = 24.2805
stat.pool.100.port.switch.ingress_release_nonempty_frac = 0.0123669
stat.pool.100.port.switch.ingress_release_run_max_cycles = 1
stat.pool.100.port.switch.ingress_release_run_avg_cycles = 1
stat.pool.100.port.switch.ingress_release_gap_max_cycles = 701
stat.pool.100.port.switch.ingress_release_gap_avg_cycles = 79.8409
stat.pool.100.port.switch.ingress_occ_avg_bytes = 42.0102
stat.pool.100.port.switch.ingress_occ_stddev_bytes = 51.8109
stat.pool.100.port.switch.ingress_occ_max_bytes = 336
stat.pool.100.port.switch.ingress_occ_nonempty_frac = 0.664292
stat.pool.100.port.switch.ingress_occ_run_max_cycles = 1221
stat.pool.100.port.switch.ingress_occ_run_avg_cycles = 278.281
stat.pool.100.port.switch.ingress_occ_gap_max_cycles = 558
stat.pool.100.port.switch.ingress_occ_gap_avg_cycles = 140.673
stat.pool.100.port.switch.ingress_wait_avg_cycles.demand_req = 127.471
stat.pool.100.port.switch.ingress_wait_max_cycles.demand_req = 146
stat.pool.100.port.switch.ingress_queue_wait_avg_cycles.demand_req = 3.47073
stat.pool.100.port.switch.ingress_queue_wait_max_cycles.demand_req = 22
stat.pool.100.port.switch.egress_wait_avg_cycles.demand_req = 0
stat.pool.100.port.switch.egress_wait_max_cycles.demand_req = 0
stat.pool.100.port.switch.egress_occ_avg_bytes.demand_req = 0
stat.pool.100.port.switch.egress_occ_max_bytes.demand_req = 0
stat.pool.100.port.switch.egress_blocked_cycles.demand_req = 0
stat.pool.100.port.switch.ingress_arrival_empty_packets.demand_req = 991
stat.pool.100.port.switch.ingress_arrival_nonempty_packets.demand_req = 6184
stat.pool.100.port.switch.ingress_arrival_nonempty_packet_frac.demand_req = 0.861882
stat.pool.100.port.switch.ingress_nonempty_arrival_pre_occ_avg_bytes.demand_req = 78.8383
stat.pool.100.port.switch.ingress_nonempty_arrival_pre_occ_max_bytes.demand_req = 328
stat.pool.100.port.switch.ingress_release_after_empty_arrival_packets.demand_req = 990
stat.pool.100.port.switch.ingress_release_after_nonempty_arrival_packets.demand_req = 6184
stat.pool.100.port.switch.ingress_wait_after_empty_arrival_avg_cycles.demand_req = 124
stat.pool.100.port.switch.ingress_wait_after_nonempty_arrival_avg_cycles.demand_req = 128.026
stat.pool.100.port.switch.ingress_queue_wait_after_empty_arrival_avg_cycles.demand_req = 0
stat.pool.100.port.switch.ingress_queue_wait_after_nonempty_arrival_avg_cycles.demand_req = 4.02636
stat.pool.100.port.switch.ingress_queue_wait_after_empty_arrival_max_cycles.demand_req = 0
stat.pool.100.port.switch.ingress_queue_wait_after_nonempty_arrival_max_cycles.demand_req = 22
stat.pool.100.port.switch.rx_bytes.demand_req = 57400
stat.pool.100.port.switch.tx_bytes.demand_req = 0
stat.pool.100.port.switch.rx_pkts.demand_req = 7175
stat.pool.100.port.switch.tx_pkts.demand_req = 0
stat.pool.100.port.switch.ingress_wait_avg_cycles.write_req = 145.002
stat.pool.100.port.switch.ingress_wait_max_cycles.write_req = 146
stat.pool.100.port.switch.ingress_queue_wait_avg_cycles.write_req = 0.00169895
stat.pool.100.port.switch.ingress_queue_wait_max_cycles.write_req = 1
stat.pool.100.port.switch.egress_wait_avg_cycles.write_req = 0
stat.pool.100.port.switch.egress_wait_max_cycles.write_req = 0
stat.pool.100.port.switch.egress_occ_avg_bytes.write_req = 0
stat.pool.100.port.switch.egress_occ_max_bytes.write_req = 0
stat.pool.100.port.switch.egress_blocked_cycles.write_req = 0
stat.pool.100.port.switch.ingress_arrival_empty_packets.write_req = 961
stat.pool.100.port.switch.ingress_arrival_nonempty_packets.write_req = 1982
stat.pool.100.port.switch.ingress_arrival_nonempty_packet_frac.write_req = 0.673462
stat.pool.100.port.switch.ingress_nonempty_arrival_pre_occ_avg_bytes.write_req = 68.1736
stat.pool.100.port.switch.ingress_nonempty_arrival_pre_occ_max_bytes.write_req = 272
stat.pool.100.port.switch.ingress_release_after_empty_arrival_packets.write_req = 961
stat.pool.100.port.switch.ingress_release_after_nonempty_arrival_packets.write_req = 1982
stat.pool.100.port.switch.ingress_wait_after_empty_arrival_avg_cycles.write_req = 145
stat.pool.100.port.switch.ingress_wait_after_nonempty_arrival_avg_cycles.write_req = 145.003
stat.pool.100.port.switch.ingress_queue_wait_after_empty_arrival_avg_cycles.write_req = 0
stat.pool.100.port.switch.ingress_queue_wait_after_nonempty_arrival_avg_cycles.write_req = 0.0025227
stat.pool.100.port.switch.ingress_queue_wait_after_empty_arrival_max_cycles.write_req = 0
stat.pool.100.port.switch.ingress_queue_wait_after_nonempty_arrival_max_cycles.write_req = 1
stat.pool.100.port.switch.rx_bytes.write_req = 188352
stat.pool.100.port.switch.tx_bytes.write_req = 0
stat.pool.100.port.switch.rx_pkts.write_req = 2943
stat.pool.100.port.switch.tx_pkts.write_req = 0
stat.pool.100.port.switch.ingress_wait_avg_cycles.response = 0
stat.pool.100.port.switch.ingress_wait_max_cycles.response = 0
stat.pool.100.port.switch.ingress_queue_wait_avg_cycles.response = 0
stat.pool.100.port.switch.ingress_queue_wait_max_cycles.response = 0
stat.pool.100.port.switch.egress_wait_avg_cycles.response = 1
stat.pool.100.port.switch.egress_wait_max_cycles.response = 1
stat.pool.100.port.switch.egress_occ_avg_bytes.response = 0
stat.pool.100.port.switch.egress_occ_max_bytes.response = 0
stat.pool.100.port.switch.egress_blocked_cycles.response = 0
stat.pool.100.port.switch.ingress_arrival_empty_packets.response = 0
stat.pool.100.port.switch.ingress_arrival_nonempty_packets.response = 0
stat.pool.100.port.switch.ingress_arrival_nonempty_packet_frac.response = 0
stat.pool.100.port.switch.ingress_nonempty_arrival_pre_occ_avg_bytes.response = 0
stat.pool.100.port.switch.ingress_nonempty_arrival_pre_occ_max_bytes.response = 0
stat.pool.100.port.switch.ingress_release_after_empty_arrival_packets.response = 0
stat.pool.100.port.switch.ingress_release_after_nonempty_arrival_packets.response = 0
stat.pool.100.port.switch.ingress_wait_after_empty_arrival_avg_cycles.response = 0
stat.pool.100.port.switch.ingress_wait_after_nonempty_arrival_avg_cycles.response = 0
stat.pool.100.port.switch.ingress_queue_wait_after_empty_arrival_avg_cycles.response = 0
stat.pool.100.port.switch.ingress_queue_wait_after_nonempty_arrival_avg_cycles.response = 0
stat.pool.100.port.switch.ingress_queue_wait_after_empty_arrival_max_cycles.response = 0
stat.pool.100.port.switch.ingress_queue_wait_after_nonempty_arrival_max_cycles.response = 0
stat.pool.100.port.switch.rx_bytes.response = 0
stat.pool.100.port.switch.tx_bytes.response = 459584
stat.pool.100.port.switch.rx_pkts.response = 0
stat.pool.100.port.switch.tx_pkts.response = 7181
stat.pool.100.port.switch.ingress_wait_avg_cycles.other_req = 124
stat.pool.100.port.switch.ingress_wait_max_cycles.other_req = 124
stat.pool.100.port.switch.ingress_queue_wait_avg_cycles.other_req = 0
stat.pool.100.port.switch.ingress_queue_wait_max_cycles.other_req = 0
stat.pool.100.port.switch.egress_wait_avg_cycles.other_req = 0
stat.pool.100.port.switch.egress_wait_max_cycles.other_req = 0
stat.pool.100.port.switch.egress_occ_avg_bytes.other_req = 0
stat.pool.100.port.switch.egress_occ_max_bytes.other_req = 0
stat.pool.100.port.switch.egress_blocked_cycles.other_req = 0
stat.pool.100.port.switch.ingress_arrival_empty_packets.other_req = 2
stat.pool.100.port.switch.ingress_arrival_nonempty_packets.other_req = 4
stat.pool.100.port.switch.ingress_arrival_nonempty_packet_frac.other_req = 0.666667
stat.pool.100.port.switch.ingress_nonempty_arrival_pre_occ_avg_bytes.other_req = 36
stat.pool.100.port.switch.ingress_nonempty_arrival_pre_occ_max_bytes.other_req = 64
stat.pool.100.port.switch.ingress_release_after_empty_arrival_packets.other_req = 2
stat.pool.100.port.switch.ingress_release_after_nonempty_arrival_packets.other_req = 4
stat.pool.100.port.switch.ingress_wait_after_empty_arrival_avg_cycles.other_req = 124
stat.pool.100.port.switch.ingress_wait_after_nonempty_arrival_avg_cycles.other_req = 124
stat.pool.100.port.switch.ingress_queue_wait_after_empty_arrival_avg_cycles.other_req = 0
stat.pool.100.port.switch.ingress_queue_wait_after_nonempty_arrival_avg_cycles.other_req = 0
stat.pool.100.port.switch.ingress_queue_wait_after_empty_arrival_max_cycles.other_req = 0
stat.pool.100.port.switch.ingress_queue_wait_after_nonempty_arrival_max_cycles.other_req = 0
stat.pool.100.port.switch.rx_bytes.other_req = 48
stat.pool.100.port.switch.tx_bytes.other_req = 0
stat.pool.100.port.switch.rx_pkts.other_req = 6
stat.pool.100.port.switch.tx_pkts.other_req = 0
stat.pool.100.port.switch.ingress_occ_bucket_bytes.0 = 274796
stat.pool.100.port.switch.ready_occ_bucket_bytes.0 = 808434
stat.pool.100.port.switch.ingress_occ_bucket_bytes.1_64 = 290425
stat.pool.100.port.switch.ready_occ_bucket_bytes.1_64 = 10123
stat.pool.100.port.switch.ingress_occ_bucket_bytes.65_256 = 251836
stat.pool.100.port.switch.ready_occ_bucket_bytes.65_256 = 0
stat.pool.100.port.switch.ingress_occ_bucket_bytes.257_1024 = 1500
stat.pool.100.port.switch.ready_occ_bucket_bytes.257_1024 = 0
stat.pool.100.port.switch.ingress_occ_bucket_bytes.1025_4096 = 0
stat.pool.100.port.switch.ready_occ_bucket_bytes.1025_4096 = 0
stat.pool.100.port.switch.ingress_occ_bucket_bytes.4097_plus = 0
stat.pool.100.port.switch.ready_occ_bucket_bytes.4097_plus = 0
stat.pool.100.port.switch.ingress_episode.count = 1953
stat.pool.100.port.switch.ingress_episode.avg_cycles = 278.395
stat.pool.100.port.switch.ingress_episode.max_cycles = 1221
stat.pool.100.port.switch.ingress_episode.avg_peak_occ_bytes = 97.958
stat.pool.100.port.switch.ingress_episode.max_peak_occ_bytes = 336
stat.pool.100.port.switch.ingress_episode.avg_arrival_pkts = 5.18331
stat.pool.100.port.switch.ingress_episode.max_arrival_pkts = 21
stat.pool.100.port.switch.ingress_episode.avg_arrival_bytes = 125.854
stat.pool.100.port.switch.ingress_episode.max_arrival_bytes = 672
stat.pool.100.port.switch.ingress_episode.avg_release_pkts = 5.18331
stat.pool.100.port.switch.ingress_episode.max_release_pkts = 21
stat.pool.100.port.switch.ingress_episode.avg_release_bytes = 125.854
stat.pool.100.port.switch.ingress_episode.max_release_bytes = 672
stat.pool.100.port.switch.ingress_episode.avg_wait_cycles = 687.127
stat.pool.100.port.switch.ingress_episode.max_wait_cycles = 146
stat.pool.100.port.switch.ingress_episode.avg_queue_wait_cycles = 12.7517
stat.pool.100.port.switch.ingress_episode.max_queue_wait_cycles = 22
stat.pool.100.port.switch.ingress_episode.avg_src_distinct = 1
stat.pool.100.port.switch.ingress_episode.max_src_distinct = 1
stat.pool.100.port.switch.ingress_episode.avg_dst_distinct = 1
stat.pool.100.port.switch.ingress_episode.max_dst_distinct = 1
stat.pool.100.port.switch.ingress_episode.avg_arrival_pkts.demand_req = 3.67332
stat.pool.100.port.switch.ingress_episode.max_arrival_pkts.demand_req = 13
stat.pool.100.port.switch.ingress_episode.avg_release_pkts.demand_req = 3.67332
stat.pool.100.port.switch.ingress_episode.max_release_pkts.demand_req = 13
stat.pool.100.port.switch.ingress_pre_occ_bucket.demand_req.0 = 991
stat.pool.100.port.switch.ingress_queue_wait_bucket.demand_req.0 = 5676
stat.pool.100.port.switch.ingress_pre_occ_bucket.demand_req.1_64 = 2589
stat.pool.100.port.switch.ingress_queue_wait_bucket.demand_req.1_63 = 1498
stat.pool.100.port.switch.ingress_pre_occ_bucket.demand_req.65_256 = 3561
stat.pool.100.port.switch.ingress_queue_wait_bucket.demand_req.64_255 = 0
stat.pool.100.port.switch.ingress_pre_occ_bucket.demand_req.257_1024 = 34
stat.pool.100.port.switch.ingress_queue_wait_bucket.demand_req.256_1023 = 0
stat.pool.100.port.switch.ingress_pre_occ_bucket.demand_req.1025_4096 = 0
stat.pool.100.port.switch.ingress_queue_wait_bucket.demand_req.1024_4095 = 0
stat.pool.100.port.switch.ingress_pre_occ_bucket.demand_req.4097_plus = 0
stat.pool.100.port.switch.ingress_queue_wait_bucket.demand_req.4096_plus = 0
stat.pool.100.port.switch.ingress_episode.avg_arrival_pkts.write_req = 1.50691
stat.pool.100.port.switch.ingress_episode.max_arrival_pkts.write_req = 9
stat.pool.100.port.switch.ingress_episode.avg_release_pkts.write_req = 1.50691
stat.pool.100.port.switch.ingress_episode.max_release_pkts.write_req = 9
stat.pool.100.port.switch.ingress_pre_occ_bucket.write_req.0 = 961
stat.pool.100.port.switch.ingress_queue_wait_bucket.write_req.0 = 2938
stat.pool.100.port.switch.ingress_pre_occ_bucket.write_req.1_64 = 1035
stat.pool.100.port.switch.ingress_queue_wait_bucket.write_req.1_63 = 5
stat.pool.100.port.switch.ingress_pre_occ_bucket.write_req.65_256 = 942
stat.pool.100.port.switch.ingress_queue_wait_bucket.write_req.64_255 = 0
stat.pool.100.port.switch.ingress_pre_occ_bucket.write_req.257_1024 = 5
stat.pool.100.port.switch.ingress_queue_wait_bucket.write_req.256_1023 = 0
stat.pool.100.port.switch.ingress_pre_occ_bucket.write_req.1025_4096 = 0
stat.pool.100.port.switch.ingress_queue_wait_bucket.write_req.1024_4095 = 0
stat.pool.100.port.switch.ingress_pre_occ_bucket.write_req.4097_plus = 0
stat.pool.100.port.switch.ingress_queue_wait_bucket.write_req.4096_plus = 0
stat.pool.100.port.switch.ingress_episode.avg_arrival_pkts.response = 0
stat.pool.100.port.switch.ingress_episode.max_arrival_pkts.response = 0
stat.pool.100.port.switch.ingress_episode.avg_release_pkts.response = 0
stat.pool.100.port.switch.ingress_episode.max_release_pkts.response = 0
stat.pool.100.port.switch.ingress_pre_occ_bucket.response.0 = 0
stat.pool.100.port.switch.ingress_queue_wait_bucket.response.0 = 0
stat.pool.100.port.switch.ingress_pre_occ_bucket.response.1_64 = 0
stat.pool.100.port.switch.ingress_queue_wait_bucket.response.1_63 = 0
stat.pool.100.port.switch.ingress_pre_occ_bucket.response.65_256 = 0
stat.pool.100.port.switch.ingress_queue_wait_bucket.response.64_255 = 0
stat.pool.100.port.switch.ingress_pre_occ_bucket.response.257_1024 = 0
stat.pool.100.port.switch.ingress_queue_wait_bucket.response.256_1023 = 0
stat.pool.100.port.switch.ingress_pre_occ_bucket.response.1025_4096 = 0
stat.pool.100.port.switch.ingress_queue_wait_bucket.response.1024_4095 = 0
stat.pool.100.port.switch.ingress_pre_occ_bucket.response.4097_plus = 0
stat.pool.100.port.switch.ingress_queue_wait_bucket.response.4096_plus = 0
stat.pool.100.port.switch.ingress_episode.avg_arrival_pkts.other_req = 0.0030722
stat.pool.100.port.switch.ingress_episode.max_arrival_pkts.other_req = 1
stat.pool.100.port.switch.ingress_episode.avg_release_pkts.other_req = 0.0030722
stat.pool.100.port.switch.ingress_episode.max_release_pkts.other_req = 1
stat.pool.100.port.switch.ingress_pre_occ_bucket.other_req.0 = 2
stat.pool.100.port.switch.ingress_queue_wait_bucket.other_req.0 = 6
stat.pool.100.port.switch.ingress_pre_occ_bucket.other_req.1_64 = 4
stat.pool.100.port.switch.ingress_queue_wait_bucket.other_req.1_63 = 0
stat.pool.100.port.switch.ingress_pre_occ_bucket.other_req.65_256 = 0
stat.pool.100.port.switch.ingress_queue_wait_bucket.other_req.64_255 = 0
stat.pool.100.port.switch.ingress_pre_occ_bucket.other_req.257_1024 = 0
stat.pool.100.port.switch.ingress_queue_wait_bucket.other_req.256_1023 = 0
stat.pool.100.port.switch.ingress_pre_occ_bucket.other_req.1025_4096 = 0
stat.pool.100.port.switch.ingress_queue_wait_bucket.other_req.1024_4095 = 0
stat.pool.100.port.switch.ingress_pre_occ_bucket.other_req.4097_plus = 0
stat.pool.100.port.switch.ingress_queue_wait_bucket.other_req.4096_plus = 0
stat.pool.100.port.switch.peer_src.0.rx_bytes.demand_req = 57400
stat.pool.100.port.switch.peer_src.0.rx_pkts.demand_req = 7175
stat.pool.100.port.switch.peer_src.0.tx_bytes.demand_req = 0
stat.pool.100.port.switch.peer_src.0.tx_pkts.demand_req = 0
stat.pool.100.port.switch.peer_src.0.ingress_arrivals.demand_req = 7175
stat.pool.100.port.switch.peer_src.0.ingress_arrival_nonempty_packet_frac.demand_req = 0.861882
stat.pool.100.port.switch.peer_src.0.ingress_nonempty_arrival_pre_occ_avg_bytes.demand_req = 78.8383
stat.pool.100.port.switch.peer_src.0.ingress_nonempty_arrival_pre_occ_max_bytes.demand_req = 328
stat.pool.100.port.switch.peer_src.0.ingress_wait_avg_cycles.demand_req = 127.471
stat.pool.100.port.switch.peer_src.0.ingress_queue_wait_avg_cycles.demand_req = 3.47073
stat.pool.100.port.switch.peer_src.0.ingress_queue_wait_after_nonempty_arrival_avg_cycles.demand_req = 4.02636
stat.pool.100.port.switch.peer_src.0.ingress_pre_occ_bucket.demand_req.0 = 991
stat.pool.100.port.switch.peer_src.0.ingress_queue_wait_bucket.demand_req.0 = 5676
stat.pool.100.port.switch.peer_src.0.ingress_pre_occ_bucket.demand_req.1_64 = 2589
stat.pool.100.port.switch.peer_src.0.ingress_queue_wait_bucket.demand_req.1_63 = 1498
stat.pool.100.port.switch.peer_src.0.ingress_pre_occ_bucket.demand_req.65_256 = 3561
stat.pool.100.port.switch.peer_src.0.ingress_queue_wait_bucket.demand_req.64_255 = 0
stat.pool.100.port.switch.peer_src.0.ingress_pre_occ_bucket.demand_req.257_1024 = 34
stat.pool.100.port.switch.peer_src.0.ingress_queue_wait_bucket.demand_req.256_1023 = 0
stat.pool.100.port.switch.peer_src.0.ingress_pre_occ_bucket.demand_req.1025_4096 = 0
stat.pool.100.port.switch.peer_src.0.ingress_queue_wait_bucket.demand_req.1024_4095 = 0
stat.pool.100.port.switch.peer_src.0.ingress_pre_occ_bucket.demand_req.4097_plus = 0
stat.pool.100.port.switch.peer_src.0.ingress_queue_wait_bucket.demand_req.4096_plus = 0
stat.pool.100.port.switch.peer_src.0.rx_bytes.write_req = 188352
stat.pool.100.port.switch.peer_src.0.rx_pkts.write_req = 2943
stat.pool.100.port.switch.peer_src.0.tx_bytes.write_req = 0
stat.pool.100.port.switch.peer_src.0.tx_pkts.write_req = 0
stat.pool.100.port.switch.peer_src.0.ingress_arrivals.write_req = 2943
stat.pool.100.port.switch.peer_src.0.ingress_arrival_nonempty_packet_frac.write_req = 0.673462
stat.pool.100.port.switch.peer_src.0.ingress_nonempty_arrival_pre_occ_avg_bytes.write_req = 68.1736
stat.pool.100.port.switch.peer_src.0.ingress_nonempty_arrival_pre_occ_max_bytes.write_req = 272
stat.pool.100.port.switch.peer_src.0.ingress_wait_avg_cycles.write_req = 145.002
stat.pool.100.port.switch.peer_src.0.ingress_queue_wait_avg_cycles.write_req = 0.00169895
stat.pool.100.port.switch.peer_src.0.ingress_queue_wait_after_nonempty_arrival_avg_cycles.write_req = 0.0025227
stat.pool.100.port.switch.peer_src.0.ingress_pre_occ_bucket.write_req.0 = 961
stat.pool.100.port.switch.peer_src.0.ingress_queue_wait_bucket.write_req.0 = 2938
stat.pool.100.port.switch.peer_src.0.ingress_pre_occ_bucket.write_req.1_64 = 1035
stat.pool.100.port.switch.peer_src.0.ingress_queue_wait_bucket.write_req.1_63 = 5
stat.pool.100.port.switch.peer_src.0.ingress_pre_occ_bucket.write_req.65_256 = 942
stat.pool.100.port.switch.peer_src.0.ingress_queue_wait_bucket.write_req.64_255 = 0
stat.pool.100.port.switch.peer_src.0.ingress_pre_occ_bucket.write_req.257_1024 = 5
stat.pool.100.port.switch.peer_src.0.ingress_queue_wait_bucket.write_req.256_1023 = 0
stat.pool.100.port.switch.peer_src.0.ingress_pre_occ_bucket.write_req.1025_4096 = 0
stat.pool.100.port.switch.peer_src.0.ingress_queue_wait_bucket.write_req.1024_4095 = 0
stat.pool.100.port.switch.peer_src.0.ingress_pre_occ_bucket.write_req.4097_plus = 0
stat.pool.100.port.switch.peer_src.0.ingress_queue_wait_bucket.write_req.4096_plus = 0
stat.pool.100.port.switch.peer_src.0.rx_bytes.other_req = 48
stat.pool.100.port.switch.peer_src.0.rx_pkts.other_req = 6
stat.pool.100.port.switch.peer_src.0.tx_bytes.other_req = 0
stat.pool.100.port.switch.peer_src.0.tx_pkts.other_req = 0
stat.pool.100.port.switch.peer_src.0.ingress_arrivals.other_req = 6
stat.pool.100.port.switch.peer_src.0.ingress_arrival_nonempty_packet_frac.other_req = 0.666667
stat.pool.100.port.switch.peer_src.0.ingress_nonempty_arrival_pre_occ_avg_bytes.other_req = 36
stat.pool.100.port.switch.peer_src.0.ingress_nonempty_arrival_pre_occ_max_bytes.other_req = 64
stat.pool.100.port.switch.peer_src.0.ingress_wait_avg_cycles.other_req = 124
stat.pool.100.port.switch.peer_src.0.ingress_queue_wait_avg_cycles.other_req = 0
stat.pool.100.port.switch.peer_src.0.ingress_queue_wait_after_nonempty_arrival_avg_cycles.other_req = 0
stat.pool.100.port.switch.peer_src.0.ingress_pre_occ_bucket.other_req.0 = 2
stat.pool.100.port.switch.peer_src.0.ingress_queue_wait_bucket.other_req.0 = 6
stat.pool.100.port.switch.peer_src.0.ingress_pre_occ_bucket.other_req.1_64 = 4
stat.pool.100.port.switch.peer_src.0.ingress_queue_wait_bucket.other_req.1_63 = 0
stat.pool.100.port.switch.peer_src.0.ingress_pre_occ_bucket.other_req.65_256 = 0
stat.pool.100.port.switch.peer_src.0.ingress_queue_wait_bucket.other_req.64_255 = 0
stat.pool.100.port.switch.peer_src.0.ingress_pre_occ_bucket.other_req.257_1024 = 0
stat.pool.100.port.switch.peer_src.0.ingress_queue_wait_bucket.other_req.256_1023 = 0
stat.pool.100.port.switch.peer_src.0.ingress_pre_occ_bucket.other_req.1025_4096 = 0
stat.pool.100.port.switch.peer_src.0.ingress_queue_wait_bucket.other_req.1024_4095 = 0
stat.pool.100.port.switch.peer_src.0.ingress_pre_occ_bucket.other_req.4097_plus = 0
stat.pool.100.port.switch.peer_src.0.ingress_queue_wait_bucket.other_req.4096_plus = 0
stat.pool.100.port.switch.peer_dst.100.rx_bytes.demand_req = 57400
stat.pool.100.port.switch.peer_dst.100.rx_pkts.demand_req = 7175
stat.pool.100.port.switch.peer_dst.100.tx_bytes.demand_req = 0
stat.pool.100.port.switch.peer_dst.100.tx_pkts.demand_req = 0
stat.pool.100.port.switch.peer_dst.100.ingress_arrivals.demand_req = 7175
stat.pool.100.port.switch.peer_dst.100.ingress_arrival_nonempty_packet_frac.demand_req = 0.861882
stat.pool.100.port.switch.peer_dst.100.ingress_nonempty_arrival_pre_occ_avg_bytes.demand_req = 78.8383
stat.pool.100.port.switch.peer_dst.100.ingress_nonempty_arrival_pre_occ_max_bytes.demand_req = 328
stat.pool.100.port.switch.peer_dst.100.ingress_wait_avg_cycles.demand_req = 127.471
stat.pool.100.port.switch.peer_dst.100.ingress_queue_wait_avg_cycles.demand_req = 3.47073
stat.pool.100.port.switch.peer_dst.100.ingress_queue_wait_after_nonempty_arrival_avg_cycles.demand_req = 4.02636
stat.pool.100.port.switch.peer_dst.100.ingress_pre_occ_bucket.demand_req.0 = 991
stat.pool.100.port.switch.peer_dst.100.ingress_queue_wait_bucket.demand_req.0 = 5676
stat.pool.100.port.switch.peer_dst.100.ingress_pre_occ_bucket.demand_req.1_64 = 2589
stat.pool.100.port.switch.peer_dst.100.ingress_queue_wait_bucket.demand_req.1_63 = 1498
stat.pool.100.port.switch.peer_dst.100.ingress_pre_occ_bucket.demand_req.65_256 = 3561
stat.pool.100.port.switch.peer_dst.100.ingress_queue_wait_bucket.demand_req.64_255 = 0
stat.pool.100.port.switch.peer_dst.100.ingress_pre_occ_bucket.demand_req.257_1024 = 34
stat.pool.100.port.switch.peer_dst.100.ingress_queue_wait_bucket.demand_req.256_1023 = 0
stat.pool.100.port.switch.peer_dst.100.ingress_pre_occ_bucket.demand_req.1025_4096 = 0
stat.pool.100.port.switch.peer_dst.100.ingress_queue_wait_bucket.demand_req.1024_4095 = 0
stat.pool.100.port.switch.peer_dst.100.ingress_pre_occ_bucket.demand_req.4097_plus = 0
stat.pool.100.port.switch.peer_dst.100.ingress_queue_wait_bucket.demand_req.4096_plus = 0
stat.pool.100.port.switch.peer_dst.100.rx_bytes.write_req = 188352
stat.pool.100.port.switch.peer_dst.100.rx_pkts.write_req = 2943
stat.pool.100.port.switch.peer_dst.100.tx_bytes.write_req = 0
stat.pool.100.port.switch.peer_dst.100.tx_pkts.write_req = 0
stat.pool.100.port.switch.peer_dst.100.ingress_arrivals.write_req = 2943
stat.pool.100.port.switch.peer_dst.100.ingress_arrival_nonempty_packet_frac.write_req = 0.673462
stat.pool.100.port.switch.peer_dst.100.ingress_nonempty_arrival_pre_occ_avg_bytes.write_req = 68.1736
stat.pool.100.port.switch.peer_dst.100.ingress_nonempty_arrival_pre_occ_max_bytes.write_req = 272
stat.pool.100.port.switch.peer_dst.100.ingress_wait_avg_cycles.write_req = 145.002
stat.pool.100.port.switch.peer_dst.100.ingress_queue_wait_avg_cycles.write_req = 0.00169895
stat.pool.100.port.switch.peer_dst.100.ingress_queue_wait_after_nonempty_arrival_avg_cycles.write_req = 0.0025227
stat.pool.100.port.switch.peer_dst.100.ingress_pre_occ_bucket.write_req.0 = 961
stat.pool.100.port.switch.peer_dst.100.ingress_queue_wait_bucket.write_req.0 = 2938
stat.pool.100.port.switch.peer_dst.100.ingress_pre_occ_bucket.write_req.1_64 = 1035
stat.pool.100.port.switch.peer_dst.100.ingress_queue_wait_bucket.write_req.1_63 = 5
stat.pool.100.port.switch.peer_dst.100.ingress_pre_occ_bucket.write_req.65_256 = 942
stat.pool.100.port.switch.peer_dst.100.ingress_queue_wait_bucket.write_req.64_255 = 0
stat.pool.100.port.switch.peer_dst.100.ingress_pre_occ_bucket.write_req.257_1024 = 5
stat.pool.100.port.switch.peer_dst.100.ingress_queue_wait_bucket.write_req.256_1023 = 0
stat.pool.100.port.switch.peer_dst.100.ingress_pre_occ_bucket.write_req.1025_4096 = 0
stat.pool.100.port.switch.peer_dst.100.ingress_queue_wait_bucket.write_req.1024_4095 = 0
stat.pool.100.port.switch.peer_dst.100.ingress_pre_occ_bucket.write_req.4097_plus = 0
stat.pool.100.port.switch.peer_dst.100.ingress_queue_wait_bucket.write_req.4096_plus = 0
stat.pool.100.port.switch.peer_dst.100.rx_bytes.other_req = 48
stat.pool.100.port.switch.peer_dst.100.rx_pkts.other_req = 6
stat.pool.100.port.switch.peer_dst.100.tx_bytes.other_req = 0
stat.pool.100.port.switch.peer_dst.100.tx_pkts.other_req = 0
stat.pool.100.port.switch.peer_dst.100.ingress_arrivals.other_req = 6
stat.pool.100.port.switch.peer_dst.100.ingress_arrival_nonempty_packet_frac.other_req = 0.666667
stat.pool.100.port.switch.peer_dst.100.ingress_nonempty_arrival_pre_occ_avg_bytes.other_req = 36
stat.pool.100.port.switch.peer_dst.100.ingress_nonempty_arrival_pre_occ_max_bytes.other_req = 64
stat.pool.100.port.switch.peer_dst.100.ingress_wait_avg_cycles.other_req = 124
stat.pool.100.port.switch.peer_dst.100.ingress_queue_wait_avg_cycles.other_req = 0
stat.pool.100.port.switch.peer_dst.100.ingress_queue_wait_after_nonempty_arrival_avg_cycles.other_req = 0
stat.pool.100.port.switch.peer_dst.100.ingress_pre_occ_bucket.other_req.0 = 2
stat.pool.100.port.switch.peer_dst.100.ingress_queue_wait_bucket.other_req.0 = 6
stat.pool.100.port.switch.peer_dst.100.ingress_pre_occ_bucket.other_req.1_64 = 4
stat.pool.100.port.switch.peer_dst.100.ingress_queue_wait_bucket.other_req.1_63 = 0
stat.pool.100.port.switch.peer_dst.100.ingress_pre_occ_bucket.other_req.65_256 = 0
stat.pool.100.port.switch.peer_dst.100.ingress_queue_wait_bucket.other_req.64_255 = 0
stat.pool.100.port.switch.peer_dst.100.ingress_pre_occ_bucket.other_req.257_1024 = 0
stat.pool.100.port.switch.peer_dst.100.ingress_queue_wait_bucket.other_req.256_1023 = 0
stat.pool.100.port.switch.peer_dst.100.ingress_pre_occ_bucket.other_req.1025_4096 = 0
stat.pool.100.port.switch.peer_dst.100.ingress_queue_wait_bucket.other_req.1024_4095 = 0
stat.pool.100.port.switch.peer_dst.100.ingress_pre_occ_bucket.other_req.4097_plus = 0
stat.pool.100.port.switch.peer_dst.100.ingress_queue_wait_bucket.other_req.4096_plus = 0
stat.pool.100.port.switch.tx_src.100.rx_bytes.response = 0
stat.pool.100.port.switch.tx_src.100.rx_pkts.response = 0
stat.pool.100.port.switch.tx_src.100.tx_bytes.response = 459584
stat.pool.100.port.switch.tx_src.100.tx_pkts.response = 7181
stat.pool.100.port.switch.tx_src.100.ingress_arrivals.response = 0
stat.pool.100.port.switch.tx_src.100.ingress_arrival_nonempty_packet_frac.response = 0
stat.pool.100.port.switch.tx_src.100.ingress_nonempty_arrival_pre_occ_avg_bytes.response = 0
stat.pool.100.port.switch.tx_src.100.ingress_nonempty_arrival_pre_occ_max_bytes.response = 0
stat.pool.100.port.switch.tx_src.100.ingress_wait_avg_cycles.response = 0
stat.pool.100.port.switch.tx_src.100.ingress_queue_wait_avg_cycles.response = 0
stat.pool.100.port.switch.tx_src.100.ingress_queue_wait_after_nonempty_arrival_avg_cycles.response = 0
stat.pool.100.port.switch.tx_src.100.ingress_pre_occ_bucket.response.0 = 0
stat.pool.100.port.switch.tx_src.100.ingress_queue_wait_bucket.response.0 = 0
stat.pool.100.port.switch.tx_src.100.ingress_pre_occ_bucket.response.1_64 = 0
stat.pool.100.port.switch.tx_src.100.ingress_queue_wait_bucket.response.1_63 = 0
stat.pool.100.port.switch.tx_src.100.ingress_pre_occ_bucket.response.65_256 = 0
stat.pool.100.port.switch.tx_src.100.ingress_queue_wait_bucket.response.64_255 = 0
stat.pool.100.port.switch.tx_src.100.ingress_pre_occ_bucket.response.257_1024 = 0
stat.pool.100.port.switch.tx_src.100.ingress_queue_wait_bucket.response.256_1023 = 0
stat.pool.100.port.switch.tx_src.100.ingress_pre_occ_bucket.response.1025_4096 = 0
stat.pool.100.port.switch.tx_src.100.ingress_queue_wait_bucket.response.1024_4095 = 0
stat.pool.100.port.switch.tx_src.100.ingress_pre_occ_bucket.response.4097_plus = 0
stat.pool.100.port.switch.tx_src.100.ingress_queue_wait_bucket.response.4096_plus = 0
stat.pool.100.port.switch.tx_dst.0.rx_bytes.response = 0
stat.pool.100.port.switch.tx_dst.0.rx_pkts.response = 0
stat.pool.100.port.switch.tx_dst.0.tx_bytes.response = 459584
stat.pool.100.port.switch.tx_dst.0.tx_pkts.response = 7181
stat.pool.100.port.switch.tx_dst.0.ingress_arrivals.response = 0
stat.pool.100.port.switch.tx_dst.0.ingress_arrival_nonempty_packet_frac.response = 0
stat.pool.100.port.switch.tx_dst.0.ingress_nonempty_arrival_pre_occ_avg_bytes.response = 0
stat.pool.100.port.switch.tx_dst.0.ingress_nonempty_arrival_pre_occ_max_bytes.response = 0
stat.pool.100.port.switch.tx_dst.0.ingress_wait_avg_cycles.response = 0
stat.pool.100.port.switch.tx_dst.0.ingress_queue_wait_avg_cycles.response = 0
stat.pool.100.port.switch.tx_dst.0.ingress_queue_wait_after_nonempty_arrival_avg_cycles.response = 0
stat.pool.100.port.switch.tx_dst.0.ingress_pre_occ_bucket.response.0 = 0
stat.pool.100.port.switch.tx_dst.0.ingress_queue_wait_bucket.response.0 = 0
stat.pool.100.port.switch.tx_dst.0.ingress_pre_occ_bucket.response.1_64 = 0
stat.pool.100.port.switch.tx_dst.0.ingress_queue_wait_bucket.response.1_63 = 0
stat.pool.100.port.switch.tx_dst.0.ingress_pre_occ_bucket.response.65_256 = 0
stat.pool.100.port.switch.tx_dst.0.ingress_queue_wait_bucket.response.64_255 = 0
stat.pool.100.port.switch.tx_dst.0.ingress_pre_occ_bucket.response.257_1024 = 0
stat.pool.100.port.switch.tx_dst.0.ingress_queue_wait_bucket.response.256_1023 = 0
stat.pool.100.port.switch.tx_dst.0.ingress_pre_occ_bucket.response.1025_4096 = 0
stat.pool.100.port.switch.tx_dst.0.ingress_queue_wait_bucket.response.1024_4095 = 0
stat.pool.100.port.switch.tx_dst.0.ingress_pre_occ_bucket.response.4097_plus = 0
stat.pool.100.port.switch.tx_dst.0.ingress_queue_wait_bucket.response.4096_plus = 0
stat.pool.100.walltime_s = 130.342
stat.pool.100.active_time_s = 10.6095
stat.switch.replicated_messages = 7820
stat.switch.util.node_ingress_avg = 0.144675
stat.switch.util.pool_ingress_avg = 0.219242
stat.switch.fabric.node_ingress_wait_avg_cycles = 129.734
stat.switch.fabric.node_egress_wait_avg_cycles = 1
stat.switch.fabric.pool_ingress_wait_avg_cycles = 154.28
stat.switch.fabric.pool_egress_wait_avg_cycles = 1
stat.switch.fabric.node_ingress_queue_wait_avg_cycles = 2.16799
stat.switch.fabric.pool_ingress_queue_wait_avg_cycles = 9.31047
stat.switch.fabric.node_ready_wait_avg_cycles = 0
stat.switch.fabric.pool_ready_wait_avg_cycles = 0
stat.switch.fabric.node_ingress_wait_max_cycles = 167
stat.switch.fabric.node_egress_wait_max_cycles = 1
stat.switch.fabric.pool_ingress_wait_max_cycles = 285
stat.switch.fabric.pool_egress_wait_max_cycles = 1
stat.switch.fabric.node_ingress_queue_wait_max_cycles = 37
stat.switch.fabric.pool_ingress_queue_wait_max_cycles = 140
stat.switch.fabric.node_ready_wait_max_cycles = 0
stat.switch.fabric.pool_ready_wait_max_cycles = 0
stat.switch.fabric.node_ingress_occ_bytes = 24
stat.switch.fabric.pool_ingress_occ_bytes = 256
stat.switch.fabric.node_ready_occ_avg_pkts = 0.0211408
stat.switch.fabric.pool_ready_occ_avg_pkts = 0.00877272
stat.switch.fabric.node_ready_occ_pkts = 0
stat.switch.fabric.pool_ready_occ_pkts = 0
stat.switch.fabric.node_ready_occ_max_pkts = 1
stat.switch.fabric.pool_ready_occ_max_pkts = 1
stat.switch.fabric.node_ready_retry_count = 0
stat.switch.fabric.pool_ready_retry_count = 0
stat.switch.fabric.node_ingress_arrival_burst_max_pkts = 2
stat.switch.fabric.node_ingress_arrival_burst_max_bytes = 72
stat.switch.fabric.node_ingress_arrival_burst_avg_pkts = 1.0029
stat.switch.fabric.node_ingress_arrival_burst_avg_bytes = 17.568
stat.switch.fabric.node_ingress_arrival_burst_stddev_pkts = 0.0537523
stat.switch.fabric.node_ingress_arrival_burst_stddev_bytes = 21.1127
stat.switch.fabric.node_ingress_arrival_nonempty_frac = 0.0210797
stat.switch.fabric.node_ingress_arrival_run_max_cycles = 8
stat.switch.fabric.node_ingress_arrival_run_avg_cycles = 1.14575
stat.switch.fabric.node_ingress_arrival_run_stddev_cycles = 0.472137
stat.switch.fabric.node_ingress_arrival_gap_max_cycles = 653
stat.switch.fabric.node_ingress_arrival_gap_avg_cycles = 53.2037
stat.switch.fabric.node_ingress_arrival_gap_stddev_cycles = 86.7932
stat.switch.fabric.node_ingress_release_burst_max_pkts = 1
stat.switch.fabric.node_ingress_release_burst_max_bytes = 64
stat.switch.fabric.node_ingress_release_burst_avg_pkts = 1
stat.switch.fabric.node_ingress_release_burst_avg_bytes = 17.5237
stat.switch.fabric.node_ingress_release_burst_stddev_pkts = 0
stat.switch.fabric.node_ingress_release_burst_stddev_bytes = 21.0387
stat.switch.fabric.node_ingress_release_nonempty_frac = 0.0211408
stat.switch.fabric.node_ingress_release_run_max_cycles = 1
stat.switch.fabric.node_ingress_release_run_avg_cycles = 1
stat.switch.fabric.node_ingress_release_run_stddev_cycles = 0
stat.switch.fabric.node_ingress_release_gap_max_cycles = 674
stat.switch.fabric.node_ingress_release_gap_avg_cycles = 46.2985
stat.switch.fabric.node_ingress_release_gap_stddev_cycles = 84.7911
stat.switch.fabric.pool_ingress_arrival_burst_max_pkts = 1
stat.switch.fabric.pool_ingress_arrival_burst_max_bytes = 64
stat.switch.fabric.pool_ingress_arrival_burst_avg_pkts = 1
stat.switch.fabric.pool_ingress_arrival_burst_avg_bytes = 64
stat.switch.fabric.pool_ingress_arrival_burst_stddev_pkts = 0
stat.switch.fabric.pool_ingress_arrival_burst_stddev_bytes = 0
stat.switch.fabric.pool_ingress_arrival_nonempty_frac = 0.00877272
stat.switch.fabric.pool_ingress_arrival_run_max_cycles = 1
stat.switch.fabric.pool_ingress_arrival_run_avg_cycles = 1
stat.switch.fabric.pool_ingress_arrival_run_stddev_cycles = 0
stat.switch.fabric.pool_ingress_arrival_gap_max_cycles = 900
stat.switch.fabric.pool_ingress_arrival_gap_avg_cycles = 112.971
stat.switch.fabric.pool_ingress_arrival_gap_stddev_cycles = 139.154
stat.switch.fabric.pool_ingress_release_burst_max_pkts = 1
stat.switch.fabric.pool_ingress_release_burst_max_bytes = 64
stat.switch.fabric.pool_ingress_release_burst_avg_pkts = 1
stat.switch.fabric.pool_ingress_release_burst_avg_bytes = 64
stat.switch.fabric.pool_ingress_release_burst_stddev_pkts = 0
stat.switch.fabric.pool_ingress_release_burst_stddev_bytes = 0
stat.switch.fabric.pool_ingress_release_nonempty_frac = 0.00877272
stat.switch.fabric.pool_ingress_release_run_max_cycles = 1
stat.switch.fabric.pool_ingress_release_run_avg_cycles = 1
stat.switch.fabric.pool_ingress_release_run_stddev_cycles = 0
stat.switch.fabric.pool_ingress_release_gap_max_cycles = 850
stat.switch.fabric.pool_ingress_release_gap_avg_cycles = 112.987
stat.switch.fabric.pool_ingress_release_gap_stddev_cycles = 130.458
stat.switch.fabric.node_ingress_occ_avg_bytes = 50.8362
stat.switch.fabric.node_ingress_occ_stddev_bytes = 55.5171
stat.switch.fabric.node_ingress_occ_max_bytes = 352
stat.switch.fabric.node_ingress_occ_nonempty_frac = 0.717515
stat.switch.fabric.node_ingress_occ_run_max_cycles = 1341
stat.switch.fabric.node_ingress_occ_run_avg_cycles = 337.352
stat.switch.fabric.node_ingress_occ_run_stddev_cycles = 171.104
stat.switch.fabric.node_ingress_occ_gap_max_cycles = 531
stat.switch.fabric.node_ingress_occ_gap_avg_cycles = 132.891
stat.switch.fabric.node_ingress_occ_gap_stddev_cycles = 108.093
stat.switch.fabric.pool_ingress_occ_avg_bytes = 86.0713
stat.switch.fabric.pool_ingress_occ_stddev_bytes = 87.6529
stat.switch.fabric.pool_ingress_occ_max_bytes = 512
stat.switch.fabric.pool_ingress_occ_nonempty_frac = 0.641459
stat.switch.fabric.pool_ingress_occ_run_max_cycles = 1036
stat.switch.fabric.pool_ingress_occ_run_avg_cycles = 274.557
stat.switch.fabric.pool_ingress_occ_run_stddev_cycles = 124.852
stat.switch.fabric.pool_ingress_occ_gap_max_cycles = 707
stat.switch.fabric.pool_ingress_occ_gap_avg_cycles = 153.547
stat.switch.fabric.pool_ingress_occ_gap_stddev_cycles = 122.869
stat.switch.route.blocked_to_node = 0
stat.switch.route.blocked_to_pool = 0
stat.switch.route.blocked_replicated_write = 0
stat.switch.route.attempt_to_node.demand_req = 0
stat.switch.route.attempt_to_pool.demand_req = 14351
stat.switch.route.blocked_to_node.demand_req = 0
stat.switch.route.blocked_to_pool.demand_req = 0
stat.switch.route.replicated_clones.demand_req = 0
stat.switch.fabric.node_rx_bytes.demand_req = 114824
stat.switch.fabric.node_tx_bytes.demand_req = 0
stat.switch.fabric.pool_rx_bytes.demand_req = 0
stat.switch.fabric.pool_tx_bytes.demand_req = 114808
stat.switch.fabric.node_rx_pkts.demand_req = 14353
stat.switch.fabric.node_tx_pkts.demand_req = 0
stat.switch.fabric.pool_rx_pkts.demand_req = 0
stat.switch.fabric.pool_tx_pkts.demand_req = 14351
stat.switch.route.attempt_to_node.write_req = 0
stat.switch.route.attempt_to_pool.write_req = 5886
stat.switch.route.blocked_to_node.write_req = 0
stat.switch.route.blocked_to_pool.write_req = 0
stat.switch.route.replicated_clones.write_req = 5886
stat.switch.fabric.node_rx_bytes.write_req = 188224
stat.switch.fabric.node_tx_bytes.write_req = 0
stat.switch.fabric.pool_rx_bytes.write_req = 0
stat.switch.fabric.pool_tx_bytes.write_req = 376704
stat.switch.fabric.node_rx_pkts.write_req = 2941
stat.switch.fabric.node_tx_pkts.write_req = 0
stat.switch.fabric.pool_rx_pkts.write_req = 0
stat.switch.fabric.pool_tx_pkts.write_req = 5886
stat.switch.route.attempt_to_node.response = 14362
stat.switch.route.attempt_to_pool.response = 0
stat.switch.route.blocked_to_node.response = 0
stat.switch.route.blocked_to_pool.response = 0
stat.switch.route.replicated_clones.response = 0
stat.switch.fabric.node_rx_bytes.response = 0
stat.switch.fabric.node_tx_bytes.response = 919168
stat.switch.fabric.pool_rx_bytes.response = 919168
stat.switch.fabric.pool_tx_bytes.response = 0
stat.switch.fabric.node_rx_pkts.response = 0
stat.switch.fabric.node_tx_pkts.response = 14362
stat.switch.fabric.pool_rx_pkts.response = 14362
stat.switch.fabric.pool_tx_pkts.response = 0
stat.switch.route.attempt_to_node.other_req = 0
stat.switch.route.attempt_to_pool.other_req = 11
stat.switch.route.blocked_to_node.other_req = 0
stat.switch.route.blocked_to_pool.other_req = 0
stat.switch.route.replicated_clones.other_req = 0
stat.switch.fabric.node_rx_bytes.other_req = 88
stat.switch.fabric.node_tx_bytes.other_req = 0
stat.switch.fabric.pool_rx_bytes.other_req = 0
stat.switch.fabric.pool_tx_bytes.other_req = 88
stat.switch.fabric.node_rx_pkts.other_req = 11
stat.switch.fabric.node_tx_pkts.other_req = 0
stat.switch.fabric.pool_rx_pkts.other_req = 0
stat.switch.fabric.pool_tx_pkts.other_req = 11
stat.switch.bw.host_to_switch_gbps = 0.888788
stat.switch.bw.switch_to_host_gbps = 2.69498
stat.switch.bw.host_link_total_gbps = 3.58377
stat.switch.port.node.0.ingress_wait_avg_cycles = 129.734
stat.switch.port.node.0.ingress_wait_max_cycles = 167
stat.switch.port.node.0.egress_wait_avg_cycles = 1
stat.switch.port.node.0.egress_wait_max_cycles = 1
stat.switch.port.node.0.ingress_queue_wait_avg_cycles = 2.16799
stat.switch.port.node.0.ingress_queue_wait_max_cycles = 37
stat.switch.port.node.0.egress_occ_avg_bytes = 0
stat.switch.port.node.0.egress_occ_stddev_bytes = 0
stat.switch.port.node.0.egress_occ_max_bytes = 0
stat.switch.port.node.0.egress_occ_nonempty_frac = 0
stat.switch.port.node.0.egress_blocked_cycles = 0
stat.switch.port.node.0.egress_blocked_nonempty_frac = 0
stat.switch.port.node.0.egress_blocked_avg_occ_bytes = 0
stat.switch.port.node.0.egress_blocked_max_occ_bytes = 0
stat.switch.port.node.0.egress_send_burst_max_pkts = 2
stat.switch.port.node.0.egress_send_burst_max_bytes = 128
stat.switch.port.node.0.egress_send_burst_avg_pkts = 1.10282
stat.switch.port.node.0.egress_send_burst_avg_bytes = 70.5804
stat.switch.port.node.0.egress_send_burst_stddev_pkts = 0.303721
stat.switch.port.node.0.egress_send_burst_stddev_bytes = 19.4382
stat.switch.port.node.0.egress_send_nonempty_frac = 0.0159096
stat.switch.port.node.0.ingress_arrival_burst_avg_bytes = 17.568
stat.switch.port.node.0.ingress_arrival_nonempty_frac = 0.0210797
stat.switch.port.node.0.ingress_arrival_run_max_cycles = 8
stat.switch.port.node.0.ingress_arrival_run_avg_cycles = 1.14575
stat.switch.port.node.0.ingress_arrival_gap_max_cycles = 653
stat.switch.port.node.0.ingress_arrival_gap_avg_cycles = 53.2037
stat.switch.port.node.0.ingress_release_burst_avg_bytes = 17.5237
stat.switch.port.node.0.ingress_release_nonempty_frac = 0.0211408
stat.switch.port.node.0.ingress_release_run_max_cycles = 1
stat.switch.port.node.0.ingress_release_run_avg_cycles = 1
stat.switch.port.node.0.ingress_release_gap_max_cycles = 674
stat.switch.port.node.0.ingress_release_gap_avg_cycles = 46.2985
stat.switch.port.node.0.ingress_occ_avg_bytes = 50.8362
stat.switch.port.node.0.ingress_occ_stddev_bytes = 55.5171
stat.switch.port.node.0.ingress_occ_max_bytes = 352
stat.switch.port.node.0.ingress_occ_nonempty_frac = 0.717515
stat.switch.port.node.0.ingress_occ_run_max_cycles = 1341
stat.switch.port.node.0.ingress_occ_run_avg_cycles = 337.352
stat.switch.port.node.0.ingress_occ_gap_max_cycles = 531
stat.switch.port.node.0.ingress_occ_gap_avg_cycles = 132.891
stat.switch.port.node.0.ingress_wait_avg_cycles.demand_req = 126.538
stat.switch.port.node.0.ingress_wait_max_cycles.demand_req = 161
stat.switch.port.node.0.ingress_queue_wait_avg_cycles.demand_req = 2.53815
stat.switch.port.node.0.ingress_queue_wait_max_cycles.demand_req = 37
stat.switch.port.node.0.egress_wait_avg_cycles.demand_req = 0
stat.switch.port.node.0.egress_wait_max_cycles.demand_req = 0
stat.switch.port.node.0.egress_occ_avg_bytes.demand_req = 0
stat.switch.port.node.0.egress_occ_max_bytes.demand_req = 0
stat.switch.port.node.0.egress_blocked_cycles.demand_req = 0
stat.switch.port.node.0.ingress_arrival_empty_packets.demand_req = 1015
stat.switch.port.node.0.ingress_arrival_nonempty_packets.demand_req = 13338
stat.switch.port.node.0.ingress_arrival_nonempty_packet_frac.demand_req = 0.929283
stat.switch.port.node.0.ingress_nonempty_arrival_pre_occ_avg_bytes.demand_req = 81.8929
stat.switch.port.node.0.ingress_nonempty_arrival_pre_occ_max_bytes.demand_req = 344
stat.switch.port.node.0.ingress_release_after_empty_arrival_packets.demand_req = 1016
stat.switch.port.node.0.ingress_release_after_nonempty_arrival_packets.demand_req = 13335
stat.switch.port.node.0.ingress_wait_after_empty_arrival_avg_cycles.demand_req = 124.016
stat.switch.port.node.0.ingress_wait_after_nonempty_arrival_avg_cycles.demand_req = 126.73
stat.switch.port.node.0.ingress_queue_wait_after_empty_arrival_avg_cycles.demand_req = 0.015748
stat.switch.port.node.0.ingress_queue_wait_after_nonempty_arrival_avg_cycles.demand_req = 2.73033
stat.switch.port.node.0.ingress_queue_wait_after_empty_arrival_max_cycles.demand_req = 16
stat.switch.port.node.0.ingress_queue_wait_after_nonempty_arrival_max_cycles.demand_req = 37
stat.switch.port.node.0.rx_bytes.demand_req = 114824
stat.switch.port.node.0.tx_bytes.demand_req = 0
stat.switch.port.node.0.rx_pkts.demand_req = 14353
stat.switch.port.node.0.tx_pkts.demand_req = 0
stat.switch.port.node.0.ingress_wait_avg_cycles.write_req = 145.338
stat.switch.port.node.0.ingress_wait_max_cycles.write_req = 167
stat.switch.port.node.0.ingress_queue_wait_avg_cycles.write_req = 0.369691
stat.switch.port.node.0.ingress_queue_wait_max_cycles.write_req = 22
stat.switch.port.node.0.egress_wait_avg_cycles.write_req = 0
stat.switch.port.node.0.egress_wait_max_cycles.write_req = 0
stat.switch.port.node.0.egress_occ_avg_bytes.write_req = 0
stat.switch.port.node.0.egress_occ_max_bytes.write_req = 0
stat.switch.port.node.0.egress_blocked_cycles.write_req = 0
stat.switch.port.node.0.ingress_arrival_empty_packets.write_req = 724
stat.switch.port.node.0.ingress_arrival_nonempty_packets.write_req = 2217
stat.switch.port.node.0.ingress_arrival_nonempty_packet_frac.write_req = 0.753825
stat.switch.port.node.0.ingress_nonempty_arrival_pre_occ_avg_bytes.write_req = 73.0862
stat.switch.port.node.0.ingress_nonempty_arrival_pre_occ_max_bytes.write_req = 280
stat.switch.port.node.0.ingress_release_after_empty_arrival_packets.write_req = 726
stat.switch.port.node.0.ingress_release_after_nonempty_arrival_packets.write_req = 2217
stat.switch.port.node.0.ingress_wait_after_empty_arrival_avg_cycles.write_req = 144.872
stat.switch.port.node.0.ingress_wait_after_nonempty_arrival_avg_cycles.write_req = 145.491
stat.switch.port.node.0.ingress_queue_wait_after_empty_arrival_avg_cycles.write_req = 0
stat.switch.port.node.0.ingress_queue_wait_after_nonempty_arrival_avg_cycles.write_req = 0.490753
stat.switch.port.node.0.ingress_queue_wait_after_empty_arrival_max_cycles.write_req = 0
stat.switch.port.node.0.ingress_queue_wait_after_nonempty_arrival_max_cycles.write_req = 22
stat.switch.port.node.0.rx_bytes.write_req = 188224
stat.switch.port.node.0.tx_bytes.write_req = 0
stat.switch.port.node.0.rx_pkts.write_req = 2941
stat.switch.port.node.0.tx_pkts.write_req = 0
stat.switch.port.node.0.ingress_wait_avg_cycles.response = 0
stat.switch.port.node.0.ingress_wait_max_cycles.response = 0
stat.switch.port.node.0.ingress_queue_wait_avg_cycles.response = 0
stat.switch.port.node.0.ingress_queue_wait_max_cycles.response = 0
stat.switch.port.node.0.egress_wait_avg_cycles.response = 1
stat.switch.port.node.0.egress_wait_max_cycles.response = 1
stat.switch.port.node.0.egress_occ_avg_bytes.response = 0
stat.switch.port.node.0.egress_occ_max_bytes.response = 0
stat.switch.port.node.0.egress_blocked_cycles.response = 0
stat.switch.port.node.0.ingress_arrival_empty_packets.response = 0
stat.switch.port.node.0.ingress_arrival_nonempty_packets.response = 0
stat.switch.port.node.0.ingress_arrival_nonempty_packet_frac.response = 0
stat.switch.port.node.0.ingress_nonempty_arrival_pre_occ_avg_bytes.response = 0
stat.switch.port.node.0.ingress_nonempty_arrival_pre_occ_max_bytes.response = 0
stat.switch.port.node.0.ingress_release_after_empty_arrival_packets.response = 0
stat.switch.port.node.0.ingress_release_after_nonempty_arrival_packets.response = 0
stat.switch.port.node.0.ingress_wait_after_empty_arrival_avg_cycles.response = 0
stat.switch.port.node.0.ingress_wait_after_nonempty_arrival_avg_cycles.response = 0
stat.switch.port.node.0.ingress_queue_wait_after_empty_arrival_avg_cycles.response = 0
stat.switch.port.node.0.ingress_queue_wait_after_nonempty_arrival_avg_cycles.response = 0
stat.switch.port.node.0.ingress_queue_wait_after_empty_arrival_max_cycles.response = 0
stat.switch.port.node.0.ingress_queue_wait_after_nonempty_arrival_max_cycles.response = 0
stat.switch.port.node.0.rx_bytes.response = 0
stat.switch.port.node.0.tx_bytes.response = 919168
stat.switch.port.node.0.rx_pkts.response = 0
stat.switch.port.node.0.tx_pkts.response = 14362
stat.switch.port.node.0.ingress_wait_avg_cycles.other_req = 124.364
stat.switch.port.node.0.ingress_wait_max_cycles.other_req = 128
stat.switch.port.node.0.ingress_queue_wait_avg_cycles.other_req = 0.363636
stat.switch.port.node.0.ingress_queue_wait_max_cycles.other_req = 4
stat.switch.port.node.0.egress_wait_avg_cycles.other_req = 0
stat.switch.port.node.0.egress_wait_max_cycles.other_req = 0
stat.switch.port.node.0.egress_occ_avg_bytes.other_req = 0
stat.switch.port.node.0.egress_occ_max_bytes.other_req = 0
stat.switch.port.node.0.egress_blocked_cycles.other_req = 0
stat.switch.port.node.0.ingress_arrival_empty_packets.other_req = 1
stat.switch.port.node.0.ingress_arrival_nonempty_packets.other_req = 10
stat.switch.port.node.0.ingress_arrival_nonempty_packet_frac.other_req = 0.909091
stat.switch.port.node.0.ingress_nonempty_arrival_pre_occ_avg_bytes.other_req = 53.6
stat.switch.port.node.0.ingress_nonempty_arrival_pre_occ_max_bytes.other_req = 136
stat.switch.port.node.0.ingress_release_after_empty_arrival_packets.other_req = 1
stat.switch.port.node.0.ingress_release_after_nonempty_arrival_packets.other_req = 10
stat.switch.port.node.0.ingress_wait_after_empty_arrival_avg_cycles.other_req = 124
stat.switch.port.node.0.ingress_wait_after_nonempty_arrival_avg_cycles.other_req = 124.4
stat.switch.port.node.0.ingress_queue_wait_after_empty_arrival_avg_cycles.other_req = 0
stat.switch.port.node.0.ingress_queue_wait_after_nonempty_arrival_avg_cycles.other_req = 0.4
stat.switch.port.node.0.ingress_queue_wait_after_empty_arrival_max_cycles.other_req = 0
stat.switch.port.node.0.ingress_queue_wait_after_nonempty_arrival_max_cycles.other_req = 4
stat.switch.port.node.0.rx_bytes.other_req = 88
stat.switch.port.node.0.tx_bytes.other_req = 0
stat.switch.port.node.0.rx_pkts.other_req = 11
stat.switch.port.node.0.tx_pkts.other_req = 0
stat.switch.port.node.0.ingress_occ_bucket_bytes.0 = 231231
stat.switch.port.node.0.ready_occ_bucket_bytes.0 = 801255
stat.switch.port.node.0.ingress_occ_bucket_bytes.1_64 = 316238
stat.switch.port.node.0.ready_occ_bucket_bytes.1_64 = 17305
stat.switch.port.node.0.ingress_occ_bucket_bytes.65_256 = 269206
stat.switch.port.node.0.ready_occ_bucket_bytes.65_256 = 0
stat.switch.port.node.0.ingress_occ_bucket_bytes.257_1024 = 1885
stat.switch.port.node.0.ready_occ_bucket_bytes.257_1024 = 0
stat.switch.port.node.0.ingress_occ_bucket_bytes.1025_4096 = 0
stat.switch.port.node.0.ready_occ_bucket_bytes.1025_4096 = 0
stat.switch.port.node.0.ingress_occ_bucket_bytes.4097_plus = 0
stat.switch.port.node.0.ready_occ_bucket_bytes.4097_plus = 0
stat.switch.port.node.0.ingress_episode.count = 1740
stat.switch.port.node.0.ingress_episode.avg_cycles = 337.436
stat.switch.port.node.0.ingress_episode.max_cycles = 1341
stat.switch.port.node.0.ingress_episode.avg_peak_occ_bytes = 120.437
stat.switch.port.node.0.ingress_episode.max_peak_occ_bytes = 352
stat.switch.port.node.0.ingress_episode.avg_arrival_pkts = 9.9431
stat.switch.port.node.0.ingress_episode.max_arrival_pkts = 32
stat.switch.port.node.0.ingress_episode.avg_arrival_bytes = 174.198
stat.switch.port.node.0.ingress_episode.max_arrival_bytes = 760
stat.switch.port.node.0.ingress_episode.avg_release_pkts = 9.94483
stat.switch.port.node.0.ingress_episode.max_release_pkts = 32
stat.switch.port.node.0.ingress_episode.avg_release_bytes = 174.276
stat.switch.port.node.0.ingress_episode.max_release_bytes = 760
stat.switch.port.node.0.ingress_episode.avg_wait_cycles = 1290.19
stat.switch.port.node.0.ingress_episode.max_wait_cycles = 167
stat.switch.port.node.0.ingress_episode.avg_queue_wait_cycles = 21.5615
stat.switch.port.node.0.ingress_episode.max_queue_wait_cycles = 37
stat.switch.port.node.0.ingress_episode.avg_src_distinct = 1
stat.switch.port.node.0.ingress_episode.max_src_distinct = 1
stat.switch.port.node.0.ingress_episode.avg_dst_distinct = 1
stat.switch.port.node.0.ingress_episode.max_dst_distinct = 1
stat.switch.port.node.0.ingress_episode.avg_arrival_pkts.demand_req = 8.24655
stat.switch.port.node.0.ingress_episode.max_arrival_pkts.demand_req = 25
stat.switch.port.node.0.ingress_episode.avg_release_pkts.demand_req = 8.24713
stat.switch.port.node.0.ingress_episode.max_release_pkts.demand_req = 25
stat.switch.port.node.0.ingress_pre_occ_bucket.demand_req.0 = 1015
stat.switch.port.node.0.ingress_queue_wait_bucket.demand_req.0 = 9394
stat.switch.port.node.0.ingress_pre_occ_bucket.demand_req.1_64 = 5582
stat.switch.port.node.0.ingress_queue_wait_bucket.demand_req.1_63 = 4957
stat.switch.port.node.0.ingress_pre_occ_bucket.demand_req.65_256 = 7699
stat.switch.port.node.0.ingress_queue_wait_bucket.demand_req.64_255 = 0
stat.switch.port.node.0.ingress_pre_occ_bucket.demand_req.257_1024 = 57
stat.switch.port.node.0.ingress_queue_wait_bucket.demand_req.256_1023 = 0
stat.switch.port.node.0.ingress_pre_occ_bucket.demand_req.1025_4096 = 0
stat.switch.port.node.0.ingress_queue_wait_bucket.demand_req.1024_4095 = 0
stat.switch.port.node.0.ingress_pre_occ_bucket.demand_req.4097_plus = 0
stat.switch.port.node.0.ingress_queue_wait_bucket.demand_req.4096_plus = 0
stat.switch.port.node.0.ingress_episode.avg_arrival_pkts.write_req = 1.69023
stat.switch.port.node.0.ingress_episode.max_arrival_pkts.write_req = 9
stat.switch.port.node.0.ingress_episode.avg_release_pkts.write_req = 1.69138
stat.switch.port.node.0.ingress_episode.max_release_pkts.write_req = 9
stat.switch.port.node.0.ingress_pre_occ_bucket.write_req.0 = 724
stat.switch.port.node.0.ingress_queue_wait_bucket.write_req.0 = 2703
stat.switch.port.node.0.ingress_pre_occ_bucket.write_req.1_64 = 1142
stat.switch.port.node.0.ingress_queue_wait_bucket.write_req.1_63 = 240
stat.switch.port.node.0.ingress_pre_occ_bucket.write_req.65_256 = 1069
stat.switch.port.node.0.ingress_queue_wait_bucket.write_req.64_255 = 0
stat.switch.port.node.0.ingress_pre_occ_bucket.write_req.257_1024 = 6
stat.switch.port.node.0.ingress_queue_wait_bucket.write_req.256_1023 = 0
stat.switch.port.node.0.ingress_pre_occ_bucket.write_req.1025_4096 = 0
stat.switch.port.node.0.ingress_queue_wait_bucket.write_req.1024_4095 = 0
stat.switch.port.node.0.ingress_pre_occ_bucket.write_req.4097_plus = 0
stat.switch.port.node.0.ingress_queue_wait_bucket.write_req.4096_plus = 0
stat.switch.port.node.0.ingress_episode.avg_arrival_pkts.response = 0
stat.switch.port.node.0.ingress_episode.max_arrival_pkts.response = 0
stat.switch.port.node.0.ingress_episode.avg_release_pkts.response = 0
stat.switch.port.node.0.ingress_episode.max_release_pkts.response = 0
stat.switch.port.node.0.ingress_pre_occ_bucket.response.0 = 0
stat.switch.port.node.0.ingress_queue_wait_bucket.response.0 = 0
stat.switch.port.node.0.ingress_pre_occ_bucket.response.1_64 = 0
stat.switch.port.node.0.ingress_queue_wait_bucket.response.1_63 = 0
stat.switch.port.node.0.ingress_pre_occ_bucket.response.65_256 = 0
stat.switch.port.node.0.ingress_queue_wait_bucket.response.64_255 = 0
stat.switch.port.node.0.ingress_pre_occ_bucket.response.257_1024 = 0
stat.switch.port.node.0.ingress_queue_wait_bucket.response.256_1023 = 0
stat.switch.port.node.0.ingress_pre_occ_bucket.response.1025_4096 = 0
stat.switch.port.node.0.ingress_queue_wait_bucket.response.1024_4095 = 0
stat.switch.port.node.0.ingress_pre_occ_bucket.response.4097_plus = 0
stat.switch.port.node.0.ingress_queue_wait_bucket.response.4096_plus = 0
stat.switch.port.node.0.ingress_episode.avg_arrival_pkts.other_req = 0.00632184
stat.switch.port.node.0.ingress_episode.max_arrival_pkts.other_req = 1
stat.switch.port.node.0.ingress_episode.avg_release_pkts.other_req = 0.00632184
stat.switch.port.node.0.ingress_episode.max_release_pkts.other_req = 1
stat.switch.port.node.0.ingress_pre_occ_bucket.other_req.0 = 1
stat.switch.port.node.0.ingress_queue_wait_bucket.other_req.0 = 10
stat.switch.port.node.0.ingress_pre_occ_bucket.other_req.1_64 = 6
stat.switch.port.node.0.ingress_queue_wait_bucket.other_req.1_63 = 1
stat.switch.port.node.0.ingress_pre_occ_bucket.other_req.65_256 = 4
stat.switch.port.node.0.ingress_queue_wait_bucket.other_req.64_255 = 0
stat.switch.port.node.0.ingress_pre_occ_bucket.other_req.257_1024 = 0
stat.switch.port.node.0.ingress_queue_wait_bucket.other_req.256_1023 = 0
stat.switch.port.node.0.ingress_pre_occ_bucket.other_req.1025_4096 = 0
stat.switch.port.node.0.ingress_queue_wait_bucket.other_req.1024_4095 = 0
stat.switch.port.node.0.ingress_pre_occ_bucket.other_req.4097_plus = 0
stat.switch.port.node.0.ingress_queue_wait_bucket.other_req.4096_plus = 0
stat.switch.port.node.0.peer_src.0.rx_bytes.demand_req = 114824
stat.switch.port.node.0.peer_src.0.rx_pkts.demand_req = 14353
stat.switch.port.node.0.peer_src.0.tx_bytes.demand_req = 0
stat.switch.port.node.0.peer_src.0.tx_pkts.demand_req = 0
stat.switch.port.node.0.peer_src.0.ingress_arrivals.demand_req = 14353
stat.switch.port.node.0.peer_src.0.ingress_arrival_nonempty_packet_frac.demand_req = 0.929283
stat.switch.port.node.0.peer_src.0.ingress_nonempty_arrival_pre_occ_avg_bytes.demand_req = 81.8929
stat.switch.port.node.0.peer_src.0.ingress_nonempty_arrival_pre_occ_max_bytes.demand_req = 344
stat.switch.port.node.0.peer_src.0.ingress_wait_avg_cycles.demand_req = 126.538
stat.switch.port.node.0.peer_src.0.ingress_queue_wait_avg_cycles.demand_req = 2.53815
stat.switch.port.node.0.peer_src.0.ingress_queue_wait_after_nonempty_arrival_avg_cycles.demand_req = 2.73033
stat.switch.port.node.0.peer_src.0.ingress_pre_occ_bucket.demand_req.0 = 1015
stat.switch.port.node.0.peer_src.0.ingress_queue_wait_bucket.demand_req.0 = 9394
stat.switch.port.node.0.peer_src.0.ingress_pre_occ_bucket.demand_req.1_64 = 5582
stat.switch.port.node.0.peer_src.0.ingress_queue_wait_bucket.demand_req.1_63 = 4957
stat.switch.port.node.0.peer_src.0.ingress_pre_occ_bucket.demand_req.65_256 = 7699
stat.switch.port.node.0.peer_src.0.ingress_queue_wait_bucket.demand_req.64_255 = 0
stat.switch.port.node.0.peer_src.0.ingress_pre_occ_bucket.demand_req.257_1024 = 57
stat.switch.port.node.0.peer_src.0.ingress_queue_wait_bucket.demand_req.256_1023 = 0
stat.switch.port.node.0.peer_src.0.ingress_pre_occ_bucket.demand_req.1025_4096 = 0
stat.switch.port.node.0.peer_src.0.ingress_queue_wait_bucket.demand_req.1024_4095 = 0
stat.switch.port.node.0.peer_src.0.ingress_pre_occ_bucket.demand_req.4097_plus = 0
stat.switch.port.node.0.peer_src.0.ingress_queue_wait_bucket.demand_req.4096_plus = 0
stat.switch.port.node.0.peer_src.0.rx_bytes.write_req = 188224
stat.switch.port.node.0.peer_src.0.rx_pkts.write_req = 2941
stat.switch.port.node.0.peer_src.0.tx_bytes.write_req = 0
stat.switch.port.node.0.peer_src.0.tx_pkts.write_req = 0
stat.switch.port.node.0.peer_src.0.ingress_arrivals.write_req = 2941
stat.switch.port.node.0.peer_src.0.ingress_arrival_nonempty_packet_frac.write_req = 0.753825
stat.switch.port.node.0.peer_src.0.ingress_nonempty_arrival_pre_occ_avg_bytes.write_req = 73.0862
stat.switch.port.node.0.peer_src.0.ingress_nonempty_arrival_pre_occ_max_bytes.write_req = 280
stat.switch.port.node.0.peer_src.0.ingress_wait_avg_cycles.write_req = 145.338
stat.switch.port.node.0.peer_src.0.ingress_queue_wait_avg_cycles.write_req = 0.369691
stat.switch.port.node.0.peer_src.0.ingress_queue_wait_after_nonempty_arrival_avg_cycles.write_req = 0.490753
stat.switch.port.node.0.peer_src.0.ingress_pre_occ_bucket.write_req.0 = 724
stat.switch.port.node.0.peer_src.0.ingress_queue_wait_bucket.write_req.0 = 2703
stat.switch.port.node.0.peer_src.0.ingress_pre_occ_bucket.write_req.1_64 = 1142
stat.switch.port.node.0.peer_src.0.ingress_queue_wait_bucket.write_req.1_63 = 240
stat.switch.port.node.0.peer_src.0.ingress_pre_occ_bucket.write_req.65_256 = 1069
stat.switch.port.node.0.peer_src.0.ingress_queue_wait_bucket.write_req.64_255 = 0
stat.switch.port.node.0.peer_src.0.ingress_pre_occ_bucket.write_req.257_1024 = 6
stat.switch.port.node.0.peer_src.0.ingress_queue_wait_bucket.write_req.256_1023 = 0
stat.switch.port.node.0.peer_src.0.ingress_pre_occ_bucket.write_req.1025_4096 = 0
stat.switch.port.node.0.peer_src.0.ingress_queue_wait_bucket.write_req.1024_4095 = 0
stat.switch.port.node.0.peer_src.0.ingress_pre_occ_bucket.write_req.4097_plus = 0
stat.switch.port.node.0.peer_src.0.ingress_queue_wait_bucket.write_req.4096_plus = 0
stat.switch.port.node.0.peer_src.0.rx_bytes.other_req = 88
stat.switch.port.node.0.peer_src.0.rx_pkts.other_req = 11
stat.switch.port.node.0.peer_src.0.tx_bytes.other_req = 0
stat.switch.port.node.0.peer_src.0.tx_pkts.other_req = 0
stat.switch.port.node.0.peer_src.0.ingress_arrivals.other_req = 11
stat.switch.port.node.0.peer_src.0.ingress_arrival_nonempty_packet_frac.other_req = 0.909091
stat.switch.port.node.0.peer_src.0.ingress_nonempty_arrival_pre_occ_avg_bytes.other_req = 53.6
stat.switch.port.node.0.peer_src.0.ingress_nonempty_arrival_pre_occ_max_bytes.other_req = 136
stat.switch.port.node.0.peer_src.0.ingress_wait_avg_cycles.other_req = 124.364
stat.switch.port.node.0.peer_src.0.ingress_queue_wait_avg_cycles.other_req = 0.363636
stat.switch.port.node.0.peer_src.0.ingress_queue_wait_after_nonempty_arrival_avg_cycles.other_req = 0.4
stat.switch.port.node.0.peer_src.0.ingress_pre_occ_bucket.other_req.0 = 1
stat.switch.port.node.0.peer_src.0.ingress_queue_wait_bucket.other_req.0 = 10
stat.switch.port.node.0.peer_src.0.ingress_pre_occ_bucket.other_req.1_64 = 6
stat.switch.port.node.0.peer_src.0.ingress_queue_wait_bucket.other_req.1_63 = 1
stat.switch.port.node.0.peer_src.0.ingress_pre_occ_bucket.other_req.65_256 = 4
stat.switch.port.node.0.peer_src.0.ingress_queue_wait_bucket.other_req.64_255 = 0
stat.switch.port.node.0.peer_src.0.ingress_pre_occ_bucket.other_req.257_1024 = 0
stat.switch.port.node.0.peer_src.0.ingress_queue_wait_bucket.other_req.256_1023 = 0
stat.switch.port.node.0.peer_src.0.ingress_pre_occ_bucket.other_req.1025_4096 = 0
stat.switch.port.node.0.peer_src.0.ingress_queue_wait_bucket.other_req.1024_4095 = 0
stat.switch.port.node.0.peer_src.0.ingress_pre_occ_bucket.other_req.4097_plus = 0
stat.switch.port.node.0.peer_src.0.ingress_queue_wait_bucket.other_req.4096_plus = 0
stat.switch.port.node.0.peer_dst.100.rx_bytes.demand_req = 114824
stat.switch.port.node.0.peer_dst.100.rx_pkts.demand_req = 14353
stat.switch.port.node.0.peer_dst.100.tx_bytes.demand_req = 0
stat.switch.port.node.0.peer_dst.100.tx_pkts.demand_req = 0
stat.switch.port.node.0.peer_dst.100.ingress_arrivals.demand_req = 14353
stat.switch.port.node.0.peer_dst.100.ingress_arrival_nonempty_packet_frac.demand_req = 0.929283
stat.switch.port.node.0.peer_dst.100.ingress_nonempty_arrival_pre_occ_avg_bytes.demand_req = 81.8929
stat.switch.port.node.0.peer_dst.100.ingress_nonempty_arrival_pre_occ_max_bytes.demand_req = 344
stat.switch.port.node.0.peer_dst.100.ingress_wait_avg_cycles.demand_req = 126.538
stat.switch.port.node.0.peer_dst.100.ingress_queue_wait_avg_cycles.demand_req = 2.53815
stat.switch.port.node.0.peer_dst.100.ingress_queue_wait_after_nonempty_arrival_avg_cycles.demand_req = 2.73033
stat.switch.port.node.0.peer_dst.100.ingress_pre_occ_bucket.demand_req.0 = 1015
stat.switch.port.node.0.peer_dst.100.ingress_queue_wait_bucket.demand_req.0 = 9394
stat.switch.port.node.0.peer_dst.100.ingress_pre_occ_bucket.demand_req.1_64 = 5582
stat.switch.port.node.0.peer_dst.100.ingress_queue_wait_bucket.demand_req.1_63 = 4957
stat.switch.port.node.0.peer_dst.100.ingress_pre_occ_bucket.demand_req.65_256 = 7699
stat.switch.port.node.0.peer_dst.100.ingress_queue_wait_bucket.demand_req.64_255 = 0
stat.switch.port.node.0.peer_dst.100.ingress_pre_occ_bucket.demand_req.257_1024 = 57
stat.switch.port.node.0.peer_dst.100.ingress_queue_wait_bucket.demand_req.256_1023 = 0
stat.switch.port.node.0.peer_dst.100.ingress_pre_occ_bucket.demand_req.1025_4096 = 0
stat.switch.port.node.0.peer_dst.100.ingress_queue_wait_bucket.demand_req.1024_4095 = 0
stat.switch.port.node.0.peer_dst.100.ingress_pre_occ_bucket.demand_req.4097_plus = 0
stat.switch.port.node.0.peer_dst.100.ingress_queue_wait_bucket.demand_req.4096_plus = 0
stat.switch.port.node.0.peer_dst.100.rx_bytes.write_req = 188224
stat.switch.port.node.0.peer_dst.100.rx_pkts.write_req = 2941
stat.switch.port.node.0.peer_dst.100.tx_bytes.write_req = 0
stat.switch.port.node.0.peer_dst.100.tx_pkts.write_req = 0
stat.switch.port.node.0.peer_dst.100.ingress_arrivals.write_req = 2941
stat.switch.port.node.0.peer_dst.100.ingress_arrival_nonempty_packet_frac.write_req = 0.753825
stat.switch.port.node.0.peer_dst.100.ingress_nonempty_arrival_pre_occ_avg_bytes.write_req = 73.0862
stat.switch.port.node.0.peer_dst.100.ingress_nonempty_arrival_pre_occ_max_bytes.write_req = 280
stat.switch.port.node.0.peer_dst.100.ingress_wait_avg_cycles.write_req = 145.338
stat.switch.port.node.0.peer_dst.100.ingress_queue_wait_avg_cycles.write_req = 0.369691
stat.switch.port.node.0.peer_dst.100.ingress_queue_wait_after_nonempty_arrival_avg_cycles.write_req = 0.490753
stat.switch.port.node.0.peer_dst.100.ingress_pre_occ_bucket.write_req.0 = 724
stat.switch.port.node.0.peer_dst.100.ingress_queue_wait_bucket.write_req.0 = 2703
stat.switch.port.node.0.peer_dst.100.ingress_pre_occ_bucket.write_req.1_64 = 1142
stat.switch.port.node.0.peer_dst.100.ingress_queue_wait_bucket.write_req.1_63 = 240
stat.switch.port.node.0.peer_dst.100.ingress_pre_occ_bucket.write_req.65_256 = 1069
stat.switch.port.node.0.peer_dst.100.ingress_queue_wait_bucket.write_req.64_255 = 0
stat.switch.port.node.0.peer_dst.100.ingress_pre_occ_bucket.write_req.257_1024 = 6
stat.switch.port.node.0.peer_dst.100.ingress_queue_wait_bucket.write_req.256_1023 = 0
stat.switch.port.node.0.peer_dst.100.ingress_pre_occ_bucket.write_req.1025_4096 = 0
stat.switch.port.node.0.peer_dst.100.ingress_queue_wait_bucket.write_req.1024_4095 = 0
stat.switch.port.node.0.peer_dst.100.ingress_pre_occ_bucket.write_req.4097_plus = 0
stat.switch.port.node.0.peer_dst.100.ingress_queue_wait_bucket.write_req.4096_plus = 0
stat.switch.port.node.0.peer_dst.100.rx_bytes.other_req = 88
stat.switch.port.node.0.peer_dst.100.rx_pkts.other_req = 11
stat.switch.port.node.0.peer_dst.100.tx_bytes.other_req = 0
stat.switch.port.node.0.peer_dst.100.tx_pkts.other_req = 0
stat.switch.port.node.0.peer_dst.100.ingress_arrivals.other_req = 11
stat.switch.port.node.0.peer_dst.100.ingress_arrival_nonempty_packet_frac.other_req = 0.909091
stat.switch.port.node.0.peer_dst.100.ingress_nonempty_arrival_pre_occ_avg_bytes.other_req = 53.6
stat.switch.port.node.0.peer_dst.100.ingress_nonempty_arrival_pre_occ_max_bytes.other_req = 136
stat.switch.port.node.0.peer_dst.100.ingress_wait_avg_cycles.other_req = 124.364
stat.switch.port.node.0.peer_dst.100.ingress_queue_wait_avg_cycles.other_req = 0.363636
stat.switch.port.node.0.peer_dst.100.ingress_queue_wait_after_nonempty_arrival_avg_cycles.other_req = 0.4
stat.switch.port.node.0.peer_dst.100.ingress_pre_occ_bucket.other_req.0 = 1
stat.switch.port.node.0.peer_dst.100.ingress_queue_wait_bucket.other_req.0 = 10
stat.switch.port.node.0.peer_dst.100.ingress_pre_occ_bucket.other_req.1_64 = 6
stat.switch.port.node.0.peer_dst.100.ingress_queue_wait_bucket.other_req.1_63 = 1
stat.switch.port.node.0.peer_dst.100.ingress_pre_occ_bucket.other_req.65_256 = 4
stat.switch.port.node.0.peer_dst.100.ingress_queue_wait_bucket.other_req.64_255 = 0
stat.switch.port.node.0.peer_dst.100.ingress_pre_occ_bucket.other_req.257_1024 = 0
stat.switch.port.node.0.peer_dst.100.ingress_queue_wait_bucket.other_req.256_1023 = 0
stat.switch.port.node.0.peer_dst.100.ingress_pre_occ_bucket.other_req.1025_4096 = 0
stat.switch.port.node.0.peer_dst.100.ingress_queue_wait_bucket.other_req.1024_4095 = 0
stat.switch.port.node.0.peer_dst.100.ingress_pre_occ_bucket.other_req.4097_plus = 0
stat.switch.port.node.0.peer_dst.100.ingress_queue_wait_bucket.other_req.4096_plus = 0
stat.switch.port.node.0.tx_src.100.rx_bytes.response = 0
stat.switch.port.node.0.tx_src.100.rx_pkts.response = 0
stat.switch.port.node.0.tx_src.100.tx_bytes.response = 459584
stat.switch.port.node.0.tx_src.100.tx_pkts.response = 7181
stat.switch.port.node.0.tx_src.100.ingress_arrivals.response = 0
stat.switch.port.node.0.tx_src.100.ingress_arrival_nonempty_packet_frac.response = 0
stat.switch.port.node.0.tx_src.100.ingress_nonempty_arrival_pre_occ_avg_bytes.response = 0
stat.switch.port.node.0.tx_src.100.ingress_nonempty_arrival_pre_occ_max_bytes.response = 0
stat.switch.port.node.0.tx_src.100.ingress_wait_avg_cycles.response = 0
stat.switch.port.node.0.tx_src.100.ingress_queue_wait_avg_cycles.response = 0
stat.switch.port.node.0.tx_src.100.ingress_queue_wait_after_nonempty_arrival_avg_cycles.response = 0
stat.switch.port.node.0.tx_src.100.ingress_pre_occ_bucket.response.0 = 0
stat.switch.port.node.0.tx_src.100.ingress_queue_wait_bucket.response.0 = 0
stat.switch.port.node.0.tx_src.100.ingress_pre_occ_bucket.response.1_64 = 0
stat.switch.port.node.0.tx_src.100.ingress_queue_wait_bucket.response.1_63 = 0
stat.switch.port.node.0.tx_src.100.ingress_pre_occ_bucket.response.65_256 = 0
stat.switch.port.node.0.tx_src.100.ingress_queue_wait_bucket.response.64_255 = 0
stat.switch.port.node.0.tx_src.100.ingress_pre_occ_bucket.response.257_1024 = 0
stat.switch.port.node.0.tx_src.100.ingress_queue_wait_bucket.response.256_1023 = 0
stat.switch.port.node.0.tx_src.100.ingress_pre_occ_bucket.response.1025_4096 = 0
stat.switch.port.node.0.tx_src.100.ingress_queue_wait_bucket.response.1024_4095 = 0
stat.switch.port.node.0.tx_src.100.ingress_pre_occ_bucket.response.4097_plus = 0
stat.switch.port.node.0.tx_src.100.ingress_queue_wait_bucket.response.4096_plus = 0
stat.switch.port.node.0.tx_src.101.rx_bytes.response = 0
stat.switch.port.node.0.tx_src.101.rx_pkts.response = 0
stat.switch.port.node.0.tx_src.101.tx_bytes.response = 459584
stat.switch.port.node.0.tx_src.101.tx_pkts.response = 7181
stat.switch.port.node.0.tx_src.101.ingress_arrivals.response = 0
stat.switch.port.node.0.tx_src.101.ingress_arrival_nonempty_packet_frac.response = 0
stat.switch.port.node.0.tx_src.101.ingress_nonempty_arrival_pre_occ_avg_bytes.response = 0
stat.switch.port.node.0.tx_src.101.ingress_nonempty_arrival_pre_occ_max_bytes.response = 0
stat.switch.port.node.0.tx_src.101.ingress_wait_avg_cycles.response = 0
stat.switch.port.node.0.tx_src.101.ingress_queue_wait_avg_cycles.response = 0
stat.switch.port.node.0.tx_src.101.ingress_queue_wait_after_nonempty_arrival_avg_cycles.response = 0
stat.switch.port.node.0.tx_src.101.ingress_pre_occ_bucket.response.0 = 0
stat.switch.port.node.0.tx_src.101.ingress_queue_wait_bucket.response.0 = 0
stat.switch.port.node.0.tx_src.101.ingress_pre_occ_bucket.response.1_64 = 0
stat.switch.port.node.0.tx_src.101.ingress_queue_wait_bucket.response.1_63 = 0
stat.switch.port.node.0.tx_src.101.ingress_pre_occ_bucket.response.65_256 = 0
stat.switch.port.node.0.tx_src.101.ingress_queue_wait_bucket.response.64_255 = 0
stat.switch.port.node.0.tx_src.101.ingress_pre_occ_bucket.response.257_1024 = 0
stat.switch.port.node.0.tx_src.101.ingress_queue_wait_bucket.response.256_1023 = 0
stat.switch.port.node.0.tx_src.101.ingress_pre_occ_bucket.response.1025_4096 = 0
stat.switch.port.node.0.tx_src.101.ingress_queue_wait_bucket.response.1024_4095 = 0
stat.switch.port.node.0.tx_src.101.ingress_pre_occ_bucket.response.4097_plus = 0
stat.switch.port.node.0.tx_src.101.ingress_queue_wait_bucket.response.4096_plus = 0
stat.switch.port.node.0.tx_dst.0.rx_bytes.response = 0
stat.switch.port.node.0.tx_dst.0.rx_pkts.response = 0
stat.switch.port.node.0.tx_dst.0.tx_bytes.response = 919168
stat.switch.port.node.0.tx_dst.0.tx_pkts.response = 14362
stat.switch.port.node.0.tx_dst.0.ingress_arrivals.response = 0
stat.switch.port.node.0.tx_dst.0.ingress_arrival_nonempty_packet_frac.response = 0
stat.switch.port.node.0.tx_dst.0.ingress_nonempty_arrival_pre_occ_avg_bytes.response = 0
stat.switch.port.node.0.tx_dst.0.ingress_nonempty_arrival_pre_occ_max_bytes.response = 0
stat.switch.port.node.0.tx_dst.0.ingress_wait_avg_cycles.response = 0
stat.switch.port.node.0.tx_dst.0.ingress_queue_wait_avg_cycles.response = 0
stat.switch.port.node.0.tx_dst.0.ingress_queue_wait_after_nonempty_arrival_avg_cycles.response = 0
stat.switch.port.node.0.tx_dst.0.ingress_pre_occ_bucket.response.0 = 0
stat.switch.port.node.0.tx_dst.0.ingress_queue_wait_bucket.response.0 = 0
stat.switch.port.node.0.tx_dst.0.ingress_pre_occ_bucket.response.1_64 = 0
stat.switch.port.node.0.tx_dst.0.ingress_queue_wait_bucket.response.1_63 = 0
stat.switch.port.node.0.tx_dst.0.ingress_pre_occ_bucket.response.65_256 = 0
stat.switch.port.node.0.tx_dst.0.ingress_queue_wait_bucket.response.64_255 = 0
stat.switch.port.node.0.tx_dst.0.ingress_pre_occ_bucket.response.257_1024 = 0
stat.switch.port.node.0.tx_dst.0.ingress_queue_wait_bucket.response.256_1023 = 0
stat.switch.port.node.0.tx_dst.0.ingress_pre_occ_bucket.response.1025_4096 = 0
stat.switch.port.node.0.tx_dst.0.ingress_queue_wait_bucket.response.1024_4095 = 0
stat.switch.port.node.0.tx_dst.0.ingress_pre_occ_bucket.response.4097_plus = 0
stat.switch.port.node.0.tx_dst.0.ingress_queue_wait_bucket.response.4096_plus = 0
stat.switch.port.pool.0.ingress_wait_avg_cycles = 154.171
stat.switch.port.pool.0.ingress_wait_max_cycles = 271
stat.switch.port.pool.0.egress_wait_avg_cycles = 1
stat.switch.port.pool.0.egress_wait_max_cycles = 1
stat.switch.port.pool.0.ingress_queue_wait_avg_cycles = 9.20415
stat.switch.port.pool.0.ingress_queue_wait_max_cycles = 126
stat.switch.port.pool.0.egress_occ_avg_bytes = 0
stat.switch.port.pool.0.egress_occ_stddev_bytes = 0
stat.switch.port.pool.0.egress_occ_max_bytes = 0
stat.switch.port.pool.0.egress_occ_nonempty_frac = 0
stat.switch.port.pool.0.egress_blocked_cycles = 0
stat.switch.port.pool.0.egress_blocked_nonempty_frac = 0
stat.switch.port.pool.0.egress_blocked_avg_occ_bytes = 0
stat.switch.port.pool.0.egress_blocked_max_occ_bytes = 0
stat.switch.port.pool.0.egress_send_burst_max_pkts = 1
stat.switch.port.pool.0.egress_send_burst_max_bytes = 64
stat.switch.port.pool.0.egress_send_burst_avg_pkts = 1
stat.switch.port.pool.0.egress_send_burst_avg_bytes = 24.2789
stat.switch.port.pool.0.egress_send_burst_stddev_pkts = 0
stat.switch.port.pool.0.egress_send_burst_stddev_bytes = 25.4287
stat.switch.port.pool.0.egress_send_nonempty_frac = 0.0123681
stat.switch.port.pool.0.ingress_arrival_burst_avg_bytes = 64
stat.switch.port.pool.0.ingress_arrival_nonempty_frac = 0.00877272
stat.switch.port.pool.0.ingress_arrival_run_max_cycles = 1
stat.switch.port.pool.0.ingress_arrival_run_avg_cycles = 1
stat.switch.port.pool.0.ingress_arrival_gap_max_cycles = 825
stat.switch.port.pool.0.ingress_arrival_gap_avg_cycles = 112.987
stat.switch.port.pool.0.ingress_release_burst_avg_bytes = 64
stat.switch.port.pool.0.ingress_release_nonempty_frac = 0.00877272
stat.switch.port.pool.0.ingress_release_run_max_cycles = 1
stat.switch.port.pool.0.ingress_release_run_avg_cycles = 1
stat.switch.port.pool.0.ingress_release_gap_max_cycles = 795
stat.switch.port.pool.0.ingress_release_gap_avg_cycles = 112.988
stat.switch.port.pool.0.ingress_occ_avg_bytes = 86.0146
stat.switch.port.pool.0.ingress_occ_stddev_bytes = 87.6356
stat.switch.port.pool.0.ingress_occ_max_bytes = 512
stat.switch.port.pool.0.ingress_occ_nonempty_frac = 0.640526
stat.switch.port.pool.0.ingress_occ_run_max_cycles = 821
stat.switch.port.pool.0.ingress_occ_run_avg_cycles = 275.952
stat.switch.port.pool.0.ingress_occ_gap_max_cycles = 652
stat.switch.port.pool.0.ingress_occ_gap_avg_cycles = 154.951
stat.switch.port.pool.0.ingress_wait_avg_cycles.demand_req = 0
stat.switch.port.pool.0.ingress_wait_max_cycles.demand_req = 0
stat.switch.port.pool.0.ingress_queue_wait_avg_cycles.demand_req = 0
stat.switch.port.pool.0.ingress_queue_wait_max_cycles.demand_req = 0
stat.switch.port.pool.0.egress_wait_avg_cycles.demand_req = 1
stat.switch.port.pool.0.egress_wait_max_cycles.demand_req = 1
stat.switch.port.pool.0.egress_occ_avg_bytes.demand_req = 0
stat.switch.port.pool.0.egress_occ_max_bytes.demand_req = 0
stat.switch.port.pool.0.egress_blocked_cycles.demand_req = 0
stat.switch.port.pool.0.ingress_arrival_empty_packets.demand_req = 0
stat.switch.port.pool.0.ingress_arrival_nonempty_packets.demand_req = 0
stat.switch.port.pool.0.ingress_arrival_nonempty_packet_frac.demand_req = 0
stat.switch.port.pool.0.ingress_nonempty_arrival_pre_occ_avg_bytes.demand_req = 0
stat.switch.port.pool.0.ingress_nonempty_arrival_pre_occ_max_bytes.demand_req = 0
stat.switch.port.pool.0.ingress_release_after_empty_arrival_packets.demand_req = 0
stat.switch.port.pool.0.ingress_release_after_nonempty_arrival_packets.demand_req = 0
stat.switch.port.pool.0.ingress_wait_after_empty_arrival_avg_cycles.demand_req = 0
stat.switch.port.pool.0.ingress_wait_after_nonempty_arrival_avg_cycles.demand_req = 0
stat.switch.port.pool.0.ingress_queue_wait_after_empty_arrival_avg_cycles.demand_req = 0
stat.switch.port.pool.0.ingress_queue_wait_after_nonempty_arrival_avg_cycles.demand_req = 0
stat.switch.port.pool.0.ingress_queue_wait_after_empty_arrival_max_cycles.demand_req = 0
stat.switch.port.pool.0.ingress_queue_wait_after_nonempty_arrival_max_cycles.demand_req = 0
stat.switch.port.pool.0.rx_bytes.demand_req = 0
stat.switch.port.pool.0.tx_bytes.demand_req = 57400
stat.switch.port.pool.0.rx_pkts.demand_req = 0
stat.switch.port.pool.0.tx_pkts.demand_req = 7175
stat.switch.port.pool.0.ingress_wait_avg_cycles.write_req = 0
stat.switch.port.pool.0.ingress_wait_max_cycles.write_req = 0
stat.switch.port.pool.0.ingress_queue_wait_avg_cycles.write_req = 0
stat.switch.port.pool.0.ingress_queue_wait_max_cycles.write_req = 0
stat.switch.port.pool.0.egress_wait_avg_cycles.write_req = 1
stat.switch.port.pool.0.egress_wait_max_cycles.write_req = 1
stat.switch.port.pool.0.egress_occ_avg_bytes.write_req = 0
stat.switch.port.pool.0.egress_occ_max_bytes.write_req = 0
stat.switch.port.pool.0.egress_blocked_cycles.write_req = 0
stat.switch.port.pool.0.ingress_arrival_empty_packets.write_req = 0
stat.switch.port.pool.0.ingress_arrival_nonempty_packets.write_req = 0
stat.switch.port.pool.0.ingress_arrival_nonempty_packet_frac.write_req = 0
stat.switch.port.pool.0.ingress_nonempty_arrival_pre_occ_avg_bytes.write_req = 0
stat.switch.port.pool.0.ingress_nonempty_arrival_pre_occ_max_bytes.write_req = 0
stat.switch.port.pool.0.ingress_release_after_empty_arrival_packets.write_req = 0
stat.switch.port.pool.0.ingress_release_after_nonempty_arrival_packets.write_req = 0
stat.switch.port.pool.0.ingress_wait_after_empty_arrival_avg_cycles.write_req = 0
stat.switch.port.pool.0.ingress_wait_after_nonempty_arrival_avg_cycles.write_req = 0
stat.switch.port.pool.0.ingress_queue_wait_after_empty_arrival_avg_cycles.write_req = 0
stat.switch.port.pool.0.ingress_queue_wait_after_nonempty_arrival_avg_cycles.write_req = 0
stat.switch.port.pool.0.ingress_queue_wait_after_empty_arrival_max_cycles.write_req = 0
stat.switch.port.pool.0.ingress_queue_wait_after_nonempty_arrival_max_cycles.write_req = 0
stat.switch.port.pool.0.rx_bytes.write_req = 0
stat.switch.port.pool.0.tx_bytes.write_req = 188352
stat.switch.port.pool.0.rx_pkts.write_req = 0
stat.switch.port.pool.0.tx_pkts.write_req = 2943
stat.switch.port.pool.0.ingress_wait_avg_cycles.response = 154.171
stat.switch.port.pool.0.ingress_wait_max_cycles.response = 271
stat.switch.port.pool.0.ingress_queue_wait_avg_cycles.response = 9.20415
stat.switch.port.pool.0.ingress_queue_wait_max_cycles.response = 126
stat.switch.port.pool.0.egress_wait_avg_cycles.response = 0
stat.switch.port.pool.0.egress_wait_max_cycles.response = 0
stat.switch.port.pool.0.egress_occ_avg_bytes.response = 0
stat.switch.port.pool.0.egress_occ_max_bytes.response = 0
stat.switch.port.pool.0.egress_blocked_cycles.response = 0
stat.switch.port.pool.0.ingress_arrival_empty_packets.response = 1899
stat.switch.port.pool.0.ingress_arrival_nonempty_packets.response = 5282
stat.switch.port.pool.0.ingress_arrival_nonempty_packet_frac.response = 0.735552
stat.switch.port.pool.0.ingress_nonempty_arrival_pre_occ_avg_bytes.response = 127.431
stat.switch.port.pool.0.ingress_nonempty_arrival_pre_occ_max_bytes.response = 448
stat.switch.port.pool.0.ingress_release_after_empty_arrival_packets.response = 1901
stat.switch.port.pool.0.ingress_release_after_nonempty_arrival_packets.response = 5280
stat.switch.port.pool.0.ingress_wait_after_empty_arrival_avg_cycles.response = 144.873
stat.switch.port.pool.0.ingress_wait_after_nonempty_arrival_avg_cycles.response = 157.518
stat.switch.port.pool.0.ingress_queue_wait_after_empty_arrival_avg_cycles.response = 0
stat.switch.port.pool.0.ingress_queue_wait_after_nonempty_arrival_avg_cycles.response = 12.518
stat.switch.port.pool.0.ingress_queue_wait_after_empty_arrival_max_cycles.response = 0
stat.switch.port.pool.0.ingress_queue_wait_after_nonempty_arrival_max_cycles.response = 126
stat.switch.port.pool.0.rx_bytes.response = 459584
stat.switch.port.pool.0.tx_bytes.response = 0
stat.switch.port.pool.0.rx_pkts.response = 7181
stat.switch.port.pool.0.tx_pkts.response = 0
stat.switch.port.pool.0.ingress_wait_avg_cycles.other_req = 0
stat.switch.port.pool.0.ingress_wait_max_cycles.other_req = 0
stat.switch.port.pool.0.ingress_queue_wait_avg_cycles.other_req = 0
stat.switch.port.pool.0.ingress_queue_wait_max_cycles.other_req = 0
stat.switch.port.pool.0.egress_wait_avg_cycles.other_req = 1
stat.switch.port.pool.0.egress_wait_max_cycles.other_req = 1
stat.switch.port.pool.0.egress_occ_avg_bytes.other_req = 0
stat.switch.port.pool.0.egress_occ_max_bytes.other_req = 0
stat.switch.port.pool.0.egress_blocked_cycles.other_req = 0
stat.switch.port.pool.0.ingress_arrival_empty_packets.other_req = 0
stat.switch.port.pool.0.ingress_arrival_nonempty_packets.other_req = 0
stat.switch.port.pool.0.ingress_arrival_nonempty_packet_frac.other_req = 0
stat.switch.port.pool.0.ingress_nonempty_arrival_pre_occ_avg_bytes.other_req = 0
stat.switch.port.pool.0.ingress_nonempty_arrival_pre_occ_max_bytes.other_req = 0
stat.switch.port.pool.0.ingress_release_after_empty_arrival_packets.other_req = 0
stat.switch.port.pool.0.ingress_release_after_nonempty_arrival_packets.other_req = 0
stat.switch.port.pool.0.ingress_wait_after_empty_arrival_avg_cycles.other_req = 0
stat.switch.port.pool.0.ingress_wait_after_nonempty_arrival_avg_cycles.other_req = 0
stat.switch.port.pool.0.ingress_queue_wait_after_empty_arrival_avg_cycles.other_req = 0
stat.switch.port.pool.0.ingress_queue_wait_after_nonempty_arrival_avg_cycles.other_req = 0
stat.switch.port.pool.0.ingress_queue_wait_after_empty_arrival_max_cycles.other_req = 0
stat.switch.port.pool.0.ingress_queue_wait_after_nonempty_arrival_max_cycles.other_req = 0
stat.switch.port.pool.0.rx_bytes.other_req = 0
stat.switch.port.pool.0.tx_bytes.other_req = 48
stat.switch.port.pool.0.rx_pkts.other_req = 0
stat.switch.port.pool.0.tx_pkts.other_req = 6
stat.switch.port.pool.0.ingress_occ_bucket_bytes.0 = 294251
stat.switch.port.pool.0.ready_occ_bucket_bytes.0 = 811379
stat.switch.port.pool.0.ingress_occ_bucket_bytes.1_64 = 198495
stat.switch.port.pool.0.ready_occ_bucket_bytes.1_64 = 7181
stat.switch.port.pool.0.ingress_occ_bucket_bytes.65_256 = 304887
stat.switch.port.pool.0.ready_occ_bucket_bytes.65_256 = 0
stat.switch.port.pool.0.ingress_occ_bucket_bytes.257_1024 = 20927
stat.switch.port.pool.0.ready_occ_bucket_bytes.257_1024 = 0
stat.switch.port.pool.0.ingress_occ_bucket_bytes.1025_4096 = 0
stat.switch.port.pool.0.ready_occ_bucket_bytes.1025_4096 = 0
stat.switch.port.pool.0.ingress_occ_bucket_bytes.4097_plus = 0
stat.switch.port.pool.0.ready_occ_bucket_bytes.4097_plus = 0
stat.switch.port.pool.0.ingress_episode.count = 1899
stat.switch.port.pool.0.ingress_episode.avg_cycles = 275.977
stat.switch.port.pool.0.ingress_episode.max_cycles = 821
stat.switch.port.pool.0.ingress_episode.avg_peak_occ_bytes = 192.472
stat.switch.port.pool.0.ingress_episode.max_peak_occ_bytes = 512
stat.switch.port.pool.0.ingress_episode.avg_arrival_pkts = 3.77883
stat.switch.port.pool.0.ingress_episode.max_arrival_pkts = 9
stat.switch.port.pool.0.ingress_episode.avg_arrival_bytes = 241.845
stat.switch.port.pool.0.ingress_episode.max_arrival_bytes = 576
stat.switch.port.pool.0.ingress_episode.avg_release_pkts = 3.77988
stat.switch.port.pool.0.ingress_episode.max_release_pkts = 9
stat.switch.port.pool.0.ingress_episode.avg_release_bytes = 241.913
stat.switch.port.pool.0.ingress_episode.max_release_bytes = 576
stat.switch.port.pool.0.ingress_episode.avg_wait_cycles = 582.751
stat.switch.port.pool.0.ingress_episode.max_wait_cycles = 271
stat.switch.port.pool.0.ingress_episode.avg_queue_wait_cycles = 34.7952
stat.switch.port.pool.0.ingress_episode.max_queue_wait_cycles = 126
stat.switch.port.pool.0.ingress_episode.avg_src_distinct = 1
stat.switch.port.pool.0.ingress_episode.max_src_distinct = 1
stat.switch.port.pool.0.ingress_episode.avg_dst_distinct = 1
stat.switch.port.pool.0.ingress_episode.max_dst_distinct = 1
stat.switch.port.pool.0.ingress_episode.avg_arrival_pkts.demand_req = 0
stat.switch.port.pool.0.ingress_episode.max_arrival_pkts.demand_req = 0
stat.switch.port.pool.0.ingress_episode.avg_release_pkts.demand_req = 0
stat.switch.port.pool.0.ingress_episode.max_release_pkts.demand_req = 0
stat.switch.port.pool.0.ingress_pre_occ_bucket.demand_req.0 = 0
stat.switch.port.pool.0.ingress_queue_wait_bucket.demand_req.0 = 0
stat.switch.port.pool.0.ingress_pre_occ_bucket.demand_req.1_64 = 0
stat.switch.port.pool.0.ingress_queue_wait_bucket.demand_req.1_63 = 0
stat.switch.port.pool.0.ingress_pre_occ_bucket.demand_req.65_256 = 0
stat.switch.port.pool.0.ingress_queue_wait_bucket.demand_req.64_255 = 0
stat.switch.port.pool.0.ingress_pre_occ_bucket.demand_req.257_1024 = 0
stat.switch.port.pool.0.ingress_queue_wait_bucket.demand_req.256_1023 = 0
stat.switch.port.pool.0.ingress_pre_occ_bucket.demand_req.1025_4096 = 0
stat.switch.port.pool.0.ingress_queue_wait_bucket.demand_req.1024_4095 = 0
stat.switch.port.pool.0.ingress_pre_occ_bucket.demand_req.4097_plus = 0
stat.switch.port.pool.0.ingress_queue_wait_bucket.demand_req.4096_plus = 0
stat.switch.port.pool.0.ingress_episode.avg_arrival_pkts.write_req = 0
stat.switch.port.pool.0.ingress_episode.max_arrival_pkts.write_req = 0
stat.switch.port.pool.0.ingress_episode.avg_release_pkts.write_req = 0
stat.switch.port.pool.0.ingress_episode.max_release_pkts.write_req = 0
stat.switch.port.pool.0.ingress_pre_occ_bucket.write_req.0 = 0
stat.switch.port.pool.0.ingress_queue_wait_bucket.write_req.0 = 0
stat.switch.port.pool.0.ingress_pre_occ_bucket.write_req.1_64 = 0
stat.switch.port.pool.0.ingress_queue_wait_bucket.write_req.1_63 = 0
stat.switch.port.pool.0.ingress_pre_occ_bucket.write_req.65_256 = 0
stat.switch.port.pool.0.ingress_queue_wait_bucket.write_req.64_255 = 0
stat.switch.port.pool.0.ingress_pre_occ_bucket.write_req.257_1024 = 0
stat.switch.port.pool.0.ingress_queue_wait_bucket.write_req.256_1023 = 0
stat.switch.port.pool.0.ingress_pre_occ_bucket.write_req.1025_4096 = 0
stat.switch.port.pool.0.ingress_queue_wait_bucket.write_req.1024_4095 = 0
stat.switch.port.pool.0.ingress_pre_occ_bucket.write_req.4097_plus = 0
stat.switch.port.pool.0.ingress_queue_wait_bucket.write_req.4096_plus = 0
stat.switch.port.pool.0.ingress_episode.avg_arrival_pkts.response = 3.77883
stat.switch.port.pool.0.ingress_episode.max_arrival_pkts.response = 9
stat.switch.port.pool.0.ingress_episode.avg_release_pkts.response = 3.77988
stat.switch.port.pool.0.ingress_episode.max_release_pkts.response = 9
stat.switch.port.pool.0.ingress_pre_occ_bucket.response.0 = 1899
stat.switch.port.pool.0.ingress_queue_wait_bucket.response.0 = 4469
stat.switch.port.pool.0.ingress_pre_occ_bucket.response.1_64 = 2175
stat.switch.port.pool.0.ingress_queue_wait_bucket.response.1_63 = 2630
stat.switch.port.pool.0.ingress_pre_occ_bucket.response.65_256 = 2938
stat.switch.port.pool.0.ingress_queue_wait_bucket.response.64_255 = 82
stat.switch.port.pool.0.ingress_pre_occ_bucket.response.257_1024 = 169
stat.switch.port.pool.0.ingress_queue_wait_bucket.response.256_1023 = 0
stat.switch.port.pool.0.ingress_pre_occ_bucket.response.1025_4096 = 0
stat.switch.port.pool.0.ingress_queue_wait_bucket.response.1024_4095 = 0
stat.switch.port.pool.0.ingress_pre_occ_bucket.response.4097_plus = 0
stat.switch.port.pool.0.ingress_queue_wait_bucket.response.4096_plus = 0
stat.switch.port.pool.0.ingress_episode.avg_arrival_pkts.other_req = 0
stat.switch.port.pool.0.ingress_episode.max_arrival_pkts.other_req = 0
stat.switch.port.pool.0.ingress_episode.avg_release_pkts.other_req = 0
stat.switch.port.pool.0.ingress_episode.max_release_pkts.other_req = 0
stat.switch.port.pool.0.ingress_pre_occ_bucket.other_req.0 = 0
stat.switch.port.pool.0.ingress_queue_wait_bucket.other_req.0 = 0
stat.switch.port.pool.0.ingress_pre_occ_bucket.other_req.1_64 = 0
stat.switch.port.pool.0.ingress_queue_wait_bucket.other_req.1_63 = 0
stat.switch.port.pool.0.ingress_pre_occ_bucket.other_req.65_256 = 0
stat.switch.port.pool.0.ingress_queue_wait_bucket.other_req.64_255 = 0
stat.switch.port.pool.0.ingress_pre_occ_bucket.other_req.257_1024 = 0
stat.switch.port.pool.0.ingress_queue_wait_bucket.other_req.256_1023 = 0
stat.switch.port.pool.0.ingress_pre_occ_bucket.other_req.1025_4096 = 0
stat.switch.port.pool.0.ingress_queue_wait_bucket.other_req.1024_4095 = 0
stat.switch.port.pool.0.ingress_pre_occ_bucket.other_req.4097_plus = 0
stat.switch.port.pool.0.ingress_queue_wait_bucket.other_req.4096_plus = 0
stat.switch.port.pool.0.peer_src.100.rx_bytes.response = 459584
stat.switch.port.pool.0.peer_src.100.rx_pkts.response = 7181
stat.switch.port.pool.0.peer_src.100.tx_bytes.response = 0
stat.switch.port.pool.0.peer_src.100.tx_pkts.response = 0
stat.switch.port.pool.0.peer_src.100.ingress_arrivals.response = 7181
stat.switch.port.pool.0.peer_src.100.ingress_arrival_nonempty_packet_frac.response = 0.735552
stat.switch.port.pool.0.peer_src.100.ingress_nonempty_arrival_pre_occ_avg_bytes.response = 127.431
stat.switch.port.pool.0.peer_src.100.ingress_nonempty_arrival_pre_occ_max_bytes.response = 448
stat.switch.port.pool.0.peer_src.100.ingress_wait_avg_cycles.response = 154.171
stat.switch.port.pool.0.peer_src.100.ingress_queue_wait_avg_cycles.response = 9.20415
stat.switch.port.pool.0.peer_src.100.ingress_queue_wait_after_nonempty_arrival_avg_cycles.response = 12.518
stat.switch.port.pool.0.peer_src.100.ingress_pre_occ_bucket.response.0 = 1899
stat.switch.port.pool.0.peer_src.100.ingress_queue_wait_bucket.response.0 = 4469
stat.switch.port.pool.0.peer_src.100.ingress_pre_occ_bucket.response.1_64 = 2175
stat.switch.port.pool.0.peer_src.100.ingress_queue_wait_bucket.response.1_63 = 2630
stat.switch.port.pool.0.peer_src.100.ingress_pre_occ_bucket.response.65_256 = 2938
stat.switch.port.pool.0.peer_src.100.ingress_queue_wait_bucket.response.64_255 = 82
stat.switch.port.pool.0.peer_src.100.ingress_pre_occ_bucket.response.257_1024 = 169
stat.switch.port.pool.0.peer_src.100.ingress_queue_wait_bucket.response.256_1023 = 0
stat.switch.port.pool.0.peer_src.100.ingress_pre_occ_bucket.response.1025_4096 = 0
stat.switch.port.pool.0.peer_src.100.ingress_queue_wait_bucket.response.1024_4095 = 0
stat.switch.port.pool.0.peer_src.100.ingress_pre_occ_bucket.response.4097_plus = 0
stat.switch.port.pool.0.peer_src.100.ingress_queue_wait_bucket.response.4096_plus = 0
stat.switch.port.pool.0.peer_dst.0.rx_bytes.response = 459584
stat.switch.port.pool.0.peer_dst.0.rx_pkts.response = 7181
stat.switch.port.pool.0.peer_dst.0.tx_bytes.response = 0
stat.switch.port.pool.0.peer_dst.0.tx_pkts.response = 0
stat.switch.port.pool.0.peer_dst.0.ingress_arrivals.response = 7181
stat.switch.port.pool.0.peer_dst.0.ingress_arrival_nonempty_packet_frac.response = 0.735552
stat.switch.port.pool.0.peer_dst.0.ingress_nonempty_arrival_pre_occ_avg_bytes.response = 127.431
stat.switch.port.pool.0.peer_dst.0.ingress_nonempty_arrival_pre_occ_max_bytes.response = 448
stat.switch.port.pool.0.peer_dst.0.ingress_wait_avg_cycles.response = 154.171
stat.switch.port.pool.0.peer_dst.0.ingress_queue_wait_avg_cycles.response = 9.20415
stat.switch.port.pool.0.peer_dst.0.ingress_queue_wait_after_nonempty_arrival_avg_cycles.response = 12.518
stat.switch.port.pool.0.peer_dst.0.ingress_pre_occ_bucket.response.0 = 1899
stat.switch.port.pool.0.peer_dst.0.ingress_queue_wait_bucket.response.0 = 4469
stat.switch.port.pool.0.peer_dst.0.ingress_pre_occ_bucket.response.1_64 = 2175
stat.switch.port.pool.0.peer_dst.0.ingress_queue_wait_bucket.response.1_63 = 2630
stat.switch.port.pool.0.peer_dst.0.ingress_pre_occ_bucket.response.65_256 = 2938
stat.switch.port.pool.0.peer_dst.0.ingress_queue_wait_bucket.response.64_255 = 82
stat.switch.port.pool.0.peer_dst.0.ingress_pre_occ_bucket.response.257_1024 = 169
stat.switch.port.pool.0.peer_dst.0.ingress_queue_wait_bucket.response.256_1023 = 0
stat.switch.port.pool.0.peer_dst.0.ingress_pre_occ_bucket.response.1025_4096 = 0
stat.switch.port.pool.0.peer_dst.0.ingress_queue_wait_bucket.response.1024_4095 = 0
stat.switch.port.pool.0.peer_dst.0.ingress_pre_occ_bucket.response.4097_plus = 0
stat.switch.port.pool.0.peer_dst.0.ingress_queue_wait_bucket.response.4096_plus = 0
stat.switch.port.pool.0.tx_src.0.rx_bytes.demand_req = 0
stat.switch.port.pool.0.tx_src.0.rx_pkts.demand_req = 0
stat.switch.port.pool.0.tx_src.0.tx_bytes.demand_req = 57400
stat.switch.port.pool.0.tx_src.0.tx_pkts.demand_req = 7175
stat.switch.port.pool.0.tx_src.0.ingress_arrivals.demand_req = 0
stat.switch.port.pool.0.tx_src.0.ingress_arrival_nonempty_packet_frac.demand_req = 0
stat.switch.port.pool.0.tx_src.0.ingress_nonempty_arrival_pre_occ_avg_bytes.demand_req = 0
stat.switch.port.pool.0.tx_src.0.ingress_nonempty_arrival_pre_occ_max_bytes.demand_req = 0
stat.switch.port.pool.0.tx_src.0.ingress_wait_avg_cycles.demand_req = 0
stat.switch.port.pool.0.tx_src.0.ingress_queue_wait_avg_cycles.demand_req = 0
stat.switch.port.pool.0.tx_src.0.ingress_queue_wait_after_nonempty_arrival_avg_cycles.demand_req = 0
stat.switch.port.pool.0.tx_src.0.ingress_pre_occ_bucket.demand_req.0 = 0
stat.switch.port.pool.0.tx_src.0.ingress_queue_wait_bucket.demand_req.0 = 0
stat.switch.port.pool.0.tx_src.0.ingress_pre_occ_bucket.demand_req.1_64 = 0
stat.switch.port.pool.0.tx_src.0.ingress_queue_wait_bucket.demand_req.1_63 = 0
stat.switch.port.pool.0.tx_src.0.ingress_pre_occ_bucket.demand_req.65_256 = 0
stat.switch.port.pool.0.tx_src.0.ingress_queue_wait_bucket.demand_req.64_255 = 0
stat.switch.port.pool.0.tx_src.0.ingress_pre_occ_bucket.demand_req.257_1024 = 0
stat.switch.port.pool.0.tx_src.0.ingress_queue_wait_bucket.demand_req.256_1023 = 0
stat.switch.port.pool.0.tx_src.0.ingress_pre_occ_bucket.demand_req.1025_4096 = 0
stat.switch.port.pool.0.tx_src.0.ingress_queue_wait_bucket.demand_req.1024_4095 = 0
stat.switch.port.pool.0.tx_src.0.ingress_pre_occ_bucket.demand_req.4097_plus = 0
stat.switch.port.pool.0.tx_src.0.ingress_queue_wait_bucket.demand_req.4096_plus = 0
stat.switch.port.pool.0.tx_src.0.rx_bytes.write_req = 0
stat.switch.port.pool.0.tx_src.0.rx_pkts.write_req = 0
stat.switch.port.pool.0.tx_src.0.tx_bytes.write_req = 188352
stat.switch.port.pool.0.tx_src.0.tx_pkts.write_req = 2943
stat.switch.port.pool.0.tx_src.0.ingress_arrivals.write_req = 0
stat.switch.port.pool.0.tx_src.0.ingress_arrival_nonempty_packet_frac.write_req = 0
stat.switch.port.pool.0.tx_src.0.ingress_nonempty_arrival_pre_occ_avg_bytes.write_req = 0
stat.switch.port.pool.0.tx_src.0.ingress_nonempty_arrival_pre_occ_max_bytes.write_req = 0
stat.switch.port.pool.0.tx_src.0.ingress_wait_avg_cycles.write_req = 0
stat.switch.port.pool.0.tx_src.0.ingress_queue_wait_avg_cycles.write_req = 0
stat.switch.port.pool.0.tx_src.0.ingress_queue_wait_after_nonempty_arrival_avg_cycles.write_req = 0
stat.switch.port.pool.0.tx_src.0.ingress_pre_occ_bucket.write_req.0 = 0
stat.switch.port.pool.0.tx_src.0.ingress_queue_wait_bucket.write_req.0 = 0
stat.switch.port.pool.0.tx_src.0.ingress_pre_occ_bucket.write_req.1_64 = 0
stat.switch.port.pool.0.tx_src.0.ingress_queue_wait_bucket.write_req.1_63 = 0
stat.switch.port.pool.0.tx_src.0.ingress_pre_occ_bucket.write_req.65_256 = 0
stat.switch.port.pool.0.tx_src.0.ingress_queue_wait_bucket.write_req.64_255 = 0
stat.switch.port.pool.0.tx_src.0.ingress_pre_occ_bucket.write_req.257_1024 = 0
stat.switch.port.pool.0.tx_src.0.ingress_queue_wait_bucket.write_req.256_1023 = 0
stat.switch.port.pool.0.tx_src.0.ingress_pre_occ_bucket.write_req.1025_4096 = 0
stat.switch.port.pool.0.tx_src.0.ingress_queue_wait_bucket.write_req.1024_4095 = 0
stat.switch.port.pool.0.tx_src.0.ingress_pre_occ_bucket.write_req.4097_plus = 0
stat.switch.port.pool.0.tx_src.0.ingress_queue_wait_bucket.write_req.4096_plus = 0
stat.switch.port.pool.0.tx_src.0.rx_bytes.other_req = 0
stat.switch.port.pool.0.tx_src.0.rx_pkts.other_req = 0
stat.switch.port.pool.0.tx_src.0.tx_bytes.other_req = 48
stat.switch.port.pool.0.tx_src.0.tx_pkts.other_req = 6
stat.switch.port.pool.0.tx_src.0.ingress_arrivals.other_req = 0
stat.switch.port.pool.0.tx_src.0.ingress_arrival_nonempty_packet_frac.other_req = 0
stat.switch.port.pool.0.tx_src.0.ingress_nonempty_arrival_pre_occ_avg_bytes.other_req = 0
stat.switch.port.pool.0.tx_src.0.ingress_nonempty_arrival_pre_occ_max_bytes.other_req = 0
stat.switch.port.pool.0.tx_src.0.ingress_wait_avg_cycles.other_req = 0
stat.switch.port.pool.0.tx_src.0.ingress_queue_wait_avg_cycles.other_req = 0
stat.switch.port.pool.0.tx_src.0.ingress_queue_wait_after_nonempty_arrival_avg_cycles.other_req = 0
stat.switch.port.pool.0.tx_src.0.ingress_pre_occ_bucket.other_req.0 = 0
stat.switch.port.pool.0.tx_src.0.ingress_queue_wait_bucket.other_req.0 = 0
stat.switch.port.pool.0.tx_src.0.ingress_pre_occ_bucket.other_req.1_64 = 0
stat.switch.port.pool.0.tx_src.0.ingress_queue_wait_bucket.other_req.1_63 = 0
stat.switch.port.pool.0.tx_src.0.ingress_pre_occ_bucket.other_req.65_256 = 0
stat.switch.port.pool.0.tx_src.0.ingress_queue_wait_bucket.other_req.64_255 = 0
stat.switch.port.pool.0.tx_src.0.ingress_pre_occ_bucket.other_req.257_1024 = 0
stat.switch.port.pool.0.tx_src.0.ingress_queue_wait_bucket.other_req.256_1023 = 0
stat.switch.port.pool.0.tx_src.0.ingress_pre_occ_bucket.other_req.1025_4096 = 0
stat.switch.port.pool.0.tx_src.0.ingress_queue_wait_bucket.other_req.1024_4095 = 0
stat.switch.port.pool.0.tx_src.0.ingress_pre_occ_bucket.other_req.4097_plus = 0
stat.switch.port.pool.0.tx_src.0.ingress_queue_wait_bucket.other_req.4096_plus = 0
stat.switch.port.pool.0.tx_dst.100.rx_bytes.demand_req = 0
stat.switch.port.pool.0.tx_dst.100.rx_pkts.demand_req = 0
stat.switch.port.pool.0.tx_dst.100.tx_bytes.demand_req = 57400
stat.switch.port.pool.0.tx_dst.100.tx_pkts.demand_req = 7175
stat.switch.port.pool.0.tx_dst.100.ingress_arrivals.demand_req = 0
stat.switch.port.pool.0.tx_dst.100.ingress_arrival_nonempty_packet_frac.demand_req = 0
stat.switch.port.pool.0.tx_dst.100.ingress_nonempty_arrival_pre_occ_avg_bytes.demand_req = 0
stat.switch.port.pool.0.tx_dst.100.ingress_nonempty_arrival_pre_occ_max_bytes.demand_req = 0
stat.switch.port.pool.0.tx_dst.100.ingress_wait_avg_cycles.demand_req = 0
stat.switch.port.pool.0.tx_dst.100.ingress_queue_wait_avg_cycles.demand_req = 0
stat.switch.port.pool.0.tx_dst.100.ingress_queue_wait_after_nonempty_arrival_avg_cycles.demand_req = 0
stat.switch.port.pool.0.tx_dst.100.ingress_pre_occ_bucket.demand_req.0 = 0
stat.switch.port.pool.0.tx_dst.100.ingress_queue_wait_bucket.demand_req.0 = 0
stat.switch.port.pool.0.tx_dst.100.ingress_pre_occ_bucket.demand_req.1_64 = 0
stat.switch.port.pool.0.tx_dst.100.ingress_queue_wait_bucket.demand_req.1_63 = 0
stat.switch.port.pool.0.tx_dst.100.ingress_pre_occ_bucket.demand_req.65_256 = 0
stat.switch.port.pool.0.tx_dst.100.ingress_queue_wait_bucket.demand_req.64_255 = 0
stat.switch.port.pool.0.tx_dst.100.ingress_pre_occ_bucket.demand_req.257_1024 = 0
stat.switch.port.pool.0.tx_dst.100.ingress_queue_wait_bucket.demand_req.256_1023 = 0
stat.switch.port.pool.0.tx_dst.100.ingress_pre_occ_bucket.demand_req.1025_4096 = 0
stat.switch.port.pool.0.tx_dst.100.ingress_queue_wait_bucket.demand_req.1024_4095 = 0
stat.switch.port.pool.0.tx_dst.100.ingress_pre_occ_bucket.demand_req.4097_plus = 0
stat.switch.port.pool.0.tx_dst.100.ingress_queue_wait_bucket.demand_req.4096_plus = 0
stat.switch.port.pool.0.tx_dst.100.rx_bytes.write_req = 0
stat.switch.port.pool.0.tx_dst.100.rx_pkts.write_req = 0
stat.switch.port.pool.0.tx_dst.100.tx_bytes.write_req = 188352
stat.switch.port.pool.0.tx_dst.100.tx_pkts.write_req = 2943
stat.switch.port.pool.0.tx_dst.100.ingress_arrivals.write_req = 0
stat.switch.port.pool.0.tx_dst.100.ingress_arrival_nonempty_packet_frac.write_req = 0
stat.switch.port.pool.0.tx_dst.100.ingress_nonempty_arrival_pre_occ_avg_bytes.write_req = 0
stat.switch.port.pool.0.tx_dst.100.ingress_nonempty_arrival_pre_occ_max_bytes.write_req = 0
stat.switch.port.pool.0.tx_dst.100.ingress_wait_avg_cycles.write_req = 0
stat.switch.port.pool.0.tx_dst.100.ingress_queue_wait_avg_cycles.write_req = 0
stat.switch.port.pool.0.tx_dst.100.ingress_queue_wait_after_nonempty_arrival_avg_cycles.write_req = 0
stat.switch.port.pool.0.tx_dst.100.ingress_pre_occ_bucket.write_req.0 = 0
stat.switch.port.pool.0.tx_dst.100.ingress_queue_wait_bucket.write_req.0 = 0
stat.switch.port.pool.0.tx_dst.100.ingress_pre_occ_bucket.write_req.1_64 = 0
stat.switch.port.pool.0.tx_dst.100.ingress_queue_wait_bucket.write_req.1_63 = 0
stat.switch.port.pool.0.tx_dst.100.ingress_pre_occ_bucket.write_req.65_256 = 0
stat.switch.port.pool.0.tx_dst.100.ingress_queue_wait_bucket.write_req.64_255 = 0
stat.switch.port.pool.0.tx_dst.100.ingress_pre_occ_bucket.write_req.257_1024 = 0
stat.switch.port.pool.0.tx_dst.100.ingress_queue_wait_bucket.write_req.256_1023 = 0
stat.switch.port.pool.0.tx_dst.100.ingress_pre_occ_bucket.write_req.1025_4096 = 0
stat.switch.port.pool.0.tx_dst.100.ingress_queue_wait_bucket.write_req.1024_4095 = 0
stat.switch.port.pool.0.tx_dst.100.ingress_pre_occ_bucket.write_req.4097_plus = 0
stat.switch.port.pool.0.tx_dst.100.ingress_queue_wait_bucket.write_req.4096_plus = 0
stat.switch.port.pool.0.tx_dst.100.rx_bytes.other_req = 0
stat.switch.port.pool.0.tx_dst.100.rx_pkts.other_req = 0
stat.switch.port.pool.0.tx_dst.100.tx_bytes.other_req = 48
stat.switch.port.pool.0.tx_dst.100.tx_pkts.other_req = 6
stat.switch.port.pool.0.tx_dst.100.ingress_arrivals.other_req = 0
stat.switch.port.pool.0.tx_dst.100.ingress_arrival_nonempty_packet_frac.other_req = 0
stat.switch.port.pool.0.tx_dst.100.ingress_nonempty_arrival_pre_occ_avg_bytes.other_req = 0
stat.switch.port.pool.0.tx_dst.100.ingress_nonempty_arrival_pre_occ_max_bytes.other_req = 0
stat.switch.port.pool.0.tx_dst.100.ingress_wait_avg_cycles.other_req = 0
stat.switch.port.pool.0.tx_dst.100.ingress_queue_wait_avg_cycles.other_req = 0
stat.switch.port.pool.0.tx_dst.100.ingress_queue_wait_after_nonempty_arrival_avg_cycles.other_req = 0
stat.switch.port.pool.0.tx_dst.100.ingress_pre_occ_bucket.other_req.0 = 0
stat.switch.port.pool.0.tx_dst.100.ingress_queue_wait_bucket.other_req.0 = 0
stat.switch.port.pool.0.tx_dst.100.ingress_pre_occ_bucket.other_req.1_64 = 0
stat.switch.port.pool.0.tx_dst.100.ingress_queue_wait_bucket.other_req.1_63 = 0
stat.switch.port.pool.0.tx_dst.100.ingress_pre_occ_bucket.other_req.65_256 = 0
stat.switch.port.pool.0.tx_dst.100.ingress_queue_wait_bucket.other_req.64_255 = 0
stat.switch.port.pool.0.tx_dst.100.ingress_pre_occ_bucket.other_req.257_1024 = 0
stat.switch.port.pool.0.tx_dst.100.ingress_queue_wait_bucket.other_req.256_1023 = 0
stat.switch.port.pool.0.tx_dst.100.ingress_pre_occ_bucket.other_req.1025_4096 = 0
stat.switch.port.pool.0.tx_dst.100.ingress_queue_wait_bucket.other_req.1024_4095 = 0
stat.switch.port.pool.0.tx_dst.100.ingress_pre_occ_bucket.other_req.4097_plus = 0
stat.switch.port.pool.0.tx_dst.100.ingress_queue_wait_bucket.other_req.4096_plus = 0
stat.switch.port.pool.1.ingress_wait_avg_cycles = 154.389
stat.switch.port.pool.1.ingress_wait_max_cycles = 285
stat.switch.port.pool.1.egress_wait_avg_cycles = 1
stat.switch.port.pool.1.egress_wait_max_cycles = 1
stat.switch.port.pool.1.ingress_queue_wait_avg_cycles = 9.41679
stat.switch.port.pool.1.ingress_queue_wait_max_cycles = 140
stat.switch.port.pool.1.egress_occ_avg_bytes = 0
stat.switch.port.pool.1.egress_occ_stddev_bytes = 0
stat.switch.port.pool.1.egress_occ_max_bytes = 0
stat.switch.port.pool.1.egress_occ_nonempty_frac = 0
stat.switch.port.pool.1.egress_blocked_cycles = 0
stat.switch.port.pool.1.egress_blocked_nonempty_frac = 0
stat.switch.port.pool.1.egress_blocked_avg_occ_bytes = 0
stat.switch.port.pool.1.egress_blocked_max_occ_bytes = 0
stat.switch.port.pool.1.egress_send_burst_max_pkts = 1
stat.switch.port.pool.1.egress_send_burst_max_bytes = 64
stat.switch.port.pool.1.egress_send_burst_avg_pkts = 1
stat.switch.port.pool.1.egress_send_burst_avg_bytes = 24.2789
stat.switch.port.pool.1.egress_send_burst_stddev_pkts = 0
stat.switch.port.pool.1.egress_send_burst_stddev_bytes = 25.4287
stat.switch.port.pool.1.egress_send_nonempty_frac = 0.0123681
stat.switch.port.pool.1.ingress_arrival_burst_avg_bytes = 64
stat.switch.port.pool.1.ingress_arrival_nonempty_frac = 0.00877272
stat.switch.port.pool.1.ingress_arrival_run_max_cycles = 1
stat.switch.port.pool.1.ingress_arrival_run_avg_cycles = 1
stat.switch.port.pool.1.ingress_arrival_gap_max_cycles = 900
stat.switch.port.pool.1.ingress_arrival_gap_avg_cycles = 112.954
stat.switch.port.pool.1.ingress_release_burst_avg_bytes = 64
stat.switch.port.pool.1.ingress_release_nonempty_frac = 0.00877272
stat.switch.port.pool.1.ingress_release_run_max_cycles = 1
stat.switch.port.pool.1.ingress_release_run_avg_cycles = 1
stat.switch.port.pool.1.ingress_release_gap_max_cycles = 850
stat.switch.port.pool.1.ingress_release_gap_avg_cycles = 112.986
stat.switch.port.pool.1.ingress_occ_avg_bytes = 86.128
stat.switch.port.pool.1.ingress_occ_stddev_bytes = 87.6701
stat.switch.port.pool.1.ingress_occ_max_bytes = 512
stat.switch.port.pool.1.ingress_occ_nonempty_frac = 0.642392
stat.switch.port.pool.1.ingress_occ_run_max_cycles = 1036
stat.switch.port.pool.1.ingress_occ_run_avg_cycles = 273.162
stat.switch.port.pool.1.ingress_occ_gap_max_cycles = 707
stat.switch.port.pool.1.ingress_occ_gap_avg_cycles = 152.143
stat.switch.port.pool.1.ingress_wait_avg_cycles.demand_req = 0
stat.switch.port.pool.1.ingress_wait_max_cycles.demand_req = 0
stat.switch.port.pool.1.ingress_queue_wait_avg_cycles.demand_req = 0
stat.switch.port.pool.1.ingress_queue_wait_max_cycles.demand_req = 0
stat.switch.port.pool.1.egress_wait_avg_cycles.demand_req = 1
stat.switch.port.pool.1.egress_wait_max_cycles.demand_req = 1
stat.switch.port.pool.1.egress_occ_avg_bytes.demand_req = 0
stat.switch.port.pool.1.egress_occ_max_bytes.demand_req = 0
stat.switch.port.pool.1.egress_blocked_cycles.demand_req = 0
stat.switch.port.pool.1.ingress_arrival_empty_packets.demand_req = 0
stat.switch.port.pool.1.ingress_arrival_nonempty_packets.demand_req = 0
stat.switch.port.pool.1.ingress_arrival_nonempty_packet_frac.demand_req = 0
stat.switch.port.pool.1.ingress_nonempty_arrival_pre_occ_avg_bytes.demand_req = 0
stat.switch.port.pool.1.ingress_nonempty_arrival_pre_occ_max_bytes.demand_req = 0
stat.switch.port.pool.1.ingress_release_after_empty_arrival_packets.demand_req = 0
stat.switch.port.pool.1.ingress_release_after_nonempty_arrival_packets.demand_req = 0
stat.switch.port.pool.1.ingress_wait_after_empty_arrival_avg_cycles.demand_req = 0
stat.switch.port.pool.1.ingress_wait_after_nonempty_arrival_avg_cycles.demand_req = 0
stat.switch.port.pool.1.ingress_queue_wait_after_empty_arrival_avg_cycles.demand_req = 0
stat.switch.port.pool.1.ingress_queue_wait_after_nonempty_arrival_avg_cycles.demand_req = 0
stat.switch.port.pool.1.ingress_queue_wait_after_empty_arrival_max_cycles.demand_req = 0
stat.switch.port.pool.1.ingress_queue_wait_after_nonempty_arrival_max_cycles.demand_req = 0
stat.switch.port.pool.1.rx_bytes.demand_req = 0
stat.switch.port.pool.1.tx_bytes.demand_req = 57408
stat.switch.port.pool.1.rx_pkts.demand_req = 0
stat.switch.port.pool.1.tx_pkts.demand_req = 7176
stat.switch.port.pool.1.ingress_wait_avg_cycles.write_req = 0
stat.switch.port.pool.1.ingress_wait_max_cycles.write_req = 0
stat.switch.port.pool.1.ingress_queue_wait_avg_cycles.write_req = 0
stat.switch.port.pool.1.ingress_queue_wait_max_cycles.write_req = 0
stat.switch.port.pool.1.egress_wait_avg_cycles.write_req = 1
stat.switch.port.pool.1.egress_wait_max_cycles.write_req = 1
stat.switch.port.pool.1.egress_occ_avg_bytes.write_req = 0
stat.switch.port.pool.1.egress_occ_max_bytes.write_req = 0
stat.switch.port.pool.1.egress_blocked_cycles.write_req = 0
stat.switch.port.pool.1.ingress_arrival_empty_packets.write_req = 0
stat.switch.port.pool.1.ingress_arrival_nonempty_packets.write_req = 0
stat.switch.port.pool.1.ingress_arrival_nonempty_packet_frac.write_req = 0
stat.switch.port.pool.1.ingress_nonempty_arrival_pre_occ_avg_bytes.write_req = 0
stat.switch.port.pool.1.ingress_nonempty_arrival_pre_occ_max_bytes.write_req = 0
stat.switch.port.pool.1.ingress_release_after_empty_arrival_packets.write_req = 0
stat.switch.port.pool.1.ingress_release_after_nonempty_arrival_packets.write_req = 0
stat.switch.port.pool.1.ingress_wait_after_empty_arrival_avg_cycles.write_req = 0
stat.switch.port.pool.1.ingress_wait_after_nonempty_arrival_avg_cycles.write_req = 0
stat.switch.port.pool.1.ingress_queue_wait_after_empty_arrival_avg_cycles.write_req = 0
stat.switch.port.pool.1.ingress_queue_wait_after_nonempty_arrival_avg_cycles.write_req = 0
stat.switch.port.pool.1.ingress_queue_wait_after_empty_arrival_max_cycles.write_req = 0
stat.switch.port.pool.1.ingress_queue_wait_after_nonempty_arrival_max_cycles.write_req = 0
stat.switch.port.pool.1.rx_bytes.write_req = 0
stat.switch.port.pool.1.tx_bytes.write_req = 188352
stat.switch.port.pool.1.rx_pkts.write_req = 0
stat.switch.port.pool.1.tx_pkts.write_req = 2943
stat.switch.port.pool.1.ingress_wait_avg_cycles.response = 154.389
stat.switch.port.pool.1.ingress_wait_max_cycles.response = 285
stat.switch.port.pool.1.ingress_queue_wait_avg_cycles.response = 9.41679
stat.switch.port.pool.1.ingress_queue_wait_max_cycles.response = 140
stat.switch.port.pool.1.egress_wait_avg_cycles.response = 0
stat.switch.port.pool.1.egress_wait_max_cycles.response = 0
stat.switch.port.pool.1.egress_occ_avg_bytes.response = 0
stat.switch.port.pool.1.egress_occ_max_bytes.response = 0
stat.switch.port.pool.1.egress_blocked_cycles.response = 0
stat.switch.port.pool.1.ingress_arrival_empty_packets.response = 1924
stat.switch.port.pool.1.ingress_arrival_nonempty_packets.response = 5257
stat.switch.port.pool.1.ingress_arrival_nonempty_packet_frac.response = 0.732071
stat.switch.port.pool.1.ingress_nonempty_arrival_pre_occ_avg_bytes.response = 127.939
stat.switch.port.pool.1.ingress_nonempty_arrival_pre_occ_max_bytes.response = 448
stat.switch.port.pool.1.ingress_release_after_empty_arrival_packets.response = 1926
stat.switch.port.pool.1.ingress_release_after_nonempty_arrival_packets.response = 5255
stat.switch.port.pool.1.ingress_wait_after_empty_arrival_avg_cycles.response = 144.895
stat.switch.port.pool.1.ingress_wait_after_nonempty_arrival_avg_cycles.response = 157.868
stat.switch.port.pool.1.ingress_queue_wait_after_empty_arrival_avg_cycles.response = 0
stat.switch.port.pool.1.ingress_queue_wait_after_nonempty_arrival_avg_cycles.response = 12.8681
stat.switch.port.pool.1.ingress_queue_wait_after_empty_arrival_max_cycles.response = 0
stat.switch.port.pool.1.ingress_queue_wait_after_nonempty_arrival_max_cycles.response = 140
stat.switch.port.pool.1.rx_bytes.response = 459584
stat.switch.port.pool.1.tx_bytes.response = 0
stat.switch.port.pool.1.rx_pkts.response = 7181
stat.switch.port.pool.1.tx_pkts.response = 0
stat.switch.port.pool.1.ingress_wait_avg_cycles.other_req = 0
stat.switch.port.pool.1.ingress_wait_max_cycles.other_req = 0
stat.switch.port.pool.1.ingress_queue_wait_avg_cycles.other_req = 0
stat.switch.port.pool.1.ingress_queue_wait_max_cycles.other_req = 0
stat.switch.port.pool.1.egress_wait_avg_cycles.other_req = 1
stat.switch.port.pool.1.egress_wait_max_cycles.other_req = 1
stat.switch.port.pool.1.egress_occ_avg_bytes.other_req = 0
stat.switch.port.pool.1.egress_occ_max_bytes.other_req = 0
stat.switch.port.pool.1.egress_blocked_cycles.other_req = 0
stat.switch.port.pool.1.ingress_arrival_empty_packets.other_req = 0
stat.switch.port.pool.1.ingress_arrival_nonempty_packets.other_req = 0
stat.switch.port.pool.1.ingress_arrival_nonempty_packet_frac.other_req = 0
stat.switch.port.pool.1.ingress_nonempty_arrival_pre_occ_avg_bytes.other_req = 0
stat.switch.port.pool.1.ingress_nonempty_arrival_pre_occ_max_bytes.other_req = 0
stat.switch.port.pool.1.ingress_release_after_empty_arrival_packets.other_req = 0
stat.switch.port.pool.1.ingress_release_after_nonempty_arrival_packets.other_req = 0
stat.switch.port.pool.1.ingress_wait_after_empty_arrival_avg_cycles.other_req = 0
stat.switch.port.pool.1.ingress_wait_after_nonempty_arrival_avg_cycles.other_req = 0
stat.switch.port.pool.1.ingress_queue_wait_after_empty_arrival_avg_cycles.other_req = 0
stat.switch.port.pool.1.ingress_queue_wait_after_nonempty_arrival_avg_cycles.other_req = 0
stat.switch.port.pool.1.ingress_queue_wait_after_empty_arrival_max_cycles.other_req = 0
stat.switch.port.pool.1.ingress_queue_wait_after_nonempty_arrival_max_cycles.other_req = 0
stat.switch.port.pool.1.rx_bytes.other_req = 0
stat.switch.port.pool.1.tx_bytes.other_req = 40
stat.switch.port.pool.1.rx_pkts.other_req = 0
stat.switch.port.pool.1.tx_pkts.other_req = 5
stat.switch.port.pool.1.ingress_occ_bucket_bytes.0 = 292724
stat.switch.port.pool.1.ready_occ_bucket_bytes.0 = 811379
stat.switch.port.pool.1.ingress_occ_bucket_bytes.1_64 = 200819
stat.switch.port.pool.1.ready_occ_bucket_bytes.1_64 = 7181
stat.switch.port.pool.1.ingress_occ_bucket_bytes.65_256 = 304285
stat.switch.port.pool.1.ready_occ_bucket_bytes.65_256 = 0
stat.switch.port.pool.1.ingress_occ_bucket_bytes.257_1024 = 20732
stat.switch.port.pool.1.ready_occ_bucket_bytes.257_1024 = 0
stat.switch.port.pool.1.ingress_occ_bucket_bytes.1025_4096 = 0
stat.switch.port.pool.1.ready_occ_bucket_bytes.1025_4096 = 0
stat.switch.port.pool.1.ingress_occ_bucket_bytes.4097_plus = 0
stat.switch.port.pool.1.ready_occ_bucket_bytes.4097_plus = 0
stat.switch.port.pool.1.ingress_episode.count = 1924
stat.switch.port.pool.1.ingress_episode.avg_cycles = 273.133
stat.switch.port.pool.1.ingress_episode.max_cycles = 1036
stat.switch.port.pool.1.ingress_episode.avg_peak_occ_bytes = 191.9
stat.switch.port.pool.1.ingress_episode.max_peak_occ_bytes = 512
stat.switch.port.pool.1.ingress_episode.avg_arrival_pkts = 3.72921
stat.switch.port.pool.1.ingress_episode.max_arrival_pkts = 12
stat.switch.port.pool.1.ingress_episode.avg_arrival_bytes = 238.669
stat.switch.port.pool.1.ingress_episode.max_arrival_bytes = 768
stat.switch.port.pool.1.ingress_episode.avg_release_pkts = 3.73025
stat.switch.port.pool.1.ingress_episode.max_release_pkts = 12
stat.switch.port.pool.1.ingress_episode.avg_release_bytes = 238.736
stat.switch.port.pool.1.ingress_episode.max_release_bytes = 768
stat.switch.port.pool.1.ingress_episode.avg_wait_cycles = 575.907
stat.switch.port.pool.1.ingress_episode.max_wait_cycles = 285
stat.switch.port.pool.1.ingress_episode.avg_queue_wait_cycles = 35.1268
stat.switch.port.pool.1.ingress_episode.max_queue_wait_cycles = 140
stat.switch.port.pool.1.ingress_episode.avg_src_distinct = 1
stat.switch.port.pool.1.ingress_episode.max_src_distinct = 1
stat.switch.port.pool.1.ingress_episode.avg_dst_distinct = 1
stat.switch.port.pool.1.ingress_episode.max_dst_distinct = 1
stat.switch.port.pool.1.ingress_episode.avg_arrival_pkts.demand_req = 0
stat.switch.port.pool.1.ingress_episode.max_arrival_pkts.demand_req = 0
stat.switch.port.pool.1.ingress_episode.avg_release_pkts.demand_req = 0
stat.switch.port.pool.1.ingress_episode.max_release_pkts.demand_req = 0
stat.switch.port.pool.1.ingress_pre_occ_bucket.demand_req.0 = 0
stat.switch.port.pool.1.ingress_queue_wait_bucket.demand_req.0 = 0
stat.switch.port.pool.1.ingress_pre_occ_bucket.demand_req.1_64 = 0
stat.switch.port.pool.1.ingress_queue_wait_bucket.demand_req.1_63 = 0
stat.switch.port.pool.1.ingress_pre_occ_bucket.demand_req.65_256 = 0
stat.switch.port.pool.1.ingress_queue_wait_bucket.demand_req.64_255 = 0
stat.switch.port.pool.1.ingress_pre_occ_bucket.demand_req.257_1024 = 0
stat.switch.port.pool.1.ingress_queue_wait_bucket.demand_req.256_1023 = 0
stat.switch.port.pool.1.ingress_pre_occ_bucket.demand_req.1025_4096 = 0
stat.switch.port.pool.1.ingress_queue_wait_bucket.demand_req.1024_4095 = 0
stat.switch.port.pool.1.ingress_pre_occ_bucket.demand_req.4097_plus = 0
stat.switch.port.pool.1.ingress_queue_wait_bucket.demand_req.4096_plus = 0
stat.switch.port.pool.1.ingress_episode.avg_arrival_pkts.write_req = 0
stat.switch.port.pool.1.ingress_episode.max_arrival_pkts.write_req = 0
stat.switch.port.pool.1.ingress_episode.avg_release_pkts.write_req = 0
stat.switch.port.pool.1.ingress_episode.max_release_pkts.write_req = 0
stat.switch.port.pool.1.ingress_pre_occ_bucket.write_req.0 = 0
stat.switch.port.pool.1.ingress_queue_wait_bucket.write_req.0 = 0
stat.switch.port.pool.1.ingress_pre_occ_bucket.write_req.1_64 = 0
stat.switch.port.pool.1.ingress_queue_wait_bucket.write_req.1_63 = 0
stat.switch.port.pool.1.ingress_pre_occ_bucket.write_req.65_256 = 0
stat.switch.port.pool.1.ingress_queue_wait_bucket.write_req.64_255 = 0
stat.switch.port.pool.1.ingress_pre_occ_bucket.write_req.257_1024 = 0
stat.switch.port.pool.1.ingress_queue_wait_bucket.write_req.256_1023 = 0
stat.switch.port.pool.1.ingress_pre_occ_bucket.write_req.1025_4096 = 0
stat.switch.port.pool.1.ingress_queue_wait_bucket.write_req.1024_4095 = 0
stat.switch.port.pool.1.ingress_pre_occ_bucket.write_req.4097_plus = 0
stat.switch.port.pool.1.ingress_queue_wait_bucket.write_req.4096_plus = 0
stat.switch.port.pool.1.ingress_episode.avg_arrival_pkts.response = 3.72921
stat.switch.port.pool.1.ingress_episode.max_arrival_pkts.response = 12
stat.switch.port.pool.1.ingress_episode.avg_release_pkts.response = 3.73025
stat.switch.port.pool.1.ingress_episode.max_release_pkts.response = 12
stat.switch.port.pool.1.ingress_pre_occ_bucket.response.0 = 1924
stat.switch.port.pool.1.ingress_queue_wait_bucket.response.0 = 4460
stat.switch.port.pool.1.ingress_pre_occ_bucket.response.1_64 = 2151
stat.switch.port.pool.1.ingress_queue_wait_bucket.response.1_63 = 2640
stat.switch.port.pool.1.ingress_pre_occ_bucket.response.65_256 = 2928
stat.switch.port.pool.1.ingress_queue_wait_bucket.response.64_255 = 81
stat.switch.port.pool.1.ingress_pre_occ_bucket.response.257_1024 = 178
stat.switch.port.pool.1.ingress_queue_wait_bucket.response.256_1023 = 0
stat.switch.port.pool.1.ingress_pre_occ_bucket.response.1025_4096 = 0
stat.switch.port.pool.1.ingress_queue_wait_bucket.response.1024_4095 = 0
stat.switch.port.pool.1.ingress_pre_occ_bucket.response.4097_plus = 0
stat.switch.port.pool.1.ingress_queue_wait_bucket.response.4096_plus = 0
stat.switch.port.pool.1.ingress_episode.avg_arrival_pkts.other_req = 0
stat.switch.port.pool.1.ingress_episode.max_arrival_pkts.other_req = 0
stat.switch.port.pool.1.ingress_episode.avg_release_pkts.other_req = 0
stat.switch.port.pool.1.ingress_episode.max_release_pkts.other_req = 0
stat.switch.port.pool.1.ingress_pre_occ_bucket.other_req.0 = 0
stat.switch.port.pool.1.ingress_queue_wait_bucket.other_req.0 = 0
stat.switch.port.pool.1.ingress_pre_occ_bucket.other_req.1_64 = 0
stat.switch.port.pool.1.ingress_queue_wait_bucket.other_req.1_63 = 0
stat.switch.port.pool.1.ingress_pre_occ_bucket.other_req.65_256 = 0
stat.switch.port.pool.1.ingress_queue_wait_bucket.other_req.64_255 = 0
stat.switch.port.pool.1.ingress_pre_occ_bucket.other_req.257_1024 = 0
stat.switch.port.pool.1.ingress_queue_wait_bucket.other_req.256_1023 = 0
stat.switch.port.pool.1.ingress_pre_occ_bucket.other_req.1025_4096 = 0
stat.switch.port.pool.1.ingress_queue_wait_bucket.other_req.1024_4095 = 0
stat.switch.port.pool.1.ingress_pre_occ_bucket.other_req.4097_plus = 0
stat.switch.port.pool.1.ingress_queue_wait_bucket.other_req.4096_plus = 0
stat.switch.port.pool.1.peer_src.101.rx_bytes.response = 459584
stat.switch.port.pool.1.peer_src.101.rx_pkts.response = 7181
stat.switch.port.pool.1.peer_src.101.tx_bytes.response = 0
stat.switch.port.pool.1.peer_src.101.tx_pkts.response = 0
stat.switch.port.pool.1.peer_src.101.ingress_arrivals.response = 7181
stat.switch.port.pool.1.peer_src.101.ingress_arrival_nonempty_packet_frac.response = 0.732071
stat.switch.port.pool.1.peer_src.101.ingress_nonempty_arrival_pre_occ_avg_bytes.response = 127.939
stat.switch.port.pool.1.peer_src.101.ingress_nonempty_arrival_pre_occ_max_bytes.response = 448
stat.switch.port.pool.1.peer_src.101.ingress_wait_avg_cycles.response = 154.389
stat.switch.port.pool.1.peer_src.101.ingress_queue_wait_avg_cycles.response = 9.41679
stat.switch.port.pool.1.peer_src.101.ingress_queue_wait_after_nonempty_arrival_avg_cycles.response = 12.8681
stat.switch.port.pool.1.peer_src.101.ingress_pre_occ_bucket.response.0 = 1924
stat.switch.port.pool.1.peer_src.101.ingress_queue_wait_bucket.response.0 = 4460
stat.switch.port.pool.1.peer_src.101.ingress_pre_occ_bucket.response.1_64 = 2151
stat.switch.port.pool.1.peer_src.101.ingress_queue_wait_bucket.response.1_63 = 2640
stat.switch.port.pool.1.peer_src.101.ingress_pre_occ_bucket.response.65_256 = 2928
stat.switch.port.pool.1.peer_src.101.ingress_queue_wait_bucket.response.64_255 = 81
stat.switch.port.pool.1.peer_src.101.ingress_pre_occ_bucket.response.257_1024 = 178
stat.switch.port.pool.1.peer_src.101.ingress_queue_wait_bucket.response.256_1023 = 0
stat.switch.port.pool.1.peer_src.101.ingress_pre_occ_bucket.response.1025_4096 = 0
stat.switch.port.pool.1.peer_src.101.ingress_queue_wait_bucket.response.1024_4095 = 0
stat.switch.port.pool.1.peer_src.101.ingress_pre_occ_bucket.response.4097_plus = 0
stat.switch.port.pool.1.peer_src.101.ingress_queue_wait_bucket.response.4096_plus = 0
stat.switch.port.pool.1.peer_dst.0.rx_bytes.response = 459584
stat.switch.port.pool.1.peer_dst.0.rx_pkts.response = 7181
stat.switch.port.pool.1.peer_dst.0.tx_bytes.response = 0
stat.switch.port.pool.1.peer_dst.0.tx_pkts.response = 0
stat.switch.port.pool.1.peer_dst.0.ingress_arrivals.response = 7181
stat.switch.port.pool.1.peer_dst.0.ingress_arrival_nonempty_packet_frac.response = 0.732071
stat.switch.port.pool.1.peer_dst.0.ingress_nonempty_arrival_pre_occ_avg_bytes.response = 127.939
stat.switch.port.pool.1.peer_dst.0.ingress_nonempty_arrival_pre_occ_max_bytes.response = 448
stat.switch.port.pool.1.peer_dst.0.ingress_wait_avg_cycles.response = 154.389
stat.switch.port.pool.1.peer_dst.0.ingress_queue_wait_avg_cycles.response = 9.41679
stat.switch.port.pool.1.peer_dst.0.ingress_queue_wait_after_nonempty_arrival_avg_cycles.response = 12.8681
stat.switch.port.pool.1.peer_dst.0.ingress_pre_occ_bucket.response.0 = 1924
stat.switch.port.pool.1.peer_dst.0.ingress_queue_wait_bucket.response.0 = 4460
stat.switch.port.pool.1.peer_dst.0.ingress_pre_occ_bucket.response.1_64 = 2151
stat.switch.port.pool.1.peer_dst.0.ingress_queue_wait_bucket.response.1_63 = 2640
stat.switch.port.pool.1.peer_dst.0.ingress_pre_occ_bucket.response.65_256 = 2928
stat.switch.port.pool.1.peer_dst.0.ingress_queue_wait_bucket.response.64_255 = 81
stat.switch.port.pool.1.peer_dst.0.ingress_pre_occ_bucket.response.257_1024 = 178
stat.switch.port.pool.1.peer_dst.0.ingress_queue_wait_bucket.response.256_1023 = 0
stat.switch.port.pool.1.peer_dst.0.ingress_pre_occ_bucket.response.1025_4096 = 0
stat.switch.port.pool.1.peer_dst.0.ingress_queue_wait_bucket.response.1024_4095 = 0
stat.switch.port.pool.1.peer_dst.0.ingress_pre_occ_bucket.response.4097_plus = 0
stat.switch.port.pool.1.peer_dst.0.ingress_queue_wait_bucket.response.4096_plus = 0
stat.switch.port.pool.1.tx_src.0.rx_bytes.demand_req = 0
stat.switch.port.pool.1.tx_src.0.rx_pkts.demand_req = 0
stat.switch.port.pool.1.tx_src.0.tx_bytes.demand_req = 57408
stat.switch.port.pool.1.tx_src.0.tx_pkts.demand_req = 7176
stat.switch.port.pool.1.tx_src.0.ingress_arrivals.demand_req = 0
stat.switch.port.pool.1.tx_src.0.ingress_arrival_nonempty_packet_frac.demand_req = 0
stat.switch.port.pool.1.tx_src.0.ingress_nonempty_arrival_pre_occ_avg_bytes.demand_req = 0
stat.switch.port.pool.1.tx_src.0.ingress_nonempty_arrival_pre_occ_max_bytes.demand_req = 0
stat.switch.port.pool.1.tx_src.0.ingress_wait_avg_cycles.demand_req = 0
stat.switch.port.pool.1.tx_src.0.ingress_queue_wait_avg_cycles.demand_req = 0
stat.switch.port.pool.1.tx_src.0.ingress_queue_wait_after_nonempty_arrival_avg_cycles.demand_req = 0
stat.switch.port.pool.1.tx_src.0.ingress_pre_occ_bucket.demand_req.0 = 0
stat.switch.port.pool.1.tx_src.0.ingress_queue_wait_bucket.demand_req.0 = 0
stat.switch.port.pool.1.tx_src.0.ingress_pre_occ_bucket.demand_req.1_64 = 0
stat.switch.port.pool.1.tx_src.0.ingress_queue_wait_bucket.demand_req.1_63 = 0
stat.switch.port.pool.1.tx_src.0.ingress_pre_occ_bucket.demand_req.65_256 = 0
stat.switch.port.pool.1.tx_src.0.ingress_queue_wait_bucket.demand_req.64_255 = 0
stat.switch.port.pool.1.tx_src.0.ingress_pre_occ_bucket.demand_req.257_1024 = 0
stat.switch.port.pool.1.tx_src.0.ingress_queue_wait_bucket.demand_req.256_1023 = 0
stat.switch.port.pool.1.tx_src.0.ingress_pre_occ_bucket.demand_req.1025_4096 = 0
stat.switch.port.pool.1.tx_src.0.ingress_queue_wait_bucket.demand_req.1024_4095 = 0
stat.switch.port.pool.1.tx_src.0.ingress_pre_occ_bucket.demand_req.4097_plus = 0
stat.switch.port.pool.1.tx_src.0.ingress_queue_wait_bucket.demand_req.4096_plus = 0
stat.switch.port.pool.1.tx_src.0.rx_bytes.write_req = 0
stat.switch.port.pool.1.tx_src.0.rx_pkts.write_req = 0
stat.switch.port.pool.1.tx_src.0.tx_bytes.write_req = 188352
stat.switch.port.pool.1.tx_src.0.tx_pkts.write_req = 2943
stat.switch.port.pool.1.tx_src.0.ingress_arrivals.write_req = 0
stat.switch.port.pool.1.tx_src.0.ingress_arrival_nonempty_packet_frac.write_req = 0
stat.switch.port.pool.1.tx_src.0.ingress_nonempty_arrival_pre_occ_avg_bytes.write_req = 0
stat.switch.port.pool.1.tx_src.0.ingress_nonempty_arrival_pre_occ_max_bytes.write_req = 0
stat.switch.port.pool.1.tx_src.0.ingress_wait_avg_cycles.write_req = 0
stat.switch.port.pool.1.tx_src.0.ingress_queue_wait_avg_cycles.write_req = 0
stat.switch.port.pool.1.tx_src.0.ingress_queue_wait_after_nonempty_arrival_avg_cycles.write_req = 0
stat.switch.port.pool.1.tx_src.0.ingress_pre_occ_bucket.write_req.0 = 0
stat.switch.port.pool.1.tx_src.0.ingress_queue_wait_bucket.write_req.0 = 0
stat.switch.port.pool.1.tx_src.0.ingress_pre_occ_bucket.write_req.1_64 = 0
stat.switch.port.pool.1.tx_src.0.ingress_queue_wait_bucket.write_req.1_63 = 0
stat.switch.port.pool.1.tx_src.0.ingress_pre_occ_bucket.write_req.65_256 = 0
stat.switch.port.pool.1.tx_src.0.ingress_queue_wait_bucket.write_req.64_255 = 0
stat.switch.port.pool.1.tx_src.0.ingress_pre_occ_bucket.write_req.257_1024 = 0
stat.switch.port.pool.1.tx_src.0.ingress_queue_wait_bucket.write_req.256_1023 = 0
stat.switch.port.pool.1.tx_src.0.ingress_pre_occ_bucket.write_req.1025_4096 = 0
stat.switch.port.pool.1.tx_src.0.ingress_queue_wait_bucket.write_req.1024_4095 = 0
stat.switch.port.pool.1.tx_src.0.ingress_pre_occ_bucket.write_req.4097_plus = 0
stat.switch.port.pool.1.tx_src.0.ingress_queue_wait_bucket.write_req.4096_plus = 0
stat.switch.port.pool.1.tx_src.0.rx_bytes.other_req = 0
stat.switch.port.pool.1.tx_src.0.rx_pkts.other_req = 0
stat.switch.port.pool.1.tx_src.0.tx_bytes.other_req = 40
stat.switch.port.pool.1.tx_src.0.tx_pkts.other_req = 5
stat.switch.port.pool.1.tx_src.0.ingress_arrivals.other_req = 0
stat.switch.port.pool.1.tx_src.0.ingress_arrival_nonempty_packet_frac.other_req = 0
stat.switch.port.pool.1.tx_src.0.ingress_nonempty_arrival_pre_occ_avg_bytes.other_req = 0
stat.switch.port.pool.1.tx_src.0.ingress_nonempty_arrival_pre_occ_max_bytes.other_req = 0
stat.switch.port.pool.1.tx_src.0.ingress_wait_avg_cycles.other_req = 0
stat.switch.port.pool.1.tx_src.0.ingress_queue_wait_avg_cycles.other_req = 0
stat.switch.port.pool.1.tx_src.0.ingress_queue_wait_after_nonempty_arrival_avg_cycles.other_req = 0
stat.switch.port.pool.1.tx_src.0.ingress_pre_occ_bucket.other_req.0 = 0
stat.switch.port.pool.1.tx_src.0.ingress_queue_wait_bucket.other_req.0 = 0
stat.switch.port.pool.1.tx_src.0.ingress_pre_occ_bucket.other_req.1_64 = 0
stat.switch.port.pool.1.tx_src.0.ingress_queue_wait_bucket.other_req.1_63 = 0
stat.switch.port.pool.1.tx_src.0.ingress_pre_occ_bucket.other_req.65_256 = 0
stat.switch.port.pool.1.tx_src.0.ingress_queue_wait_bucket.other_req.64_255 = 0
stat.switch.port.pool.1.tx_src.0.ingress_pre_occ_bucket.other_req.257_1024 = 0
stat.switch.port.pool.1.tx_src.0.ingress_queue_wait_bucket.other_req.256_1023 = 0
stat.switch.port.pool.1.tx_src.0.ingress_pre_occ_bucket.other_req.1025_4096 = 0
stat.switch.port.pool.1.tx_src.0.ingress_queue_wait_bucket.other_req.1024_4095 = 0
stat.switch.port.pool.1.tx_src.0.ingress_pre_occ_bucket.other_req.4097_plus = 0
stat.switch.port.pool.1.tx_src.0.ingress_queue_wait_bucket.other_req.4096_plus = 0
stat.switch.port.pool.1.tx_dst.101.rx_bytes.demand_req = 0
stat.switch.port.pool.1.tx_dst.101.rx_pkts.demand_req = 0
stat.switch.port.pool.1.tx_dst.101.tx_bytes.demand_req = 57408
stat.switch.port.pool.1.tx_dst.101.tx_pkts.demand_req = 7176
stat.switch.port.pool.1.tx_dst.101.ingress_arrivals.demand_req = 0
stat.switch.port.pool.1.tx_dst.101.ingress_arrival_nonempty_packet_frac.demand_req = 0
stat.switch.port.pool.1.tx_dst.101.ingress_nonempty_arrival_pre_occ_avg_bytes.demand_req = 0
stat.switch.port.pool.1.tx_dst.101.ingress_nonempty_arrival_pre_occ_max_bytes.demand_req = 0
stat.switch.port.pool.1.tx_dst.101.ingress_wait_avg_cycles.demand_req = 0
stat.switch.port.pool.1.tx_dst.101.ingress_queue_wait_avg_cycles.demand_req = 0
stat.switch.port.pool.1.tx_dst.101.ingress_queue_wait_after_nonempty_arrival_avg_cycles.demand_req = 0
stat.switch.port.pool.1.tx_dst.101.ingress_pre_occ_bucket.demand_req.0 = 0
stat.switch.port.pool.1.tx_dst.101.ingress_queue_wait_bucket.demand_req.0 = 0
stat.switch.port.pool.1.tx_dst.101.ingress_pre_occ_bucket.demand_req.1_64 = 0
stat.switch.port.pool.1.tx_dst.101.ingress_queue_wait_bucket.demand_req.1_63 = 0
stat.switch.port.pool.1.tx_dst.101.ingress_pre_occ_bucket.demand_req.65_256 = 0
stat.switch.port.pool.1.tx_dst.101.ingress_queue_wait_bucket.demand_req.64_255 = 0
stat.switch.port.pool.1.tx_dst.101.ingress_pre_occ_bucket.demand_req.257_1024 = 0
stat.switch.port.pool.1.tx_dst.101.ingress_queue_wait_bucket.demand_req.256_1023 = 0
stat.switch.port.pool.1.tx_dst.101.ingress_pre_occ_bucket.demand_req.1025_4096 = 0
stat.switch.port.pool.1.tx_dst.101.ingress_queue_wait_bucket.demand_req.1024_4095 = 0
stat.switch.port.pool.1.tx_dst.101.ingress_pre_occ_bucket.demand_req.4097_plus = 0
stat.switch.port.pool.1.tx_dst.101.ingress_queue_wait_bucket.demand_req.4096_plus = 0
stat.switch.port.pool.1.tx_dst.101.rx_bytes.write_req = 0
stat.switch.port.pool.1.tx_dst.101.rx_pkts.write_req = 0
stat.switch.port.pool.1.tx_dst.101.tx_bytes.write_req = 188352
stat.switch.port.pool.1.tx_dst.101.tx_pkts.write_req = 2943
stat.switch.port.pool.1.tx_dst.101.ingress_arrivals.write_req = 0
stat.switch.port.pool.1.tx_dst.101.ingress_arrival_nonempty_packet_frac.write_req = 0
stat.switch.port.pool.1.tx_dst.101.ingress_nonempty_arrival_pre_occ_avg_bytes.write_req = 0
stat.switch.port.pool.1.tx_dst.101.ingress_nonempty_arrival_pre_occ_max_bytes.write_req = 0
stat.switch.port.pool.1.tx_dst.101.ingress_wait_avg_cycles.write_req = 0
stat.switch.port.pool.1.tx_dst.101.ingress_queue_wait_avg_cycles.write_req = 0
stat.switch.port.pool.1.tx_dst.101.ingress_queue_wait_after_nonempty_arrival_avg_cycles.write_req = 0
stat.switch.port.pool.1.tx_dst.101.ingress_pre_occ_bucket.write_req.0 = 0
stat.switch.port.pool.1.tx_dst.101.ingress_queue_wait_bucket.write_req.0 = 0
stat.switch.port.pool.1.tx_dst.101.ingress_pre_occ_bucket.write_req.1_64 = 0
stat.switch.port.pool.1.tx_dst.101.ingress_queue_wait_bucket.write_req.1_63 = 0
stat.switch.port.pool.1.tx_dst.101.ingress_pre_occ_bucket.write_req.65_256 = 0
stat.switch.port.pool.1.tx_dst.101.ingress_queue_wait_bucket.write_req.64_255 = 0
stat.switch.port.pool.1.tx_dst.101.ingress_pre_occ_bucket.write_req.257_1024 = 0
stat.switch.port.pool.1.tx_dst.101.ingress_queue_wait_bucket.write_req.256_1023 = 0
stat.switch.port.pool.1.tx_dst.101.ingress_pre_occ_bucket.write_req.1025_4096 = 0
stat.switch.port.pool.1.tx_dst.101.ingress_queue_wait_bucket.write_req.1024_4095 = 0
stat.switch.port.pool.1.tx_dst.101.ingress_pre_occ_bucket.write_req.4097_plus = 0
stat.switch.port.pool.1.tx_dst.101.ingress_queue_wait_bucket.write_req.4096_plus = 0
stat.switch.port.pool.1.tx_dst.101.rx_bytes.other_req = 0
stat.switch.port.pool.1.tx_dst.101.rx_pkts.other_req = 0
stat.switch.port.pool.1.tx_dst.101.tx_bytes.other_req = 40
stat.switch.port.pool.1.tx_dst.101.tx_pkts.other_req = 5
stat.switch.port.pool.1.tx_dst.101.ingress_arrivals.other_req = 0
stat.switch.port.pool.1.tx_dst.101.ingress_arrival_nonempty_packet_frac.other_req = 0
stat.switch.port.pool.1.tx_dst.101.ingress_nonempty_arrival_pre_occ_avg_bytes.other_req = 0
stat.switch.port.pool.1.tx_dst.101.ingress_nonempty_arrival_pre_occ_max_bytes.other_req = 0
stat.switch.port.pool.1.tx_dst.101.ingress_wait_avg_cycles.other_req = 0
stat.switch.port.pool.1.tx_dst.101.ingress_queue_wait_avg_cycles.other_req = 0
stat.switch.port.pool.1.tx_dst.101.ingress_queue_wait_after_nonempty_arrival_avg_cycles.other_req = 0
stat.switch.port.pool.1.tx_dst.101.ingress_pre_occ_bucket.other_req.0 = 0
stat.switch.port.pool.1.tx_dst.101.ingress_queue_wait_bucket.other_req.0 = 0
stat.switch.port.pool.1.tx_dst.101.ingress_pre_occ_bucket.other_req.1_64 = 0
stat.switch.port.pool.1.tx_dst.101.ingress_queue_wait_bucket.other_req.1_63 = 0
stat.switch.port.pool.1.tx_dst.101.ingress_pre_occ_bucket.other_req.65_256 = 0
stat.switch.port.pool.1.tx_dst.101.ingress_queue_wait_bucket.other_req.64_255 = 0
stat.switch.port.pool.1.tx_dst.101.ingress_pre_occ_bucket.other_req.257_1024 = 0
stat.switch.port.pool.1.tx_dst.101.ingress_queue_wait_bucket.other_req.256_1023 = 0
stat.switch.port.pool.1.tx_dst.101.ingress_pre_occ_bucket.other_req.1025_4096 = 0
stat.switch.port.pool.1.tx_dst.101.ingress_queue_wait_bucket.other_req.1024_4095 = 0
stat.switch.port.pool.1.tx_dst.101.ingress_pre_occ_bucket.other_req.4097_plus = 0
stat.switch.port.pool.1.tx_dst.101.ingress_queue_wait_bucket.other_req.4096_plus = 0
stat.switch.walltime_s = 130.344
stat.switch.active_time_s = 4.19561
Simulation is complete, simulated time: 672.659 us
