stat.node.0.llc.pool_accesses = 12465
stat.node.0.llc.pool_completed = 12457
stat.node.0.llc.avg_pool_roundtrip_lat = 679.142
stat.node.0.llc.cxl_miss = 12438
stat.node.0.llc.total_miss = 12446
stat.node.0.llc.avg_miss_lat = 680.145
stat.node.0.llc.avg_cxl_lat = 680.141
stat.node.0.llc.miss_lat_hist_bin_ns = 10
stat.node.0.llc.miss_lat_hist = [0,0,0,0,0,0,0,0,0,0,0,0,0,0,0,0,0,0,0,0,0,0,0,0,0,0,3818,3021,2045,1350,873,540,342,195,114,56,54,17,13,7,1]
stat.node.0.util.dram_avg = 1.52501e-05
stat.node.0.fabric.ingress_wait_avg_cycles = 179.015
stat.node.0.fabric.egress_wait_avg_cycles = 1
stat.node.0.fabric.ingress_wait_max_cycles = 345
stat.node.0.fabric.egress_wait_max_cycles = 1
stat.node.0.fabric.ingress_queue_wait_avg_cycles = 34.0153
stat.node.0.fabric.ingress_queue_wait_max_cycles = 200
stat.node.0.fabric.egress_occ_avg_bytes = 0
stat.node.0.fabric.egress_occ_stddev_bytes = 0
stat.node.0.fabric.egress_occ_max_bytes = 0
stat.node.0.fabric.egress_occ_nonempty_frac = 0
stat.node.0.fabric.egress_blocked_cycles = 0
stat.node.0.fabric.egress_blocked_nonempty_frac = 0
stat.node.0.fabric.egress_blocked_avg_occ_bytes = 0
stat.node.0.fabric.egress_blocked_max_occ_bytes = 0
stat.node.0.fabric.egress_send_burst_max_pkts = 2
stat.node.0.fabric.egress_send_burst_max_bytes = 72
stat.node.0.fabric.egress_send_burst_avg_pkts = 1.00594
stat.node.0.fabric.egress_send_burst_avg_bytes = 23.1612
stat.node.0.fabric.egress_send_burst_stddev_pkts = 0.0768409
stat.node.0.fabric.egress_send_burst_stddev_bytes = 24.9441
stat.node.0.fabric.egress_send_nonempty_frac = 0.0144418
stat.node.0.fabric.ingress_occ_bytes = 448
stat.node.0.fabric.ready_wait_avg_cycles = 0
stat.node.0.fabric.ready_wait_max_cycles = 0
stat.node.0.fabric.ready_occ_avg_pkts = 0.0106248
stat.node.0.fabric.ready_occ_pkts = 0
stat.node.0.fabric.ready_occ_max_pkts = 1
stat.node.0.fabric.ready_retry_count = 0
stat.node.0.fabric.ingress_arrival_burst_max_pkts = 2
stat.node.0.fabric.ingress_arrival_burst_max_bytes = 128
stat.node.0.fabric.ingress_arrival_burst_avg_pkts = 1.1671
stat.node.0.fabric.ingress_arrival_burst_avg_bytes = 74.6942
stat.node.0.fabric.ingress_arrival_burst_stddev_pkts = 0.373062
stat.node.0.fabric.ingress_arrival_burst_stddev_bytes = 23.876
stat.node.0.fabric.ingress_arrival_nonempty_frac = 0.00910746
stat.node.0.fabric.ingress_arrival_run_max_cycles = 2
stat.node.0.fabric.ingress_arrival_run_avg_cycles = 1.00434
stat.node.0.fabric.ingress_arrival_run_stddev_cycles = 0.0657693
stat.node.0.fabric.ingress_arrival_gap_max_cycles = 759
stat.node.0.fabric.ingress_arrival_gap_avg_cycles = 73.4465
stat.node.0.fabric.ingress_arrival_gap_stddev_cycles = 121.505
stat.node.0.fabric.ingress_release_burst_max_pkts = 1
stat.node.0.fabric.ingress_release_burst_max_bytes = 64
stat.node.0.fabric.ingress_release_burst_avg_pkts = 1
stat.node.0.fabric.ingress_release_burst_avg_bytes = 64
stat.node.0.fabric.ingress_release_burst_stddev_pkts = 0
stat.node.0.fabric.ingress_release_burst_stddev_bytes = 0
stat.node.0.fabric.ingress_release_nonempty_frac = 0.0106248
stat.node.0.fabric.ingress_release_run_max_cycles = 1
stat.node.0.fabric.ingress_release_run_avg_cycles = 1
stat.node.0.fabric.ingress_release_run_stddev_cycles = 0
stat.node.0.fabric.ingress_release_gap_max_cycles = 684
stat.node.0.fabric.ingress_release_gap_avg_cycles = 62.5292
stat.node.0.fabric.ingress_release_gap_stddev_cycles = 95.7615
stat.node.0.fabric.ingress_occ_avg_bytes = 121.073
stat.node.0.fabric.ingress_occ_stddev_bytes = 165.678
stat.node.0.fabric.ingress_occ_max_bytes = 896
stat.node.0.fabric.ingress_occ_nonempty_frac = 0.484819
stat.node.0.fabric.ingress_occ_run_max_cycles = 2170
stat.node.0.fabric.ingress_occ_run_avg_cycles = 392.283
stat.node.0.fabric.ingress_occ_run_stddev_cycles = 176.787
stat.node.0.fabric.ingress_occ_gap_max_cycles = 541
stat.node.0.fabric.ingress_occ_gap_avg_cycles = 154.025
stat.node.0.fabric.ingress_occ_gap_stddev_cycles = 114.077
stat.node.0.fabric.ingress_wait_avg_cycles.demand_req = 0
stat.node.0.fabric.ingress_wait_max_cycles.demand_req = 0
stat.node.0.fabric.ingress_queue_wait_avg_cycles.demand_req = 0
stat.node.0.fabric.ingress_queue_wait_max_cycles.demand_req = 0
stat.node.0.fabric.egress_wait_avg_cycles.demand_req = 1
stat.node.0.fabric.egress_wait_max_cycles.demand_req = 1
stat.node.0.fabric.egress_occ_avg_bytes.demand_req = 0
stat.node.0.fabric.egress_occ_max_bytes.demand_req = 0
stat.node.0.fabric.egress_blocked_cycles.demand_req = 0
stat.node.0.fabric.ingress_arrival_empty_packets.demand_req = 0
stat.node.0.fabric.ingress_arrival_nonempty_packets.demand_req = 0
stat.node.0.fabric.ingress_arrival_nonempty_packet_frac.demand_req = 0
stat.node.0.fabric.ingress_nonempty_arrival_pre_occ_avg_bytes.demand_req = 0
stat.node.0.fabric.ingress_nonempty_arrival_pre_occ_max_bytes.demand_req = 0
stat.node.0.fabric.ingress_release_after_empty_arrival_packets.demand_req = 0
stat.node.0.fabric.ingress_release_after_nonempty_arrival_packets.demand_req = 0
stat.node.0.fabric.ingress_wait_after_empty_arrival_avg_cycles.demand_req = 0
stat.node.0.fabric.ingress_wait_after_nonempty_arrival_avg_cycles.demand_req = 0
stat.node.0.fabric.ingress_queue_wait_after_empty_arrival_avg_cycles.demand_req = 0
stat.node.0.fabric.ingress_queue_wait_after_nonempty_arrival_avg_cycles.demand_req = 0
stat.node.0.fabric.ingress_queue_wait_after_empty_arrival_max_cycles.demand_req = 0
stat.node.0.fabric.ingress_queue_wait_after_nonempty_arrival_max_cycles.demand_req = 0
stat.node.0.fabric.rx_bytes.demand_req = 0
stat.node.0.fabric.tx_bytes.demand_req = 133632
stat.node.0.fabric.rx_pkts.demand_req = 0
stat.node.0.fabric.tx_pkts.demand_req = 16704
stat.node.0.fabric.ingress_wait_avg_cycles.write_req = 0
stat.node.0.fabric.ingress_wait_max_cycles.write_req = 0
stat.node.0.fabric.ingress_queue_wait_avg_cycles.write_req = 0
stat.node.0.fabric.ingress_queue_wait_max_cycles.write_req = 0
stat.node.0.fabric.egress_wait_avg_cycles.write_req = 1
stat.node.0.fabric.egress_wait_max_cycles.write_req = 1
stat.node.0.fabric.egress_occ_avg_bytes.write_req = 0
stat.node.0.fabric.egress_occ_max_bytes.write_req = 0
stat.node.0.fabric.egress_blocked_cycles.write_req = 0
stat.node.0.fabric.ingress_arrival_empty_packets.write_req = 0
stat.node.0.fabric.ingress_arrival_nonempty_packets.write_req = 0
stat.node.0.fabric.ingress_arrival_nonempty_packet_frac.write_req = 0
stat.node.0.fabric.ingress_nonempty_arrival_pre_occ_avg_bytes.write_req = 0
stat.node.0.fabric.ingress_nonempty_arrival_pre_occ_max_bytes.write_req = 0
stat.node.0.fabric.ingress_release_after_empty_arrival_packets.write_req = 0
stat.node.0.fabric.ingress_release_after_nonempty_arrival_packets.write_req = 0
stat.node.0.fabric.ingress_wait_after_empty_arrival_avg_cycles.write_req = 0
stat.node.0.fabric.ingress_wait_after_nonempty_arrival_avg_cycles.write_req = 0
stat.node.0.fabric.ingress_queue_wait_after_empty_arrival_avg_cycles.write_req = 0
stat.node.0.fabric.ingress_queue_wait_after_nonempty_arrival_avg_cycles.write_req = 0
stat.node.0.fabric.ingress_queue_wait_after_empty_arrival_max_cycles.write_req = 0
stat.node.0.fabric.ingress_queue_wait_after_nonempty_arrival_max_cycles.write_req = 0
stat.node.0.fabric.rx_bytes.write_req = 0
stat.node.0.fabric.tx_bytes.write_req = 392576
stat.node.0.fabric.rx_pkts.write_req = 0
stat.node.0.fabric.tx_pkts.write_req = 6134
stat.node.0.fabric.ingress_wait_avg_cycles.response = 179.015
stat.node.0.fabric.ingress_wait_max_cycles.response = 345
stat.node.0.fabric.ingress_queue_wait_avg_cycles.response = 34.0153
stat.node.0.fabric.ingress_queue_wait_max_cycles.response = 200
stat.node.0.fabric.egress_wait_avg_cycles.response = 0
stat.node.0.fabric.egress_wait_max_cycles.response = 0
stat.node.0.fabric.egress_occ_avg_bytes.response = 0
stat.node.0.fabric.egress_occ_max_bytes.response = 0
stat.node.0.fabric.egress_blocked_cycles.response = 0
stat.node.0.fabric.ingress_arrival_empty_packets.response = 1945
stat.node.0.fabric.ingress_arrival_nonempty_packets.response = 14783
stat.node.0.fabric.ingress_arrival_nonempty_packet_frac.response = 0.883728
stat.node.0.fabric.ingress_nonempty_arrival_pre_occ_avg_bytes.response = 261.754
stat.node.0.fabric.ingress_nonempty_arrival_pre_occ_max_bytes.response = 832
stat.node.0.fabric.ingress_release_after_empty_arrival_packets.response = 1945
stat.node.0.fabric.ingress_release_after_nonempty_arrival_packets.response = 14776
stat.node.0.fabric.ingress_wait_after_empty_arrival_avg_cycles.response = 145
stat.node.0.fabric.ingress_wait_after_nonempty_arrival_avg_cycles.response = 183.493
stat.node.0.fabric.ingress_queue_wait_after_empty_arrival_avg_cycles.response = 0
stat.node.0.fabric.ingress_queue_wait_after_nonempty_arrival_avg_cycles.response = 38.4928
stat.node.0.fabric.ingress_queue_wait_after_empty_arrival_max_cycles.response = 0
stat.node.0.fabric.ingress_queue_wait_after_nonempty_arrival_max_cycles.response = 200
stat.node.0.fabric.rx_bytes.response = 1070592
stat.node.0.fabric.tx_bytes.response = 0
stat.node.0.fabric.rx_pkts.response = 16728
stat.node.0.fabric.tx_pkts.response = 0
stat.node.0.fabric.ingress_wait_avg_cycles.other_req = 0
stat.node.0.fabric.ingress_wait_max_cycles.other_req = 0
stat.node.0.fabric.ingress_queue_wait_avg_cycles.other_req = 0
stat.node.0.fabric.ingress_queue_wait_max_cycles.other_req = 0
stat.node.0.fabric.egress_wait_avg_cycles.other_req = 1
stat.node.0.fabric.egress_wait_max_cycles.other_req = 1
stat.node.0.fabric.egress_occ_avg_bytes.other_req = 0
stat.node.0.fabric.egress_occ_max_bytes.other_req = 0
stat.node.0.fabric.egress_blocked_cycles.other_req = 0
stat.node.0.fabric.ingress_arrival_empty_packets.other_req = 0
stat.node.0.fabric.ingress_arrival_nonempty_packets.other_req = 0
stat.node.0.fabric.ingress_arrival_nonempty_packet_frac.other_req = 0
stat.node.0.fabric.ingress_nonempty_arrival_pre_occ_avg_bytes.other_req = 0
stat.node.0.fabric.ingress_nonempty_arrival_pre_occ_max_bytes.other_req = 0
stat.node.0.fabric.ingress_release_after_empty_arrival_packets.other_req = 0
stat.node.0.fabric.ingress_release_after_nonempty_arrival_packets.other_req = 0
stat.node.0.fabric.ingress_wait_after_empty_arrival_avg_cycles.other_req = 0
stat.node.0.fabric.ingress_wait_after_nonempty_arrival_avg_cycles.other_req = 0
stat.node.0.fabric.ingress_queue_wait_after_empty_arrival_avg_cycles.other_req = 0
stat.node.0.fabric.ingress_queue_wait_after_nonempty_arrival_avg_cycles.other_req = 0
stat.node.0.fabric.ingress_queue_wait_after_empty_arrival_max_cycles.other_req = 0
stat.node.0.fabric.ingress_queue_wait_after_nonempty_arrival_max_cycles.other_req = 0
stat.node.0.fabric.rx_bytes.other_req = 0
stat.node.0.fabric.tx_bytes.other_req = 200
stat.node.0.fabric.rx_pkts.other_req = 0
stat.node.0.fabric.tx_pkts.other_req = 25
stat.node.0.fabric.ingress_occ_bucket_bytes.0 = 810774
stat.node.0.fabric.ready_occ_bucket_bytes.0 = 1557044
stat.node.0.fabric.ingress_occ_bucket_bytes.1_64 = 125480
stat.node.0.fabric.ready_occ_bucket_bytes.1_64 = 16721
stat.node.0.fabric.ingress_occ_bucket_bytes.65_256 = 373412
stat.node.0.fabric.ready_occ_bucket_bytes.65_256 = 0
stat.node.0.fabric.ingress_occ_bucket_bytes.257_1024 = 264099
stat.node.0.fabric.ready_occ_bucket_bytes.257_1024 = 0
stat.node.0.fabric.ingress_occ_bucket_bytes.1025_4096 = 0
stat.node.0.fabric.ready_occ_bucket_bytes.1025_4096 = 0
stat.node.0.fabric.ingress_occ_bucket_bytes.4097_plus = 0
stat.node.0.fabric.ready_occ_bucket_bytes.4097_plus = 0
stat.node.0.fabric.ingress_episode.count = 1944
stat.node.0.fabric.ingress_episode.avg_cycles = 392.33
stat.node.0.fabric.ingress_episode.max_cycles = 2170
stat.node.0.fabric.ingress_episode.avg_peak_occ_bytes = 399.868
stat.node.0.fabric.ingress_episode.max_peak_occ_bytes = 896
stat.node.0.fabric.ingress_episode.avg_arrival_pkts = 8.59774
stat.node.0.fabric.ingress_episode.max_arrival_pkts = 45
stat.node.0.fabric.ingress_episode.avg_arrival_bytes = 550.255
stat.node.0.fabric.ingress_episode.max_arrival_bytes = 2880
stat.node.0.fabric.ingress_episode.avg_release_pkts = 8.59774
stat.node.0.fabric.ingress_episode.max_release_pkts = 45
stat.node.0.fabric.ingress_episode.avg_release_bytes = 550.255
stat.node.0.fabric.ingress_episode.max_release_bytes = 2880
stat.node.0.fabric.ingress_episode.avg_wait_cycles = 1539.1
stat.node.0.fabric.ingress_episode.max_wait_cycles = 345
stat.node.0.fabric.ingress_episode.avg_queue_wait_cycles = 292.427
stat.node.0.fabric.ingress_episode.max_queue_wait_cycles = 200
stat.node.0.fabric.ingress_episode.avg_src_distinct = 1.92747
stat.node.0.fabric.ingress_episode.max_src_distinct = 2
stat.node.0.fabric.ingress_episode.avg_dst_distinct = 1
stat.node.0.fabric.ingress_episode.max_dst_distinct = 1
stat.node.0.fabric.ingress_episode.avg_arrival_pkts.demand_req = 0
stat.node.0.fabric.ingress_episode.max_arrival_pkts.demand_req = 0
stat.node.0.fabric.ingress_episode.avg_release_pkts.demand_req = 0
stat.node.0.fabric.ingress_episode.max_release_pkts.demand_req = 0
stat.node.0.fabric.ingress_pre_occ_bucket.demand_req.0 = 0
stat.node.0.fabric.ingress_queue_wait_bucket.demand_req.0 = 0
stat.node.0.fabric.ingress_pre_occ_bucket.demand_req.1_64 = 0
stat.node.0.fabric.ingress_queue_wait_bucket.demand_req.1_63 = 0
stat.node.0.fabric.ingress_pre_occ_bucket.demand_req.65_256 = 0
stat.node.0.fabric.ingress_queue_wait_bucket.demand_req.64_255 = 0
stat.node.0.fabric.ingress_pre_occ_bucket.demand_req.257_1024 = 0
stat.node.0.fabric.ingress_queue_wait_bucket.demand_req.256_1023 = 0
stat.node.0.fabric.ingress_pre_occ_bucket.demand_req.1025_4096 = 0
stat.node.0.fabric.ingress_queue_wait_bucket.demand_req.1024_4095 = 0
stat.node.0.fabric.ingress_pre_occ_bucket.demand_req.4097_plus = 0
stat.node.0.fabric.ingress_queue_wait_bucket.demand_req.4096_plus = 0
stat.node.0.fabric.ingress_episode.avg_arrival_pkts.write_req = 0
stat.node.0.fabric.ingress_episode.max_arrival_pkts.write_req = 0
stat.node.0.fabric.ingress_episode.avg_release_pkts.write_req = 0
stat.node.0.fabric.ingress_episode.max_release_pkts.write_req = 0
stat.node.0.fabric.ingress_pre_occ_bucket.write_req.0 = 0
stat.node.0.fabric.ingress_queue_wait_bucket.write_req.0 = 0
stat.node.0.fabric.ingress_pre_occ_bucket.write_req.1_64 = 0
stat.node.0.fabric.ingress_queue_wait_bucket.write_req.1_63 = 0
stat.node.0.fabric.ingress_pre_occ_bucket.write_req.65_256 = 0
stat.node.0.fabric.ingress_queue_wait_bucket.write_req.64_255 = 0
stat.node.0.fabric.ingress_pre_occ_bucket.write_req.257_1024 = 0
stat.node.0.fabric.ingress_queue_wait_bucket.write_req.256_1023 = 0
stat.node.0.fabric.ingress_pre_occ_bucket.write_req.1025_4096 = 0
stat.node.0.fabric.ingress_queue_wait_bucket.write_req.1024_4095 = 0
stat.node.0.fabric.ingress_pre_occ_bucket.write_req.4097_plus = 0
stat.node.0.fabric.ingress_queue_wait_bucket.write_req.4096_plus = 0
stat.node.0.fabric.ingress_episode.avg_arrival_pkts.response = 8.59774
stat.node.0.fabric.ingress_episode.max_arrival_pkts.response = 45
stat.node.0.fabric.ingress_episode.avg_release_pkts.response = 8.59774
stat.node.0.fabric.ingress_episode.max_release_pkts.response = 45
stat.node.0.fabric.ingress_pre_occ_bucket.response.0 = 1945
stat.node.0.fabric.ingress_queue_wait_bucket.response.0 = 4576
stat.node.0.fabric.ingress_pre_occ_bucket.response.1_64 = 2292
stat.node.0.fabric.ingress_queue_wait_bucket.response.1_63 = 9089
stat.node.0.fabric.ingress_pre_occ_bucket.response.65_256 = 6919
stat.node.0.fabric.ingress_queue_wait_bucket.response.64_255 = 3056
stat.node.0.fabric.ingress_pre_occ_bucket.response.257_1024 = 5572
stat.node.0.fabric.ingress_queue_wait_bucket.response.256_1023 = 0
stat.node.0.fabric.ingress_pre_occ_bucket.response.1025_4096 = 0
stat.node.0.fabric.ingress_queue_wait_bucket.response.1024_4095 = 0
stat.node.0.fabric.ingress_pre_occ_bucket.response.4097_plus = 0
stat.node.0.fabric.ingress_queue_wait_bucket.response.4096_plus = 0
stat.node.0.fabric.ingress_episode.avg_arrival_pkts.other_req = 0
stat.node.0.fabric.ingress_episode.max_arrival_pkts.other_req = 0
stat.node.0.fabric.ingress_episode.avg_release_pkts.other_req = 0
stat.node.0.fabric.ingress_episode.max_release_pkts.other_req = 0
stat.node.0.fabric.ingress_pre_occ_bucket.other_req.0 = 0
stat.node.0.fabric.ingress_queue_wait_bucket.other_req.0 = 0
stat.node.0.fabric.ingress_pre_occ_bucket.other_req.1_64 = 0
stat.node.0.fabric.ingress_queue_wait_bucket.other_req.1_63 = 0
stat.node.0.fabric.ingress_pre_occ_bucket.other_req.65_256 = 0
stat.node.0.fabric.ingress_queue_wait_bucket.other_req.64_255 = 0
stat.node.0.fabric.ingress_pre_occ_bucket.other_req.257_1024 = 0
stat.node.0.fabric.ingress_queue_wait_bucket.other_req.256_1023 = 0
stat.node.0.fabric.ingress_pre_occ_bucket.other_req.1025_4096 = 0
stat.node.0.fabric.ingress_queue_wait_bucket.other_req.1024_4095 = 0
stat.node.0.fabric.ingress_pre_occ_bucket.other_req.4097_plus = 0
stat.node.0.fabric.ingress_queue_wait_bucket.other_req.4096_plus = 0
stat.node.0.fabric.peer_src.100.rx_bytes.response = 535296
stat.node.0.fabric.peer_src.100.rx_pkts.response = 8364
stat.node.0.fabric.peer_src.100.tx_bytes.response = 0
stat.node.0.fabric.peer_src.100.tx_pkts.response = 0
stat.node.0.fabric.peer_src.100.ingress_arrivals.response = 8364
stat.node.0.fabric.peer_src.100.ingress_arrival_nonempty_packet_frac.response = 0.854735
stat.node.0.fabric.peer_src.100.ingress_nonempty_arrival_pre_occ_avg_bytes.response = 259.205
stat.node.0.fabric.peer_src.100.ingress_nonempty_arrival_pre_occ_max_bytes.response = 832
stat.node.0.fabric.peer_src.100.ingress_wait_avg_cycles.response = 175.338
stat.node.0.fabric.peer_src.100.ingress_queue_wait_avg_cycles.response = 30.3382
stat.node.0.fabric.peer_src.100.ingress_queue_wait_after_nonempty_arrival_avg_cycles.response = 35.4965
stat.node.0.fabric.peer_src.100.ingress_pre_occ_bucket.response.0 = 1215
stat.node.0.fabric.peer_src.100.ingress_queue_wait_bucket.response.0 = 2868
stat.node.0.fabric.peer_src.100.ingress_pre_occ_bucket.response.1_64 = 1042
stat.node.0.fabric.peer_src.100.ingress_queue_wait_bucket.response.1_63 = 4128
stat.node.0.fabric.peer_src.100.ingress_pre_occ_bucket.response.65_256 = 3506
stat.node.0.fabric.peer_src.100.ingress_queue_wait_bucket.response.64_255 = 1365
stat.node.0.fabric.peer_src.100.ingress_pre_occ_bucket.response.257_1024 = 2601
stat.node.0.fabric.peer_src.100.ingress_queue_wait_bucket.response.256_1023 = 0
stat.node.0.fabric.peer_src.100.ingress_pre_occ_bucket.response.1025_4096 = 0
stat.node.0.fabric.peer_src.100.ingress_queue_wait_bucket.response.1024_4095 = 0
stat.node.0.fabric.peer_src.100.ingress_pre_occ_bucket.response.4097_plus = 0
stat.node.0.fabric.peer_src.100.ingress_queue_wait_bucket.response.4096_plus = 0
stat.node.0.fabric.peer_src.101.rx_bytes.response = 535296
stat.node.0.fabric.peer_src.101.rx_pkts.response = 8364
stat.node.0.fabric.peer_src.101.tx_bytes.response = 0
stat.node.0.fabric.peer_src.101.tx_pkts.response = 0
stat.node.0.fabric.peer_src.101.ingress_arrivals.response = 8364
stat.node.0.fabric.peer_src.101.ingress_arrival_nonempty_packet_frac.response = 0.912721
stat.node.0.fabric.peer_src.101.ingress_nonempty_arrival_pre_occ_avg_bytes.response = 264.14
stat.node.0.fabric.peer_src.101.ingress_nonempty_arrival_pre_occ_max_bytes.response = 832
stat.node.0.fabric.peer_src.101.ingress_wait_avg_cycles.response = 182.693
stat.node.0.fabric.peer_src.101.ingress_queue_wait_avg_cycles.response = 37.6927
stat.node.0.fabric.peer_src.101.ingress_queue_wait_after_nonempty_arrival_avg_cycles.response = 41.299
stat.node.0.fabric.peer_src.101.ingress_pre_occ_bucket.response.0 = 730
stat.node.0.fabric.peer_src.101.ingress_queue_wait_bucket.response.0 = 1708
stat.node.0.fabric.peer_src.101.ingress_pre_occ_bucket.response.1_64 = 1250
stat.node.0.fabric.peer_src.101.ingress_queue_wait_bucket.response.1_63 = 4961
stat.node.0.fabric.peer_src.101.ingress_pre_occ_bucket.response.65_256 = 3413
stat.node.0.fabric.peer_src.101.ingress_queue_wait_bucket.response.64_255 = 1691
stat.node.0.fabric.peer_src.101.ingress_pre_occ_bucket.response.257_1024 = 2971
stat.node.0.fabric.peer_src.101.ingress_queue_wait_bucket.response.256_1023 = 0
stat.node.0.fabric.peer_src.101.ingress_pre_occ_bucket.response.1025_4096 = 0
stat.node.0.fabric.peer_src.101.ingress_queue_wait_bucket.response.1024_4095 = 0
stat.node.0.fabric.peer_src.101.ingress_pre_occ_bucket.response.4097_plus = 0
stat.node.0.fabric.peer_src.101.ingress_queue_wait_bucket.response.4096_plus = 0
stat.node.0.fabric.peer_dst.0.rx_bytes.response = 1070592
stat.node.0.fabric.peer_dst.0.rx_pkts.response = 16728
stat.node.0.fabric.peer_dst.0.tx_bytes.response = 0
stat.node.0.fabric.peer_dst.0.tx_pkts.response = 0
stat.node.0.fabric.peer_dst.0.ingress_arrivals.response = 16728
stat.node.0.fabric.peer_dst.0.ingress_arrival_nonempty_packet_frac.response = 0.883728
stat.node.0.fabric.peer_dst.0.ingress_nonempty_arrival_pre_occ_avg_bytes.response = 261.754
stat.node.0.fabric.peer_dst.0.ingress_nonempty_arrival_pre_occ_max_bytes.response = 832
stat.node.0.fabric.peer_dst.0.ingress_wait_avg_cycles.response = 179.015
stat.node.0.fabric.peer_dst.0.ingress_queue_wait_avg_cycles.response = 34.0153
stat.node.0.fabric.peer_dst.0.ingress_queue_wait_after_nonempty_arrival_avg_cycles.response = 38.4928
stat.node.0.fabric.peer_dst.0.ingress_pre_occ_bucket.response.0 = 1945
stat.node.0.fabric.peer_dst.0.ingress_queue_wait_bucket.response.0 = 4576
stat.node.0.fabric.peer_dst.0.ingress_pre_occ_bucket.response.1_64 = 2292
stat.node.0.fabric.peer_dst.0.ingress_queue_wait_bucket.response.1_63 = 9089
stat.node.0.fabric.peer_dst.0.ingress_pre_occ_bucket.response.65_256 = 6919
stat.node.0.fabric.peer_dst.0.ingress_queue_wait_bucket.response.64_255 = 3056
stat.node.0.fabric.peer_dst.0.ingress_pre_occ_bucket.response.257_1024 = 5572
stat.node.0.fabric.peer_dst.0.ingress_queue_wait_bucket.response.256_1023 = 0
stat.node.0.fabric.peer_dst.0.ingress_pre_occ_bucket.response.1025_4096 = 0
stat.node.0.fabric.peer_dst.0.ingress_queue_wait_bucket.response.1024_4095 = 0
stat.node.0.fabric.peer_dst.0.ingress_pre_occ_bucket.response.4097_plus = 0
stat.node.0.fabric.peer_dst.0.ingress_queue_wait_bucket.response.4096_plus = 0
stat.node.0.fabric.tx_src.0.rx_bytes.demand_req = 0
stat.node.0.fabric.tx_src.0.rx_pkts.demand_req = 0
stat.node.0.fabric.tx_src.0.tx_bytes.demand_req = 133632
stat.node.0.fabric.tx_src.0.tx_pkts.demand_req = 16704
stat.node.0.fabric.tx_src.0.ingress_arrivals.demand_req = 0
stat.node.0.fabric.tx_src.0.ingress_arrival_nonempty_packet_frac.demand_req = 0
stat.node.0.fabric.tx_src.0.ingress_nonempty_arrival_pre_occ_avg_bytes.demand_req = 0
stat.node.0.fabric.tx_src.0.ingress_nonempty_arrival_pre_occ_max_bytes.demand_req = 0
stat.node.0.fabric.tx_src.0.ingress_wait_avg_cycles.demand_req = 0
stat.node.0.fabric.tx_src.0.ingress_queue_wait_avg_cycles.demand_req = 0
stat.node.0.fabric.tx_src.0.ingress_queue_wait_after_nonempty_arrival_avg_cycles.demand_req = 0
stat.node.0.fabric.tx_src.0.ingress_pre_occ_bucket.demand_req.0 = 0
stat.node.0.fabric.tx_src.0.ingress_queue_wait_bucket.demand_req.0 = 0
stat.node.0.fabric.tx_src.0.ingress_pre_occ_bucket.demand_req.1_64 = 0
stat.node.0.fabric.tx_src.0.ingress_queue_wait_bucket.demand_req.1_63 = 0
stat.node.0.fabric.tx_src.0.ingress_pre_occ_bucket.demand_req.65_256 = 0
stat.node.0.fabric.tx_src.0.ingress_queue_wait_bucket.demand_req.64_255 = 0
stat.node.0.fabric.tx_src.0.ingress_pre_occ_bucket.demand_req.257_1024 = 0
stat.node.0.fabric.tx_src.0.ingress_queue_wait_bucket.demand_req.256_1023 = 0
stat.node.0.fabric.tx_src.0.ingress_pre_occ_bucket.demand_req.1025_4096 = 0
stat.node.0.fabric.tx_src.0.ingress_queue_wait_bucket.demand_req.1024_4095 = 0
stat.node.0.fabric.tx_src.0.ingress_pre_occ_bucket.demand_req.4097_plus = 0
stat.node.0.fabric.tx_src.0.ingress_queue_wait_bucket.demand_req.4096_plus = 0
stat.node.0.fabric.tx_src.0.rx_bytes.write_req = 0
stat.node.0.fabric.tx_src.0.rx_pkts.write_req = 0
stat.node.0.fabric.tx_src.0.tx_bytes.write_req = 392576
stat.node.0.fabric.tx_src.0.tx_pkts.write_req = 6134
stat.node.0.fabric.tx_src.0.ingress_arrivals.write_req = 0
stat.node.0.fabric.tx_src.0.ingress_arrival_nonempty_packet_frac.write_req = 0
stat.node.0.fabric.tx_src.0.ingress_nonempty_arrival_pre_occ_avg_bytes.write_req = 0
stat.node.0.fabric.tx_src.0.ingress_nonempty_arrival_pre_occ_max_bytes.write_req = 0
stat.node.0.fabric.tx_src.0.ingress_wait_avg_cycles.write_req = 0
stat.node.0.fabric.tx_src.0.ingress_queue_wait_avg_cycles.write_req = 0
stat.node.0.fabric.tx_src.0.ingress_queue_wait_after_nonempty_arrival_avg_cycles.write_req = 0
stat.node.0.fabric.tx_src.0.ingress_pre_occ_bucket.write_req.0 = 0
stat.node.0.fabric.tx_src.0.ingress_queue_wait_bucket.write_req.0 = 0
stat.node.0.fabric.tx_src.0.ingress_pre_occ_bucket.write_req.1_64 = 0
stat.node.0.fabric.tx_src.0.ingress_queue_wait_bucket.write_req.1_63 = 0
stat.node.0.fabric.tx_src.0.ingress_pre_occ_bucket.write_req.65_256 = 0
stat.node.0.fabric.tx_src.0.ingress_queue_wait_bucket.write_req.64_255 = 0
stat.node.0.fabric.tx_src.0.ingress_pre_occ_bucket.write_req.257_1024 = 0
stat.node.0.fabric.tx_src.0.ingress_queue_wait_bucket.write_req.256_1023 = 0
stat.node.0.fabric.tx_src.0.ingress_pre_occ_bucket.write_req.1025_4096 = 0
stat.node.0.fabric.tx_src.0.ingress_queue_wait_bucket.write_req.1024_4095 = 0
stat.node.0.fabric.tx_src.0.ingress_pre_occ_bucket.write_req.4097_plus = 0
stat.node.0.fabric.tx_src.0.ingress_queue_wait_bucket.write_req.4096_plus = 0
stat.node.0.fabric.tx_src.0.rx_bytes.other_req = 0
stat.node.0.fabric.tx_src.0.rx_pkts.other_req = 0
stat.node.0.fabric.tx_src.0.tx_bytes.other_req = 200
stat.node.0.fabric.tx_src.0.tx_pkts.other_req = 25
stat.node.0.fabric.tx_src.0.ingress_arrivals.other_req = 0
stat.node.0.fabric.tx_src.0.ingress_arrival_nonempty_packet_frac.other_req = 0
stat.node.0.fabric.tx_src.0.ingress_nonempty_arrival_pre_occ_avg_bytes.other_req = 0
stat.node.0.fabric.tx_src.0.ingress_nonempty_arrival_pre_occ_max_bytes.other_req = 0
stat.node.0.fabric.tx_src.0.ingress_wait_avg_cycles.other_req = 0
stat.node.0.fabric.tx_src.0.ingress_queue_wait_avg_cycles.other_req = 0
stat.node.0.fabric.tx_src.0.ingress_queue_wait_after_nonempty_arrival_avg_cycles.other_req = 0
stat.node.0.fabric.tx_src.0.ingress_pre_occ_bucket.other_req.0 = 0
stat.node.0.fabric.tx_src.0.ingress_queue_wait_bucket.other_req.0 = 0
stat.node.0.fabric.tx_src.0.ingress_pre_occ_bucket.other_req.1_64 = 0
stat.node.0.fabric.tx_src.0.ingress_queue_wait_bucket.other_req.1_63 = 0
stat.node.0.fabric.tx_src.0.ingress_pre_occ_bucket.other_req.65_256 = 0
stat.node.0.fabric.tx_src.0.ingress_queue_wait_bucket.other_req.64_255 = 0
stat.node.0.fabric.tx_src.0.ingress_pre_occ_bucket.other_req.257_1024 = 0
stat.node.0.fabric.tx_src.0.ingress_queue_wait_bucket.other_req.256_1023 = 0
stat.node.0.fabric.tx_src.0.ingress_pre_occ_bucket.other_req.1025_4096 = 0
stat.node.0.fabric.tx_src.0.ingress_queue_wait_bucket.other_req.1024_4095 = 0
stat.node.0.fabric.tx_src.0.ingress_pre_occ_bucket.other_req.4097_plus = 0
stat.node.0.fabric.tx_src.0.ingress_queue_wait_bucket.other_req.4096_plus = 0
stat.node.0.fabric.tx_dst.100.rx_bytes.demand_req = 0
stat.node.0.fabric.tx_dst.100.rx_pkts.demand_req = 0
stat.node.0.fabric.tx_dst.100.tx_bytes.demand_req = 133632
stat.node.0.fabric.tx_dst.100.tx_pkts.demand_req = 16704
stat.node.0.fabric.tx_dst.100.ingress_arrivals.demand_req = 0
stat.node.0.fabric.tx_dst.100.ingress_arrival_nonempty_packet_frac.demand_req = 0
stat.node.0.fabric.tx_dst.100.ingress_nonempty_arrival_pre_occ_avg_bytes.demand_req = 0
stat.node.0.fabric.tx_dst.100.ingress_nonempty_arrival_pre_occ_max_bytes.demand_req = 0
stat.node.0.fabric.tx_dst.100.ingress_wait_avg_cycles.demand_req = 0
stat.node.0.fabric.tx_dst.100.ingress_queue_wait_avg_cycles.demand_req = 0
stat.node.0.fabric.tx_dst.100.ingress_queue_wait_after_nonempty_arrival_avg_cycles.demand_req = 0
stat.node.0.fabric.tx_dst.100.ingress_pre_occ_bucket.demand_req.0 = 0
stat.node.0.fabric.tx_dst.100.ingress_queue_wait_bucket.demand_req.0 = 0
stat.node.0.fabric.tx_dst.100.ingress_pre_occ_bucket.demand_req.1_64 = 0
stat.node.0.fabric.tx_dst.100.ingress_queue_wait_bucket.demand_req.1_63 = 0
stat.node.0.fabric.tx_dst.100.ingress_pre_occ_bucket.demand_req.65_256 = 0
stat.node.0.fabric.tx_dst.100.ingress_queue_wait_bucket.demand_req.64_255 = 0
stat.node.0.fabric.tx_dst.100.ingress_pre_occ_bucket.demand_req.257_1024 = 0
stat.node.0.fabric.tx_dst.100.ingress_queue_wait_bucket.demand_req.256_1023 = 0
stat.node.0.fabric.tx_dst.100.ingress_pre_occ_bucket.demand_req.1025_4096 = 0
stat.node.0.fabric.tx_dst.100.ingress_queue_wait_bucket.demand_req.1024_4095 = 0
stat.node.0.fabric.tx_dst.100.ingress_pre_occ_bucket.demand_req.4097_plus = 0
stat.node.0.fabric.tx_dst.100.ingress_queue_wait_bucket.demand_req.4096_plus = 0
stat.node.0.fabric.tx_dst.100.rx_bytes.write_req = 0
stat.node.0.fabric.tx_dst.100.rx_pkts.write_req = 0
stat.node.0.fabric.tx_dst.100.tx_bytes.write_req = 392576
stat.node.0.fabric.tx_dst.100.tx_pkts.write_req = 6134
stat.node.0.fabric.tx_dst.100.ingress_arrivals.write_req = 0
stat.node.0.fabric.tx_dst.100.ingress_arrival_nonempty_packet_frac.write_req = 0
stat.node.0.fabric.tx_dst.100.ingress_nonempty_arrival_pre_occ_avg_bytes.write_req = 0
stat.node.0.fabric.tx_dst.100.ingress_nonempty_arrival_pre_occ_max_bytes.write_req = 0
stat.node.0.fabric.tx_dst.100.ingress_wait_avg_cycles.write_req = 0
stat.node.0.fabric.tx_dst.100.ingress_queue_wait_avg_cycles.write_req = 0
stat.node.0.fabric.tx_dst.100.ingress_queue_wait_after_nonempty_arrival_avg_cycles.write_req = 0
stat.node.0.fabric.tx_dst.100.ingress_pre_occ_bucket.write_req.0 = 0
stat.node.0.fabric.tx_dst.100.ingress_queue_wait_bucket.write_req.0 = 0
stat.node.0.fabric.tx_dst.100.ingress_pre_occ_bucket.write_req.1_64 = 0
stat.node.0.fabric.tx_dst.100.ingress_queue_wait_bucket.write_req.1_63 = 0
stat.node.0.fabric.tx_dst.100.ingress_pre_occ_bucket.write_req.65_256 = 0
stat.node.0.fabric.tx_dst.100.ingress_queue_wait_bucket.write_req.64_255 = 0
stat.node.0.fabric.tx_dst.100.ingress_pre_occ_bucket.write_req.257_1024 = 0
stat.node.0.fabric.tx_dst.100.ingress_queue_wait_bucket.write_req.256_1023 = 0
stat.node.0.fabric.tx_dst.100.ingress_pre_occ_bucket.write_req.1025_4096 = 0
stat.node.0.fabric.tx_dst.100.ingress_queue_wait_bucket.write_req.1024_4095 = 0
stat.node.0.fabric.tx_dst.100.ingress_pre_occ_bucket.write_req.4097_plus = 0
stat.node.0.fabric.tx_dst.100.ingress_queue_wait_bucket.write_req.4096_plus = 0
stat.node.0.fabric.tx_dst.100.rx_bytes.other_req = 0
stat.node.0.fabric.tx_dst.100.rx_pkts.other_req = 0
stat.node.0.fabric.tx_dst.100.tx_bytes.other_req = 200
stat.node.0.fabric.tx_dst.100.tx_pkts.other_req = 25
stat.node.0.fabric.tx_dst.100.ingress_arrivals.other_req = 0
stat.node.0.fabric.tx_dst.100.ingress_arrival_nonempty_packet_frac.other_req = 0
stat.node.0.fabric.tx_dst.100.ingress_nonempty_arrival_pre_occ_avg_bytes.other_req = 0
stat.node.0.fabric.tx_dst.100.ingress_nonempty_arrival_pre_occ_max_bytes.other_req = 0
stat.node.0.fabric.tx_dst.100.ingress_wait_avg_cycles.other_req = 0
stat.node.0.fabric.tx_dst.100.ingress_queue_wait_avg_cycles.other_req = 0
stat.node.0.fabric.tx_dst.100.ingress_queue_wait_after_nonempty_arrival_avg_cycles.other_req = 0
stat.node.0.fabric.tx_dst.100.ingress_pre_occ_bucket.other_req.0 = 0
stat.node.0.fabric.tx_dst.100.ingress_queue_wait_bucket.other_req.0 = 0
stat.node.0.fabric.tx_dst.100.ingress_pre_occ_bucket.other_req.1_64 = 0
stat.node.0.fabric.tx_dst.100.ingress_queue_wait_bucket.other_req.1_63 = 0
stat.node.0.fabric.tx_dst.100.ingress_pre_occ_bucket.other_req.65_256 = 0
stat.node.0.fabric.tx_dst.100.ingress_queue_wait_bucket.other_req.64_255 = 0
stat.node.0.fabric.tx_dst.100.ingress_pre_occ_bucket.other_req.257_1024 = 0
stat.node.0.fabric.tx_dst.100.ingress_queue_wait_bucket.other_req.256_1023 = 0
stat.node.0.fabric.tx_dst.100.ingress_pre_occ_bucket.other_req.1025_4096 = 0
stat.node.0.fabric.tx_dst.100.ingress_queue_wait_bucket.other_req.1024_4095 = 0
stat.node.0.fabric.tx_dst.100.ingress_pre_occ_bucket.other_req.4097_plus = 0
stat.node.0.fabric.tx_dst.100.ingress_queue_wait_bucket.other_req.4096_plus = 0
stat.node.0.walltime_s = 155.971
stat.node.0.active_time_s = 128.002
stat.pool.101.util.mem_avg = 0.0368385
stat.pool.101.util.req_link_avg = 0.113986
stat.pool.101.memq.demand.completed = 8351
stat.pool.101.memq.demand.response_completed = 8351
stat.pool.101.memq.demand.queue_wait_avg_cycles = 1.14166
stat.pool.101.memq.demand.queue_wait_max_cycles = 6
stat.pool.101.memq.demand.service_avg_cycles = 75
stat.pool.101.memq.demand.service_max_cycles = 75
stat.pool.101.memq.demand.total_avg_cycles = 76.1417
stat.pool.101.memq.demand.total_max_cycles = 81
stat.pool.101.memq.demand.ahead_pkts_avg.load = 0.654652
stat.pool.101.memq.demand.ahead_pkts_max.load = 6
stat.pool.101.memq.demand.ahead_bytes_avg.load = 41.8977
stat.pool.101.memq.demand.ahead_bytes_max.load = 384
stat.pool.101.memq.demand.ahead_pkts_avg.rfo = 0.351575
stat.pool.101.memq.demand.ahead_pkts_max.rfo = 6
stat.pool.101.memq.demand.ahead_bytes_avg.rfo = 22.5008
stat.pool.101.memq.demand.ahead_bytes_max.rfo = 384
stat.pool.101.memq.demand.ahead_pkts_avg.write = 1.10214
stat.pool.101.memq.demand.ahead_pkts_max.write = 3
stat.pool.101.memq.demand.ahead_bytes_avg.write = 70.5372
stat.pool.101.memq.demand.ahead_bytes_max.write = 192
stat.pool.101.memq.demand.ahead_pkts_avg.other = 0.00107772
stat.pool.101.memq.demand.ahead_pkts_max.other = 1
stat.pool.101.memq.demand.ahead_bytes_avg.other = 0.0689738
stat.pool.101.memq.demand.ahead_bytes_max.other = 64
stat.pool.101.memq.demand.queue_wait_bucket.0 = 0
stat.pool.101.memq.demand.service_bucket.0 = 0
stat.pool.101.memq.demand.total_bucket.0 = 0
stat.pool.101.memq.demand.ahead_total_pkts_bucket.0 = 934
stat.pool.101.memq.demand.ahead_total_bytes_bucket.0 = 934
stat.pool.101.memq.demand.queue_wait_bucket.1_63 = 8351
stat.pool.101.memq.demand.service_bucket.1_63 = 0
stat.pool.101.memq.demand.total_bucket.1_63 = 0
stat.pool.101.memq.demand.ahead_total_pkts_bucket.1 = 2199
stat.pool.101.memq.demand.ahead_total_bytes_bucket.1_64 = 2199
stat.pool.101.memq.demand.queue_wait_bucket.64_255 = 0
stat.pool.101.memq.demand.service_bucket.64_255 = 8351
stat.pool.101.memq.demand.total_bucket.64_255 = 8351
stat.pool.101.memq.demand.ahead_total_pkts_bucket.2 = 2310
stat.pool.101.memq.demand.ahead_total_bytes_bucket.65_256 = 4698
stat.pool.101.memq.demand.queue_wait_bucket.256_1023 = 0
stat.pool.101.memq.demand.service_bucket.256_1023 = 0
stat.pool.101.memq.demand.total_bucket.256_1023 = 0
stat.pool.101.memq.demand.ahead_total_pkts_bucket.3_4 = 2388
stat.pool.101.memq.demand.ahead_total_bytes_bucket.257_1024 = 520
stat.pool.101.memq.demand.queue_wait_bucket.1024_4095 = 0
stat.pool.101.memq.demand.service_bucket.1024_4095 = 0
stat.pool.101.memq.demand.total_bucket.1024_4095 = 0
stat.pool.101.memq.demand.ahead_total_pkts_bucket.5_8 = 519
stat.pool.101.memq.demand.ahead_total_bytes_bucket.1025_4096 = 0
stat.pool.101.memq.demand.queue_wait_bucket.4096_plus = 0
stat.pool.101.memq.demand.service_bucket.4096_plus = 0
stat.pool.101.memq.demand.total_bucket.4096_plus = 0
stat.pool.101.memq.demand.ahead_total_pkts_bucket.9_plus = 1
stat.pool.101.memq.demand.ahead_total_bytes_bucket.4097_plus = 0
stat.pool.101.memq.queue_occ_avg_bytes = 44.8444
stat.pool.101.memq.queue_occ_stddev_bytes = 78.6191
stat.pool.101.memq.queue_occ_max_bytes = 640
stat.pool.101.memq.queue_occ_nonempty_frac = 0.327239
stat.pool.101.memq.enqueue_burst_avg_pkts = 1
stat.pool.101.memq.enqueue_burst_stddev_pkts = 0
stat.pool.101.memq.enqueue_burst_max_pkts = 1
stat.pool.101.memq.complete_burst_avg_pkts = 1
stat.pool.101.memq.complete_burst_stddev_pkts = 0
stat.pool.101.memq.complete_burst_max_pkts = 1
stat.pool.101.memq.queue_episode.count = 3432
stat.pool.101.memq.queue_episode.avg_cycles = 150.058
stat.pool.101.memq.queue_episode.max_cycles = 532
stat.pool.101.memq.queue_episode.avg_peak_occ_bytes = 201.921
stat.pool.101.memq.queue_episode.max_peak_occ_bytes = 640
stat.pool.101.memq.queue_episode.avg_enqueue_pkts = 4.22319
stat.pool.101.memq.queue_episode.max_enqueue_pkts = 17
stat.pool.101.memq.queue_episode.avg_complete_pkts = 3.22319
stat.pool.101.memq.queue_episode.max_complete_pkts = 16
stat.pool.101.memq.queue_occ_bucket.0 = 1058767
stat.pool.101.memq.enqueue_burst_bucket.0 = 0
stat.pool.101.memq.complete_burst_bucket.0 = 0
stat.pool.101.memq.queue_occ_bucket.1_64 = 199710
stat.pool.101.memq.enqueue_burst_bucket.1 = 14494
stat.pool.101.memq.complete_burst_bucket.1 = 14494
stat.pool.101.memq.queue_occ_bucket.65_256 = 289025
stat.pool.101.memq.enqueue_burst_bucket.2 = 0
stat.pool.101.memq.complete_burst_bucket.2 = 0
stat.pool.101.memq.queue_occ_bucket.257_1024 = 26263
stat.pool.101.memq.enqueue_burst_bucket.3_4 = 0
stat.pool.101.memq.complete_burst_bucket.3_4 = 0
stat.pool.101.memq.queue_occ_bucket.1025_4096 = 0
stat.pool.101.memq.enqueue_burst_bucket.5_8 = 0
stat.pool.101.memq.complete_burst_bucket.5_8 = 0
stat.pool.101.memq.queue_occ_bucket.4097_plus = 0
stat.pool.101.memq.enqueue_burst_bucket.9_plus = 0
stat.pool.101.memq.complete_burst_bucket.9_plus = 0
stat.pool.101.memq.queue_occ_avg_bytes.load = 18.2218
stat.pool.101.memq.queue_occ_max_bytes.load = 384
stat.pool.101.memq.queue_occ_avg_pkts.load = 0.284716
stat.pool.101.memq.queue_occ_max_pkts.load = 6
stat.pool.101.memq.enqueue_burst_avg_pkts.load = 0.405961
stat.pool.101.memq.enqueue_burst_max_pkts.load = 1
stat.pool.101.memq.complete_burst_avg_pkts.load = 0.405961
stat.pool.101.memq.complete_burst_max_pkts.load = 1
stat.pool.101.memq.queue_occ_avg_bytes.rfo = 7.63654
stat.pool.101.memq.queue_occ_max_bytes.rfo = 384
stat.pool.101.memq.queue_occ_avg_pkts.rfo = 0.119321
stat.pool.101.memq.queue_occ_max_pkts.rfo = 6
stat.pool.101.memq.enqueue_burst_avg_pkts.rfo = 0.170208
stat.pool.101.memq.enqueue_burst_max_pkts.rfo = 1
stat.pool.101.memq.complete_burst_avg_pkts.rfo = 0.170208
stat.pool.101.memq.complete_burst_max_pkts.rfo = 1
stat.pool.101.memq.queue_occ_avg_bytes.write = 18.9459
stat.pool.101.memq.queue_occ_max_bytes.write = 256
stat.pool.101.memq.queue_occ_avg_pkts.write = 0.296029
stat.pool.101.memq.queue_occ_max_pkts.write = 4
stat.pool.101.memq.enqueue_burst_avg_pkts.write = 0.422934
stat.pool.101.memq.enqueue_burst_max_pkts.write = 1
stat.pool.101.memq.complete_burst_avg_pkts.write = 0.422934
stat.pool.101.memq.complete_burst_max_pkts.write = 1
stat.pool.101.memq.queue_occ_avg_bytes.other = 0.0402195
stat.pool.101.memq.queue_occ_max_bytes.other = 64
stat.pool.101.memq.queue_occ_avg_pkts.other = 0.000628429
stat.pool.101.memq.queue_occ_max_pkts.other = 1
stat.pool.101.memq.enqueue_burst_avg_pkts.other = 0.000896923
stat.pool.101.memq.enqueue_burst_max_pkts.other = 1
stat.pool.101.memq.complete_burst_avg_pkts.other = 0.000896923
stat.pool.101.memq.complete_burst_max_pkts.other = 1
stat.pool.101.memq.load.completed = 5884
stat.pool.101.memq.load.response_completed = 5884
stat.pool.101.memq.load.queue_wait_avg_cycles = 1.1516
stat.pool.101.memq.load.queue_wait_max_cycles = 6
stat.pool.101.memq.load.service_avg_cycles = 75
stat.pool.101.memq.load.service_max_cycles = 75
stat.pool.101.memq.load.total_avg_cycles = 76.1516
stat.pool.101.memq.load.total_max_cycles = 81
stat.pool.101.memq.load.ahead_pkts_avg.load = 0.701394
stat.pool.101.memq.load.ahead_pkts_max.load = 5
stat.pool.101.memq.load.ahead_bytes_avg.load = 44.8892
stat.pool.101.memq.load.ahead_bytes_max.load = 320
stat.pool.101.memq.load.ahead_pkts_avg.rfo = 0.376954
stat.pool.101.memq.load.ahead_pkts_max.rfo = 6
stat.pool.101.memq.load.ahead_bytes_avg.rfo = 24.1251
stat.pool.101.memq.load.ahead_bytes_max.rfo = 384
stat.pool.101.memq.load.ahead_pkts_avg.write = 1.09449
stat.pool.101.memq.load.ahead_pkts_max.write = 3
stat.pool.101.memq.load.ahead_bytes_avg.write = 70.0476
stat.pool.101.memq.load.ahead_bytes_max.write = 192
stat.pool.101.memq.load.ahead_pkts_avg.other = 0.00118967
stat.pool.101.memq.load.ahead_pkts_max.other = 1
stat.pool.101.memq.load.ahead_bytes_avg.other = 0.0761387
stat.pool.101.memq.load.ahead_bytes_max.other = 64
stat.pool.101.memq.load.queue_wait_bucket.0 = 0
stat.pool.101.memq.load.service_bucket.0 = 0
stat.pool.101.memq.load.total_bucket.0 = 0
stat.pool.101.memq.load.ahead_total_pkts_bucket.0 = 606
stat.pool.101.memq.load.ahead_total_bytes_bucket.0 = 606
stat.pool.101.memq.load.queue_wait_bucket.1_63 = 5884
stat.pool.101.memq.load.service_bucket.1_63 = 0
stat.pool.101.memq.load.total_bucket.1_63 = 0
stat.pool.101.memq.load.ahead_total_pkts_bucket.1 = 1522
stat.pool.101.memq.load.ahead_total_bytes_bucket.1_64 = 1522
stat.pool.101.memq.load.queue_wait_bucket.64_255 = 0
stat.pool.101.memq.load.service_bucket.64_255 = 5884
stat.pool.101.memq.load.total_bucket.64_255 = 5884
stat.pool.101.memq.load.ahead_total_pkts_bucket.2 = 1591
stat.pool.101.memq.load.ahead_total_bytes_bucket.65_256 = 3348
stat.pool.101.memq.load.queue_wait_bucket.256_1023 = 0
stat.pool.101.memq.load.service_bucket.256_1023 = 0
stat.pool.101.memq.load.total_bucket.256_1023 = 0
stat.pool.101.memq.load.ahead_total_pkts_bucket.3_4 = 1757
stat.pool.101.memq.load.ahead_total_bytes_bucket.257_1024 = 408
stat.pool.101.memq.load.queue_wait_bucket.1024_4095 = 0
stat.pool.101.memq.load.service_bucket.1024_4095 = 0
stat.pool.101.memq.load.total_bucket.1024_4095 = 0
stat.pool.101.memq.load.ahead_total_pkts_bucket.5_8 = 408
stat.pool.101.memq.load.ahead_total_bytes_bucket.1025_4096 = 0
stat.pool.101.memq.load.queue_wait_bucket.4096_plus = 0
stat.pool.101.memq.load.service_bucket.4096_plus = 0
stat.pool.101.memq.load.total_bucket.4096_plus = 0
stat.pool.101.memq.load.ahead_total_pkts_bucket.9_plus = 0
stat.pool.101.memq.load.ahead_total_bytes_bucket.4097_plus = 0
stat.pool.101.respq.load.attempted = 5884
stat.pool.101.respq.load.completed = 5884
stat.pool.101.respq.load.can_send_blocked = 0
stat.pool.101.respq.load.send_failed = 0
stat.pool.101.respq.load.wait_avg_cycles = 0
stat.pool.101.respq.load.wait_max_cycles = 0
stat.pool.101.memq.rfo.completed = 2467
stat.pool.101.memq.rfo.response_completed = 2467
stat.pool.101.memq.rfo.queue_wait_avg_cycles = 1.11796
stat.pool.101.memq.rfo.queue_wait_max_cycles = 5
stat.pool.101.memq.rfo.service_avg_cycles = 75
stat.pool.101.memq.rfo.service_max_cycles = 75
stat.pool.101.memq.rfo.total_avg_cycles = 76.118
stat.pool.101.memq.rfo.total_max_cycles = 80
stat.pool.101.memq.rfo.ahead_pkts_avg.load = 0.54317
stat.pool.101.memq.rfo.ahead_pkts_max.load = 6
stat.pool.101.memq.rfo.ahead_bytes_avg.load = 34.7629
stat.pool.101.memq.rfo.ahead_bytes_max.load = 384
stat.pool.101.memq.rfo.ahead_pkts_avg.rfo = 0.291042
stat.pool.101.memq.rfo.ahead_pkts_max.rfo = 5
stat.pool.101.memq.rfo.ahead_bytes_avg.rfo = 18.6267
stat.pool.101.memq.rfo.ahead_bytes_max.rfo = 320
stat.pool.101.memq.rfo.ahead_pkts_avg.write = 1.12039
stat.pool.101.memq.rfo.ahead_pkts_max.write = 3
stat.pool.101.memq.rfo.ahead_bytes_avg.write = 71.7049
stat.pool.101.memq.rfo.ahead_bytes_max.write = 192
stat.pool.101.memq.rfo.ahead_pkts_avg.other = 0.000810701
stat.pool.101.memq.rfo.ahead_pkts_max.other = 1
stat.pool.101.memq.rfo.ahead_bytes_avg.other = 0.0518849
stat.pool.101.memq.rfo.ahead_bytes_max.other = 64
stat.pool.101.memq.rfo.queue_wait_bucket.0 = 0
stat.pool.101.memq.rfo.service_bucket.0 = 0
stat.pool.101.memq.rfo.total_bucket.0 = 0
stat.pool.101.memq.rfo.ahead_total_pkts_bucket.0 = 328
stat.pool.101.memq.rfo.ahead_total_bytes_bucket.0 = 328
stat.pool.101.memq.rfo.queue_wait_bucket.1_63 = 2467
stat.pool.101.memq.rfo.service_bucket.1_63 = 0
stat.pool.101.memq.rfo.total_bucket.1_63 = 0
stat.pool.101.memq.rfo.ahead_total_pkts_bucket.1 = 677
stat.pool.101.memq.rfo.ahead_total_bytes_bucket.1_64 = 677
stat.pool.101.memq.rfo.queue_wait_bucket.64_255 = 0
stat.pool.101.memq.rfo.service_bucket.64_255 = 2467
stat.pool.101.memq.rfo.total_bucket.64_255 = 2467
stat.pool.101.memq.rfo.ahead_total_pkts_bucket.2 = 719
stat.pool.101.memq.rfo.ahead_total_bytes_bucket.65_256 = 1350
stat.pool.101.memq.rfo.queue_wait_bucket.256_1023 = 0
stat.pool.101.memq.rfo.service_bucket.256_1023 = 0
stat.pool.101.memq.rfo.total_bucket.256_1023 = 0
stat.pool.101.memq.rfo.ahead_total_pkts_bucket.3_4 = 631
stat.pool.101.memq.rfo.ahead_total_bytes_bucket.257_1024 = 112
stat.pool.101.memq.rfo.queue_wait_bucket.1024_4095 = 0
stat.pool.101.memq.rfo.service_bucket.1024_4095 = 0
stat.pool.101.memq.rfo.total_bucket.1024_4095 = 0
stat.pool.101.memq.rfo.ahead_total_pkts_bucket.5_8 = 111
stat.pool.101.memq.rfo.ahead_total_bytes_bucket.1025_4096 = 0
stat.pool.101.memq.rfo.queue_wait_bucket.4096_plus = 0
stat.pool.101.memq.rfo.service_bucket.4096_plus = 0
stat.pool.101.memq.rfo.total_bucket.4096_plus = 0
stat.pool.101.memq.rfo.ahead_total_pkts_bucket.9_plus = 1
stat.pool.101.memq.rfo.ahead_total_bytes_bucket.4097_plus = 0
stat.pool.101.respq.rfo.attempted = 2467
stat.pool.101.respq.rfo.completed = 2467
stat.pool.101.respq.rfo.can_send_blocked = 0
stat.pool.101.respq.rfo.send_failed = 0
stat.pool.101.respq.rfo.wait_avg_cycles = 0
stat.pool.101.respq.rfo.wait_max_cycles = 0
stat.pool.101.memq.write.completed = 6130
stat.pool.101.memq.write.response_completed = 0
stat.pool.101.memq.write.queue_wait_avg_cycles = 1
stat.pool.101.memq.write.queue_wait_max_cycles = 1
stat.pool.101.memq.write.service_avg_cycles = 75
stat.pool.101.memq.write.service_max_cycles = 75
stat.pool.101.memq.write.total_avg_cycles = 76
stat.pool.101.memq.write.total_max_cycles = 76
stat.pool.101.memq.write.ahead_pkts_avg.load = 0.248777
stat.pool.101.memq.write.ahead_pkts_max.load = 4
stat.pool.101.memq.write.ahead_bytes_avg.load = 15.9217
stat.pool.101.memq.write.ahead_bytes_max.load = 256
stat.pool.101.memq.write.ahead_pkts_avg.rfo = 0.102936
stat.pool.101.memq.write.ahead_pkts_max.rfo = 3
stat.pool.101.memq.write.ahead_bytes_avg.rfo = 6.58793
stat.pool.101.memq.write.ahead_bytes_max.rfo = 192
stat.pool.101.memq.write.ahead_pkts_avg.write = 0.671778
stat.pool.101.memq.write.ahead_pkts_max.write = 3
stat.pool.101.memq.write.ahead_bytes_avg.write = 42.9938
stat.pool.101.memq.write.ahead_bytes_max.write = 192
stat.pool.101.memq.write.ahead_pkts_avg.other = 0.000489396
stat.pool.101.memq.write.ahead_pkts_max.other = 1
stat.pool.101.memq.write.ahead_bytes_avg.other = 0.0313214
stat.pool.101.memq.write.ahead_bytes_max.other = 64
stat.pool.101.memq.write.queue_wait_bucket.0 = 0
stat.pool.101.memq.write.service_bucket.0 = 0
stat.pool.101.memq.write.total_bucket.0 = 0
stat.pool.101.memq.write.ahead_total_pkts_bucket.0 = 2516
stat.pool.101.memq.write.ahead_total_bytes_bucket.0 = 2516
stat.pool.101.memq.write.queue_wait_bucket.1_63 = 6130
stat.pool.101.memq.write.service_bucket.1_63 = 0
stat.pool.101.memq.write.total_bucket.1_63 = 0
stat.pool.101.memq.write.ahead_total_pkts_bucket.1 = 1847
stat.pool.101.memq.write.ahead_total_bytes_bucket.1_64 = 1847
stat.pool.101.memq.write.queue_wait_bucket.64_255 = 0
stat.pool.101.memq.write.service_bucket.64_255 = 6130
stat.pool.101.memq.write.total_bucket.64_255 = 6130
stat.pool.101.memq.write.ahead_total_pkts_bucket.2 = 1101
stat.pool.101.memq.write.ahead_total_bytes_bucket.65_256 = 1715
stat.pool.101.memq.write.queue_wait_bucket.256_1023 = 0
stat.pool.101.memq.write.service_bucket.256_1023 = 0
stat.pool.101.memq.write.total_bucket.256_1023 = 0
stat.pool.101.memq.write.ahead_total_pkts_bucket.3_4 = 614
stat.pool.101.memq.write.ahead_total_bytes_bucket.257_1024 = 52
stat.pool.101.memq.write.queue_wait_bucket.1024_4095 = 0
stat.pool.101.memq.write.service_bucket.1024_4095 = 0
stat.pool.101.memq.write.total_bucket.1024_4095 = 0
stat.pool.101.memq.write.ahead_total_pkts_bucket.5_8 = 52
stat.pool.101.memq.write.ahead_total_bytes_bucket.1025_4096 = 0
stat.pool.101.memq.write.queue_wait_bucket.4096_plus = 0
stat.pool.101.memq.write.service_bucket.4096_plus = 0
stat.pool.101.memq.write.total_bucket.4096_plus = 0
stat.pool.101.memq.write.ahead_total_pkts_bucket.9_plus = 0
stat.pool.101.memq.write.ahead_total_bytes_bucket.4097_plus = 0
stat.pool.101.respq.write.attempted = 0
stat.pool.101.respq.write.completed = 0
stat.pool.101.respq.write.can_send_blocked = 0
stat.pool.101.respq.write.send_failed = 0
stat.pool.101.respq.write.wait_avg_cycles = 0
stat.pool.101.respq.write.wait_max_cycles = 0
stat.pool.101.memq.other.completed = 13
stat.pool.101.memq.other.response_completed = 13
stat.pool.101.memq.other.queue_wait_avg_cycles = 1.07692
stat.pool.101.memq.other.queue_wait_max_cycles = 2
stat.pool.101.memq.other.service_avg_cycles = 75
stat.pool.101.memq.other.service_max_cycles = 75
stat.pool.101.memq.other.total_avg_cycles = 76.0769
stat.pool.101.memq.other.total_max_cycles = 77
stat.pool.101.memq.other.ahead_pkts_avg.load = 0.615385
stat.pool.101.memq.other.ahead_pkts_max.load = 2
stat.pool.101.memq.other.ahead_bytes_avg.load = 39.3846
stat.pool.101.memq.other.ahead_bytes_max.load = 128
stat.pool.101.memq.other.ahead_pkts_avg.rfo = 0.230769
stat.pool.101.memq.other.ahead_pkts_max.rfo = 1
stat.pool.101.memq.other.ahead_bytes_avg.rfo = 14.7692
stat.pool.101.memq.other.ahead_bytes_max.rfo = 64
stat.pool.101.memq.other.ahead_pkts_avg.write = 1
stat.pool.101.memq.other.ahead_pkts_max.write = 2
stat.pool.101.memq.other.ahead_bytes_avg.write = 64
stat.pool.101.memq.other.ahead_bytes_max.write = 128
stat.pool.101.memq.other.ahead_pkts_avg.other = 0
stat.pool.101.memq.other.ahead_pkts_max.other = 0
stat.pool.101.memq.other.ahead_bytes_avg.other = 0
stat.pool.101.memq.other.ahead_bytes_max.other = 0
stat.pool.101.memq.other.queue_wait_bucket.0 = 0
stat.pool.101.memq.other.service_bucket.0 = 0
stat.pool.101.memq.other.total_bucket.0 = 0
stat.pool.101.memq.other.ahead_total_pkts_bucket.0 = 1
stat.pool.101.memq.other.ahead_total_bytes_bucket.0 = 1
stat.pool.101.memq.other.queue_wait_bucket.1_63 = 13
stat.pool.101.memq.other.service_bucket.1_63 = 0
stat.pool.101.memq.other.total_bucket.1_63 = 0
stat.pool.101.memq.other.ahead_total_pkts_bucket.1 = 5
stat.pool.101.memq.other.ahead_total_bytes_bucket.1_64 = 5
stat.pool.101.memq.other.queue_wait_bucket.64_255 = 0
stat.pool.101.memq.other.service_bucket.64_255 = 13
stat.pool.101.memq.other.total_bucket.64_255 = 13
stat.pool.101.memq.other.ahead_total_pkts_bucket.2 = 4
stat.pool.101.memq.other.ahead_total_bytes_bucket.65_256 = 6
stat.pool.101.memq.other.queue_wait_bucket.256_1023 = 0
stat.pool.101.memq.other.service_bucket.256_1023 = 0
stat.pool.101.memq.other.total_bucket.256_1023 = 0
stat.pool.101.memq.other.ahead_total_pkts_bucket.3_4 = 2
stat.pool.101.memq.other.ahead_total_bytes_bucket.257_1024 = 1
stat.pool.101.memq.other.queue_wait_bucket.1024_4095 = 0
stat.pool.101.memq.other.service_bucket.1024_4095 = 0
stat.pool.101.memq.other.total_bucket.1024_4095 = 0
stat.pool.101.memq.other.ahead_total_pkts_bucket.5_8 = 1
stat.pool.101.memq.other.ahead_total_bytes_bucket.1025_4096 = 0
stat.pool.101.memq.other.queue_wait_bucket.4096_plus = 0
stat.pool.101.memq.other.service_bucket.4096_plus = 0
stat.pool.101.memq.other.total_bucket.4096_plus = 0
stat.pool.101.memq.other.ahead_total_pkts_bucket.9_plus = 0
stat.pool.101.memq.other.ahead_total_bytes_bucket.4097_plus = 0
stat.pool.101.respq.other.attempted = 13
stat.pool.101.respq.other.completed = 13
stat.pool.101.respq.other.can_send_blocked = 0
stat.pool.101.respq.other.send_failed = 0
stat.pool.101.respq.other.wait_avg_cycles = 0
stat.pool.101.respq.other.wait_max_cycles = 0
stat.pool.101.response.returned_burst_max_pkts = 1
stat.pool.101.response.returned_burst_avg_pkts = 1
stat.pool.101.response.returned_burst_stddev_pkts = 0
stat.pool.101.response.returned_nonempty_frac = 0.00531464
stat.pool.101.response.sent_burst_max_pkts = 1
stat.pool.101.response.sent_burst_avg_pkts = 1
stat.pool.101.response.sent_burst_stddev_pkts = 0
stat.pool.101.response.sent_nonempty_frac = 0.00531464
stat.pool.101.response.blocked_cycles = 0
stat.pool.101.response.blocked_avg_pending_pkts = 0
stat.pool.101.response.blocked_max_pending_pkts = 0
stat.pool.101.response.returned_occ_avg_pkts = 0.00531464
stat.pool.101.response.returned_occ_stddev_pkts = 0.0727076
stat.pool.101.response.returned_occ_max_pkts = 1
stat.pool.101.response.pending_occ_avg = 0.40998
stat.pool.101.response.pending_occ_stddev = 0.883382
stat.pool.101.response.pending_occ_max = 8
stat.pool.101.request.accept_src.distinct_avg = 1
stat.pool.101.request.accept_src.distinct_max = 1
stat.pool.101.request.accept_src.nonempty_frac = 0.00920976
stat.pool.101.request.blocked_src.distinct_avg = 0
stat.pool.101.request.blocked_src.distinct_max = 0
stat.pool.101.request.blocked_src.nonempty_frac = 0
stat.pool.101.pending.src.distinct_avg = 1
stat.pool.101.pending.src.distinct_max = 1
stat.pool.101.pending.src.nonempty_frac = 0.237035
stat.pool.101.pending.ready_src.distinct_avg = 0
stat.pool.101.pending.ready_src.distinct_max = 0
stat.pool.101.pending.ready_src.nonempty_frac = 0
stat.pool.101.response.ready_src.distinct_avg = 1
stat.pool.101.response.ready_src.distinct_max = 1
stat.pool.101.response.ready_src.nonempty_frac = 0.00531464
stat.pool.101.response.sent_dst.distinct_avg = 1
stat.pool.101.response.sent_dst.distinct_max = 1
stat.pool.101.response.sent_dst.nonempty_frac = 0.00531464
stat.pool.101.pending_episode.count = 3513
stat.pool.101.pending_episode.avg_cycles = 106.188
stat.pool.101.pending_episode.max_cycles = 467
stat.pool.101.pending_episode.avg_peak_occ = 2.18844
stat.pool.101.pending_episode.max_peak_occ = 8
stat.pool.101.pending_episode.avg_accepted = 2.82835
stat.pool.101.pending_episode.max_accepted = 13
stat.pool.101.pending_episode.avg_sent = 2.38087
stat.pool.101.pending_episode.max_sent = 8
stat.pool.101.pending_episode.avg_pending_distinct_src = 1
stat.pool.101.pending_episode.max_pending_distinct_src = 1
stat.pool.101.pending_episode.avg_ready_distinct_src = 0
stat.pool.101.pending_episode.max_ready_distinct_src = 0
stat.pool.101.pending_episode.avg_sent_distinct_dst = 1
stat.pool.101.pending_episode.max_sent_distinct_dst = 1
stat.pool.101.response.returned_episode.count = 8364
stat.pool.101.response.returned_episode.avg_cycles = 1
stat.pool.101.response.returned_episode.max_cycles = 1
stat.pool.101.response.returned_episode.avg_peak_occ = 1
stat.pool.101.response.returned_episode.max_peak_occ = 1
stat.pool.101.response.returned_episode.avg_sent = 1
stat.pool.101.response.returned_episode.max_sent = 1
stat.pool.101.response.returned_episode.avg_ready_distinct_src = 1
stat.pool.101.response.returned_episode.max_ready_distinct_src = 1
stat.pool.101.response.returned_episode.avg_sent_distinct_dst = 1
stat.pool.101.response.returned_episode.max_sent_distinct_dst = 1
stat.pool.101.node.0.pending_occ_avg = 0.40998
stat.pool.101.node.0.pending_occ_max = 8
stat.pool.101.node.0.ready_occ_avg = 0
stat.pool.101.node.0.ready_occ_max = 0
stat.pool.101.node.0.pending_age_avg_cycles = 38.0722
stat.pool.101.node.0.pending_age_max_cycles = 81
stat.pool.101.node.0.ready_age_avg_cycles = 0
stat.pool.101.node.0.ready_age_max_cycles = 0
stat.pool.101.node.0.request_enqueued.load = 5884
stat.pool.101.node.0.request_blocked.load = 0
stat.pool.101.node.0.response_ready.load = 5884
stat.pool.101.node.0.response_sent.load = 5884
stat.pool.101.node.0.response_blocked.load = 0
stat.pool.101.node.0.pending_occ_avg.load = 0.288455
stat.pool.101.node.0.pending_occ_max.load = 6
stat.pool.101.node.0.ready_occ_avg.load = 0
stat.pool.101.node.0.ready_occ_max.load = 0
stat.pool.101.node.0.mem_ready_avg_cycles.load = 76.1516
stat.pool.101.node.0.mem_ready_max_cycles.load = 81
stat.pool.101.node.0.response_wait_avg_cycles.load = 0
stat.pool.101.node.0.response_wait_max_cycles.load = 0
stat.pool.101.node.0.request_enqueue_gap_avg_cycles.load = 180.533
stat.pool.101.node.0.request_enqueue_gap_max_cycles.load = 1451
stat.pool.101.node.0.response_ready_gap_avg_cycles.load = 180.533
stat.pool.101.node.0.response_ready_gap_max_cycles.load = 1451
stat.pool.101.node.0.response_sent_gap_avg_cycles.load = 180.533
stat.pool.101.node.0.response_sent_gap_max_cycles.load = 1451
stat.pool.101.node.0.total_turnaround_avg_cycles.load = 76.1516
stat.pool.101.node.0.total_turnaround_max_cycles.load = 81
stat.pool.101.node.0.request_enqueued.rfo = 2467
stat.pool.101.node.0.request_blocked.rfo = 0
stat.pool.101.node.0.response_ready.rfo = 2467
stat.pool.101.node.0.response_sent.rfo = 2467
stat.pool.101.node.0.response_blocked.rfo = 0
stat.pool.101.node.0.pending_occ_avg.rfo = 0.120888
stat.pool.101.node.0.pending_occ_max.rfo = 6
stat.pool.101.node.0.ready_occ_avg.rfo = 0
stat.pool.101.node.0.ready_occ_max.rfo = 0
stat.pool.101.node.0.mem_ready_avg_cycles.rfo = 76.118
stat.pool.101.node.0.mem_ready_max_cycles.rfo = 80
stat.pool.101.node.0.response_wait_avg_cycles.rfo = 0
stat.pool.101.node.0.response_wait_max_cycles.rfo = 0
stat.pool.101.node.0.request_enqueue_gap_avg_cycles.rfo = 430.824
stat.pool.101.node.0.request_enqueue_gap_max_cycles.rfo = 3067
stat.pool.101.node.0.response_ready_gap_avg_cycles.rfo = 430.824
stat.pool.101.node.0.response_ready_gap_max_cycles.rfo = 3067
stat.pool.101.node.0.response_sent_gap_avg_cycles.rfo = 430.824
stat.pool.101.node.0.response_sent_gap_max_cycles.rfo = 3067
stat.pool.101.node.0.total_turnaround_avg_cycles.rfo = 76.118
stat.pool.101.node.0.total_turnaround_max_cycles.rfo = 80
stat.pool.101.node.0.request_enqueued.write = 6130
stat.pool.101.node.0.request_blocked.write = 0
stat.pool.101.node.0.response_ready.write = 0
stat.pool.101.node.0.response_sent.write = 0
stat.pool.101.node.0.response_blocked.write = 0
stat.pool.101.node.0.pending_occ_avg.write = 0
stat.pool.101.node.0.pending_occ_max.write = 0
stat.pool.101.node.0.ready_occ_avg.write = 0
stat.pool.101.node.0.ready_occ_max.write = 0
stat.pool.101.node.0.mem_ready_avg_cycles.write = 0
stat.pool.101.node.0.mem_ready_max_cycles.write = 0
stat.pool.101.node.0.response_wait_avg_cycles.write = 0
stat.pool.101.node.0.response_wait_max_cycles.write = 0
stat.pool.101.node.0.request_enqueue_gap_avg_cycles.write = 173.229
stat.pool.101.node.0.request_enqueue_gap_max_cycles.write = 1434
stat.pool.101.node.0.response_ready_gap_avg_cycles.write = 0
stat.pool.101.node.0.response_ready_gap_max_cycles.write = 0
stat.pool.101.node.0.response_sent_gap_avg_cycles.write = 0
stat.pool.101.node.0.response_sent_gap_max_cycles.write = 0
stat.pool.101.node.0.total_turnaround_avg_cycles.write = 0
stat.pool.101.node.0.total_turnaround_max_cycles.write = 0
stat.pool.101.node.0.request_enqueued.other = 13
stat.pool.101.node.0.request_blocked.other = 0
stat.pool.101.node.0.response_ready.other = 13
stat.pool.101.node.0.response_sent.other = 13
stat.pool.101.node.0.response_blocked.other = 0
stat.pool.101.node.0.pending_occ_avg.other = 0.00063669
stat.pool.101.node.0.pending_occ_max.other = 1
stat.pool.101.node.0.ready_occ_avg.other = 0
stat.pool.101.node.0.ready_occ_max.other = 0
stat.pool.101.node.0.mem_ready_avg_cycles.other = 76.0769
stat.pool.101.node.0.mem_ready_max_cycles.other = 77
stat.pool.101.node.0.response_wait_avg_cycles.other = 0
stat.pool.101.node.0.response_wait_max_cycles.other = 0
stat.pool.101.node.0.request_enqueue_gap_avg_cycles.other = 83838.2
stat.pool.101.node.0.request_enqueue_gap_max_cycles.other = 142061
stat.pool.101.node.0.response_ready_gap_avg_cycles.other = 83838.1
stat.pool.101.node.0.response_ready_gap_max_cycles.other = 142061
stat.pool.101.node.0.response_sent_gap_avg_cycles.other = 83838.1
stat.pool.101.node.0.response_sent_gap_max_cycles.other = 142061
stat.pool.101.node.0.total_turnaround_avg_cycles.other = 76.0769
stat.pool.101.node.0.total_turnaround_max_cycles.other = 77
stat.pool.101.fabric.ingress_wait_avg_cycles = 136.025
stat.pool.101.fabric.egress_wait_avg_cycles = 1
stat.pool.101.fabric.ingress_wait_max_cycles = 146
stat.pool.101.fabric.egress_wait_max_cycles = 1
stat.pool.101.fabric.ingress_queue_wait_avg_cycles = 3.14337
stat.pool.101.fabric.ingress_queue_wait_max_cycles = 22
stat.pool.101.fabric.ingress_occ_bytes = 0
stat.pool.101.fabric.ready_wait_avg_cycles = 0
stat.pool.101.fabric.ready_wait_max_cycles = 0
stat.pool.101.fabric.ready_occ_avg_pkts = 0.00920976
stat.pool.101.fabric.ready_occ_pkts = 0
stat.pool.101.fabric.ready_occ_max_pkts = 1
stat.pool.101.fabric.ready_retry_count = 0
stat.pool.101.fabric.ingress_arrival_burst_max_pkts = 1
stat.pool.101.fabric.ingress_arrival_burst_max_bytes = 64
stat.pool.101.fabric.ingress_arrival_burst_avg_pkts = 1
stat.pool.101.fabric.ingress_arrival_burst_avg_bytes = 31.6843
stat.pool.101.fabric.ingress_arrival_burst_stddev_pkts = 0
stat.pool.101.fabric.ingress_arrival_burst_stddev_bytes = 27.6654
stat.pool.101.fabric.ingress_arrival_nonempty_frac = 0.00920976
stat.pool.101.fabric.ingress_arrival_run_max_cycles = 1
stat.pool.101.fabric.ingress_arrival_run_avg_cycles = 1
stat.pool.101.fabric.ingress_arrival_run_stddev_cycles = 0
stat.pool.101.fabric.ingress_arrival_gap_max_cycles = 784
stat.pool.101.fabric.ingress_arrival_gap_avg_cycles = 72.3039
stat.pool.101.fabric.ingress_arrival_gap_stddev_cycles = 110.907
stat.pool.101.fabric.ingress_release_burst_max_pkts = 1
stat.pool.101.fabric.ingress_release_burst_max_bytes = 64
stat.pool.101.fabric.ingress_release_burst_avg_pkts = 1
stat.pool.101.fabric.ingress_release_burst_avg_bytes = 31.6843
stat.pool.101.fabric.ingress_release_burst_stddev_pkts = 0
stat.pool.101.fabric.ingress_release_burst_stddev_bytes = 27.6654
stat.pool.101.fabric.ingress_release_nonempty_frac = 0.00920976
stat.pool.101.fabric.ingress_release_run_max_cycles = 1
stat.pool.101.fabric.ingress_release_run_avg_cycles = 1
stat.pool.101.fabric.ingress_release_run_stddev_cycles = 0
stat.pool.101.fabric.ingress_release_gap_max_cycles = 805
stat.pool.101.fabric.ingress_release_gap_avg_cycles = 72.3159
stat.pool.101.fabric.ingress_release_gap_stddev_cycles = 115.555
stat.pool.101.fabric.ingress_occ_avg_bytes = 41.36
stat.pool.101.fabric.ingress_occ_stddev_bytes = 64.3623
stat.pool.101.fabric.ingress_occ_max_bytes = 400
stat.pool.101.fabric.ingress_occ_nonempty_frac = 0.435759
stat.pool.101.fabric.ingress_occ_run_max_cycles = 994
stat.pool.101.fabric.ingress_occ_run_avg_cycles = 308.633
stat.pool.101.fabric.ingress_occ_run_stddev_cycles = 143.787
stat.pool.101.fabric.ingress_occ_gap_max_cycles = 662
stat.pool.101.fabric.ingress_occ_gap_avg_cycles = 169.658
stat.pool.101.fabric.ingress_occ_gap_stddev_cycles = 128.829
stat.pool.101.fabric.rx_bytes.demand_req = 66808
stat.pool.101.fabric.tx_bytes.demand_req = 0
stat.pool.101.fabric.rx_pkts.demand_req = 8351
stat.pool.101.fabric.tx_pkts.demand_req = 0
stat.pool.101.fabric.rx_bytes.write_req = 392320
stat.pool.101.fabric.tx_bytes.write_req = 0
stat.pool.101.fabric.rx_pkts.write_req = 6130
stat.pool.101.fabric.tx_pkts.write_req = 0
stat.pool.101.fabric.rx_bytes.response = 0
stat.pool.101.fabric.tx_bytes.response = 535296
stat.pool.101.fabric.rx_pkts.response = 0
stat.pool.101.fabric.tx_pkts.response = 8364
stat.pool.101.fabric.rx_bytes.other_req = 104
stat.pool.101.fabric.tx_bytes.other_req = 0
stat.pool.101.fabric.rx_pkts.other_req = 13
stat.pool.101.fabric.tx_pkts.other_req = 0
stat.pool.101.port.switch.ingress_wait_avg_cycles = 136.025
stat.pool.101.port.switch.ingress_wait_max_cycles = 146
stat.pool.101.port.switch.egress_wait_avg_cycles = 1
stat.pool.101.port.switch.egress_wait_max_cycles = 1
stat.pool.101.port.switch.ingress_queue_wait_avg_cycles = 3.14337
stat.pool.101.port.switch.ingress_queue_wait_max_cycles = 22
stat.pool.101.port.switch.egress_occ_avg_bytes = 0
stat.pool.101.port.switch.egress_occ_stddev_bytes = 0
stat.pool.101.port.switch.egress_occ_max_bytes = 0
stat.pool.101.port.switch.egress_occ_nonempty_frac = 0
stat.pool.101.port.switch.egress_blocked_cycles = 0
stat.pool.101.port.switch.egress_blocked_nonempty_frac = 0
stat.pool.101.port.switch.egress_blocked_avg_occ_bytes = 0
stat.pool.101.port.switch.egress_blocked_max_occ_bytes = 0
stat.pool.101.port.switch.egress_send_burst_max_pkts = 1
stat.pool.101.port.switch.egress_send_burst_max_bytes = 64
stat.pool.101.port.switch.egress_send_burst_avg_pkts = 1
stat.pool.101.port.switch.egress_send_burst_avg_bytes = 64
stat.pool.101.port.switch.egress_send_burst_stddev_pkts = 0
stat.pool.101.port.switch.egress_send_burst_stddev_bytes = 0
stat.pool.101.port.switch.egress_send_nonempty_frac = 0.00531464
stat.pool.101.port.switch.ingress_arrival_burst_avg_bytes = 31.6843
stat.pool.101.port.switch.ingress_arrival_nonempty_frac = 0.00920976
stat.pool.101.port.switch.ingress_arrival_run_max_cycles = 1
stat.pool.101.port.switch.ingress_arrival_run_avg_cycles = 1
stat.pool.101.port.switch.ingress_arrival_gap_max_cycles = 784
stat.pool.101.port.switch.ingress_arrival_gap_avg_cycles = 72.3039
stat.pool.101.port.switch.ingress_release_burst_avg_bytes = 31.6843
stat.pool.101.port.switch.ingress_release_nonempty_frac = 0.00920976
stat.pool.101.port.switch.ingress_release_run_max_cycles = 1
stat.pool.101.port.switch.ingress_release_run_avg_cycles = 1
stat.pool.101.port.switch.ingress_release_gap_max_cycles = 805
stat.pool.101.port.switch.ingress_release_gap_avg_cycles = 72.3159
stat.pool.101.port.switch.ingress_occ_avg_bytes = 41.36
stat.pool.101.port.switch.ingress_occ_stddev_bytes = 64.3623
stat.pool.101.port.switch.ingress_occ_max_bytes = 400
stat.pool.101.port.switch.ingress_occ_nonempty_frac = 0.435759
stat.pool.101.port.switch.ingress_occ_run_max_cycles = 994
stat.pool.101.port.switch.ingress_occ_run_avg_cycles = 308.633
stat.pool.101.port.switch.ingress_occ_gap_max_cycles = 662
stat.pool.101.port.switch.ingress_occ_gap_avg_cycles = 169.658
stat.pool.101.port.switch.ingress_wait_avg_cycles.demand_req = 129.443
stat.pool.101.port.switch.ingress_wait_max_cycles.demand_req = 146
stat.pool.101.port.switch.ingress_queue_wait_avg_cycles.demand_req = 5.44318
stat.pool.101.port.switch.ingress_queue_wait_max_cycles.demand_req = 22
stat.pool.101.port.switch.egress_wait_avg_cycles.demand_req = 0
stat.pool.101.port.switch.egress_wait_max_cycles.demand_req = 0
stat.pool.101.port.switch.egress_occ_avg_bytes.demand_req = 0
stat.pool.101.port.switch.egress_occ_max_bytes.demand_req = 0
stat.pool.101.port.switch.egress_blocked_cycles.demand_req = 0
stat.pool.101.port.switch.ingress_arrival_empty_packets.demand_req = 638
stat.pool.101.port.switch.ingress_arrival_nonempty_packets.demand_req = 7713
stat.pool.101.port.switch.ingress_arrival_nonempty_packet_frac.demand_req = 0.923602
stat.pool.101.port.switch.ingress_nonempty_arrival_pre_occ_avg_bytes.demand_req = 120.641
stat.pool.101.port.switch.ingress_nonempty_arrival_pre_occ_max_bytes.demand_req = 400
stat.pool.101.port.switch.ingress_release_after_empty_arrival_packets.demand_req = 638
stat.pool.101.port.switch.ingress_release_after_nonempty_arrival_packets.demand_req = 7713
stat.pool.101.port.switch.ingress_wait_after_empty_arrival_avg_cycles.demand_req = 124
stat.pool.101.port.switch.ingress_wait_after_nonempty_arrival_avg_cycles.demand_req = 129.893
stat.pool.101.port.switch.ingress_queue_wait_after_empty_arrival_avg_cycles.demand_req = 0
stat.pool.101.port.switch.ingress_queue_wait_after_nonempty_arrival_avg_cycles.demand_req = 5.89343
stat.pool.101.port.switch.ingress_queue_wait_after_empty_arrival_max_cycles.demand_req = 0
stat.pool.101.port.switch.ingress_queue_wait_after_nonempty_arrival_max_cycles.demand_req = 22
stat.pool.101.port.switch.rx_bytes.demand_req = 66808
stat.pool.101.port.switch.tx_bytes.demand_req = 0
stat.pool.101.port.switch.rx_pkts.demand_req = 8351
stat.pool.101.port.switch.tx_pkts.demand_req = 0
stat.pool.101.port.switch.ingress_wait_avg_cycles.write_req = 145.006
stat.pool.101.port.switch.ingress_wait_max_cycles.write_req = 146
stat.pool.101.port.switch.ingress_queue_wait_avg_cycles.write_req = 0.00619902
stat.pool.101.port.switch.ingress_queue_wait_max_cycles.write_req = 1
stat.pool.101.port.switch.egress_wait_avg_cycles.write_req = 0
stat.pool.101.port.switch.egress_wait_max_cycles.write_req = 0
stat.pool.101.port.switch.egress_occ_avg_bytes.write_req = 0
stat.pool.101.port.switch.egress_occ_max_bytes.write_req = 0
stat.pool.101.port.switch.egress_blocked_cycles.write_req = 0
stat.pool.101.port.switch.ingress_arrival_empty_packets.write_req = 1583
stat.pool.101.port.switch.ingress_arrival_nonempty_packets.write_req = 4547
stat.pool.101.port.switch.ingress_arrival_nonempty_packet_frac.write_req = 0.741762
stat.pool.101.port.switch.ingress_nonempty_arrival_pre_occ_avg_bytes.write_req = 102.355
stat.pool.101.port.switch.ingress_nonempty_arrival_pre_occ_max_bytes.write_req = 336
stat.pool.101.port.switch.ingress_release_after_empty_arrival_packets.write_req = 1583
stat.pool.101.port.switch.ingress_release_after_nonempty_arrival_packets.write_req = 4547
stat.pool.101.port.switch.ingress_wait_after_empty_arrival_avg_cycles.write_req = 145
stat.pool.101.port.switch.ingress_wait_after_nonempty_arrival_avg_cycles.write_req = 145.008
stat.pool.101.port.switch.ingress_queue_wait_after_empty_arrival_avg_cycles.write_req = 0
stat.pool.101.port.switch.ingress_queue_wait_after_nonempty_arrival_avg_cycles.write_req = 0.00835716
stat.pool.101.port.switch.ingress_queue_wait_after_empty_arrival_max_cycles.write_req = 0
stat.pool.101.port.switch.ingress_queue_wait_after_nonempty_arrival_max_cycles.write_req = 1
stat.pool.101.port.switch.rx_bytes.write_req = 392320
stat.pool.101.port.switch.tx_bytes.write_req = 0
stat.pool.101.port.switch.rx_pkts.write_req = 6130
stat.pool.101.port.switch.tx_pkts.write_req = 0
stat.pool.101.port.switch.ingress_wait_avg_cycles.response = 0
stat.pool.101.port.switch.ingress_wait_max_cycles.response = 0
stat.pool.101.port.switch.ingress_queue_wait_avg_cycles.response = 0
stat.pool.101.port.switch.ingress_queue_wait_max_cycles.response = 0
stat.pool.101.port.switch.egress_wait_avg_cycles.response = 1
stat.pool.101.port.switch.egress_wait_max_cycles.response = 1
stat.pool.101.port.switch.egress_occ_avg_bytes.response = 0
stat.pool.101.port.switch.egress_occ_max_bytes.response = 0
stat.pool.101.port.switch.egress_blocked_cycles.response = 0
stat.pool.101.port.switch.ingress_arrival_empty_packets.response = 0
stat.pool.101.port.switch.ingress_arrival_nonempty_packets.response = 0
stat.pool.101.port.switch.ingress_arrival_nonempty_packet_frac.response = 0
stat.pool.101.port.switch.ingress_nonempty_arrival_pre_occ_avg_bytes.response = 0
stat.pool.101.port.switch.ingress_nonempty_arrival_pre_occ_max_bytes.response = 0
stat.pool.101.port.switch.ingress_release_after_empty_arrival_packets.response = 0
stat.pool.101.port.switch.ingress_release_after_nonempty_arrival_packets.response = 0
stat.pool.101.port.switch.ingress_wait_after_empty_arrival_avg_cycles.response = 0
stat.pool.101.port.switch.ingress_wait_after_nonempty_arrival_avg_cycles.response = 0
stat.pool.101.port.switch.ingress_queue_wait_after_empty_arrival_avg_cycles.response = 0
stat.pool.101.port.switch.ingress_queue_wait_after_nonempty_arrival_avg_cycles.response = 0
stat.pool.101.port.switch.ingress_queue_wait_after_empty_arrival_max_cycles.response = 0
stat.pool.101.port.switch.ingress_queue_wait_after_nonempty_arrival_max_cycles.response = 0
stat.pool.101.port.switch.rx_bytes.response = 0
stat.pool.101.port.switch.tx_bytes.response = 535296
stat.pool.101.port.switch.rx_pkts.response = 0
stat.pool.101.port.switch.tx_pkts.response = 8364
stat.pool.101.port.switch.ingress_wait_avg_cycles.other_req = 129.077
stat.pool.101.port.switch.ingress_wait_max_cycles.other_req = 143
stat.pool.101.port.switch.ingress_queue_wait_avg_cycles.other_req = 5.07692
stat.pool.101.port.switch.ingress_queue_wait_max_cycles.other_req = 19
stat.pool.101.port.switch.egress_wait_avg_cycles.other_req = 0
stat.pool.101.port.switch.egress_wait_max_cycles.other_req = 0
stat.pool.101.port.switch.egress_occ_avg_bytes.other_req = 0
stat.pool.101.port.switch.egress_occ_max_bytes.other_req = 0
stat.pool.101.port.switch.egress_blocked_cycles.other_req = 0
stat.pool.101.port.switch.ingress_arrival_empty_packets.other_req = 1
stat.pool.101.port.switch.ingress_arrival_nonempty_packets.other_req = 12
stat.pool.101.port.switch.ingress_arrival_nonempty_packet_frac.other_req = 0.923077
stat.pool.101.port.switch.ingress_nonempty_arrival_pre_occ_avg_bytes.other_req = 98
stat.pool.101.port.switch.ingress_nonempty_arrival_pre_occ_max_bytes.other_req = 264
stat.pool.101.port.switch.ingress_release_after_empty_arrival_packets.other_req = 1
stat.pool.101.port.switch.ingress_release_after_nonempty_arrival_packets.other_req = 12
stat.pool.101.port.switch.ingress_wait_after_empty_arrival_avg_cycles.other_req = 124
stat.pool.101.port.switch.ingress_wait_after_nonempty_arrival_avg_cycles.other_req = 129.5
stat.pool.101.port.switch.ingress_queue_wait_after_empty_arrival_avg_cycles.other_req = 0
stat.pool.101.port.switch.ingress_queue_wait_after_nonempty_arrival_avg_cycles.other_req = 5.5
stat.pool.101.port.switch.ingress_queue_wait_after_empty_arrival_max_cycles.other_req = 0
stat.pool.101.port.switch.ingress_queue_wait_after_nonempty_arrival_max_cycles.other_req = 19
stat.pool.101.port.switch.rx_bytes.other_req = 104
stat.pool.101.port.switch.tx_bytes.other_req = 0
stat.pool.101.port.switch.rx_pkts.other_req = 13
stat.pool.101.port.switch.tx_pkts.other_req = 0
stat.pool.101.port.switch.ingress_occ_bucket_bytes.0 = 887982
stat.pool.101.port.switch.ready_occ_bucket_bytes.0 = 1559271
stat.pool.101.port.switch.ingress_occ_bucket_bytes.1_64 = 253872
stat.pool.101.port.switch.ready_occ_bucket_bytes.1_64 = 14494
stat.pool.101.port.switch.ingress_occ_bucket_bytes.65_256 = 415335
stat.pool.101.port.switch.ready_occ_bucket_bytes.65_256 = 0
stat.pool.101.port.switch.ingress_occ_bucket_bytes.257_1024 = 16576
stat.pool.101.port.switch.ready_occ_bucket_bytes.257_1024 = 0
stat.pool.101.port.switch.ingress_occ_bucket_bytes.1025_4096 = 0
stat.pool.101.port.switch.ready_occ_bucket_bytes.1025_4096 = 0
stat.pool.101.port.switch.ingress_occ_bucket_bytes.4097_plus = 0
stat.pool.101.port.switch.ready_occ_bucket_bytes.4097_plus = 0
stat.pool.101.port.switch.ingress_episode.count = 2222
stat.pool.101.port.switch.ingress_episode.avg_cycles = 308.633
stat.pool.101.port.switch.ingress_episode.max_cycles = 994
stat.pool.101.port.switch.ingress_episode.avg_peak_occ_bytes = 150.092
stat.pool.101.port.switch.ingress_episode.max_peak_occ_bytes = 408
stat.pool.101.port.switch.ingress_episode.avg_arrival_pkts = 6.52295
stat.pool.101.port.switch.ingress_episode.max_arrival_pkts = 21
stat.pool.101.port.switch.ingress_episode.avg_arrival_bytes = 206.675
stat.pool.101.port.switch.ingress_episode.max_arrival_bytes = 784
stat.pool.101.port.switch.ingress_episode.avg_release_pkts = 6.52295
stat.pool.101.port.switch.ingress_episode.max_release_pkts = 21
stat.pool.101.port.switch.ingress_episode.avg_release_bytes = 206.675
stat.pool.101.port.switch.ingress_episode.max_release_bytes = 784
stat.pool.101.port.switch.ingress_episode.avg_wait_cycles = 887.284
stat.pool.101.port.switch.ingress_episode.max_wait_cycles = 146
stat.pool.101.port.switch.ingress_episode.avg_queue_wait_cycles = 20.5041
stat.pool.101.port.switch.ingress_episode.max_queue_wait_cycles = 22
stat.pool.101.port.switch.ingress_episode.avg_src_distinct = 1
stat.pool.101.port.switch.ingress_episode.max_src_distinct = 1
stat.pool.101.port.switch.ingress_episode.avg_dst_distinct = 1
stat.pool.101.port.switch.ingress_episode.max_dst_distinct = 1
stat.pool.101.port.switch.ingress_episode.avg_arrival_pkts.demand_req = 3.75833
stat.pool.101.port.switch.ingress_episode.max_arrival_pkts.demand_req = 10
stat.pool.101.port.switch.ingress_episode.avg_release_pkts.demand_req = 3.75833
stat.pool.101.port.switch.ingress_episode.max_release_pkts.demand_req = 10
stat.pool.101.port.switch.ingress_pre_occ_bucket.demand_req.0 = 638
stat.pool.101.port.switch.ingress_queue_wait_bucket.demand_req.0 = 5634
stat.pool.101.port.switch.ingress_pre_occ_bucket.demand_req.1_64 = 1906
stat.pool.101.port.switch.ingress_queue_wait_bucket.demand_req.1_63 = 2717
stat.pool.101.port.switch.ingress_pre_occ_bucket.demand_req.65_256 = 5439
stat.pool.101.port.switch.ingress_queue_wait_bucket.demand_req.64_255 = 0
stat.pool.101.port.switch.ingress_pre_occ_bucket.demand_req.257_1024 = 368
stat.pool.101.port.switch.ingress_queue_wait_bucket.demand_req.256_1023 = 0
stat.pool.101.port.switch.ingress_pre_occ_bucket.demand_req.1025_4096 = 0
stat.pool.101.port.switch.ingress_queue_wait_bucket.demand_req.1024_4095 = 0
stat.pool.101.port.switch.ingress_pre_occ_bucket.demand_req.4097_plus = 0
stat.pool.101.port.switch.ingress_queue_wait_bucket.demand_req.4096_plus = 0
stat.pool.101.port.switch.ingress_episode.avg_arrival_pkts.write_req = 2.75878
stat.pool.101.port.switch.ingress_episode.max_arrival_pkts.write_req = 11
stat.pool.101.port.switch.ingress_episode.avg_release_pkts.write_req = 2.75878
stat.pool.101.port.switch.ingress_episode.max_release_pkts.write_req = 11
stat.pool.101.port.switch.ingress_pre_occ_bucket.write_req.0 = 1583
stat.pool.101.port.switch.ingress_queue_wait_bucket.write_req.0 = 6092
stat.pool.101.port.switch.ingress_pre_occ_bucket.write_req.1_64 = 1617
stat.pool.101.port.switch.ingress_queue_wait_bucket.write_req.1_63 = 38
stat.pool.101.port.switch.ingress_pre_occ_bucket.write_req.65_256 = 2825
stat.pool.101.port.switch.ingress_queue_wait_bucket.write_req.64_255 = 0
stat.pool.101.port.switch.ingress_pre_occ_bucket.write_req.257_1024 = 105
stat.pool.101.port.switch.ingress_queue_wait_bucket.write_req.256_1023 = 0
stat.pool.101.port.switch.ingress_pre_occ_bucket.write_req.1025_4096 = 0
stat.pool.101.port.switch.ingress_queue_wait_bucket.write_req.1024_4095 = 0
stat.pool.101.port.switch.ingress_pre_occ_bucket.write_req.4097_plus = 0
stat.pool.101.port.switch.ingress_queue_wait_bucket.write_req.4096_plus = 0
stat.pool.101.port.switch.ingress_episode.avg_arrival_pkts.response = 0
stat.pool.101.port.switch.ingress_episode.max_arrival_pkts.response = 0
stat.pool.101.port.switch.ingress_episode.avg_release_pkts.response = 0
stat.pool.101.port.switch.ingress_episode.max_release_pkts.response = 0
stat.pool.101.port.switch.ingress_pre_occ_bucket.response.0 = 0
stat.pool.101.port.switch.ingress_queue_wait_bucket.response.0 = 0
stat.pool.101.port.switch.ingress_pre_occ_bucket.response.1_64 = 0
stat.pool.101.port.switch.ingress_queue_wait_bucket.response.1_63 = 0
stat.pool.101.port.switch.ingress_pre_occ_bucket.response.65_256 = 0
stat.pool.101.port.switch.ingress_queue_wait_bucket.response.64_255 = 0
stat.pool.101.port.switch.ingress_pre_occ_bucket.response.257_1024 = 0
stat.pool.101.port.switch.ingress_queue_wait_bucket.response.256_1023 = 0
stat.pool.101.port.switch.ingress_pre_occ_bucket.response.1025_4096 = 0
stat.pool.101.port.switch.ingress_queue_wait_bucket.response.1024_4095 = 0
stat.pool.101.port.switch.ingress_pre_occ_bucket.response.4097_plus = 0
stat.pool.101.port.switch.ingress_queue_wait_bucket.response.4096_plus = 0
stat.pool.101.port.switch.ingress_episode.avg_arrival_pkts.other_req = 0.00585059
stat.pool.101.port.switch.ingress_episode.max_arrival_pkts.other_req = 1
stat.pool.101.port.switch.ingress_episode.avg_release_pkts.other_req = 0.00585059
stat.pool.101.port.switch.ingress_episode.max_release_pkts.other_req = 1
stat.pool.101.port.switch.ingress_pre_occ_bucket.other_req.0 = 1
stat.pool.101.port.switch.ingress_queue_wait_bucket.other_req.0 = 9
stat.pool.101.port.switch.ingress_pre_occ_bucket.other_req.1_64 = 5
stat.pool.101.port.switch.ingress_queue_wait_bucket.other_req.1_63 = 4
stat.pool.101.port.switch.ingress_pre_occ_bucket.other_req.65_256 = 6
stat.pool.101.port.switch.ingress_queue_wait_bucket.other_req.64_255 = 0
stat.pool.101.port.switch.ingress_pre_occ_bucket.other_req.257_1024 = 1
stat.pool.101.port.switch.ingress_queue_wait_bucket.other_req.256_1023 = 0
stat.pool.101.port.switch.ingress_pre_occ_bucket.other_req.1025_4096 = 0
stat.pool.101.port.switch.ingress_queue_wait_bucket.other_req.1024_4095 = 0
stat.pool.101.port.switch.ingress_pre_occ_bucket.other_req.4097_plus = 0
stat.pool.101.port.switch.ingress_queue_wait_bucket.other_req.4096_plus = 0
stat.pool.101.port.switch.peer_src.0.rx_bytes.demand_req = 66808
stat.pool.101.port.switch.peer_src.0.rx_pkts.demand_req = 8351
stat.pool.101.port.switch.peer_src.0.tx_bytes.demand_req = 0
stat.pool.101.port.switch.peer_src.0.tx_pkts.demand_req = 0
stat.pool.101.port.switch.peer_src.0.ingress_arrivals.demand_req = 8351
stat.pool.101.port.switch.peer_src.0.ingress_arrival_nonempty_packet_frac.demand_req = 0.923602
stat.pool.101.port.switch.peer_src.0.ingress_nonempty_arrival_pre_occ_avg_bytes.demand_req = 120.641
stat.pool.101.port.switch.peer_src.0.ingress_nonempty_arrival_pre_occ_max_bytes.demand_req = 400
stat.pool.101.port.switch.peer_src.0.ingress_wait_avg_cycles.demand_req = 129.443
stat.pool.101.port.switch.peer_src.0.ingress_queue_wait_avg_cycles.demand_req = 5.44318
stat.pool.101.port.switch.peer_src.0.ingress_queue_wait_after_nonempty_arrival_avg_cycles.demand_req = 5.89343
stat.pool.101.port.switch.peer_src.0.ingress_pre_occ_bucket.demand_req.0 = 638
stat.pool.101.port.switch.peer_src.0.ingress_queue_wait_bucket.demand_req.0 = 5634
stat.pool.101.port.switch.peer_src.0.ingress_pre_occ_bucket.demand_req.1_64 = 1906
stat.pool.101.port.switch.peer_src.0.ingress_queue_wait_bucket.demand_req.1_63 = 2717
stat.pool.101.port.switch.peer_src.0.ingress_pre_occ_bucket.demand_req.65_256 = 5439
stat.pool.101.port.switch.peer_src.0.ingress_queue_wait_bucket.demand_req.64_255 = 0
stat.pool.101.port.switch.peer_src.0.ingress_pre_occ_bucket.demand_req.257_1024 = 368
stat.pool.101.port.switch.peer_src.0.ingress_queue_wait_bucket.demand_req.256_1023 = 0
stat.pool.101.port.switch.peer_src.0.ingress_pre_occ_bucket.demand_req.1025_4096 = 0
stat.pool.101.port.switch.peer_src.0.ingress_queue_wait_bucket.demand_req.1024_4095 = 0
stat.pool.101.port.switch.peer_src.0.ingress_pre_occ_bucket.demand_req.4097_plus = 0
stat.pool.101.port.switch.peer_src.0.ingress_queue_wait_bucket.demand_req.4096_plus = 0
stat.pool.101.port.switch.peer_src.0.rx_bytes.write_req = 392320
stat.pool.101.port.switch.peer_src.0.rx_pkts.write_req = 6130
stat.pool.101.port.switch.peer_src.0.tx_bytes.write_req = 0
stat.pool.101.port.switch.peer_src.0.tx_pkts.write_req = 0
stat.pool.101.port.switch.peer_src.0.ingress_arrivals.write_req = 6130
stat.pool.101.port.switch.peer_src.0.ingress_arrival_nonempty_packet_frac.write_req = 0.741762
stat.pool.101.port.switch.peer_src.0.ingress_nonempty_arrival_pre_occ_avg_bytes.write_req = 102.355
stat.pool.101.port.switch.peer_src.0.ingress_nonempty_arrival_pre_occ_max_bytes.write_req = 336
stat.pool.101.port.switch.peer_src.0.ingress_wait_avg_cycles.write_req = 145.006
stat.pool.101.port.switch.peer_src.0.ingress_queue_wait_avg_cycles.write_req = 0.00619902
stat.pool.101.port.switch.peer_src.0.ingress_queue_wait_after_nonempty_arrival_avg_cycles.write_req = 0.00835716
stat.pool.101.port.switch.peer_src.0.ingress_pre_occ_bucket.write_req.0 = 1583
stat.pool.101.port.switch.peer_src.0.ingress_queue_wait_bucket.write_req.0 = 6092
stat.pool.101.port.switch.peer_src.0.ingress_pre_occ_bucket.write_req.1_64 = 1617
stat.pool.101.port.switch.peer_src.0.ingress_queue_wait_bucket.write_req.1_63 = 38
stat.pool.101.port.switch.peer_src.0.ingress_pre_occ_bucket.write_req.65_256 = 2825
stat.pool.101.port.switch.peer_src.0.ingress_queue_wait_bucket.write_req.64_255 = 0
stat.pool.101.port.switch.peer_src.0.ingress_pre_occ_bucket.write_req.257_1024 = 105
stat.pool.101.port.switch.peer_src.0.ingress_queue_wait_bucket.write_req.256_1023 = 0
stat.pool.101.port.switch.peer_src.0.ingress_pre_occ_bucket.write_req.1025_4096 = 0
stat.pool.101.port.switch.peer_src.0.ingress_queue_wait_bucket.write_req.1024_4095 = 0
stat.pool.101.port.switch.peer_src.0.ingress_pre_occ_bucket.write_req.4097_plus = 0
stat.pool.101.port.switch.peer_src.0.ingress_queue_wait_bucket.write_req.4096_plus = 0
stat.pool.101.port.switch.peer_src.0.rx_bytes.other_req = 104
stat.pool.101.port.switch.peer_src.0.rx_pkts.other_req = 13
stat.pool.101.port.switch.peer_src.0.tx_bytes.other_req = 0
stat.pool.101.port.switch.peer_src.0.tx_pkts.other_req = 0
stat.pool.101.port.switch.peer_src.0.ingress_arrivals.other_req = 13
stat.pool.101.port.switch.peer_src.0.ingress_arrival_nonempty_packet_frac.other_req = 0.923077
stat.pool.101.port.switch.peer_src.0.ingress_nonempty_arrival_pre_occ_avg_bytes.other_req = 98
stat.pool.101.port.switch.peer_src.0.ingress_nonempty_arrival_pre_occ_max_bytes.other_req = 264
stat.pool.101.port.switch.peer_src.0.ingress_wait_avg_cycles.other_req = 129.077
stat.pool.101.port.switch.peer_src.0.ingress_queue_wait_avg_cycles.other_req = 5.07692
stat.pool.101.port.switch.peer_src.0.ingress_queue_wait_after_nonempty_arrival_avg_cycles.other_req = 5.5
stat.pool.101.port.switch.peer_src.0.ingress_pre_occ_bucket.other_req.0 = 1
stat.pool.101.port.switch.peer_src.0.ingress_queue_wait_bucket.other_req.0 = 9
stat.pool.101.port.switch.peer_src.0.ingress_pre_occ_bucket.other_req.1_64 = 5
stat.pool.101.port.switch.peer_src.0.ingress_queue_wait_bucket.other_req.1_63 = 4
stat.pool.101.port.switch.peer_src.0.ingress_pre_occ_bucket.other_req.65_256 = 6
stat.pool.101.port.switch.peer_src.0.ingress_queue_wait_bucket.other_req.64_255 = 0
stat.pool.101.port.switch.peer_src.0.ingress_pre_occ_bucket.other_req.257_1024 = 1
stat.pool.101.port.switch.peer_src.0.ingress_queue_wait_bucket.other_req.256_1023 = 0
stat.pool.101.port.switch.peer_src.0.ingress_pre_occ_bucket.other_req.1025_4096 = 0
stat.pool.101.port.switch.peer_src.0.ingress_queue_wait_bucket.other_req.1024_4095 = 0
stat.pool.101.port.switch.peer_src.0.ingress_pre_occ_bucket.other_req.4097_plus = 0
stat.pool.101.port.switch.peer_src.0.ingress_queue_wait_bucket.other_req.4096_plus = 0
stat.pool.101.port.switch.peer_dst.101.rx_bytes.demand_req = 66808
stat.pool.101.port.switch.peer_dst.101.rx_pkts.demand_req = 8351
stat.pool.101.port.switch.peer_dst.101.tx_bytes.demand_req = 0
stat.pool.101.port.switch.peer_dst.101.tx_pkts.demand_req = 0
stat.pool.101.port.switch.peer_dst.101.ingress_arrivals.demand_req = 8351
stat.pool.101.port.switch.peer_dst.101.ingress_arrival_nonempty_packet_frac.demand_req = 0.923602
stat.pool.101.port.switch.peer_dst.101.ingress_nonempty_arrival_pre_occ_avg_bytes.demand_req = 120.641
stat.pool.101.port.switch.peer_dst.101.ingress_nonempty_arrival_pre_occ_max_bytes.demand_req = 400
stat.pool.101.port.switch.peer_dst.101.ingress_wait_avg_cycles.demand_req = 129.443
stat.pool.101.port.switch.peer_dst.101.ingress_queue_wait_avg_cycles.demand_req = 5.44318
stat.pool.101.port.switch.peer_dst.101.ingress_queue_wait_after_nonempty_arrival_avg_cycles.demand_req = 5.89343
stat.pool.101.port.switch.peer_dst.101.ingress_pre_occ_bucket.demand_req.0 = 638
stat.pool.101.port.switch.peer_dst.101.ingress_queue_wait_bucket.demand_req.0 = 5634
stat.pool.101.port.switch.peer_dst.101.ingress_pre_occ_bucket.demand_req.1_64 = 1906
stat.pool.101.port.switch.peer_dst.101.ingress_queue_wait_bucket.demand_req.1_63 = 2717
stat.pool.101.port.switch.peer_dst.101.ingress_pre_occ_bucket.demand_req.65_256 = 5439
stat.pool.101.port.switch.peer_dst.101.ingress_queue_wait_bucket.demand_req.64_255 = 0
stat.pool.101.port.switch.peer_dst.101.ingress_pre_occ_bucket.demand_req.257_1024 = 368
stat.pool.101.port.switch.peer_dst.101.ingress_queue_wait_bucket.demand_req.256_1023 = 0
stat.pool.101.port.switch.peer_dst.101.ingress_pre_occ_bucket.demand_req.1025_4096 = 0
stat.pool.101.port.switch.peer_dst.101.ingress_queue_wait_bucket.demand_req.1024_4095 = 0
stat.pool.101.port.switch.peer_dst.101.ingress_pre_occ_bucket.demand_req.4097_plus = 0
stat.pool.101.port.switch.peer_dst.101.ingress_queue_wait_bucket.demand_req.4096_plus = 0
stat.pool.101.port.switch.peer_dst.101.rx_bytes.write_req = 392320
stat.pool.101.port.switch.peer_dst.101.rx_pkts.write_req = 6130
stat.pool.101.port.switch.peer_dst.101.tx_bytes.write_req = 0
stat.pool.101.port.switch.peer_dst.101.tx_pkts.write_req = 0
stat.pool.101.port.switch.peer_dst.101.ingress_arrivals.write_req = 6130
stat.pool.101.port.switch.peer_dst.101.ingress_arrival_nonempty_packet_frac.write_req = 0.741762
stat.pool.101.port.switch.peer_dst.101.ingress_nonempty_arrival_pre_occ_avg_bytes.write_req = 102.355
stat.pool.101.port.switch.peer_dst.101.ingress_nonempty_arrival_pre_occ_max_bytes.write_req = 336
stat.pool.101.port.switch.peer_dst.101.ingress_wait_avg_cycles.write_req = 145.006
stat.pool.101.port.switch.peer_dst.101.ingress_queue_wait_avg_cycles.write_req = 0.00619902
stat.pool.101.port.switch.peer_dst.101.ingress_queue_wait_after_nonempty_arrival_avg_cycles.write_req = 0.00835716
stat.pool.101.port.switch.peer_dst.101.ingress_pre_occ_bucket.write_req.0 = 1583
stat.pool.101.port.switch.peer_dst.101.ingress_queue_wait_bucket.write_req.0 = 6092
stat.pool.101.port.switch.peer_dst.101.ingress_pre_occ_bucket.write_req.1_64 = 1617
stat.pool.101.port.switch.peer_dst.101.ingress_queue_wait_bucket.write_req.1_63 = 38
stat.pool.101.port.switch.peer_dst.101.ingress_pre_occ_bucket.write_req.65_256 = 2825
stat.pool.101.port.switch.peer_dst.101.ingress_queue_wait_bucket.write_req.64_255 = 0
stat.pool.101.port.switch.peer_dst.101.ingress_pre_occ_bucket.write_req.257_1024 = 105
stat.pool.101.port.switch.peer_dst.101.ingress_queue_wait_bucket.write_req.256_1023 = 0
stat.pool.101.port.switch.peer_dst.101.ingress_pre_occ_bucket.write_req.1025_4096 = 0
stat.pool.101.port.switch.peer_dst.101.ingress_queue_wait_bucket.write_req.1024_4095 = 0
stat.pool.101.port.switch.peer_dst.101.ingress_pre_occ_bucket.write_req.4097_plus = 0
stat.pool.101.port.switch.peer_dst.101.ingress_queue_wait_bucket.write_req.4096_plus = 0
stat.pool.101.port.switch.peer_dst.101.rx_bytes.other_req = 104
stat.pool.101.port.switch.peer_dst.101.rx_pkts.other_req = 13
stat.pool.101.port.switch.peer_dst.101.tx_bytes.other_req = 0
stat.pool.101.port.switch.peer_dst.101.tx_pkts.other_req = 0
stat.pool.101.port.switch.peer_dst.101.ingress_arrivals.other_req = 13
stat.pool.101.port.switch.peer_dst.101.ingress_arrival_nonempty_packet_frac.other_req = 0.923077
stat.pool.101.port.switch.peer_dst.101.ingress_nonempty_arrival_pre_occ_avg_bytes.other_req = 98
stat.pool.101.port.switch.peer_dst.101.ingress_nonempty_arrival_pre_occ_max_bytes.other_req = 264
stat.pool.101.port.switch.peer_dst.101.ingress_wait_avg_cycles.other_req = 129.077
stat.pool.101.port.switch.peer_dst.101.ingress_queue_wait_avg_cycles.other_req = 5.07692
stat.pool.101.port.switch.peer_dst.101.ingress_queue_wait_after_nonempty_arrival_avg_cycles.other_req = 5.5
stat.pool.101.port.switch.peer_dst.101.ingress_pre_occ_bucket.other_req.0 = 1
stat.pool.101.port.switch.peer_dst.101.ingress_queue_wait_bucket.other_req.0 = 9
stat.pool.101.port.switch.peer_dst.101.ingress_pre_occ_bucket.other_req.1_64 = 5
stat.pool.101.port.switch.peer_dst.101.ingress_queue_wait_bucket.other_req.1_63 = 4
stat.pool.101.port.switch.peer_dst.101.ingress_pre_occ_bucket.other_req.65_256 = 6
stat.pool.101.port.switch.peer_dst.101.ingress_queue_wait_bucket.other_req.64_255 = 0
stat.pool.101.port.switch.peer_dst.101.ingress_pre_occ_bucket.other_req.257_1024 = 1
stat.pool.101.port.switch.peer_dst.101.ingress_queue_wait_bucket.other_req.256_1023 = 0
stat.pool.101.port.switch.peer_dst.101.ingress_pre_occ_bucket.other_req.1025_4096 = 0
stat.pool.101.port.switch.peer_dst.101.ingress_queue_wait_bucket.other_req.1024_4095 = 0
stat.pool.101.port.switch.peer_dst.101.ingress_pre_occ_bucket.other_req.4097_plus = 0
stat.pool.101.port.switch.peer_dst.101.ingress_queue_wait_bucket.other_req.4096_plus = 0
stat.pool.101.port.switch.tx_src.101.rx_bytes.response = 0
stat.pool.101.port.switch.tx_src.101.rx_pkts.response = 0
stat.pool.101.port.switch.tx_src.101.tx_bytes.response = 535296
stat.pool.101.port.switch.tx_src.101.tx_pkts.response = 8364
stat.pool.101.port.switch.tx_src.101.ingress_arrivals.response = 0
stat.pool.101.port.switch.tx_src.101.ingress_arrival_nonempty_packet_frac.response = 0
stat.pool.101.port.switch.tx_src.101.ingress_nonempty_arrival_pre_occ_avg_bytes.response = 0
stat.pool.101.port.switch.tx_src.101.ingress_nonempty_arrival_pre_occ_max_bytes.response = 0
stat.pool.101.port.switch.tx_src.101.ingress_wait_avg_cycles.response = 0
stat.pool.101.port.switch.tx_src.101.ingress_queue_wait_avg_cycles.response = 0
stat.pool.101.port.switch.tx_src.101.ingress_queue_wait_after_nonempty_arrival_avg_cycles.response = 0
stat.pool.101.port.switch.tx_src.101.ingress_pre_occ_bucket.response.0 = 0
stat.pool.101.port.switch.tx_src.101.ingress_queue_wait_bucket.response.0 = 0
stat.pool.101.port.switch.tx_src.101.ingress_pre_occ_bucket.response.1_64 = 0
stat.pool.101.port.switch.tx_src.101.ingress_queue_wait_bucket.response.1_63 = 0
stat.pool.101.port.switch.tx_src.101.ingress_pre_occ_bucket.response.65_256 = 0
stat.pool.101.port.switch.tx_src.101.ingress_queue_wait_bucket.response.64_255 = 0
stat.pool.101.port.switch.tx_src.101.ingress_pre_occ_bucket.response.257_1024 = 0
stat.pool.101.port.switch.tx_src.101.ingress_queue_wait_bucket.response.256_1023 = 0
stat.pool.101.port.switch.tx_src.101.ingress_pre_occ_bucket.response.1025_4096 = 0
stat.pool.101.port.switch.tx_src.101.ingress_queue_wait_bucket.response.1024_4095 = 0
stat.pool.101.port.switch.tx_src.101.ingress_pre_occ_bucket.response.4097_plus = 0
stat.pool.101.port.switch.tx_src.101.ingress_queue_wait_bucket.response.4096_plus = 0
stat.pool.101.port.switch.tx_dst.0.rx_bytes.response = 0
stat.pool.101.port.switch.tx_dst.0.rx_pkts.response = 0
stat.pool.101.port.switch.tx_dst.0.tx_bytes.response = 535296
stat.pool.101.port.switch.tx_dst.0.tx_pkts.response = 8364
stat.pool.101.port.switch.tx_dst.0.ingress_arrivals.response = 0
stat.pool.101.port.switch.tx_dst.0.ingress_arrival_nonempty_packet_frac.response = 0
stat.pool.101.port.switch.tx_dst.0.ingress_nonempty_arrival_pre_occ_avg_bytes.response = 0
stat.pool.101.port.switch.tx_dst.0.ingress_nonempty_arrival_pre_occ_max_bytes.response = 0
stat.pool.101.port.switch.tx_dst.0.ingress_wait_avg_cycles.response = 0
stat.pool.101.port.switch.tx_dst.0.ingress_queue_wait_avg_cycles.response = 0
stat.pool.101.port.switch.tx_dst.0.ingress_queue_wait_after_nonempty_arrival_avg_cycles.response = 0
stat.pool.101.port.switch.tx_dst.0.ingress_pre_occ_bucket.response.0 = 0
stat.pool.101.port.switch.tx_dst.0.ingress_queue_wait_bucket.response.0 = 0
stat.pool.101.port.switch.tx_dst.0.ingress_pre_occ_bucket.response.1_64 = 0
stat.pool.101.port.switch.tx_dst.0.ingress_queue_wait_bucket.response.1_63 = 0
stat.pool.101.port.switch.tx_dst.0.ingress_pre_occ_bucket.response.65_256 = 0
stat.pool.101.port.switch.tx_dst.0.ingress_queue_wait_bucket.response.64_255 = 0
stat.pool.101.port.switch.tx_dst.0.ingress_pre_occ_bucket.response.257_1024 = 0
stat.pool.101.port.switch.tx_dst.0.ingress_queue_wait_bucket.response.256_1023 = 0
stat.pool.101.port.switch.tx_dst.0.ingress_pre_occ_bucket.response.1025_4096 = 0
stat.pool.101.port.switch.tx_dst.0.ingress_queue_wait_bucket.response.1024_4095 = 0
stat.pool.101.port.switch.tx_dst.0.ingress_pre_occ_bucket.response.4097_plus = 0
stat.pool.101.port.switch.tx_dst.0.ingress_queue_wait_bucket.response.4096_plus = 0
stat.pool.101.walltime_s = 155.974
stat.pool.101.active_time_s = 10.2279
stat.pool.100.util.mem_avg = 0.0368385
stat.pool.100.util.req_link_avg = 0.113986
stat.pool.100.memq.demand.completed = 8352
stat.pool.100.memq.demand.response_completed = 8352
stat.pool.100.memq.demand.queue_wait_avg_cycles = 1.14332
stat.pool.100.memq.demand.queue_wait_max_cycles = 7
stat.pool.100.memq.demand.service_avg_cycles = 75
stat.pool.100.memq.demand.service_max_cycles = 75
stat.pool.100.memq.demand.total_avg_cycles = 76.1433
stat.pool.100.memq.demand.total_max_cycles = 82
stat.pool.100.memq.demand.ahead_pkts_avg.load = 0.659124
stat.pool.100.memq.demand.ahead_pkts_max.load = 6
stat.pool.100.memq.demand.ahead_bytes_avg.load = 42.1839
stat.pool.100.memq.demand.ahead_bytes_max.load = 384
stat.pool.100.memq.demand.ahead_pkts_avg.rfo = 0.354047
stat.pool.100.memq.demand.ahead_pkts_max.rfo = 4
stat.pool.100.memq.demand.ahead_bytes_avg.rfo = 22.659
stat.pool.100.memq.demand.ahead_bytes_max.rfo = 256
stat.pool.100.memq.demand.ahead_pkts_avg.write = 1.10393
stat.pool.100.memq.demand.ahead_pkts_max.write = 3
stat.pool.100.memq.demand.ahead_bytes_avg.write = 70.6513
stat.pool.100.memq.demand.ahead_bytes_max.write = 192
stat.pool.100.memq.demand.ahead_pkts_avg.other = 0.00155651
stat.pool.100.memq.demand.ahead_pkts_max.other = 1
stat.pool.100.memq.demand.ahead_bytes_avg.other = 0.0996169
stat.pool.100.memq.demand.ahead_bytes_max.other = 64
stat.pool.100.memq.demand.queue_wait_bucket.0 = 0
stat.pool.100.memq.demand.service_bucket.0 = 0
stat.pool.100.memq.demand.total_bucket.0 = 0
stat.pool.100.memq.demand.ahead_total_pkts_bucket.0 = 952
stat.pool.100.memq.demand.ahead_total_bytes_bucket.0 = 952
stat.pool.100.memq.demand.queue_wait_bucket.1_63 = 8352
stat.pool.100.memq.demand.service_bucket.1_63 = 0
stat.pool.100.memq.demand.total_bucket.1_63 = 0
stat.pool.100.memq.demand.ahead_total_pkts_bucket.1 = 2138
stat.pool.100.memq.demand.ahead_total_bytes_bucket.1_64 = 2138
stat.pool.100.memq.demand.queue_wait_bucket.64_255 = 0
stat.pool.100.memq.demand.service_bucket.64_255 = 8352
stat.pool.100.memq.demand.total_bucket.64_255 = 8352
stat.pool.100.memq.demand.ahead_total_pkts_bucket.2 = 2338
stat.pool.100.memq.demand.ahead_total_bytes_bucket.65_256 = 4734
stat.pool.100.memq.demand.queue_wait_bucket.256_1023 = 0
stat.pool.100.memq.demand.service_bucket.256_1023 = 0
stat.pool.100.memq.demand.total_bucket.256_1023 = 0
stat.pool.100.memq.demand.ahead_total_pkts_bucket.3_4 = 2396
stat.pool.100.memq.demand.ahead_total_bytes_bucket.257_1024 = 528
stat.pool.100.memq.demand.queue_wait_bucket.1024_4095 = 0
stat.pool.100.memq.demand.service_bucket.1024_4095 = 0
stat.pool.100.memq.demand.total_bucket.1024_4095 = 0
stat.pool.100.memq.demand.ahead_total_pkts_bucket.5_8 = 528
stat.pool.100.memq.demand.ahead_total_bytes_bucket.1025_4096 = 0
stat.pool.100.memq.demand.queue_wait_bucket.4096_plus = 0
stat.pool.100.memq.demand.service_bucket.4096_plus = 0
stat.pool.100.memq.demand.total_bucket.4096_plus = 0
stat.pool.100.memq.demand.ahead_total_pkts_bucket.9_plus = 0
stat.pool.100.memq.demand.ahead_total_bytes_bucket.4097_plus = 0
stat.pool.100.memq.queue_occ_avg_bytes = 44.8451
stat.pool.100.memq.queue_occ_stddev_bytes = 78.7903
stat.pool.100.memq.queue_occ_max_bytes = 576
stat.pool.100.memq.queue_occ_nonempty_frac = 0.32708
stat.pool.100.memq.enqueue_burst_avg_pkts = 1
stat.pool.100.memq.enqueue_burst_stddev_pkts = 0
stat.pool.100.memq.enqueue_burst_max_pkts = 1
stat.pool.100.memq.complete_burst_avg_pkts = 1
stat.pool.100.memq.complete_burst_stddev_pkts = 0
stat.pool.100.memq.complete_burst_max_pkts = 1
stat.pool.100.memq.queue_episode.count = 3449
stat.pool.100.memq.queue_episode.avg_cycles = 149.245
stat.pool.100.memq.queue_episode.max_cycles = 510
stat.pool.100.memq.queue_episode.avg_peak_occ_bytes = 201.649
stat.pool.100.memq.queue_episode.max_peak_occ_bytes = 576
stat.pool.100.memq.queue_episode.avg_enqueue_pkts = 4.20238
stat.pool.100.memq.queue_episode.max_enqueue_pkts = 17
stat.pool.100.memq.queue_episode.avg_complete_pkts = 3.20238
stat.pool.100.memq.queue_episode.max_complete_pkts = 16
stat.pool.100.memq.queue_occ_bucket.0 = 1059018
stat.pool.100.memq.enqueue_burst_bucket.0 = 0
stat.pool.100.memq.complete_burst_bucket.0 = 0
stat.pool.100.memq.queue_occ_bucket.1_64 = 201471
stat.pool.100.memq.enqueue_burst_bucket.1 = 14494
stat.pool.100.memq.complete_burst_bucket.1 = 14494
stat.pool.100.memq.queue_occ_bucket.65_256 = 286081
stat.pool.100.memq.enqueue_burst_bucket.2 = 0
stat.pool.100.memq.complete_burst_bucket.2 = 0
stat.pool.100.memq.queue_occ_bucket.257_1024 = 27195
stat.pool.100.memq.enqueue_burst_bucket.3_4 = 0
stat.pool.100.memq.complete_burst_bucket.3_4 = 0
stat.pool.100.memq.queue_occ_bucket.1025_4096 = 0
stat.pool.100.memq.enqueue_burst_bucket.5_8 = 0
stat.pool.100.memq.complete_burst_bucket.5_8 = 0
stat.pool.100.memq.queue_occ_bucket.4097_plus = 0
stat.pool.100.memq.enqueue_burst_bucket.9_plus = 0
stat.pool.100.memq.complete_burst_bucket.9_plus = 0
stat.pool.100.memq.queue_occ_avg_bytes.load = 18.2707
stat.pool.100.memq.queue_occ_max_bytes.load = 448
stat.pool.100.memq.queue_occ_avg_pkts.load = 0.285479
stat.pool.100.memq.queue_occ_max_pkts.load = 7
stat.pool.100.memq.enqueue_burst_avg_pkts.load = 0.407065
stat.pool.100.memq.enqueue_burst_max_pkts.load = 1
stat.pool.100.memq.complete_burst_avg_pkts.load = 0.407065
stat.pool.100.memq.complete_burst_max_pkts.load = 1
stat.pool.100.memq.queue_occ_avg_bytes.rfo = 7.59135
stat.pool.100.memq.queue_occ_max_bytes.rfo = 320
stat.pool.100.memq.queue_occ_avg_pkts.rfo = 0.118615
stat.pool.100.memq.queue_occ_max_pkts.rfo = 5
stat.pool.100.memq.enqueue_burst_avg_pkts.rfo = 0.169173
stat.pool.100.memq.enqueue_burst_max_pkts.rfo = 1
stat.pool.100.memq.complete_burst_avg_pkts.rfo = 0.169173
stat.pool.100.memq.complete_burst_max_pkts.rfo = 1
stat.pool.100.memq.queue_occ_avg_bytes.write = 18.9459
stat.pool.100.memq.queue_occ_max_bytes.write = 256
stat.pool.100.memq.queue_occ_avg_pkts.write = 0.296029
stat.pool.100.memq.queue_occ_max_pkts.write = 4
stat.pool.100.memq.enqueue_burst_avg_pkts.write = 0.422934
stat.pool.100.memq.enqueue_burst_max_pkts.write = 1
stat.pool.100.memq.complete_burst_avg_pkts.write = 0.422934
stat.pool.100.memq.complete_burst_max_pkts.write = 1
stat.pool.100.memq.queue_occ_avg_bytes.other = 0.0372508
stat.pool.100.memq.queue_occ_max_bytes.other = 64
stat.pool.100.memq.queue_occ_avg_pkts.other = 0.000582044
stat.pool.100.memq.queue_occ_max_pkts.other = 1
stat.pool.100.memq.enqueue_burst_avg_pkts.other = 0.000827929
stat.pool.100.memq.enqueue_burst_max_pkts.other = 1
stat.pool.100.memq.complete_burst_avg_pkts.other = 0.000827929
stat.pool.100.memq.complete_burst_max_pkts.other = 1
stat.pool.100.memq.load.completed = 5900
stat.pool.100.memq.load.response_completed = 5900
stat.pool.100.memq.load.queue_wait_avg_cycles = 1.14864
stat.pool.100.memq.load.queue_wait_max_cycles = 6
stat.pool.100.memq.load.service_avg_cycles = 75
stat.pool.100.memq.load.service_max_cycles = 75
stat.pool.100.memq.load.total_avg_cycles = 76.1486
stat.pool.100.memq.load.total_max_cycles = 81
stat.pool.100.memq.load.ahead_pkts_avg.load = 0.702881
stat.pool.100.memq.load.ahead_pkts_max.load = 6
stat.pool.100.memq.load.ahead_bytes_avg.load = 44.9844
stat.pool.100.memq.load.ahead_bytes_max.load = 384
stat.pool.100.memq.load.ahead_pkts_avg.rfo = 0.376271
stat.pool.100.memq.load.ahead_pkts_max.rfo = 4
stat.pool.100.memq.load.ahead_bytes_avg.rfo = 24.0814
stat.pool.100.memq.load.ahead_bytes_max.rfo = 256
stat.pool.100.memq.load.ahead_pkts_avg.write = 1.1078
stat.pool.100.memq.load.ahead_pkts_max.write = 3
stat.pool.100.memq.load.ahead_bytes_avg.write = 70.899
stat.pool.100.memq.load.ahead_bytes_max.write = 192
stat.pool.100.memq.load.ahead_pkts_avg.other = 0.00135593
stat.pool.100.memq.load.ahead_pkts_max.other = 1
stat.pool.100.memq.load.ahead_bytes_avg.other = 0.0867797
stat.pool.100.memq.load.ahead_bytes_max.other = 64
stat.pool.100.memq.load.queue_wait_bucket.0 = 0
stat.pool.100.memq.load.service_bucket.0 = 0
stat.pool.100.memq.load.total_bucket.0 = 0
stat.pool.100.memq.load.ahead_total_pkts_bucket.0 = 609
stat.pool.100.memq.load.ahead_total_bytes_bucket.0 = 609
stat.pool.100.memq.load.queue_wait_bucket.1_63 = 5900
stat.pool.100.memq.load.service_bucket.1_63 = 0
stat.pool.100.memq.load.total_bucket.1_63 = 0
stat.pool.100.memq.load.ahead_total_pkts_bucket.1 = 1447
stat.pool.100.memq.load.ahead_total_bytes_bucket.1_64 = 1447
stat.pool.100.memq.load.queue_wait_bucket.64_255 = 0
stat.pool.100.memq.load.service_bucket.64_255 = 5900
stat.pool.100.memq.load.total_bucket.64_255 = 5900
stat.pool.100.memq.load.ahead_total_pkts_bucket.2 = 1691
stat.pool.100.memq.load.ahead_total_bytes_bucket.65_256 = 3431
stat.pool.100.memq.load.queue_wait_bucket.256_1023 = 0
stat.pool.100.memq.load.service_bucket.256_1023 = 0
stat.pool.100.memq.load.total_bucket.256_1023 = 0
stat.pool.100.memq.load.ahead_total_pkts_bucket.3_4 = 1740
stat.pool.100.memq.load.ahead_total_bytes_bucket.257_1024 = 413
stat.pool.100.memq.load.queue_wait_bucket.1024_4095 = 0
stat.pool.100.memq.load.service_bucket.1024_4095 = 0
stat.pool.100.memq.load.total_bucket.1024_4095 = 0
stat.pool.100.memq.load.ahead_total_pkts_bucket.5_8 = 413
stat.pool.100.memq.load.ahead_total_bytes_bucket.1025_4096 = 0
stat.pool.100.memq.load.queue_wait_bucket.4096_plus = 0
stat.pool.100.memq.load.service_bucket.4096_plus = 0
stat.pool.100.memq.load.total_bucket.4096_plus = 0
stat.pool.100.memq.load.ahead_total_pkts_bucket.9_plus = 0
stat.pool.100.memq.load.ahead_total_bytes_bucket.4097_plus = 0
stat.pool.100.respq.load.attempted = 5900
stat.pool.100.respq.load.completed = 5900
stat.pool.100.respq.load.can_send_blocked = 0
stat.pool.100.respq.load.send_failed = 0
stat.pool.100.respq.load.wait_avg_cycles = 0
stat.pool.100.respq.load.wait_max_cycles = 0
stat.pool.100.memq.rfo.completed = 2452
stat.pool.100.memq.rfo.response_completed = 2452
stat.pool.100.memq.rfo.queue_wait_avg_cycles = 1.13051
stat.pool.100.memq.rfo.queue_wait_max_cycles = 7
stat.pool.100.memq.rfo.service_avg_cycles = 75
stat.pool.100.memq.rfo.service_max_cycles = 75
stat.pool.100.memq.rfo.total_avg_cycles = 76.1305
stat.pool.100.memq.rfo.total_max_cycles = 82
stat.pool.100.memq.rfo.ahead_pkts_avg.load = 0.553834
stat.pool.100.memq.rfo.ahead_pkts_max.load = 6
stat.pool.100.memq.rfo.ahead_bytes_avg.load = 35.4454
stat.pool.100.memq.rfo.ahead_bytes_max.load = 384
stat.pool.100.memq.rfo.ahead_pkts_avg.rfo = 0.300571
stat.pool.100.memq.rfo.ahead_pkts_max.rfo = 4
stat.pool.100.memq.rfo.ahead_bytes_avg.rfo = 19.2365
stat.pool.100.memq.rfo.ahead_bytes_max.rfo = 256
stat.pool.100.memq.rfo.ahead_pkts_avg.write = 1.09462
stat.pool.100.memq.rfo.ahead_pkts_max.write = 3
stat.pool.100.memq.rfo.ahead_bytes_avg.write = 70.0555
stat.pool.100.memq.rfo.ahead_bytes_max.write = 192
stat.pool.100.memq.rfo.ahead_pkts_avg.other = 0.00203915
stat.pool.100.memq.rfo.ahead_pkts_max.other = 1
stat.pool.100.memq.rfo.ahead_bytes_avg.other = 0.130506
stat.pool.100.memq.rfo.ahead_bytes_max.other = 64
stat.pool.100.memq.rfo.queue_wait_bucket.0 = 0
stat.pool.100.memq.rfo.service_bucket.0 = 0
stat.pool.100.memq.rfo.total_bucket.0 = 0
stat.pool.100.memq.rfo.ahead_total_pkts_bucket.0 = 343
stat.pool.100.memq.rfo.ahead_total_bytes_bucket.0 = 343
stat.pool.100.memq.rfo.queue_wait_bucket.1_63 = 2452
stat.pool.100.memq.rfo.service_bucket.1_63 = 0
stat.pool.100.memq.rfo.total_bucket.1_63 = 0
stat.pool.100.memq.rfo.ahead_total_pkts_bucket.1 = 691
stat.pool.100.memq.rfo.ahead_total_bytes_bucket.1_64 = 691
stat.pool.100.memq.rfo.queue_wait_bucket.64_255 = 0
stat.pool.100.memq.rfo.service_bucket.64_255 = 2452
stat.pool.100.memq.rfo.total_bucket.64_255 = 2452
stat.pool.100.memq.rfo.ahead_total_pkts_bucket.2 = 647
stat.pool.100.memq.rfo.ahead_total_bytes_bucket.65_256 = 1303
stat.pool.100.memq.rfo.queue_wait_bucket.256_1023 = 0
stat.pool.100.memq.rfo.service_bucket.256_1023 = 0
stat.pool.100.memq.rfo.total_bucket.256_1023 = 0
stat.pool.100.memq.rfo.ahead_total_pkts_bucket.3_4 = 656
stat.pool.100.memq.rfo.ahead_total_bytes_bucket.257_1024 = 115
stat.pool.100.memq.rfo.queue_wait_bucket.1024_4095 = 0
stat.pool.100.memq.rfo.service_bucket.1024_4095 = 0
stat.pool.100.memq.rfo.total_bucket.1024_4095 = 0
stat.pool.100.memq.rfo.ahead_total_pkts_bucket.5_8 = 115
stat.pool.100.memq.rfo.ahead_total_bytes_bucket.1025_4096 = 0
stat.pool.100.memq.rfo.queue_wait_bucket.4096_plus = 0
stat.pool.100.memq.rfo.service_bucket.4096_plus = 0
stat.pool.100.memq.rfo.total_bucket.4096_plus = 0
stat.pool.100.memq.rfo.ahead_total_pkts_bucket.9_plus = 0
stat.pool.100.memq.rfo.ahead_total_bytes_bucket.4097_plus = 0
stat.pool.100.respq.rfo.attempted = 2452
stat.pool.100.respq.rfo.completed = 2452
stat.pool.100.respq.rfo.can_send_blocked = 0
stat.pool.100.respq.rfo.send_failed = 0
stat.pool.100.respq.rfo.wait_avg_cycles = 0
stat.pool.100.respq.rfo.wait_max_cycles = 0
stat.pool.100.memq.write.completed = 6130
stat.pool.100.memq.write.response_completed = 0
stat.pool.100.memq.write.queue_wait_avg_cycles = 1
stat.pool.100.memq.write.queue_wait_max_cycles = 1
stat.pool.100.memq.write.service_avg_cycles = 75
stat.pool.100.memq.write.service_max_cycles = 75
stat.pool.100.memq.write.total_avg_cycles = 76
stat.pool.100.memq.write.total_max_cycles = 76
stat.pool.100.memq.write.ahead_pkts_avg.load = 0.241109
stat.pool.100.memq.write.ahead_pkts_max.load = 5
stat.pool.100.memq.write.ahead_bytes_avg.load = 15.431
stat.pool.100.memq.write.ahead_bytes_max.load = 320
stat.pool.100.memq.write.ahead_pkts_avg.rfo = 0.113214
stat.pool.100.memq.write.ahead_pkts_max.rfo = 4
stat.pool.100.memq.write.ahead_bytes_avg.rfo = 7.24568
stat.pool.100.memq.write.ahead_bytes_max.rfo = 256
stat.pool.100.memq.write.ahead_pkts_avg.write = 0.671778
stat.pool.100.memq.write.ahead_pkts_max.write = 3
stat.pool.100.memq.write.ahead_bytes_avg.write = 42.9938
stat.pool.100.memq.write.ahead_bytes_max.write = 192
stat.pool.100.memq.write.ahead_pkts_avg.other = 0.000978793
stat.pool.100.memq.write.ahead_pkts_max.other = 1
stat.pool.100.memq.write.ahead_bytes_avg.other = 0.0626427
stat.pool.100.memq.write.ahead_bytes_max.other = 64
stat.pool.100.memq.write.queue_wait_bucket.0 = 0
stat.pool.100.memq.write.service_bucket.0 = 0
stat.pool.100.memq.write.total_bucket.0 = 0
stat.pool.100.memq.write.ahead_total_pkts_bucket.0 = 2521
stat.pool.100.memq.write.ahead_total_bytes_bucket.0 = 2521
stat.pool.100.memq.write.queue_wait_bucket.1_63 = 6130
stat.pool.100.memq.write.service_bucket.1_63 = 0
stat.pool.100.memq.write.total_bucket.1_63 = 0
stat.pool.100.memq.write.ahead_total_pkts_bucket.1 = 1833
stat.pool.100.memq.write.ahead_total_bytes_bucket.1_64 = 1833
stat.pool.100.memq.write.queue_wait_bucket.64_255 = 0
stat.pool.100.memq.write.service_bucket.64_255 = 6130
stat.pool.100.memq.write.total_bucket.64_255 = 6130
stat.pool.100.memq.write.ahead_total_pkts_bucket.2 = 1104
stat.pool.100.memq.write.ahead_total_bytes_bucket.65_256 = 1727
stat.pool.100.memq.write.queue_wait_bucket.256_1023 = 0
stat.pool.100.memq.write.service_bucket.256_1023 = 0
stat.pool.100.memq.write.total_bucket.256_1023 = 0
stat.pool.100.memq.write.ahead_total_pkts_bucket.3_4 = 623
stat.pool.100.memq.write.ahead_total_bytes_bucket.257_1024 = 49
stat.pool.100.memq.write.queue_wait_bucket.1024_4095 = 0
stat.pool.100.memq.write.service_bucket.1024_4095 = 0
stat.pool.100.memq.write.total_bucket.1024_4095 = 0
stat.pool.100.memq.write.ahead_total_pkts_bucket.5_8 = 49
stat.pool.100.memq.write.ahead_total_bytes_bucket.1025_4096 = 0
stat.pool.100.memq.write.queue_wait_bucket.4096_plus = 0
stat.pool.100.memq.write.service_bucket.4096_plus = 0
stat.pool.100.memq.write.total_bucket.4096_plus = 0
stat.pool.100.memq.write.ahead_total_pkts_bucket.9_plus = 0
stat.pool.100.memq.write.ahead_total_bytes_bucket.4097_plus = 0
stat.pool.100.respq.write.attempted = 0
stat.pool.100.respq.write.completed = 0
stat.pool.100.respq.write.can_send_blocked = 0
stat.pool.100.respq.write.send_failed = 0
stat.pool.100.respq.write.wait_avg_cycles = 0
stat.pool.100.respq.write.wait_max_cycles = 0
stat.pool.100.memq.other.completed = 12
stat.pool.100.memq.other.response_completed = 12
stat.pool.100.memq.other.queue_wait_avg_cycles = 1.33333
stat.pool.100.memq.other.queue_wait_max_cycles = 4
stat.pool.100.memq.other.service_avg_cycles = 75
stat.pool.100.memq.other.service_max_cycles = 75
stat.pool.100.memq.other.total_avg_cycles = 76.3333
stat.pool.100.memq.other.total_max_cycles = 79
stat.pool.100.memq.other.ahead_pkts_avg.load = 1
stat.pool.100.memq.other.ahead_pkts_max.load = 3
stat.pool.100.memq.other.ahead_bytes_avg.load = 64
stat.pool.100.memq.other.ahead_bytes_max.load = 192
stat.pool.100.memq.other.ahead_pkts_avg.rfo = 0.583333
stat.pool.100.memq.other.ahead_pkts_max.rfo = 2
stat.pool.100.memq.other.ahead_bytes_avg.rfo = 37.3333
stat.pool.100.memq.other.ahead_bytes_max.rfo = 128
stat.pool.100.memq.other.ahead_pkts_avg.write = 1.75
stat.pool.100.memq.other.ahead_pkts_max.write = 3
stat.pool.100.memq.other.ahead_bytes_avg.write = 112
stat.pool.100.memq.other.ahead_bytes_max.write = 192
stat.pool.100.memq.other.ahead_pkts_avg.other = 0
stat.pool.100.memq.other.ahead_pkts_max.other = 0
stat.pool.100.memq.other.ahead_bytes_avg.other = 0
stat.pool.100.memq.other.ahead_bytes_max.other = 0
stat.pool.100.memq.other.queue_wait_bucket.0 = 0
stat.pool.100.memq.other.service_bucket.0 = 0
stat.pool.100.memq.other.total_bucket.0 = 0
stat.pool.100.memq.other.ahead_total_pkts_bucket.0 = 0
stat.pool.100.memq.other.ahead_total_bytes_bucket.0 = 0
stat.pool.100.memq.other.queue_wait_bucket.1_63 = 12
stat.pool.100.memq.other.service_bucket.1_63 = 0
stat.pool.100.memq.other.total_bucket.1_63 = 0
stat.pool.100.memq.other.ahead_total_pkts_bucket.1 = 2
stat.pool.100.memq.other.ahead_total_bytes_bucket.1_64 = 2
stat.pool.100.memq.other.queue_wait_bucket.64_255 = 0
stat.pool.100.memq.other.service_bucket.64_255 = 12
stat.pool.100.memq.other.total_bucket.64_255 = 12
stat.pool.100.memq.other.ahead_total_pkts_bucket.2 = 4
stat.pool.100.memq.other.ahead_total_bytes_bucket.65_256 = 6
stat.pool.100.memq.other.queue_wait_bucket.256_1023 = 0
stat.pool.100.memq.other.service_bucket.256_1023 = 0
stat.pool.100.memq.other.total_bucket.256_1023 = 0
stat.pool.100.memq.other.ahead_total_pkts_bucket.3_4 = 2
stat.pool.100.memq.other.ahead_total_bytes_bucket.257_1024 = 4
stat.pool.100.memq.other.queue_wait_bucket.1024_4095 = 0
stat.pool.100.memq.other.service_bucket.1024_4095 = 0
stat.pool.100.memq.other.total_bucket.1024_4095 = 0
stat.pool.100.memq.other.ahead_total_pkts_bucket.5_8 = 4
stat.pool.100.memq.other.ahead_total_bytes_bucket.1025_4096 = 0
stat.pool.100.memq.other.queue_wait_bucket.4096_plus = 0
stat.pool.100.memq.other.service_bucket.4096_plus = 0
stat.pool.100.memq.other.total_bucket.4096_plus = 0
stat.pool.100.memq.other.ahead_total_pkts_bucket.9_plus = 0
stat.pool.100.memq.other.ahead_total_bytes_bucket.4097_plus = 0
stat.pool.100.respq.other.attempted = 12
stat.pool.100.respq.other.completed = 12
stat.pool.100.respq.other.can_send_blocked = 0
stat.pool.100.respq.other.send_failed = 0
stat.pool.100.respq.other.wait_avg_cycles = 0
stat.pool.100.respq.other.wait_max_cycles = 0
stat.pool.100.response.returned_burst_max_pkts = 1
stat.pool.100.response.returned_burst_avg_pkts = 1
stat.pool.100.response.returned_burst_stddev_pkts = 0
stat.pool.100.response.returned_nonempty_frac = 0.00531464
stat.pool.100.response.sent_burst_max_pkts = 1
stat.pool.100.response.sent_burst_avg_pkts = 1
stat.pool.100.response.sent_burst_stddev_pkts = 0
stat.pool.100.response.sent_nonempty_frac = 0.00531464
stat.pool.100.response.blocked_cycles = 0
stat.pool.100.response.blocked_avg_pending_pkts = 0
stat.pool.100.response.blocked_max_pending_pkts = 0
stat.pool.100.response.returned_occ_avg_pkts = 0.00531464
stat.pool.100.response.returned_occ_stddev_pkts = 0.0727076
stat.pool.100.response.returned_occ_max_pkts = 1
stat.pool.100.response.pending_occ_avg = 0.409991
stat.pool.100.response.pending_occ_stddev = 0.885341
stat.pool.100.response.pending_occ_max = 8
stat.pool.100.request.accept_src.distinct_avg = 1
stat.pool.100.request.accept_src.distinct_max = 1
stat.pool.100.request.accept_src.nonempty_frac = 0.00920976
stat.pool.100.request.blocked_src.distinct_avg = 0
stat.pool.100.request.blocked_src.distinct_max = 0
stat.pool.100.request.blocked_src.nonempty_frac = 0
stat.pool.100.pending.src.distinct_avg = 1
stat.pool.100.pending.src.distinct_max = 1
stat.pool.100.pending.src.nonempty_frac = 0.236525
stat.pool.100.pending.ready_src.distinct_avg = 0
stat.pool.100.pending.ready_src.distinct_max = 0
stat.pool.100.pending.ready_src.nonempty_frac = 0
stat.pool.100.response.ready_src.distinct_avg = 1
stat.pool.100.response.ready_src.distinct_max = 1
stat.pool.100.response.ready_src.nonempty_frac = 0.00531464
stat.pool.100.response.sent_dst.distinct_avg = 1
stat.pool.100.response.sent_dst.distinct_max = 1
stat.pool.100.response.sent_dst.nonempty_frac = 0.00531464
stat.pool.100.pending_episode.count = 3499
stat.pool.100.pending_episode.avg_cycles = 106.383
stat.pool.100.pending_episode.max_cycles = 383
stat.pool.100.pending_episode.avg_peak_occ = 2.21149
stat.pool.100.pending_episode.max_peak_occ = 8
stat.pool.100.pending_episode.avg_accepted = 2.8431
stat.pool.100.pending_episode.max_accepted = 12
stat.pool.100.pending_episode.avg_sent = 2.3904
stat.pool.100.pending_episode.max_sent = 8
stat.pool.100.pending_episode.avg_pending_distinct_src = 1
stat.pool.100.pending_episode.max_pending_distinct_src = 1
stat.pool.100.pending_episode.avg_ready_distinct_src = 0
stat.pool.100.pending_episode.max_ready_distinct_src = 0
stat.pool.100.pending_episode.avg_sent_distinct_dst = 1
stat.pool.100.pending_episode.max_sent_distinct_dst = 1
stat.pool.100.response.returned_episode.count = 8364
stat.pool.100.response.returned_episode.avg_cycles = 1
stat.pool.100.response.returned_episode.max_cycles = 1
stat.pool.100.response.returned_episode.avg_peak_occ = 1
stat.pool.100.response.returned_episode.max_peak_occ = 1
stat.pool.100.response.returned_episode.avg_sent = 1
stat.pool.100.response.returned_episode.max_sent = 1
stat.pool.100.response.returned_episode.avg_ready_distinct_src = 1
stat.pool.100.response.returned_episode.max_ready_distinct_src = 1
stat.pool.100.response.returned_episode.avg_sent_distinct_dst = 1
stat.pool.100.response.returned_episode.max_sent_distinct_dst = 1
stat.pool.100.node.0.pending_occ_avg = 0.409991
stat.pool.100.node.0.pending_occ_max = 8
stat.pool.100.node.0.ready_occ_avg = 0
stat.pool.100.node.0.ready_occ_max = 0
stat.pool.100.node.0.pending_age_avg_cycles = 38.0733
stat.pool.100.node.0.pending_age_max_cycles = 82
stat.pool.100.node.0.ready_age_avg_cycles = 0
stat.pool.100.node.0.ready_age_max_cycles = 0
stat.pool.100.node.0.request_enqueued.load = 5900
stat.pool.100.node.0.request_blocked.load = 0
stat.pool.100.node.0.response_ready.load = 5900
stat.pool.100.node.0.response_sent.load = 5900
stat.pool.100.node.0.response_blocked.load = 0
stat.pool.100.node.0.pending_occ_avg.load = 0.289228
stat.pool.100.node.0.pending_occ_max.load = 7
stat.pool.100.node.0.ready_occ_avg.load = 0
stat.pool.100.node.0.ready_occ_max.load = 0
stat.pool.100.node.0.mem_ready_avg_cycles.load = 76.1486
stat.pool.100.node.0.mem_ready_max_cycles.load = 81
stat.pool.100.node.0.response_wait_avg_cycles.load = 0
stat.pool.100.node.0.response_wait_max_cycles.load = 0
stat.pool.100.node.0.request_enqueue_gap_avg_cycles.load = 180.085
stat.pool.100.node.0.request_enqueue_gap_max_cycles.load = 1592
stat.pool.100.node.0.response_ready_gap_avg_cycles.load = 180.085
stat.pool.100.node.0.response_ready_gap_max_cycles.load = 1592
stat.pool.100.node.0.response_sent_gap_avg_cycles.load = 180.085
stat.pool.100.node.0.response_sent_gap_max_cycles.load = 1592
stat.pool.100.node.0.total_turnaround_avg_cycles.load = 76.1486
stat.pool.100.node.0.total_turnaround_max_cycles.load = 81
stat.pool.100.node.0.request_enqueued.rfo = 2452
stat.pool.100.node.0.request_blocked.rfo = 0
stat.pool.100.node.0.response_ready.rfo = 2452
stat.pool.100.node.0.response_sent.rfo = 2452
stat.pool.100.node.0.response_blocked.rfo = 0
stat.pool.100.node.0.pending_occ_avg.rfo = 0.120173
stat.pool.100.node.0.pending_occ_max.rfo = 5
stat.pool.100.node.0.ready_occ_avg.rfo = 0
stat.pool.100.node.0.ready_occ_max.rfo = 0
stat.pool.100.node.0.mem_ready_avg_cycles.rfo = 76.1305
stat.pool.100.node.0.mem_ready_max_cycles.rfo = 82
stat.pool.100.node.0.response_wait_avg_cycles.rfo = 0
stat.pool.100.node.0.response_wait_max_cycles.rfo = 0
stat.pool.100.node.0.request_enqueue_gap_avg_cycles.rfo = 433.461
stat.pool.100.node.0.request_enqueue_gap_max_cycles.rfo = 3006
stat.pool.100.node.0.response_ready_gap_avg_cycles.rfo = 433.461
stat.pool.100.node.0.response_ready_gap_max_cycles.rfo = 3006
stat.pool.100.node.0.response_sent_gap_avg_cycles.rfo = 433.461
stat.pool.100.node.0.response_sent_gap_max_cycles.rfo = 3006
stat.pool.100.node.0.total_turnaround_avg_cycles.rfo = 76.1305
stat.pool.100.node.0.total_turnaround_max_cycles.rfo = 82
stat.pool.100.node.0.request_enqueued.write = 6130
stat.pool.100.node.0.request_blocked.write = 0
stat.pool.100.node.0.response_ready.write = 0
stat.pool.100.node.0.response_sent.write = 0
stat.pool.100.node.0.response_blocked.write = 0
stat.pool.100.node.0.pending_occ_avg.write = 0
stat.pool.100.node.0.pending_occ_max.write = 0
stat.pool.100.node.0.ready_occ_avg.write = 0
stat.pool.100.node.0.ready_occ_max.write = 0
stat.pool.100.node.0.mem_ready_avg_cycles.write = 0
stat.pool.100.node.0.mem_ready_max_cycles.write = 0
stat.pool.100.node.0.response_wait_avg_cycles.write = 0
stat.pool.100.node.0.response_wait_max_cycles.write = 0
stat.pool.100.node.0.request_enqueue_gap_avg_cycles.write = 173.229
stat.pool.100.node.0.request_enqueue_gap_max_cycles.write = 1434
stat.pool.100.node.0.response_ready_gap_avg_cycles.write = 0
stat.pool.100.node.0.response_ready_gap_max_cycles.write = 0
stat.pool.100.node.0.response_sent_gap_avg_cycles.write = 0
stat.pool.100.node.0.response_sent_gap_max_cycles.write = 0
stat.pool.100.node.0.total_turnaround_avg_cycles.write = 0
stat.pool.100.node.0.total_turnaround_max_cycles.write = 0
stat.pool.100.node.0.request_enqueued.other = 12
stat.pool.100.node.0.request_blocked.other = 0
stat.pool.100.node.0.response_ready.other = 12
stat.pool.100.node.0.response_sent.other = 12
stat.pool.100.node.0.response_blocked.other = 0
stat.pool.100.node.0.pending_occ_avg.other = 0.000589669
stat.pool.100.node.0.pending_occ_max.other = 1
stat.pool.100.node.0.ready_occ_avg.other = 0
stat.pool.100.node.0.ready_occ_max.other = 0
stat.pool.100.node.0.mem_ready_avg_cycles.other = 76.3333
stat.pool.100.node.0.mem_ready_max_cycles.other = 79
stat.pool.100.node.0.response_wait_avg_cycles.other = 0
stat.pool.100.node.0.response_wait_max_cycles.other = 0
stat.pool.100.node.0.request_enqueue_gap_avg_cycles.other = 95865.5
stat.pool.100.node.0.request_enqueue_gap_max_cycles.other = 232448
stat.pool.100.node.0.response_ready_gap_avg_cycles.other = 95865.5
stat.pool.100.node.0.response_ready_gap_max_cycles.other = 232449
stat.pool.100.node.0.response_sent_gap_avg_cycles.other = 95865.5
stat.pool.100.node.0.response_sent_gap_max_cycles.other = 232449
stat.pool.100.node.0.total_turnaround_avg_cycles.other = 76.3333
stat.pool.100.node.0.total_turnaround_max_cycles.other = 79
stat.pool.100.fabric.ingress_wait_avg_cycles = 136.052
stat.pool.100.fabric.egress_wait_avg_cycles = 1
stat.pool.100.fabric.ingress_wait_max_cycles = 146
stat.pool.100.fabric.egress_wait_max_cycles = 1
stat.pool.100.fabric.ingress_queue_wait_avg_cycles = 3.17
stat.pool.100.fabric.ingress_queue_wait_max_cycles = 22
stat.pool.100.fabric.ingress_occ_bytes = 0
stat.pool.100.fabric.ready_wait_avg_cycles = 0
stat.pool.100.fabric.ready_wait_max_cycles = 0
stat.pool.100.fabric.ready_occ_avg_pkts = 0.00920976
stat.pool.100.fabric.ready_occ_pkts = 0
stat.pool.100.fabric.ready_occ_max_pkts = 1
stat.pool.100.fabric.ready_retry_count = 0
stat.pool.100.fabric.ingress_arrival_burst_max_pkts = 1
stat.pool.100.fabric.ingress_arrival_burst_max_bytes = 64
stat.pool.100.fabric.ingress_arrival_burst_avg_pkts = 1
stat.pool.100.fabric.ingress_arrival_burst_avg_bytes = 31.6843
stat.pool.100.fabric.ingress_arrival_burst_stddev_pkts = 0
stat.pool.100.fabric.ingress_arrival_burst_stddev_bytes = 27.6654
stat.pool.100.fabric.ingress_arrival_nonempty_frac = 0.00920976
stat.pool.100.fabric.ingress_arrival_run_max_cycles = 1
stat.pool.100.fabric.ingress_arrival_run_avg_cycles = 1
stat.pool.100.fabric.ingress_arrival_run_stddev_cycles = 0
stat.pool.100.fabric.ingress_arrival_gap_max_cycles = 770
stat.pool.100.fabric.ingress_arrival_gap_avg_cycles = 72.3039
stat.pool.100.fabric.ingress_arrival_gap_stddev_cycles = 110.503
stat.pool.100.fabric.ingress_release_burst_max_pkts = 1
stat.pool.100.fabric.ingress_release_burst_max_bytes = 64
stat.pool.100.fabric.ingress_release_burst_avg_pkts = 1
stat.pool.100.fabric.ingress_release_burst_avg_bytes = 31.6843
stat.pool.100.fabric.ingress_release_burst_stddev_pkts = 0
stat.pool.100.fabric.ingress_release_burst_stddev_bytes = 27.6654
stat.pool.100.fabric.ingress_release_nonempty_frac = 0.00920976
stat.pool.100.fabric.ingress_release_run_max_cycles = 1
stat.pool.100.fabric.ingress_release_run_avg_cycles = 1
stat.pool.100.fabric.ingress_release_run_stddev_cycles = 0
stat.pool.100.fabric.ingress_release_gap_max_cycles = 791
stat.pool.100.fabric.ingress_release_gap_avg_cycles = 72.3161
stat.pool.100.fabric.ingress_release_gap_stddev_cycles = 115.044
stat.pool.100.fabric.ingress_occ_avg_bytes = 41.3616
stat.pool.100.fabric.ingress_occ_stddev_bytes = 64.3975
stat.pool.100.fabric.ingress_occ_max_bytes = 408
stat.pool.100.fabric.ingress_occ_nonempty_frac = 0.436132
stat.pool.100.fabric.ingress_occ_run_max_cycles = 1528
stat.pool.100.fabric.ingress_occ_run_avg_cycles = 305.869
stat.pool.100.fabric.ingress_occ_run_stddev_cycles = 145.181
stat.pool.100.fabric.ingress_occ_gap_max_cycles = 648
stat.pool.100.fabric.ingress_occ_gap_avg_cycles = 167.735
stat.pool.100.fabric.ingress_occ_gap_stddev_cycles = 127.07
stat.pool.100.fabric.rx_bytes.demand_req = 66816
stat.pool.100.fabric.tx_bytes.demand_req = 0
stat.pool.100.fabric.rx_pkts.demand_req = 8352
stat.pool.100.fabric.tx_pkts.demand_req = 0
stat.pool.100.fabric.rx_bytes.write_req = 392320
stat.pool.100.fabric.tx_bytes.write_req = 0
stat.pool.100.fabric.rx_pkts.write_req = 6130
stat.pool.100.fabric.tx_pkts.write_req = 0
stat.pool.100.fabric.rx_bytes.response = 0
stat.pool.100.fabric.tx_bytes.response = 535296
stat.pool.100.fabric.rx_pkts.response = 0
stat.pool.100.fabric.tx_pkts.response = 8364
stat.pool.100.fabric.rx_bytes.other_req = 96
stat.pool.100.fabric.tx_bytes.other_req = 0
stat.pool.100.fabric.rx_pkts.other_req = 12
stat.pool.100.fabric.tx_pkts.other_req = 0
stat.pool.100.port.switch.ingress_wait_avg_cycles = 136.052
stat.pool.100.port.switch.ingress_wait_max_cycles = 146
stat.pool.100.port.switch.egress_wait_avg_cycles = 1
stat.pool.100.port.switch.egress_wait_max_cycles = 1
stat.pool.100.port.switch.ingress_queue_wait_avg_cycles = 3.17
stat.pool.100.port.switch.ingress_queue_wait_max_cycles = 22
stat.pool.100.port.switch.egress_occ_avg_bytes = 0
stat.pool.100.port.switch.egress_occ_stddev_bytes = 0
stat.pool.100.port.switch.egress_occ_max_bytes = 0
stat.pool.100.port.switch.egress_occ_nonempty_frac = 0
stat.pool.100.port.switch.egress_blocked_cycles = 0
stat.pool.100.port.switch.egress_blocked_nonempty_frac = 0
stat.pool.100.port.switch.egress_blocked_avg_occ_bytes = 0
stat.pool.100.port.switch.egress_blocked_max_occ_bytes = 0
stat.pool.100.port.switch.egress_send_burst_max_pkts = 1
stat.pool.100.port.switch.egress_send_burst_max_bytes = 64
stat.pool.100.port.switch.egress_send_burst_avg_pkts = 1
stat.pool.100.port.switch.egress_send_burst_avg_bytes = 64
stat.pool.100.port.switch.egress_send_burst_stddev_pkts = 0
stat.pool.100.port.switch.egress_send_burst_stddev_bytes = 0
stat.pool.100.port.switch.egress_send_nonempty_frac = 0.00531464
stat.pool.100.port.switch.ingress_arrival_burst_avg_bytes = 31.6843
stat.pool.100.port.switch.ingress_arrival_nonempty_frac = 0.00920976
stat.pool.100.port.switch.ingress_arrival_run_max_cycles = 1
stat.pool.100.port.switch.ingress_arrival_run_avg_cycles = 1
stat.pool.100.port.switch.ingress_arrival_gap_max_cycles = 770
stat.pool.100.port.switch.ingress_arrival_gap_avg_cycles = 72.3039
stat.pool.100.port.switch.ingress_release_burst_avg_bytes = 31.6843
stat.pool.100.port.switch.ingress_release_nonempty_frac = 0.00920976
stat.pool.100.port.switch.ingress_release_run_max_cycles = 1
stat.pool.100.port.switch.ingress_release_run_avg_cycles = 1
stat.pool.100.port.switch.ingress_release_gap_max_cycles = 791
stat.pool.100.port.switch.ingress_release_gap_avg_cycles = 72.3161
stat.pool.100.port.switch.ingress_occ_avg_bytes = 41.3616
stat.pool.100.port.switch.ingress_occ_stddev_bytes = 64.3975
stat.pool.100.port.switch.ingress_occ_max_bytes = 408
stat.pool.100.port.switch.ingress_occ_nonempty_frac = 0.436132
stat.pool.100.port.switch.ingress_occ_run_max_cycles = 1528
stat.pool.100.port.switch.ingress_occ_run_avg_cycles = 305.869
stat.pool.100.port.switch.ingress_occ_gap_max_cycles = 648
stat.pool.100.port.switch.ingress_occ_gap_avg_cycles = 167.735
stat.pool.100.port.switch.ingress_wait_avg_cycles.demand_req = 129.492
stat.pool.100.port.switch.ingress_wait_max_cycles.demand_req = 146
stat.pool.100.port.switch.ingress_queue_wait_avg_cycles.demand_req = 5.49174
stat.pool.100.port.switch.ingress_queue_wait_max_cycles.demand_req = 22
stat.pool.100.port.switch.egress_wait_avg_cycles.demand_req = 0
stat.pool.100.port.switch.egress_wait_max_cycles.demand_req = 0
stat.pool.100.port.switch.egress_occ_avg_bytes.demand_req = 0
stat.pool.100.port.switch.egress_occ_max_bytes.demand_req = 0
stat.pool.100.port.switch.egress_blocked_cycles.demand_req = 0
stat.pool.100.port.switch.ingress_arrival_empty_packets.demand_req = 655
stat.pool.100.port.switch.ingress_arrival_nonempty_packets.demand_req = 7697
stat.pool.100.port.switch.ingress_arrival_nonempty_packet_frac.demand_req = 0.921576
stat.pool.100.port.switch.ingress_nonempty_arrival_pre_occ_avg_bytes.demand_req = 120.933
stat.pool.100.port.switch.ingress_nonempty_arrival_pre_occ_max_bytes.demand_req = 400
stat.pool.100.port.switch.ingress_release_after_empty_arrival_packets.demand_req = 655
stat.pool.100.port.switch.ingress_release_after_nonempty_arrival_packets.demand_req = 7697
stat.pool.100.port.switch.ingress_wait_after_empty_arrival_avg_cycles.demand_req = 124
stat.pool.100.port.switch.ingress_wait_after_nonempty_arrival_avg_cycles.demand_req = 129.959
stat.pool.100.port.switch.ingress_queue_wait_after_empty_arrival_avg_cycles.demand_req = 0
stat.pool.100.port.switch.ingress_queue_wait_after_nonempty_arrival_avg_cycles.demand_req = 5.95907
stat.pool.100.port.switch.ingress_queue_wait_after_empty_arrival_max_cycles.demand_req = 0
stat.pool.100.port.switch.ingress_queue_wait_after_nonempty_arrival_max_cycles.demand_req = 22
stat.pool.100.port.switch.rx_bytes.demand_req = 66816
stat.pool.100.port.switch.tx_bytes.demand_req = 0
stat.pool.100.port.switch.rx_pkts.demand_req = 8352
stat.pool.100.port.switch.tx_pkts.demand_req = 0
stat.pool.100.port.switch.ingress_wait_avg_cycles.write_req = 145.005
stat.pool.100.port.switch.ingress_wait_max_cycles.write_req = 146
stat.pool.100.port.switch.ingress_queue_wait_avg_cycles.write_req = 0.00489396
stat.pool.100.port.switch.ingress_queue_wait_max_cycles.write_req = 1
stat.pool.100.port.switch.egress_wait_avg_cycles.write_req = 0
stat.pool.100.port.switch.egress_wait_max_cycles.write_req = 0
stat.pool.100.port.switch.egress_occ_avg_bytes.write_req = 0
stat.pool.100.port.switch.egress_occ_max_bytes.write_req = 0
stat.pool.100.port.switch.egress_blocked_cycles.write_req = 0
stat.pool.100.port.switch.ingress_arrival_empty_packets.write_req = 1589
stat.pool.100.port.switch.ingress_arrival_nonempty_packets.write_req = 4541
stat.pool.100.port.switch.ingress_arrival_nonempty_packet_frac.write_req = 0.740783
stat.pool.100.port.switch.ingress_nonempty_arrival_pre_occ_avg_bytes.write_req = 102.511
stat.pool.100.port.switch.ingress_nonempty_arrival_pre_occ_max_bytes.write_req = 336
stat.pool.100.port.switch.ingress_release_after_empty_arrival_packets.write_req = 1589
stat.pool.100.port.switch.ingress_release_after_nonempty_arrival_packets.write_req = 4541
stat.pool.100.port.switch.ingress_wait_after_empty_arrival_avg_cycles.write_req = 145
stat.pool.100.port.switch.ingress_wait_after_nonempty_arrival_avg_cycles.write_req = 145.007
stat.pool.100.port.switch.ingress_queue_wait_after_empty_arrival_avg_cycles.write_req = 0
stat.pool.100.port.switch.ingress_queue_wait_after_nonempty_arrival_avg_cycles.write_req = 0.00660647
stat.pool.100.port.switch.ingress_queue_wait_after_empty_arrival_max_cycles.write_req = 0
stat.pool.100.port.switch.ingress_queue_wait_after_nonempty_arrival_max_cycles.write_req = 1
stat.pool.100.port.switch.rx_bytes.write_req = 392320
stat.pool.100.port.switch.tx_bytes.write_req = 0
stat.pool.100.port.switch.rx_pkts.write_req = 6130
stat.pool.100.port.switch.tx_pkts.write_req = 0
stat.pool.100.port.switch.ingress_wait_avg_cycles.response = 0
stat.pool.100.port.switch.ingress_wait_max_cycles.response = 0
stat.pool.100.port.switch.ingress_queue_wait_avg_cycles.response = 0
stat.pool.100.port.switch.ingress_queue_wait_max_cycles.response = 0
stat.pool.100.port.switch.egress_wait_avg_cycles.response = 1
stat.pool.100.port.switch.egress_wait_max_cycles.response = 1
stat.pool.100.port.switch.egress_occ_avg_bytes.response = 0
stat.pool.100.port.switch.egress_occ_max_bytes.response = 0
stat.pool.100.port.switch.egress_blocked_cycles.response = 0
stat.pool.100.port.switch.ingress_arrival_empty_packets.response = 0
stat.pool.100.port.switch.ingress_arrival_nonempty_packets.response = 0
stat.pool.100.port.switch.ingress_arrival_nonempty_packet_frac.response = 0
stat.pool.100.port.switch.ingress_nonempty_arrival_pre_occ_avg_bytes.response = 0
stat.pool.100.port.switch.ingress_nonempty_arrival_pre_occ_max_bytes.response = 0
stat.pool.100.port.switch.ingress_release_after_empty_arrival_packets.response = 0
stat.pool.100.port.switch.ingress_release_after_nonempty_arrival_packets.response = 0
stat.pool.100.port.switch.ingress_wait_after_empty_arrival_avg_cycles.response = 0
stat.pool.100.port.switch.ingress_wait_after_nonempty_arrival_avg_cycles.response = 0
stat.pool.100.port.switch.ingress_queue_wait_after_empty_arrival_avg_cycles.response = 0
stat.pool.100.port.switch.ingress_queue_wait_after_nonempty_arrival_avg_cycles.response = 0
stat.pool.100.port.switch.ingress_queue_wait_after_empty_arrival_max_cycles.response = 0
stat.pool.100.port.switch.ingress_queue_wait_after_nonempty_arrival_max_cycles.response = 0
stat.pool.100.port.switch.rx_bytes.response = 0
stat.pool.100.port.switch.tx_bytes.response = 535296
stat.pool.100.port.switch.rx_pkts.response = 0
stat.pool.100.port.switch.tx_pkts.response = 8364
stat.pool.100.port.switch.ingress_wait_avg_cycles.other_req = 128.083
stat.pool.100.port.switch.ingress_wait_max_cycles.other_req = 146
stat.pool.100.port.switch.ingress_queue_wait_avg_cycles.other_req = 4.08333
stat.pool.100.port.switch.ingress_queue_wait_max_cycles.other_req = 22
stat.pool.100.port.switch.egress_wait_avg_cycles.other_req = 0
stat.pool.100.port.switch.egress_wait_max_cycles.other_req = 0
stat.pool.100.port.switch.egress_occ_avg_bytes.other_req = 0
stat.pool.100.port.switch.egress_occ_max_bytes.other_req = 0
stat.pool.100.port.switch.egress_blocked_cycles.other_req = 0
stat.pool.100.port.switch.ingress_arrival_empty_packets.other_req = 0
stat.pool.100.port.switch.ingress_arrival_nonempty_packets.other_req = 12
stat.pool.100.port.switch.ingress_arrival_nonempty_packet_frac.other_req = 1
stat.pool.100.port.switch.ingress_nonempty_arrival_pre_occ_avg_bytes.other_req = 166.667
stat.pool.100.port.switch.ingress_nonempty_arrival_pre_occ_max_bytes.other_req = 272
stat.pool.100.port.switch.ingress_release_after_empty_arrival_packets.other_req = 0
stat.pool.100.port.switch.ingress_release_after_nonempty_arrival_packets.other_req = 12
stat.pool.100.port.switch.ingress_wait_after_empty_arrival_avg_cycles.other_req = 0
stat.pool.100.port.switch.ingress_wait_after_nonempty_arrival_avg_cycles.other_req = 128.083
stat.pool.100.port.switch.ingress_queue_wait_after_empty_arrival_avg_cycles.other_req = 0
stat.pool.100.port.switch.ingress_queue_wait_after_nonempty_arrival_avg_cycles.other_req = 4.08333
stat.pool.100.port.switch.ingress_queue_wait_after_empty_arrival_max_cycles.other_req = 0
stat.pool.100.port.switch.ingress_queue_wait_after_nonempty_arrival_max_cycles.other_req = 22
stat.pool.100.port.switch.rx_bytes.other_req = 96
stat.pool.100.port.switch.tx_bytes.other_req = 0
stat.pool.100.port.switch.rx_pkts.other_req = 12
stat.pool.100.port.switch.tx_pkts.other_req = 0
stat.pool.100.port.switch.ingress_occ_bucket_bytes.0 = 887396
stat.pool.100.port.switch.ready_occ_bucket_bytes.0 = 1559271
stat.pool.100.port.switch.ingress_occ_bucket_bytes.1_64 = 256677
stat.pool.100.port.switch.ready_occ_bucket_bytes.1_64 = 14494
stat.pool.100.port.switch.ingress_occ_bucket_bytes.65_256 = 412597
stat.pool.100.port.switch.ready_occ_bucket_bytes.65_256 = 0
stat.pool.100.port.switch.ingress_occ_bucket_bytes.257_1024 = 17095
stat.pool.100.port.switch.ready_occ_bucket_bytes.257_1024 = 0
stat.pool.100.port.switch.ingress_occ_bucket_bytes.1025_4096 = 0
stat.pool.100.port.switch.ready_occ_bucket_bytes.1025_4096 = 0
stat.pool.100.port.switch.ingress_occ_bucket_bytes.4097_plus = 0
stat.pool.100.port.switch.ready_occ_bucket_bytes.4097_plus = 0
stat.pool.100.port.switch.ingress_episode.count = 2244
stat.pool.100.port.switch.ingress_episode.avg_cycles = 305.869
stat.pool.100.port.switch.ingress_episode.max_cycles = 1528
stat.pool.100.port.switch.ingress_episode.avg_peak_occ_bytes = 148.709
stat.pool.100.port.switch.ingress_episode.max_peak_occ_bytes = 408
stat.pool.100.port.switch.ingress_episode.avg_arrival_pkts = 6.459
stat.pool.100.port.switch.ingress_episode.max_arrival_pkts = 31
stat.pool.100.port.switch.ingress_episode.avg_arrival_bytes = 204.649
stat.pool.100.port.switch.ingress_episode.max_arrival_bytes = 1088
stat.pool.100.port.switch.ingress_episode.avg_release_pkts = 6.459
stat.pool.100.port.switch.ingress_episode.max_release_pkts = 31
stat.pool.100.port.switch.ingress_episode.avg_release_bytes = 204.649
stat.pool.100.port.switch.ingress_episode.max_release_bytes = 1088
stat.pool.100.port.switch.ingress_episode.avg_wait_cycles = 878.758
stat.pool.100.port.switch.ingress_episode.max_wait_cycles = 146
stat.pool.100.port.switch.ingress_episode.avg_queue_wait_cycles = 20.475
stat.pool.100.port.switch.ingress_episode.max_queue_wait_cycles = 22
stat.pool.100.port.switch.ingress_episode.avg_src_distinct = 1
stat.pool.100.port.switch.ingress_episode.max_src_distinct = 1
stat.pool.100.port.switch.ingress_episode.avg_dst_distinct = 1
stat.pool.100.port.switch.ingress_episode.max_dst_distinct = 1
stat.pool.100.port.switch.ingress_episode.avg_arrival_pkts.demand_req = 3.72193
stat.pool.100.port.switch.ingress_episode.max_arrival_pkts.demand_req = 16
stat.pool.100.port.switch.ingress_episode.avg_release_pkts.demand_req = 3.72193
stat.pool.100.port.switch.ingress_episode.max_release_pkts.demand_req = 16
stat.pool.100.port.switch.ingress_pre_occ_bucket.demand_req.0 = 655
stat.pool.100.port.switch.ingress_queue_wait_bucket.demand_req.0 = 5605
stat.pool.100.port.switch.ingress_pre_occ_bucket.demand_req.1_64 = 1891
stat.pool.100.port.switch.ingress_queue_wait_bucket.demand_req.1_63 = 2747
stat.pool.100.port.switch.ingress_pre_occ_bucket.demand_req.65_256 = 5431
stat.pool.100.port.switch.ingress_queue_wait_bucket.demand_req.64_255 = 0
stat.pool.100.port.switch.ingress_pre_occ_bucket.demand_req.257_1024 = 375
stat.pool.100.port.switch.ingress_queue_wait_bucket.demand_req.256_1023 = 0
stat.pool.100.port.switch.ingress_pre_occ_bucket.demand_req.1025_4096 = 0
stat.pool.100.port.switch.ingress_queue_wait_bucket.demand_req.1024_4095 = 0
stat.pool.100.port.switch.ingress_pre_occ_bucket.demand_req.4097_plus = 0
stat.pool.100.port.switch.ingress_queue_wait_bucket.demand_req.4096_plus = 0
stat.pool.100.port.switch.ingress_episode.avg_arrival_pkts.write_req = 2.73173
stat.pool.100.port.switch.ingress_episode.max_arrival_pkts.write_req = 15
stat.pool.100.port.switch.ingress_episode.avg_release_pkts.write_req = 2.73173
stat.pool.100.port.switch.ingress_episode.max_release_pkts.write_req = 15
stat.pool.100.port.switch.ingress_pre_occ_bucket.write_req.0 = 1589
stat.pool.100.port.switch.ingress_queue_wait_bucket.write_req.0 = 6100
stat.pool.100.port.switch.ingress_pre_occ_bucket.write_req.1_64 = 1632
stat.pool.100.port.switch.ingress_queue_wait_bucket.write_req.1_63 = 30
stat.pool.100.port.switch.ingress_pre_occ_bucket.write_req.65_256 = 2803
stat.pool.100.port.switch.ingress_queue_wait_bucket.write_req.64_255 = 0
stat.pool.100.port.switch.ingress_pre_occ_bucket.write_req.257_1024 = 106
stat.pool.100.port.switch.ingress_queue_wait_bucket.write_req.256_1023 = 0
stat.pool.100.port.switch.ingress_pre_occ_bucket.write_req.1025_4096 = 0
stat.pool.100.port.switch.ingress_queue_wait_bucket.write_req.1024_4095 = 0
stat.pool.100.port.switch.ingress_pre_occ_bucket.write_req.4097_plus = 0
stat.pool.100.port.switch.ingress_queue_wait_bucket.write_req.4096_plus = 0
stat.pool.100.port.switch.ingress_episode.avg_arrival_pkts.response = 0
stat.pool.100.port.switch.ingress_episode.max_arrival_pkts.response = 0
stat.pool.100.port.switch.ingress_episode.avg_release_pkts.response = 0
stat.pool.100.port.switch.ingress_episode.max_release_pkts.response = 0
stat.pool.100.port.switch.ingress_pre_occ_bucket.response.0 = 0
stat.pool.100.port.switch.ingress_queue_wait_bucket.response.0 = 0
stat.pool.100.port.switch.ingress_pre_occ_bucket.response.1_64 = 0
stat.pool.100.port.switch.ingress_queue_wait_bucket.response.1_63 = 0
stat.pool.100.port.switch.ingress_pre_occ_bucket.response.65_256 = 0
stat.pool.100.port.switch.ingress_queue_wait_bucket.response.64_255 = 0
stat.pool.100.port.switch.ingress_pre_occ_bucket.response.257_1024 = 0
stat.pool.100.port.switch.ingress_queue_wait_bucket.response.256_1023 = 0
stat.pool.100.port.switch.ingress_pre_occ_bucket.response.1025_4096 = 0
stat.pool.100.port.switch.ingress_queue_wait_bucket.response.1024_4095 = 0
stat.pool.100.port.switch.ingress_pre_occ_bucket.response.4097_plus = 0
stat.pool.100.port.switch.ingress_queue_wait_bucket.response.4096_plus = 0
stat.pool.100.port.switch.ingress_episode.avg_arrival_pkts.other_req = 0.00534759
stat.pool.100.port.switch.ingress_episode.max_arrival_pkts.other_req = 1
stat.pool.100.port.switch.ingress_episode.avg_release_pkts.other_req = 0.00534759
stat.pool.100.port.switch.ingress_episode.max_release_pkts.other_req = 1
stat.pool.100.port.switch.ingress_pre_occ_bucket.other_req.0 = 0
stat.pool.100.port.switch.ingress_queue_wait_bucket.other_req.0 = 9
stat.pool.100.port.switch.ingress_pre_occ_bucket.other_req.1_64 = 0
stat.pool.100.port.switch.ingress_queue_wait_bucket.other_req.1_63 = 3
stat.pool.100.port.switch.ingress_pre_occ_bucket.other_req.65_256 = 11
stat.pool.100.port.switch.ingress_queue_wait_bucket.other_req.64_255 = 0
stat.pool.100.port.switch.ingress_pre_occ_bucket.other_req.257_1024 = 1
stat.pool.100.port.switch.ingress_queue_wait_bucket.other_req.256_1023 = 0
stat.pool.100.port.switch.ingress_pre_occ_bucket.other_req.1025_4096 = 0
stat.pool.100.port.switch.ingress_queue_wait_bucket.other_req.1024_4095 = 0
stat.pool.100.port.switch.ingress_pre_occ_bucket.other_req.4097_plus = 0
stat.pool.100.port.switch.ingress_queue_wait_bucket.other_req.4096_plus = 0
stat.pool.100.port.switch.peer_src.0.rx_bytes.demand_req = 66816
stat.pool.100.port.switch.peer_src.0.rx_pkts.demand_req = 8352
stat.pool.100.port.switch.peer_src.0.tx_bytes.demand_req = 0
stat.pool.100.port.switch.peer_src.0.tx_pkts.demand_req = 0
stat.pool.100.port.switch.peer_src.0.ingress_arrivals.demand_req = 8352
stat.pool.100.port.switch.peer_src.0.ingress_arrival_nonempty_packet_frac.demand_req = 0.921576
stat.pool.100.port.switch.peer_src.0.ingress_nonempty_arrival_pre_occ_avg_bytes.demand_req = 120.933
stat.pool.100.port.switch.peer_src.0.ingress_nonempty_arrival_pre_occ_max_bytes.demand_req = 400
stat.pool.100.port.switch.peer_src.0.ingress_wait_avg_cycles.demand_req = 129.492
stat.pool.100.port.switch.peer_src.0.ingress_queue_wait_avg_cycles.demand_req = 5.49174
stat.pool.100.port.switch.peer_src.0.ingress_queue_wait_after_nonempty_arrival_avg_cycles.demand_req = 5.95907
stat.pool.100.port.switch.peer_src.0.ingress_pre_occ_bucket.demand_req.0 = 655
stat.pool.100.port.switch.peer_src.0.ingress_queue_wait_bucket.demand_req.0 = 5605
stat.pool.100.port.switch.peer_src.0.ingress_pre_occ_bucket.demand_req.1_64 = 1891
stat.pool.100.port.switch.peer_src.0.ingress_queue_wait_bucket.demand_req.1_63 = 2747
stat.pool.100.port.switch.peer_src.0.ingress_pre_occ_bucket.demand_req.65_256 = 5431
stat.pool.100.port.switch.peer_src.0.ingress_queue_wait_bucket.demand_req.64_255 = 0
stat.pool.100.port.switch.peer_src.0.ingress_pre_occ_bucket.demand_req.257_1024 = 375
stat.pool.100.port.switch.peer_src.0.ingress_queue_wait_bucket.demand_req.256_1023 = 0
stat.pool.100.port.switch.peer_src.0.ingress_pre_occ_bucket.demand_req.1025_4096 = 0
stat.pool.100.port.switch.peer_src.0.ingress_queue_wait_bucket.demand_req.1024_4095 = 0
stat.pool.100.port.switch.peer_src.0.ingress_pre_occ_bucket.demand_req.4097_plus = 0
stat.pool.100.port.switch.peer_src.0.ingress_queue_wait_bucket.demand_req.4096_plus = 0
stat.pool.100.port.switch.peer_src.0.rx_bytes.write_req = 392320
stat.pool.100.port.switch.peer_src.0.rx_pkts.write_req = 6130
stat.pool.100.port.switch.peer_src.0.tx_bytes.write_req = 0
stat.pool.100.port.switch.peer_src.0.tx_pkts.write_req = 0
stat.pool.100.port.switch.peer_src.0.ingress_arrivals.write_req = 6130
stat.pool.100.port.switch.peer_src.0.ingress_arrival_nonempty_packet_frac.write_req = 0.740783
stat.pool.100.port.switch.peer_src.0.ingress_nonempty_arrival_pre_occ_avg_bytes.write_req = 102.511
stat.pool.100.port.switch.peer_src.0.ingress_nonempty_arrival_pre_occ_max_bytes.write_req = 336
stat.pool.100.port.switch.peer_src.0.ingress_wait_avg_cycles.write_req = 145.005
stat.pool.100.port.switch.peer_src.0.ingress_queue_wait_avg_cycles.write_req = 0.00489396
stat.pool.100.port.switch.peer_src.0.ingress_queue_wait_after_nonempty_arrival_avg_cycles.write_req = 0.00660647
stat.pool.100.port.switch.peer_src.0.ingress_pre_occ_bucket.write_req.0 = 1589
stat.pool.100.port.switch.peer_src.0.ingress_queue_wait_bucket.write_req.0 = 6100
stat.pool.100.port.switch.peer_src.0.ingress_pre_occ_bucket.write_req.1_64 = 1632
stat.pool.100.port.switch.peer_src.0.ingress_queue_wait_bucket.write_req.1_63 = 30
stat.pool.100.port.switch.peer_src.0.ingress_pre_occ_bucket.write_req.65_256 = 2803
stat.pool.100.port.switch.peer_src.0.ingress_queue_wait_bucket.write_req.64_255 = 0
stat.pool.100.port.switch.peer_src.0.ingress_pre_occ_bucket.write_req.257_1024 = 106
stat.pool.100.port.switch.peer_src.0.ingress_queue_wait_bucket.write_req.256_1023 = 0
stat.pool.100.port.switch.peer_src.0.ingress_pre_occ_bucket.write_req.1025_4096 = 0
stat.pool.100.port.switch.peer_src.0.ingress_queue_wait_bucket.write_req.1024_4095 = 0
stat.pool.100.port.switch.peer_src.0.ingress_pre_occ_bucket.write_req.4097_plus = 0
stat.pool.100.port.switch.peer_src.0.ingress_queue_wait_bucket.write_req.4096_plus = 0
stat.pool.100.port.switch.peer_src.0.rx_bytes.other_req = 96
stat.pool.100.port.switch.peer_src.0.rx_pkts.other_req = 12
stat.pool.100.port.switch.peer_src.0.tx_bytes.other_req = 0
stat.pool.100.port.switch.peer_src.0.tx_pkts.other_req = 0
stat.pool.100.port.switch.peer_src.0.ingress_arrivals.other_req = 12
stat.pool.100.port.switch.peer_src.0.ingress_arrival_nonempty_packet_frac.other_req = 1
stat.pool.100.port.switch.peer_src.0.ingress_nonempty_arrival_pre_occ_avg_bytes.other_req = 166.667
stat.pool.100.port.switch.peer_src.0.ingress_nonempty_arrival_pre_occ_max_bytes.other_req = 272
stat.pool.100.port.switch.peer_src.0.ingress_wait_avg_cycles.other_req = 128.083
stat.pool.100.port.switch.peer_src.0.ingress_queue_wait_avg_cycles.other_req = 4.08333
stat.pool.100.port.switch.peer_src.0.ingress_queue_wait_after_nonempty_arrival_avg_cycles.other_req = 4.08333
stat.pool.100.port.switch.peer_src.0.ingress_pre_occ_bucket.other_req.0 = 0
stat.pool.100.port.switch.peer_src.0.ingress_queue_wait_bucket.other_req.0 = 9
stat.pool.100.port.switch.peer_src.0.ingress_pre_occ_bucket.other_req.1_64 = 0
stat.pool.100.port.switch.peer_src.0.ingress_queue_wait_bucket.other_req.1_63 = 3
stat.pool.100.port.switch.peer_src.0.ingress_pre_occ_bucket.other_req.65_256 = 11
stat.pool.100.port.switch.peer_src.0.ingress_queue_wait_bucket.other_req.64_255 = 0
stat.pool.100.port.switch.peer_src.0.ingress_pre_occ_bucket.other_req.257_1024 = 1
stat.pool.100.port.switch.peer_src.0.ingress_queue_wait_bucket.other_req.256_1023 = 0
stat.pool.100.port.switch.peer_src.0.ingress_pre_occ_bucket.other_req.1025_4096 = 0
stat.pool.100.port.switch.peer_src.0.ingress_queue_wait_bucket.other_req.1024_4095 = 0
stat.pool.100.port.switch.peer_src.0.ingress_pre_occ_bucket.other_req.4097_plus = 0
stat.pool.100.port.switch.peer_src.0.ingress_queue_wait_bucket.other_req.4096_plus = 0
stat.pool.100.port.switch.peer_dst.100.rx_bytes.demand_req = 66816
stat.pool.100.port.switch.peer_dst.100.rx_pkts.demand_req = 8352
stat.pool.100.port.switch.peer_dst.100.tx_bytes.demand_req = 0
stat.pool.100.port.switch.peer_dst.100.tx_pkts.demand_req = 0
stat.pool.100.port.switch.peer_dst.100.ingress_arrivals.demand_req = 8352
stat.pool.100.port.switch.peer_dst.100.ingress_arrival_nonempty_packet_frac.demand_req = 0.921576
stat.pool.100.port.switch.peer_dst.100.ingress_nonempty_arrival_pre_occ_avg_bytes.demand_req = 120.933
stat.pool.100.port.switch.peer_dst.100.ingress_nonempty_arrival_pre_occ_max_bytes.demand_req = 400
stat.pool.100.port.switch.peer_dst.100.ingress_wait_avg_cycles.demand_req = 129.492
stat.pool.100.port.switch.peer_dst.100.ingress_queue_wait_avg_cycles.demand_req = 5.49174
stat.pool.100.port.switch.peer_dst.100.ingress_queue_wait_after_nonempty_arrival_avg_cycles.demand_req = 5.95907
stat.pool.100.port.switch.peer_dst.100.ingress_pre_occ_bucket.demand_req.0 = 655
stat.pool.100.port.switch.peer_dst.100.ingress_queue_wait_bucket.demand_req.0 = 5605
stat.pool.100.port.switch.peer_dst.100.ingress_pre_occ_bucket.demand_req.1_64 = 1891
stat.pool.100.port.switch.peer_dst.100.ingress_queue_wait_bucket.demand_req.1_63 = 2747
stat.pool.100.port.switch.peer_dst.100.ingress_pre_occ_bucket.demand_req.65_256 = 5431
stat.pool.100.port.switch.peer_dst.100.ingress_queue_wait_bucket.demand_req.64_255 = 0
stat.pool.100.port.switch.peer_dst.100.ingress_pre_occ_bucket.demand_req.257_1024 = 375
stat.pool.100.port.switch.peer_dst.100.ingress_queue_wait_bucket.demand_req.256_1023 = 0
stat.pool.100.port.switch.peer_dst.100.ingress_pre_occ_bucket.demand_req.1025_4096 = 0
stat.pool.100.port.switch.peer_dst.100.ingress_queue_wait_bucket.demand_req.1024_4095 = 0
stat.pool.100.port.switch.peer_dst.100.ingress_pre_occ_bucket.demand_req.4097_plus = 0
stat.pool.100.port.switch.peer_dst.100.ingress_queue_wait_bucket.demand_req.4096_plus = 0
stat.pool.100.port.switch.peer_dst.100.rx_bytes.write_req = 392320
stat.pool.100.port.switch.peer_dst.100.rx_pkts.write_req = 6130
stat.pool.100.port.switch.peer_dst.100.tx_bytes.write_req = 0
stat.pool.100.port.switch.peer_dst.100.tx_pkts.write_req = 0
stat.pool.100.port.switch.peer_dst.100.ingress_arrivals.write_req = 6130
stat.pool.100.port.switch.peer_dst.100.ingress_arrival_nonempty_packet_frac.write_req = 0.740783
stat.pool.100.port.switch.peer_dst.100.ingress_nonempty_arrival_pre_occ_avg_bytes.write_req = 102.511
stat.pool.100.port.switch.peer_dst.100.ingress_nonempty_arrival_pre_occ_max_bytes.write_req = 336
stat.pool.100.port.switch.peer_dst.100.ingress_wait_avg_cycles.write_req = 145.005
stat.pool.100.port.switch.peer_dst.100.ingress_queue_wait_avg_cycles.write_req = 0.00489396
stat.pool.100.port.switch.peer_dst.100.ingress_queue_wait_after_nonempty_arrival_avg_cycles.write_req = 0.00660647
stat.pool.100.port.switch.peer_dst.100.ingress_pre_occ_bucket.write_req.0 = 1589
stat.pool.100.port.switch.peer_dst.100.ingress_queue_wait_bucket.write_req.0 = 6100
stat.pool.100.port.switch.peer_dst.100.ingress_pre_occ_bucket.write_req.1_64 = 1632
stat.pool.100.port.switch.peer_dst.100.ingress_queue_wait_bucket.write_req.1_63 = 30
stat.pool.100.port.switch.peer_dst.100.ingress_pre_occ_bucket.write_req.65_256 = 2803
stat.pool.100.port.switch.peer_dst.100.ingress_queue_wait_bucket.write_req.64_255 = 0
stat.pool.100.port.switch.peer_dst.100.ingress_pre_occ_bucket.write_req.257_1024 = 106
stat.pool.100.port.switch.peer_dst.100.ingress_queue_wait_bucket.write_req.256_1023 = 0
stat.pool.100.port.switch.peer_dst.100.ingress_pre_occ_bucket.write_req.1025_4096 = 0
stat.pool.100.port.switch.peer_dst.100.ingress_queue_wait_bucket.write_req.1024_4095 = 0
stat.pool.100.port.switch.peer_dst.100.ingress_pre_occ_bucket.write_req.4097_plus = 0
stat.pool.100.port.switch.peer_dst.100.ingress_queue_wait_bucket.write_req.4096_plus = 0
stat.pool.100.port.switch.peer_dst.100.rx_bytes.other_req = 96
stat.pool.100.port.switch.peer_dst.100.rx_pkts.other_req = 12
stat.pool.100.port.switch.peer_dst.100.tx_bytes.other_req = 0
stat.pool.100.port.switch.peer_dst.100.tx_pkts.other_req = 0
stat.pool.100.port.switch.peer_dst.100.ingress_arrivals.other_req = 12
stat.pool.100.port.switch.peer_dst.100.ingress_arrival_nonempty_packet_frac.other_req = 1
stat.pool.100.port.switch.peer_dst.100.ingress_nonempty_arrival_pre_occ_avg_bytes.other_req = 166.667
stat.pool.100.port.switch.peer_dst.100.ingress_nonempty_arrival_pre_occ_max_bytes.other_req = 272
stat.pool.100.port.switch.peer_dst.100.ingress_wait_avg_cycles.other_req = 128.083
stat.pool.100.port.switch.peer_dst.100.ingress_queue_wait_avg_cycles.other_req = 4.08333
stat.pool.100.port.switch.peer_dst.100.ingress_queue_wait_after_nonempty_arrival_avg_cycles.other_req = 4.08333
stat.pool.100.port.switch.peer_dst.100.ingress_pre_occ_bucket.other_req.0 = 0
stat.pool.100.port.switch.peer_dst.100.ingress_queue_wait_bucket.other_req.0 = 9
stat.pool.100.port.switch.peer_dst.100.ingress_pre_occ_bucket.other_req.1_64 = 0
stat.pool.100.port.switch.peer_dst.100.ingress_queue_wait_bucket.other_req.1_63 = 3
stat.pool.100.port.switch.peer_dst.100.ingress_pre_occ_bucket.other_req.65_256 = 11
stat.pool.100.port.switch.peer_dst.100.ingress_queue_wait_bucket.other_req.64_255 = 0
stat.pool.100.port.switch.peer_dst.100.ingress_pre_occ_bucket.other_req.257_1024 = 1
stat.pool.100.port.switch.peer_dst.100.ingress_queue_wait_bucket.other_req.256_1023 = 0
stat.pool.100.port.switch.peer_dst.100.ingress_pre_occ_bucket.other_req.1025_4096 = 0
stat.pool.100.port.switch.peer_dst.100.ingress_queue_wait_bucket.other_req.1024_4095 = 0
stat.pool.100.port.switch.peer_dst.100.ingress_pre_occ_bucket.other_req.4097_plus = 0
stat.pool.100.port.switch.peer_dst.100.ingress_queue_wait_bucket.other_req.4096_plus = 0
stat.pool.100.port.switch.tx_src.100.rx_bytes.response = 0
stat.pool.100.port.switch.tx_src.100.rx_pkts.response = 0
stat.pool.100.port.switch.tx_src.100.tx_bytes.response = 535296
stat.pool.100.port.switch.tx_src.100.tx_pkts.response = 8364
stat.pool.100.port.switch.tx_src.100.ingress_arrivals.response = 0
stat.pool.100.port.switch.tx_src.100.ingress_arrival_nonempty_packet_frac.response = 0
stat.pool.100.port.switch.tx_src.100.ingress_nonempty_arrival_pre_occ_avg_bytes.response = 0
stat.pool.100.port.switch.tx_src.100.ingress_nonempty_arrival_pre_occ_max_bytes.response = 0
stat.pool.100.port.switch.tx_src.100.ingress_wait_avg_cycles.response = 0
stat.pool.100.port.switch.tx_src.100.ingress_queue_wait_avg_cycles.response = 0
stat.pool.100.port.switch.tx_src.100.ingress_queue_wait_after_nonempty_arrival_avg_cycles.response = 0
stat.pool.100.port.switch.tx_src.100.ingress_pre_occ_bucket.response.0 = 0
stat.pool.100.port.switch.tx_src.100.ingress_queue_wait_bucket.response.0 = 0
stat.pool.100.port.switch.tx_src.100.ingress_pre_occ_bucket.response.1_64 = 0
stat.pool.100.port.switch.tx_src.100.ingress_queue_wait_bucket.response.1_63 = 0
stat.pool.100.port.switch.tx_src.100.ingress_pre_occ_bucket.response.65_256 = 0
stat.pool.100.port.switch.tx_src.100.ingress_queue_wait_bucket.response.64_255 = 0
stat.pool.100.port.switch.tx_src.100.ingress_pre_occ_bucket.response.257_1024 = 0
stat.pool.100.port.switch.tx_src.100.ingress_queue_wait_bucket.response.256_1023 = 0
stat.pool.100.port.switch.tx_src.100.ingress_pre_occ_bucket.response.1025_4096 = 0
stat.pool.100.port.switch.tx_src.100.ingress_queue_wait_bucket.response.1024_4095 = 0
stat.pool.100.port.switch.tx_src.100.ingress_pre_occ_bucket.response.4097_plus = 0
stat.pool.100.port.switch.tx_src.100.ingress_queue_wait_bucket.response.4096_plus = 0
stat.pool.100.port.switch.tx_dst.0.rx_bytes.response = 0
stat.pool.100.port.switch.tx_dst.0.rx_pkts.response = 0
stat.pool.100.port.switch.tx_dst.0.tx_bytes.response = 535296
stat.pool.100.port.switch.tx_dst.0.tx_pkts.response = 8364
stat.pool.100.port.switch.tx_dst.0.ingress_arrivals.response = 0
stat.pool.100.port.switch.tx_dst.0.ingress_arrival_nonempty_packet_frac.response = 0
stat.pool.100.port.switch.tx_dst.0.ingress_nonempty_arrival_pre_occ_avg_bytes.response = 0
stat.pool.100.port.switch.tx_dst.0.ingress_nonempty_arrival_pre_occ_max_bytes.response = 0
stat.pool.100.port.switch.tx_dst.0.ingress_wait_avg_cycles.response = 0
stat.pool.100.port.switch.tx_dst.0.ingress_queue_wait_avg_cycles.response = 0
stat.pool.100.port.switch.tx_dst.0.ingress_queue_wait_after_nonempty_arrival_avg_cycles.response = 0
stat.pool.100.port.switch.tx_dst.0.ingress_pre_occ_bucket.response.0 = 0
stat.pool.100.port.switch.tx_dst.0.ingress_queue_wait_bucket.response.0 = 0
stat.pool.100.port.switch.tx_dst.0.ingress_pre_occ_bucket.response.1_64 = 0
stat.pool.100.port.switch.tx_dst.0.ingress_queue_wait_bucket.response.1_63 = 0
stat.pool.100.port.switch.tx_dst.0.ingress_pre_occ_bucket.response.65_256 = 0
stat.pool.100.port.switch.tx_dst.0.ingress_queue_wait_bucket.response.64_255 = 0
stat.pool.100.port.switch.tx_dst.0.ingress_pre_occ_bucket.response.257_1024 = 0
stat.pool.100.port.switch.tx_dst.0.ingress_queue_wait_bucket.response.256_1023 = 0
stat.pool.100.port.switch.tx_dst.0.ingress_pre_occ_bucket.response.1025_4096 = 0
stat.pool.100.port.switch.tx_dst.0.ingress_queue_wait_bucket.response.1024_4095 = 0
stat.pool.100.port.switch.tx_dst.0.ingress_pre_occ_bucket.response.4097_plus = 0
stat.pool.100.port.switch.tx_dst.0.ingress_queue_wait_bucket.response.4096_plus = 0
stat.pool.100.walltime_s = 156.003
stat.pool.100.active_time_s = 11.8399
stat.switch.replicated_messages = 12260
stat.switch.util.node_ingress_avg = 0.130609
stat.switch.util.pool_ingress_avg = 0.132855
stat.switch.fabric.node_ingress_wait_avg_cycles = 132.921
stat.switch.fabric.node_egress_wait_avg_cycles = 1
stat.switch.fabric.pool_ingress_wait_avg_cycles = 156.905
stat.switch.fabric.pool_egress_wait_avg_cycles = 1
stat.switch.fabric.node_ingress_queue_wait_avg_cycles = 3.28975
stat.switch.fabric.pool_ingress_queue_wait_avg_cycles = 11.9052
stat.switch.fabric.node_ready_wait_avg_cycles = 0
stat.switch.fabric.pool_ready_wait_avg_cycles = 0
stat.switch.fabric.node_ingress_wait_max_cycles = 183
stat.switch.fabric.node_egress_wait_max_cycles = 1
stat.switch.fabric.pool_ingress_wait_max_cycles = 283
stat.switch.fabric.pool_egress_wait_max_cycles = 1
stat.switch.fabric.node_ingress_queue_wait_max_cycles = 59
stat.switch.fabric.pool_ingress_queue_wait_max_cycles = 138
stat.switch.fabric.node_ready_wait_max_cycles = 0
stat.switch.fabric.pool_ready_wait_max_cycles = 0
stat.switch.fabric.node_ingress_occ_bytes = 264
stat.switch.fabric.pool_ingress_occ_bytes = 0
stat.switch.fabric.node_ready_occ_avg_pkts = 0.0145244
stat.switch.fabric.pool_ready_occ_avg_pkts = 0.00531464
stat.switch.fabric.node_ready_occ_pkts = 0
stat.switch.fabric.pool_ready_occ_pkts = 0
stat.switch.fabric.node_ready_occ_max_pkts = 1
stat.switch.fabric.pool_ready_occ_max_pkts = 1
stat.switch.fabric.node_ready_retry_count = 0
stat.switch.fabric.pool_ready_retry_count = 0
stat.switch.fabric.node_ingress_arrival_burst_max_pkts = 2
stat.switch.fabric.node_ingress_arrival_burst_max_bytes = 72
stat.switch.fabric.node_ingress_arrival_burst_avg_pkts = 1.00594
stat.switch.fabric.node_ingress_arrival_burst_avg_bytes = 23.1612
stat.switch.fabric.node_ingress_arrival_burst_stddev_pkts = 0.0768409
stat.switch.fabric.node_ingress_arrival_burst_stddev_bytes = 24.9441
stat.switch.fabric.node_ingress_arrival_nonempty_frac = 0.0144418
stat.switch.fabric.node_ingress_arrival_run_max_cycles = 9
stat.switch.fabric.node_ingress_arrival_run_avg_cycles = 1.13199
stat.switch.fabric.node_ingress_arrival_run_stddev_cycles = 0.438136
stat.switch.fabric.node_ingress_arrival_gap_max_cycles = 749
stat.switch.fabric.node_ingress_arrival_gap_avg_cycles = 51.8086
stat.switch.fabric.node_ingress_arrival_gap_stddev_cycles = 91.505
stat.switch.fabric.node_ingress_release_burst_max_pkts = 1
stat.switch.fabric.node_ingress_release_burst_max_bytes = 64
stat.switch.fabric.node_ingress_release_burst_avg_pkts = 1
stat.switch.fabric.node_ingress_release_burst_avg_bytes = 23.0179
stat.switch.fabric.node_ingress_release_burst_stddev_pkts = 0
stat.switch.fabric.node_ingress_release_burst_stddev_bytes = 24.8086
stat.switch.fabric.node_ingress_release_nonempty_frac = 0.0145244
stat.switch.fabric.node_ingress_release_run_max_cycles = 1
stat.switch.fabric.node_ingress_release_run_avg_cycles = 1
stat.switch.fabric.node_ingress_release_run_stddev_cycles = 0
stat.switch.fabric.node_ingress_release_gap_max_cycles = 770
stat.switch.fabric.node_ingress_release_gap_avg_cycles = 45.4944
stat.switch.fabric.node_ingress_release_gap_stddev_cycles = 90.3867
stat.switch.fabric.pool_ingress_arrival_burst_max_pkts = 1
stat.switch.fabric.pool_ingress_arrival_burst_max_bytes = 64
stat.switch.fabric.pool_ingress_arrival_burst_avg_pkts = 1
stat.switch.fabric.pool_ingress_arrival_burst_avg_bytes = 64
stat.switch.fabric.pool_ingress_arrival_burst_stddev_pkts = 0
stat.switch.fabric.pool_ingress_arrival_burst_stddev_bytes = 0
stat.switch.fabric.pool_ingress_arrival_nonempty_frac = 0.00531464
stat.switch.fabric.pool_ingress_arrival_run_max_cycles = 1
stat.switch.fabric.pool_ingress_arrival_run_avg_cycles = 1
stat.switch.fabric.pool_ingress_arrival_run_stddev_cycles = 0
stat.switch.fabric.pool_ingress_arrival_gap_max_cycles = 985
stat.switch.fabric.pool_ingress_arrival_gap_avg_cycles = 126.037
stat.switch.fabric.pool_ingress_arrival_gap_stddev_cycles = 165.837
stat.switch.fabric.pool_ingress_release_burst_max_pkts = 1
stat.switch.fabric.pool_ingress_release_burst_max_bytes = 64
stat.switch.fabric.pool_ingress_release_burst_avg_pkts = 1
stat.switch.fabric.pool_ingress_release_burst_avg_bytes = 64
stat.switch.fabric.pool_ingress_release_burst_stddev_pkts = 0
stat.switch.fabric.pool_ingress_release_burst_stddev_bytes = 0
stat.switch.fabric.pool_ingress_release_nonempty_frac = 0.00531464
stat.switch.fabric.pool_ingress_release_run_max_cycles = 1
stat.switch.fabric.pool_ingress_release_run_avg_cycles = 1
stat.switch.fabric.pool_ingress_release_run_stddev_cycles = 0
stat.switch.fabric.pool_ingress_release_gap_max_cycles = 985
stat.switch.fabric.pool_ingress_release_gap_avg_cycles = 126.023
stat.switch.fabric.pool_ingress_release_gap_stddev_cycles = 154.987
stat.switch.fabric.node_ingress_occ_avg_bytes = 46.9173
stat.switch.fabric.node_ingress_occ_stddev_bytes = 69.2287
stat.switch.fabric.node_ingress_occ_max_bytes = 424
stat.switch.fabric.node_ingress_occ_nonempty_frac = 0.465874
stat.switch.fabric.node_ingress_occ_run_max_cycles = 1699
stat.switch.fabric.node_ingress_occ_run_avg_cycles = 353.849
stat.switch.fabric.node_ingress_occ_run_stddev_cycles = 167.1
stat.switch.fabric.node_ingress_occ_gap_max_cycles = 627
stat.switch.fabric.node_ingress_occ_gap_avg_cycles = 159.207
stat.switch.fabric.node_ingress_occ_gap_stddev_cycles = 120.916
stat.switch.fabric.pool_ingress_occ_avg_bytes = 53.0292
stat.switch.fabric.pool_ingress_occ_stddev_bytes = 83.9556
stat.switch.fabric.pool_ingress_occ_max_bytes = 512
stat.switch.fabric.pool_ingress_occ_nonempty_frac = 0.384996
stat.switch.fabric.pool_ingress_occ_run_max_cycles = 1416
stat.switch.fabric.pool_ingress_occ_run_avg_cycles = 253.363
stat.switch.fabric.pool_ingress_occ_run_stddev_cycles = 106.914
stat.switch.fabric.pool_ingress_occ_gap_max_cycles = 842
stat.switch.fabric.pool_ingress_occ_gap_avg_cycles = 190.961
stat.switch.fabric.pool_ingress_occ_gap_stddev_cycles = 144.909
stat.switch.route.blocked_to_node = 0
stat.switch.route.blocked_to_pool = 0
stat.switch.route.blocked_replicated_write = 0
stat.switch.route.send_fail_to_node = 0
stat.switch.route.send_fail_to_pool = 0
stat.switch.route.attempt_to_node.demand_req = 0
stat.switch.route.attempt_to_pool.demand_req = 16703
stat.switch.route.blocked_to_node.demand_req = 0
stat.switch.route.blocked_to_pool.demand_req = 0
stat.switch.route.send_fail_to_node.demand_req = 0
stat.switch.route.send_fail_to_pool.demand_req = 0
stat.switch.route.replicated_clones.demand_req = 0
stat.switch.fabric.node_rx_bytes.demand_req = 133632
stat.switch.fabric.node_tx_bytes.demand_req = 0
stat.switch.fabric.pool_rx_bytes.demand_req = 0
stat.switch.fabric.pool_tx_bytes.demand_req = 133624
stat.switch.fabric.node_rx_pkts.demand_req = 16704
stat.switch.fabric.node_tx_pkts.demand_req = 0
stat.switch.fabric.pool_rx_pkts.demand_req = 0
stat.switch.fabric.pool_tx_pkts.demand_req = 16703
stat.switch.route.attempt_to_node.write_req = 0
stat.switch.route.attempt_to_pool.write_req = 12260
stat.switch.route.blocked_to_node.write_req = 0
stat.switch.route.blocked_to_pool.write_req = 0
stat.switch.route.send_fail_to_node.write_req = 0
stat.switch.route.send_fail_to_pool.write_req = 0
stat.switch.route.replicated_clones.write_req = 12260
stat.switch.fabric.node_rx_bytes.write_req = 392576
stat.switch.fabric.node_tx_bytes.write_req = 0
stat.switch.fabric.pool_rx_bytes.write_req = 0
stat.switch.fabric.pool_tx_bytes.write_req = 784640
stat.switch.fabric.node_rx_pkts.write_req = 6134
stat.switch.fabric.node_tx_pkts.write_req = 0
stat.switch.fabric.pool_rx_pkts.write_req = 0
stat.switch.fabric.pool_tx_pkts.write_req = 12260
stat.switch.route.attempt_to_node.response = 16728
stat.switch.route.attempt_to_pool.response = 0
stat.switch.route.blocked_to_node.response = 0
stat.switch.route.blocked_to_pool.response = 0
stat.switch.route.send_fail_to_node.response = 0
stat.switch.route.send_fail_to_pool.response = 0
stat.switch.route.replicated_clones.response = 0
stat.switch.fabric.node_rx_bytes.response = 0
stat.switch.fabric.node_tx_bytes.response = 1070592
stat.switch.fabric.pool_rx_bytes.response = 1070592
stat.switch.fabric.pool_tx_bytes.response = 0
stat.switch.fabric.node_rx_pkts.response = 0
stat.switch.fabric.node_tx_pkts.response = 16728
stat.switch.fabric.pool_rx_pkts.response = 16728
stat.switch.fabric.pool_tx_pkts.response = 0
stat.switch.route.attempt_to_node.other_req = 0
stat.switch.route.attempt_to_pool.other_req = 25
stat.switch.route.blocked_to_node.other_req = 0
stat.switch.route.blocked_to_pool.other_req = 0
stat.switch.route.send_fail_to_node.other_req = 0
stat.switch.route.send_fail_to_pool.other_req = 0
stat.switch.route.replicated_clones.other_req = 0
stat.switch.fabric.node_rx_bytes.other_req = 200
stat.switch.fabric.node_tx_bytes.other_req = 0
stat.switch.fabric.pool_rx_bytes.other_req = 0
stat.switch.fabric.pool_tx_bytes.other_req = 200
stat.switch.fabric.node_rx_pkts.other_req = 25
stat.switch.fabric.node_tx_pkts.other_req = 0
stat.switch.fabric.pool_rx_pkts.other_req = 0
stat.switch.fabric.pool_tx_pkts.other_req = 25
stat.switch.bw.host_to_switch_gbps = 0.802775
stat.switch.bw.switch_to_host_gbps = 1.63266
stat.switch.bw.host_link_total_gbps = 2.43543
stat.switch.port.node.0.ingress_wait_avg_cycles = 132.921
stat.switch.port.node.0.ingress_wait_max_cycles = 183
stat.switch.port.node.0.egress_wait_avg_cycles = 1
stat.switch.port.node.0.egress_wait_max_cycles = 1
stat.switch.port.node.0.ingress_queue_wait_avg_cycles = 3.28975
stat.switch.port.node.0.ingress_queue_wait_max_cycles = 59
stat.switch.port.node.0.egress_occ_avg_bytes = 0
stat.switch.port.node.0.egress_occ_stddev_bytes = 0
stat.switch.port.node.0.egress_occ_max_bytes = 0
stat.switch.port.node.0.egress_occ_nonempty_frac = 0
stat.switch.port.node.0.egress_blocked_cycles = 0
stat.switch.port.node.0.egress_blocked_nonempty_frac = 0
stat.switch.port.node.0.egress_blocked_avg_occ_bytes = 0
stat.switch.port.node.0.egress_blocked_max_occ_bytes = 0
stat.switch.port.node.0.egress_send_burst_max_pkts = 2
stat.switch.port.node.0.egress_send_burst_max_bytes = 128
stat.switch.port.node.0.egress_send_burst_avg_pkts = 1.1671
stat.switch.port.node.0.egress_send_burst_avg_bytes = 74.6942
stat.switch.port.node.0.egress_send_burst_stddev_pkts = 0.373062
stat.switch.port.node.0.egress_send_burst_stddev_bytes = 23.876
stat.switch.port.node.0.egress_send_nonempty_frac = 0.00910746
stat.switch.port.node.0.ingress_arrival_burst_avg_bytes = 23.1612
stat.switch.port.node.0.ingress_arrival_nonempty_frac = 0.0144418
stat.switch.port.node.0.ingress_arrival_run_max_cycles = 9
stat.switch.port.node.0.ingress_arrival_run_avg_cycles = 1.13199
stat.switch.port.node.0.ingress_arrival_gap_max_cycles = 749
stat.switch.port.node.0.ingress_arrival_gap_avg_cycles = 51.8086
stat.switch.port.node.0.ingress_release_burst_avg_bytes = 23.0179
stat.switch.port.node.0.ingress_release_nonempty_frac = 0.0145244
stat.switch.port.node.0.ingress_release_run_max_cycles = 1
stat.switch.port.node.0.ingress_release_run_avg_cycles = 1
stat.switch.port.node.0.ingress_release_gap_max_cycles = 770
stat.switch.port.node.0.ingress_release_gap_avg_cycles = 45.4944
stat.switch.port.node.0.ingress_occ_avg_bytes = 46.9173
stat.switch.port.node.0.ingress_occ_stddev_bytes = 69.2287
stat.switch.port.node.0.ingress_occ_max_bytes = 424
stat.switch.port.node.0.ingress_occ_nonempty_frac = 0.465874
stat.switch.port.node.0.ingress_occ_run_max_cycles = 1699
stat.switch.port.node.0.ingress_occ_run_avg_cycles = 353.849
stat.switch.port.node.0.ingress_occ_gap_max_cycles = 627
stat.switch.port.node.0.ingress_occ_gap_avg_cycles = 159.207
stat.switch.port.node.0.ingress_wait_avg_cycles.demand_req = 128.214
stat.switch.port.node.0.ingress_wait_max_cycles.demand_req = 183
stat.switch.port.node.0.ingress_queue_wait_avg_cycles.demand_req = 4.21367
stat.switch.port.node.0.ingress_queue_wait_max_cycles.demand_req = 59
stat.switch.port.node.0.egress_wait_avg_cycles.demand_req = 0
stat.switch.port.node.0.egress_wait_max_cycles.demand_req = 0
stat.switch.port.node.0.egress_occ_avg_bytes.demand_req = 0
stat.switch.port.node.0.egress_occ_max_bytes.demand_req = 0
stat.switch.port.node.0.egress_blocked_cycles.demand_req = 0
stat.switch.port.node.0.ingress_arrival_empty_packets.demand_req = 723
stat.switch.port.node.0.ingress_arrival_nonempty_packets.demand_req = 15981
stat.switch.port.node.0.ingress_arrival_nonempty_packet_frac.demand_req = 0.956717
stat.switch.port.node.0.ingress_nonempty_arrival_pre_occ_avg_bytes.demand_req = 122.148
stat.switch.port.node.0.ingress_nonempty_arrival_pre_occ_max_bytes.demand_req = 416
stat.switch.port.node.0.ingress_release_after_empty_arrival_packets.demand_req = 723
stat.switch.port.node.0.ingress_release_after_nonempty_arrival_packets.demand_req = 15980
stat.switch.port.node.0.ingress_wait_after_empty_arrival_avg_cycles.demand_req = 124
stat.switch.port.node.0.ingress_wait_after_nonempty_arrival_avg_cycles.demand_req = 128.404
stat.switch.port.node.0.ingress_queue_wait_after_empty_arrival_avg_cycles.demand_req = 0
stat.switch.port.node.0.ingress_queue_wait_after_nonempty_arrival_avg_cycles.demand_req = 4.40432
stat.switch.port.node.0.ingress_queue_wait_after_empty_arrival_max_cycles.demand_req = 0
stat.switch.port.node.0.ingress_queue_wait_after_nonempty_arrival_max_cycles.demand_req = 59
stat.switch.port.node.0.rx_bytes.demand_req = 133632
stat.switch.port.node.0.tx_bytes.demand_req = 0
stat.switch.port.node.0.rx_pkts.demand_req = 16704
stat.switch.port.node.0.tx_pkts.demand_req = 0
stat.switch.port.node.0.ingress_wait_avg_cycles.write_req = 145.767
stat.switch.port.node.0.ingress_wait_max_cycles.write_req = 183
stat.switch.port.node.0.ingress_queue_wait_avg_cycles.write_req = 0.766884
stat.switch.port.node.0.ingress_queue_wait_max_cycles.write_req = 38
stat.switch.port.node.0.egress_wait_avg_cycles.write_req = 0
stat.switch.port.node.0.egress_wait_max_cycles.write_req = 0
stat.switch.port.node.0.egress_occ_avg_bytes.write_req = 0
stat.switch.port.node.0.egress_occ_max_bytes.write_req = 0
stat.switch.port.node.0.egress_blocked_cycles.write_req = 0
stat.switch.port.node.0.ingress_arrival_empty_packets.write_req = 1349
stat.switch.port.node.0.ingress_arrival_nonempty_packets.write_req = 4785
stat.switch.port.node.0.ingress_arrival_nonempty_packet_frac.write_req = 0.780078
stat.switch.port.node.0.ingress_nonempty_arrival_pre_occ_avg_bytes.write_req = 107.875
stat.switch.port.node.0.ingress_nonempty_arrival_pre_occ_max_bytes.write_req = 360
stat.switch.port.node.0.ingress_release_after_empty_arrival_packets.write_req = 1348
stat.switch.port.node.0.ingress_release_after_nonempty_arrival_packets.write_req = 4782
stat.switch.port.node.0.ingress_wait_after_empty_arrival_avg_cycles.write_req = 145
stat.switch.port.node.0.ingress_wait_after_nonempty_arrival_avg_cycles.write_req = 145.983
stat.switch.port.node.0.ingress_queue_wait_after_empty_arrival_avg_cycles.write_req = 0
stat.switch.port.node.0.ingress_queue_wait_after_nonempty_arrival_avg_cycles.write_req = 0.983061
stat.switch.port.node.0.ingress_queue_wait_after_empty_arrival_max_cycles.write_req = 0
stat.switch.port.node.0.ingress_queue_wait_after_nonempty_arrival_max_cycles.write_req = 38
stat.switch.port.node.0.rx_bytes.write_req = 392576
stat.switch.port.node.0.tx_bytes.write_req = 0
stat.switch.port.node.0.rx_pkts.write_req = 6134
stat.switch.port.node.0.tx_pkts.write_req = 0
stat.switch.port.node.0.ingress_wait_avg_cycles.response = 0
stat.switch.port.node.0.ingress_wait_max_cycles.response = 0
stat.switch.port.node.0.ingress_queue_wait_avg_cycles.response = 0
stat.switch.port.node.0.ingress_queue_wait_max_cycles.response = 0
stat.switch.port.node.0.egress_wait_avg_cycles.response = 1
stat.switch.port.node.0.egress_wait_max_cycles.response = 1
stat.switch.port.node.0.egress_occ_avg_bytes.response = 0
stat.switch.port.node.0.egress_occ_max_bytes.response = 0
stat.switch.port.node.0.egress_blocked_cycles.response = 0
stat.switch.port.node.0.ingress_arrival_empty_packets.response = 0
stat.switch.port.node.0.ingress_arrival_nonempty_packets.response = 0
stat.switch.port.node.0.ingress_arrival_nonempty_packet_frac.response = 0
stat.switch.port.node.0.ingress_nonempty_arrival_pre_occ_avg_bytes.response = 0
stat.switch.port.node.0.ingress_nonempty_arrival_pre_occ_max_bytes.response = 0
stat.switch.port.node.0.ingress_release_after_empty_arrival_packets.response = 0
stat.switch.port.node.0.ingress_release_after_nonempty_arrival_packets.response = 0
stat.switch.port.node.0.ingress_wait_after_empty_arrival_avg_cycles.response = 0
stat.switch.port.node.0.ingress_wait_after_nonempty_arrival_avg_cycles.response = 0
stat.switch.port.node.0.ingress_queue_wait_after_empty_arrival_avg_cycles.response = 0
stat.switch.port.node.0.ingress_queue_wait_after_nonempty_arrival_avg_cycles.response = 0
stat.switch.port.node.0.ingress_queue_wait_after_empty_arrival_max_cycles.response = 0
stat.switch.port.node.0.ingress_queue_wait_after_nonempty_arrival_max_cycles.response = 0
stat.switch.port.node.0.rx_bytes.response = 0
stat.switch.port.node.0.tx_bytes.response = 1070592
stat.switch.port.node.0.rx_pkts.response = 0
stat.switch.port.node.0.tx_pkts.response = 16728
stat.switch.port.node.0.ingress_wait_avg_cycles.other_req = 128.6
stat.switch.port.node.0.ingress_wait_max_cycles.other_req = 153
stat.switch.port.node.0.ingress_queue_wait_avg_cycles.other_req = 4.6
stat.switch.port.node.0.ingress_queue_wait_max_cycles.other_req = 29
stat.switch.port.node.0.egress_wait_avg_cycles.other_req = 0
stat.switch.port.node.0.egress_wait_max_cycles.other_req = 0
stat.switch.port.node.0.egress_occ_avg_bytes.other_req = 0
stat.switch.port.node.0.egress_occ_max_bytes.other_req = 0
stat.switch.port.node.0.egress_blocked_cycles.other_req = 0
stat.switch.port.node.0.ingress_arrival_empty_packets.other_req = 0
stat.switch.port.node.0.ingress_arrival_nonempty_packets.other_req = 25
stat.switch.port.node.0.ingress_arrival_nonempty_packet_frac.other_req = 1
stat.switch.port.node.0.ingress_nonempty_arrival_pre_occ_avg_bytes.other_req = 129.28
stat.switch.port.node.0.ingress_nonempty_arrival_pre_occ_max_bytes.other_req = 256
stat.switch.port.node.0.ingress_release_after_empty_arrival_packets.other_req = 0
stat.switch.port.node.0.ingress_release_after_nonempty_arrival_packets.other_req = 25
stat.switch.port.node.0.ingress_wait_after_empty_arrival_avg_cycles.other_req = 0
stat.switch.port.node.0.ingress_wait_after_nonempty_arrival_avg_cycles.other_req = 128.6
stat.switch.port.node.0.ingress_queue_wait_after_empty_arrival_avg_cycles.other_req = 0
stat.switch.port.node.0.ingress_queue_wait_after_nonempty_arrival_avg_cycles.other_req = 4.6
stat.switch.port.node.0.ingress_queue_wait_after_empty_arrival_max_cycles.other_req = 0
stat.switch.port.node.0.ingress_queue_wait_after_nonempty_arrival_max_cycles.other_req = 29
stat.switch.port.node.0.rx_bytes.other_req = 200
stat.switch.port.node.0.tx_bytes.other_req = 0
stat.switch.port.node.0.rx_pkts.other_req = 25
stat.switch.port.node.0.tx_pkts.other_req = 0
stat.switch.port.node.0.ingress_occ_bucket_bytes.0 = 840589
stat.switch.port.node.0.ready_occ_bucket_bytes.0 = 1550907
stat.switch.port.node.0.ingress_occ_bucket_bytes.1_64 = 280982
stat.switch.port.node.0.ready_occ_bucket_bytes.1_64 = 22858
stat.switch.port.node.0.ingress_occ_bucket_bytes.65_256 = 431210
stat.switch.port.node.0.ready_occ_bucket_bytes.65_256 = 0
stat.switch.port.node.0.ingress_occ_bucket_bytes.257_1024 = 20984
stat.switch.port.node.0.ready_occ_bucket_bytes.257_1024 = 0
stat.switch.port.node.0.ingress_occ_bucket_bytes.1025_4096 = 0
stat.switch.port.node.0.ready_occ_bucket_bytes.1025_4096 = 0
stat.switch.port.node.0.ingress_occ_bucket_bytes.4097_plus = 0
stat.switch.port.node.0.ready_occ_bucket_bytes.4097_plus = 0
stat.switch.port.node.0.ingress_episode.count = 2071
stat.switch.port.node.0.ingress_episode.avg_cycles = 353.958
stat.switch.port.node.0.ingress_episode.max_cycles = 1699
stat.switch.port.node.0.ingress_episode.avg_peak_occ_bytes = 170.642
stat.switch.port.node.0.ingress_episode.max_peak_occ_bytes = 424
stat.switch.port.node.0.ingress_episode.avg_arrival_pkts = 11.0372
stat.switch.port.node.0.ingress_episode.max_arrival_pkts = 48
stat.switch.port.node.0.ingress_episode.avg_arrival_bytes = 254.053
stat.switch.port.node.0.ingress_episode.max_arrival_bytes = 1280
stat.switch.port.node.0.ingress_episode.avg_release_pkts = 11.0372
stat.switch.port.node.0.ingress_episode.max_release_pkts = 48
stat.switch.port.node.0.ingress_episode.avg_release_bytes = 254.053
stat.switch.port.node.0.ingress_episode.max_release_bytes = 1280
stat.switch.port.node.0.ingress_episode.avg_wait_cycles = 1467.08
stat.switch.port.node.0.ingress_episode.max_wait_cycles = 183
stat.switch.port.node.0.ingress_episode.avg_queue_wait_cycles = 36.3095
stat.switch.port.node.0.ingress_episode.max_queue_wait_cycles = 59
stat.switch.port.node.0.ingress_episode.avg_src_distinct = 1
stat.switch.port.node.0.ingress_episode.max_src_distinct = 1
stat.switch.port.node.0.ingress_episode.avg_dst_distinct = 1
stat.switch.port.node.0.ingress_episode.max_dst_distinct = 1
stat.switch.port.node.0.ingress_episode.avg_arrival_pkts.demand_req = 8.06519
stat.switch.port.node.0.ingress_episode.max_arrival_pkts.demand_req = 32
stat.switch.port.node.0.ingress_episode.avg_release_pkts.demand_req = 8.06519
stat.switch.port.node.0.ingress_episode.max_release_pkts.demand_req = 32
stat.switch.port.node.0.ingress_pre_occ_bucket.demand_req.0 = 723
stat.switch.port.node.0.ingress_queue_wait_bucket.demand_req.0 = 9653
stat.switch.port.node.0.ingress_pre_occ_bucket.demand_req.1_64 = 3690
stat.switch.port.node.0.ingress_queue_wait_bucket.demand_req.1_63 = 7050
stat.switch.port.node.0.ingress_pre_occ_bucket.demand_req.65_256 = 11635
stat.switch.port.node.0.ingress_queue_wait_bucket.demand_req.64_255 = 0
stat.switch.port.node.0.ingress_pre_occ_bucket.demand_req.257_1024 = 656
stat.switch.port.node.0.ingress_queue_wait_bucket.demand_req.256_1023 = 0
stat.switch.port.node.0.ingress_pre_occ_bucket.demand_req.1025_4096 = 0
stat.switch.port.node.0.ingress_queue_wait_bucket.demand_req.1024_4095 = 0
stat.switch.port.node.0.ingress_pre_occ_bucket.demand_req.4097_plus = 0
stat.switch.port.node.0.ingress_queue_wait_bucket.demand_req.4096_plus = 0
stat.switch.port.node.0.ingress_episode.avg_arrival_pkts.write_req = 2.95992
stat.switch.port.node.0.ingress_episode.max_arrival_pkts.write_req = 16
stat.switch.port.node.0.ingress_episode.avg_release_pkts.write_req = 2.95992
stat.switch.port.node.0.ingress_episode.max_release_pkts.write_req = 16
stat.switch.port.node.0.ingress_pre_occ_bucket.write_req.0 = 1349
stat.switch.port.node.0.ingress_queue_wait_bucket.write_req.0 = 5350
stat.switch.port.node.0.ingress_pre_occ_bucket.write_req.1_64 = 1613
stat.switch.port.node.0.ingress_queue_wait_bucket.write_req.1_63 = 780
stat.switch.port.node.0.ingress_pre_occ_bucket.write_req.65_256 = 3041
stat.switch.port.node.0.ingress_queue_wait_bucket.write_req.64_255 = 0
stat.switch.port.node.0.ingress_pre_occ_bucket.write_req.257_1024 = 131
stat.switch.port.node.0.ingress_queue_wait_bucket.write_req.256_1023 = 0
stat.switch.port.node.0.ingress_pre_occ_bucket.write_req.1025_4096 = 0
stat.switch.port.node.0.ingress_queue_wait_bucket.write_req.1024_4095 = 0
stat.switch.port.node.0.ingress_pre_occ_bucket.write_req.4097_plus = 0
stat.switch.port.node.0.ingress_queue_wait_bucket.write_req.4096_plus = 0
stat.switch.port.node.0.ingress_episode.avg_arrival_pkts.response = 0
stat.switch.port.node.0.ingress_episode.max_arrival_pkts.response = 0
stat.switch.port.node.0.ingress_episode.avg_release_pkts.response = 0
stat.switch.port.node.0.ingress_episode.max_release_pkts.response = 0
stat.switch.port.node.0.ingress_pre_occ_bucket.response.0 = 0
stat.switch.port.node.0.ingress_queue_wait_bucket.response.0 = 0
stat.switch.port.node.0.ingress_pre_occ_bucket.response.1_64 = 0
stat.switch.port.node.0.ingress_queue_wait_bucket.response.1_63 = 0
stat.switch.port.node.0.ingress_pre_occ_bucket.response.65_256 = 0
stat.switch.port.node.0.ingress_queue_wait_bucket.response.64_255 = 0
stat.switch.port.node.0.ingress_pre_occ_bucket.response.257_1024 = 0
stat.switch.port.node.0.ingress_queue_wait_bucket.response.256_1023 = 0
stat.switch.port.node.0.ingress_pre_occ_bucket.response.1025_4096 = 0
stat.switch.port.node.0.ingress_queue_wait_bucket.response.1024_4095 = 0
stat.switch.port.node.0.ingress_pre_occ_bucket.response.4097_plus = 0
stat.switch.port.node.0.ingress_queue_wait_bucket.response.4096_plus = 0
stat.switch.port.node.0.ingress_episode.avg_arrival_pkts.other_req = 0.0120715
stat.switch.port.node.0.ingress_episode.max_arrival_pkts.other_req = 2
stat.switch.port.node.0.ingress_episode.avg_release_pkts.other_req = 0.0120715
stat.switch.port.node.0.ingress_episode.max_release_pkts.other_req = 2
stat.switch.port.node.0.ingress_pre_occ_bucket.other_req.0 = 0
stat.switch.port.node.0.ingress_queue_wait_bucket.other_req.0 = 13
stat.switch.port.node.0.ingress_pre_occ_bucket.other_req.1_64 = 7
stat.switch.port.node.0.ingress_queue_wait_bucket.other_req.1_63 = 12
stat.switch.port.node.0.ingress_pre_occ_bucket.other_req.65_256 = 18
stat.switch.port.node.0.ingress_queue_wait_bucket.other_req.64_255 = 0
stat.switch.port.node.0.ingress_pre_occ_bucket.other_req.257_1024 = 0
stat.switch.port.node.0.ingress_queue_wait_bucket.other_req.256_1023 = 0
stat.switch.port.node.0.ingress_pre_occ_bucket.other_req.1025_4096 = 0
stat.switch.port.node.0.ingress_queue_wait_bucket.other_req.1024_4095 = 0
stat.switch.port.node.0.ingress_pre_occ_bucket.other_req.4097_plus = 0
stat.switch.port.node.0.ingress_queue_wait_bucket.other_req.4096_plus = 0
stat.switch.port.node.0.peer_src.0.rx_bytes.demand_req = 133632
stat.switch.port.node.0.peer_src.0.rx_pkts.demand_req = 16704
stat.switch.port.node.0.peer_src.0.tx_bytes.demand_req = 0
stat.switch.port.node.0.peer_src.0.tx_pkts.demand_req = 0
stat.switch.port.node.0.peer_src.0.ingress_arrivals.demand_req = 16704
stat.switch.port.node.0.peer_src.0.ingress_arrival_nonempty_packet_frac.demand_req = 0.956717
stat.switch.port.node.0.peer_src.0.ingress_nonempty_arrival_pre_occ_avg_bytes.demand_req = 122.148
stat.switch.port.node.0.peer_src.0.ingress_nonempty_arrival_pre_occ_max_bytes.demand_req = 416
stat.switch.port.node.0.peer_src.0.ingress_wait_avg_cycles.demand_req = 128.214
stat.switch.port.node.0.peer_src.0.ingress_queue_wait_avg_cycles.demand_req = 4.21367
stat.switch.port.node.0.peer_src.0.ingress_queue_wait_after_nonempty_arrival_avg_cycles.demand_req = 4.40432
stat.switch.port.node.0.peer_src.0.ingress_pre_occ_bucket.demand_req.0 = 723
stat.switch.port.node.0.peer_src.0.ingress_queue_wait_bucket.demand_req.0 = 9653
stat.switch.port.node.0.peer_src.0.ingress_pre_occ_bucket.demand_req.1_64 = 3690
stat.switch.port.node.0.peer_src.0.ingress_queue_wait_bucket.demand_req.1_63 = 7050
stat.switch.port.node.0.peer_src.0.ingress_pre_occ_bucket.demand_req.65_256 = 11635
stat.switch.port.node.0.peer_src.0.ingress_queue_wait_bucket.demand_req.64_255 = 0
stat.switch.port.node.0.peer_src.0.ingress_pre_occ_bucket.demand_req.257_1024 = 656
stat.switch.port.node.0.peer_src.0.ingress_queue_wait_bucket.demand_req.256_1023 = 0
stat.switch.port.node.0.peer_src.0.ingress_pre_occ_bucket.demand_req.1025_4096 = 0
stat.switch.port.node.0.peer_src.0.ingress_queue_wait_bucket.demand_req.1024_4095 = 0
stat.switch.port.node.0.peer_src.0.ingress_pre_occ_bucket.demand_req.4097_plus = 0
stat.switch.port.node.0.peer_src.0.ingress_queue_wait_bucket.demand_req.4096_plus = 0
stat.switch.port.node.0.peer_src.0.rx_bytes.write_req = 392576
stat.switch.port.node.0.peer_src.0.rx_pkts.write_req = 6134
stat.switch.port.node.0.peer_src.0.tx_bytes.write_req = 0
stat.switch.port.node.0.peer_src.0.tx_pkts.write_req = 0
stat.switch.port.node.0.peer_src.0.ingress_arrivals.write_req = 6134
stat.switch.port.node.0.peer_src.0.ingress_arrival_nonempty_packet_frac.write_req = 0.780078
stat.switch.port.node.0.peer_src.0.ingress_nonempty_arrival_pre_occ_avg_bytes.write_req = 107.875
stat.switch.port.node.0.peer_src.0.ingress_nonempty_arrival_pre_occ_max_bytes.write_req = 360
stat.switch.port.node.0.peer_src.0.ingress_wait_avg_cycles.write_req = 145.767
stat.switch.port.node.0.peer_src.0.ingress_queue_wait_avg_cycles.write_req = 0.766884
stat.switch.port.node.0.peer_src.0.ingress_queue_wait_after_nonempty_arrival_avg_cycles.write_req = 0.983061
stat.switch.port.node.0.peer_src.0.ingress_pre_occ_bucket.write_req.0 = 1349
stat.switch.port.node.0.peer_src.0.ingress_queue_wait_bucket.write_req.0 = 5350
stat.switch.port.node.0.peer_src.0.ingress_pre_occ_bucket.write_req.1_64 = 1613
stat.switch.port.node.0.peer_src.0.ingress_queue_wait_bucket.write_req.1_63 = 780
stat.switch.port.node.0.peer_src.0.ingress_pre_occ_bucket.write_req.65_256 = 3041
stat.switch.port.node.0.peer_src.0.ingress_queue_wait_bucket.write_req.64_255 = 0
stat.switch.port.node.0.peer_src.0.ingress_pre_occ_bucket.write_req.257_1024 = 131
stat.switch.port.node.0.peer_src.0.ingress_queue_wait_bucket.write_req.256_1023 = 0
stat.switch.port.node.0.peer_src.0.ingress_pre_occ_bucket.write_req.1025_4096 = 0
stat.switch.port.node.0.peer_src.0.ingress_queue_wait_bucket.write_req.1024_4095 = 0
stat.switch.port.node.0.peer_src.0.ingress_pre_occ_bucket.write_req.4097_plus = 0
stat.switch.port.node.0.peer_src.0.ingress_queue_wait_bucket.write_req.4096_plus = 0
stat.switch.port.node.0.peer_src.0.rx_bytes.other_req = 200
stat.switch.port.node.0.peer_src.0.rx_pkts.other_req = 25
stat.switch.port.node.0.peer_src.0.tx_bytes.other_req = 0
stat.switch.port.node.0.peer_src.0.tx_pkts.other_req = 0
stat.switch.port.node.0.peer_src.0.ingress_arrivals.other_req = 25
stat.switch.port.node.0.peer_src.0.ingress_arrival_nonempty_packet_frac.other_req = 1
stat.switch.port.node.0.peer_src.0.ingress_nonempty_arrival_pre_occ_avg_bytes.other_req = 129.28
stat.switch.port.node.0.peer_src.0.ingress_nonempty_arrival_pre_occ_max_bytes.other_req = 256
stat.switch.port.node.0.peer_src.0.ingress_wait_avg_cycles.other_req = 128.6
stat.switch.port.node.0.peer_src.0.ingress_queue_wait_avg_cycles.other_req = 4.6
stat.switch.port.node.0.peer_src.0.ingress_queue_wait_after_nonempty_arrival_avg_cycles.other_req = 4.6
stat.switch.port.node.0.peer_src.0.ingress_pre_occ_bucket.other_req.0 = 0
stat.switch.port.node.0.peer_src.0.ingress_queue_wait_bucket.other_req.0 = 13
stat.switch.port.node.0.peer_src.0.ingress_pre_occ_bucket.other_req.1_64 = 7
stat.switch.port.node.0.peer_src.0.ingress_queue_wait_bucket.other_req.1_63 = 12
stat.switch.port.node.0.peer_src.0.ingress_pre_occ_bucket.other_req.65_256 = 18
stat.switch.port.node.0.peer_src.0.ingress_queue_wait_bucket.other_req.64_255 = 0
stat.switch.port.node.0.peer_src.0.ingress_pre_occ_bucket.other_req.257_1024 = 0
stat.switch.port.node.0.peer_src.0.ingress_queue_wait_bucket.other_req.256_1023 = 0
stat.switch.port.node.0.peer_src.0.ingress_pre_occ_bucket.other_req.1025_4096 = 0
stat.switch.port.node.0.peer_src.0.ingress_queue_wait_bucket.other_req.1024_4095 = 0
stat.switch.port.node.0.peer_src.0.ingress_pre_occ_bucket.other_req.4097_plus = 0
stat.switch.port.node.0.peer_src.0.ingress_queue_wait_bucket.other_req.4096_plus = 0
stat.switch.port.node.0.peer_dst.100.rx_bytes.demand_req = 133632
stat.switch.port.node.0.peer_dst.100.rx_pkts.demand_req = 16704
stat.switch.port.node.0.peer_dst.100.tx_bytes.demand_req = 0
stat.switch.port.node.0.peer_dst.100.tx_pkts.demand_req = 0
stat.switch.port.node.0.peer_dst.100.ingress_arrivals.demand_req = 16704
stat.switch.port.node.0.peer_dst.100.ingress_arrival_nonempty_packet_frac.demand_req = 0.956717
stat.switch.port.node.0.peer_dst.100.ingress_nonempty_arrival_pre_occ_avg_bytes.demand_req = 122.148
stat.switch.port.node.0.peer_dst.100.ingress_nonempty_arrival_pre_occ_max_bytes.demand_req = 416
stat.switch.port.node.0.peer_dst.100.ingress_wait_avg_cycles.demand_req = 128.214
stat.switch.port.node.0.peer_dst.100.ingress_queue_wait_avg_cycles.demand_req = 4.21367
stat.switch.port.node.0.peer_dst.100.ingress_queue_wait_after_nonempty_arrival_avg_cycles.demand_req = 4.40432
stat.switch.port.node.0.peer_dst.100.ingress_pre_occ_bucket.demand_req.0 = 723
stat.switch.port.node.0.peer_dst.100.ingress_queue_wait_bucket.demand_req.0 = 9653
stat.switch.port.node.0.peer_dst.100.ingress_pre_occ_bucket.demand_req.1_64 = 3690
stat.switch.port.node.0.peer_dst.100.ingress_queue_wait_bucket.demand_req.1_63 = 7050
stat.switch.port.node.0.peer_dst.100.ingress_pre_occ_bucket.demand_req.65_256 = 11635
stat.switch.port.node.0.peer_dst.100.ingress_queue_wait_bucket.demand_req.64_255 = 0
stat.switch.port.node.0.peer_dst.100.ingress_pre_occ_bucket.demand_req.257_1024 = 656
stat.switch.port.node.0.peer_dst.100.ingress_queue_wait_bucket.demand_req.256_1023 = 0
stat.switch.port.node.0.peer_dst.100.ingress_pre_occ_bucket.demand_req.1025_4096 = 0
stat.switch.port.node.0.peer_dst.100.ingress_queue_wait_bucket.demand_req.1024_4095 = 0
stat.switch.port.node.0.peer_dst.100.ingress_pre_occ_bucket.demand_req.4097_plus = 0
stat.switch.port.node.0.peer_dst.100.ingress_queue_wait_bucket.demand_req.4096_plus = 0
stat.switch.port.node.0.peer_dst.100.rx_bytes.write_req = 392576
stat.switch.port.node.0.peer_dst.100.rx_pkts.write_req = 6134
stat.switch.port.node.0.peer_dst.100.tx_bytes.write_req = 0
stat.switch.port.node.0.peer_dst.100.tx_pkts.write_req = 0
stat.switch.port.node.0.peer_dst.100.ingress_arrivals.write_req = 6134
stat.switch.port.node.0.peer_dst.100.ingress_arrival_nonempty_packet_frac.write_req = 0.780078
stat.switch.port.node.0.peer_dst.100.ingress_nonempty_arrival_pre_occ_avg_bytes.write_req = 107.875
stat.switch.port.node.0.peer_dst.100.ingress_nonempty_arrival_pre_occ_max_bytes.write_req = 360
stat.switch.port.node.0.peer_dst.100.ingress_wait_avg_cycles.write_req = 145.767
stat.switch.port.node.0.peer_dst.100.ingress_queue_wait_avg_cycles.write_req = 0.766884
stat.switch.port.node.0.peer_dst.100.ingress_queue_wait_after_nonempty_arrival_avg_cycles.write_req = 0.983061
stat.switch.port.node.0.peer_dst.100.ingress_pre_occ_bucket.write_req.0 = 1349
stat.switch.port.node.0.peer_dst.100.ingress_queue_wait_bucket.write_req.0 = 5350
stat.switch.port.node.0.peer_dst.100.ingress_pre_occ_bucket.write_req.1_64 = 1613
stat.switch.port.node.0.peer_dst.100.ingress_queue_wait_bucket.write_req.1_63 = 780
stat.switch.port.node.0.peer_dst.100.ingress_pre_occ_bucket.write_req.65_256 = 3041
stat.switch.port.node.0.peer_dst.100.ingress_queue_wait_bucket.write_req.64_255 = 0
stat.switch.port.node.0.peer_dst.100.ingress_pre_occ_bucket.write_req.257_1024 = 131
stat.switch.port.node.0.peer_dst.100.ingress_queue_wait_bucket.write_req.256_1023 = 0
stat.switch.port.node.0.peer_dst.100.ingress_pre_occ_bucket.write_req.1025_4096 = 0
stat.switch.port.node.0.peer_dst.100.ingress_queue_wait_bucket.write_req.1024_4095 = 0
stat.switch.port.node.0.peer_dst.100.ingress_pre_occ_bucket.write_req.4097_plus = 0
stat.switch.port.node.0.peer_dst.100.ingress_queue_wait_bucket.write_req.4096_plus = 0
stat.switch.port.node.0.peer_dst.100.rx_bytes.other_req = 200
stat.switch.port.node.0.peer_dst.100.rx_pkts.other_req = 25
stat.switch.port.node.0.peer_dst.100.tx_bytes.other_req = 0
stat.switch.port.node.0.peer_dst.100.tx_pkts.other_req = 0
stat.switch.port.node.0.peer_dst.100.ingress_arrivals.other_req = 25
stat.switch.port.node.0.peer_dst.100.ingress_arrival_nonempty_packet_frac.other_req = 1
stat.switch.port.node.0.peer_dst.100.ingress_nonempty_arrival_pre_occ_avg_bytes.other_req = 129.28
stat.switch.port.node.0.peer_dst.100.ingress_nonempty_arrival_pre_occ_max_bytes.other_req = 256
stat.switch.port.node.0.peer_dst.100.ingress_wait_avg_cycles.other_req = 128.6
stat.switch.port.node.0.peer_dst.100.ingress_queue_wait_avg_cycles.other_req = 4.6
stat.switch.port.node.0.peer_dst.100.ingress_queue_wait_after_nonempty_arrival_avg_cycles.other_req = 4.6
stat.switch.port.node.0.peer_dst.100.ingress_pre_occ_bucket.other_req.0 = 0
stat.switch.port.node.0.peer_dst.100.ingress_queue_wait_bucket.other_req.0 = 13
stat.switch.port.node.0.peer_dst.100.ingress_pre_occ_bucket.other_req.1_64 = 7
stat.switch.port.node.0.peer_dst.100.ingress_queue_wait_bucket.other_req.1_63 = 12
stat.switch.port.node.0.peer_dst.100.ingress_pre_occ_bucket.other_req.65_256 = 18
stat.switch.port.node.0.peer_dst.100.ingress_queue_wait_bucket.other_req.64_255 = 0
stat.switch.port.node.0.peer_dst.100.ingress_pre_occ_bucket.other_req.257_1024 = 0
stat.switch.port.node.0.peer_dst.100.ingress_queue_wait_bucket.other_req.256_1023 = 0
stat.switch.port.node.0.peer_dst.100.ingress_pre_occ_bucket.other_req.1025_4096 = 0
stat.switch.port.node.0.peer_dst.100.ingress_queue_wait_bucket.other_req.1024_4095 = 0
stat.switch.port.node.0.peer_dst.100.ingress_pre_occ_bucket.other_req.4097_plus = 0
stat.switch.port.node.0.peer_dst.100.ingress_queue_wait_bucket.other_req.4096_plus = 0
stat.switch.port.node.0.tx_src.100.rx_bytes.response = 0
stat.switch.port.node.0.tx_src.100.rx_pkts.response = 0
stat.switch.port.node.0.tx_src.100.tx_bytes.response = 535296
stat.switch.port.node.0.tx_src.100.tx_pkts.response = 8364
stat.switch.port.node.0.tx_src.100.ingress_arrivals.response = 0
stat.switch.port.node.0.tx_src.100.ingress_arrival_nonempty_packet_frac.response = 0
stat.switch.port.node.0.tx_src.100.ingress_nonempty_arrival_pre_occ_avg_bytes.response = 0
stat.switch.port.node.0.tx_src.100.ingress_nonempty_arrival_pre_occ_max_bytes.response = 0
stat.switch.port.node.0.tx_src.100.ingress_wait_avg_cycles.response = 0
stat.switch.port.node.0.tx_src.100.ingress_queue_wait_avg_cycles.response = 0
stat.switch.port.node.0.tx_src.100.ingress_queue_wait_after_nonempty_arrival_avg_cycles.response = 0
stat.switch.port.node.0.tx_src.100.ingress_pre_occ_bucket.response.0 = 0
stat.switch.port.node.0.tx_src.100.ingress_queue_wait_bucket.response.0 = 0
stat.switch.port.node.0.tx_src.100.ingress_pre_occ_bucket.response.1_64 = 0
stat.switch.port.node.0.tx_src.100.ingress_queue_wait_bucket.response.1_63 = 0
stat.switch.port.node.0.tx_src.100.ingress_pre_occ_bucket.response.65_256 = 0
stat.switch.port.node.0.tx_src.100.ingress_queue_wait_bucket.response.64_255 = 0
stat.switch.port.node.0.tx_src.100.ingress_pre_occ_bucket.response.257_1024 = 0
stat.switch.port.node.0.tx_src.100.ingress_queue_wait_bucket.response.256_1023 = 0
stat.switch.port.node.0.tx_src.100.ingress_pre_occ_bucket.response.1025_4096 = 0
stat.switch.port.node.0.tx_src.100.ingress_queue_wait_bucket.response.1024_4095 = 0
stat.switch.port.node.0.tx_src.100.ingress_pre_occ_bucket.response.4097_plus = 0
stat.switch.port.node.0.tx_src.100.ingress_queue_wait_bucket.response.4096_plus = 0
stat.switch.port.node.0.tx_src.101.rx_bytes.response = 0
stat.switch.port.node.0.tx_src.101.rx_pkts.response = 0
stat.switch.port.node.0.tx_src.101.tx_bytes.response = 535296
stat.switch.port.node.0.tx_src.101.tx_pkts.response = 8364
stat.switch.port.node.0.tx_src.101.ingress_arrivals.response = 0
stat.switch.port.node.0.tx_src.101.ingress_arrival_nonempty_packet_frac.response = 0
stat.switch.port.node.0.tx_src.101.ingress_nonempty_arrival_pre_occ_avg_bytes.response = 0
stat.switch.port.node.0.tx_src.101.ingress_nonempty_arrival_pre_occ_max_bytes.response = 0
stat.switch.port.node.0.tx_src.101.ingress_wait_avg_cycles.response = 0
stat.switch.port.node.0.tx_src.101.ingress_queue_wait_avg_cycles.response = 0
stat.switch.port.node.0.tx_src.101.ingress_queue_wait_after_nonempty_arrival_avg_cycles.response = 0
stat.switch.port.node.0.tx_src.101.ingress_pre_occ_bucket.response.0 = 0
stat.switch.port.node.0.tx_src.101.ingress_queue_wait_bucket.response.0 = 0
stat.switch.port.node.0.tx_src.101.ingress_pre_occ_bucket.response.1_64 = 0
stat.switch.port.node.0.tx_src.101.ingress_queue_wait_bucket.response.1_63 = 0
stat.switch.port.node.0.tx_src.101.ingress_pre_occ_bucket.response.65_256 = 0
stat.switch.port.node.0.tx_src.101.ingress_queue_wait_bucket.response.64_255 = 0
stat.switch.port.node.0.tx_src.101.ingress_pre_occ_bucket.response.257_1024 = 0
stat.switch.port.node.0.tx_src.101.ingress_queue_wait_bucket.response.256_1023 = 0
stat.switch.port.node.0.tx_src.101.ingress_pre_occ_bucket.response.1025_4096 = 0
stat.switch.port.node.0.tx_src.101.ingress_queue_wait_bucket.response.1024_4095 = 0
stat.switch.port.node.0.tx_src.101.ingress_pre_occ_bucket.response.4097_plus = 0
stat.switch.port.node.0.tx_src.101.ingress_queue_wait_bucket.response.4096_plus = 0
stat.switch.port.node.0.tx_dst.0.rx_bytes.response = 0
stat.switch.port.node.0.tx_dst.0.rx_pkts.response = 0
stat.switch.port.node.0.tx_dst.0.tx_bytes.response = 1070592
stat.switch.port.node.0.tx_dst.0.tx_pkts.response = 16728
stat.switch.port.node.0.tx_dst.0.ingress_arrivals.response = 0
stat.switch.port.node.0.tx_dst.0.ingress_arrival_nonempty_packet_frac.response = 0
stat.switch.port.node.0.tx_dst.0.ingress_nonempty_arrival_pre_occ_avg_bytes.response = 0
stat.switch.port.node.0.tx_dst.0.ingress_nonempty_arrival_pre_occ_max_bytes.response = 0
stat.switch.port.node.0.tx_dst.0.ingress_wait_avg_cycles.response = 0
stat.switch.port.node.0.tx_dst.0.ingress_queue_wait_avg_cycles.response = 0
stat.switch.port.node.0.tx_dst.0.ingress_queue_wait_after_nonempty_arrival_avg_cycles.response = 0
stat.switch.port.node.0.tx_dst.0.ingress_pre_occ_bucket.response.0 = 0
stat.switch.port.node.0.tx_dst.0.ingress_queue_wait_bucket.response.0 = 0
stat.switch.port.node.0.tx_dst.0.ingress_pre_occ_bucket.response.1_64 = 0
stat.switch.port.node.0.tx_dst.0.ingress_queue_wait_bucket.response.1_63 = 0
stat.switch.port.node.0.tx_dst.0.ingress_pre_occ_bucket.response.65_256 = 0
stat.switch.port.node.0.tx_dst.0.ingress_queue_wait_bucket.response.64_255 = 0
stat.switch.port.node.0.tx_dst.0.ingress_pre_occ_bucket.response.257_1024 = 0
stat.switch.port.node.0.tx_dst.0.ingress_queue_wait_bucket.response.256_1023 = 0
stat.switch.port.node.0.tx_dst.0.ingress_pre_occ_bucket.response.1025_4096 = 0
stat.switch.port.node.0.tx_dst.0.ingress_queue_wait_bucket.response.1024_4095 = 0
stat.switch.port.node.0.tx_dst.0.ingress_pre_occ_bucket.response.4097_plus = 0
stat.switch.port.node.0.tx_dst.0.ingress_queue_wait_bucket.response.4096_plus = 0
stat.switch.port.pool.0.ingress_wait_avg_cycles = 156.955
stat.switch.port.pool.0.ingress_wait_max_cycles = 276
stat.switch.port.pool.0.egress_wait_avg_cycles = 1
stat.switch.port.pool.0.egress_wait_max_cycles = 1
stat.switch.port.pool.0.ingress_queue_wait_avg_cycles = 11.9547
stat.switch.port.pool.0.ingress_queue_wait_max_cycles = 131
stat.switch.port.pool.0.egress_occ_avg_bytes = 0
stat.switch.port.pool.0.egress_occ_stddev_bytes = 0
stat.switch.port.pool.0.egress_occ_max_bytes = 0
stat.switch.port.pool.0.egress_occ_nonempty_frac = 0
stat.switch.port.pool.0.egress_blocked_cycles = 0
stat.switch.port.pool.0.egress_blocked_nonempty_frac = 0
stat.switch.port.pool.0.egress_blocked_avg_occ_bytes = 0
stat.switch.port.pool.0.egress_blocked_max_occ_bytes = 0
stat.switch.port.pool.0.egress_send_burst_max_pkts = 1
stat.switch.port.pool.0.egress_send_burst_max_bytes = 64
stat.switch.port.pool.0.egress_send_burst_avg_pkts = 1
stat.switch.port.pool.0.egress_send_burst_avg_bytes = 31.6843
stat.switch.port.pool.0.egress_send_burst_stddev_pkts = 0
stat.switch.port.pool.0.egress_send_burst_stddev_bytes = 27.6654
stat.switch.port.pool.0.egress_send_nonempty_frac = 0.00920976
stat.switch.port.pool.0.ingress_arrival_burst_avg_bytes = 64
stat.switch.port.pool.0.ingress_arrival_nonempty_frac = 0.00531464
stat.switch.port.pool.0.ingress_arrival_run_max_cycles = 1
stat.switch.port.pool.0.ingress_arrival_run_avg_cycles = 1
stat.switch.port.pool.0.ingress_arrival_gap_max_cycles = 985
stat.switch.port.pool.0.ingress_arrival_gap_avg_cycles = 126.037
stat.switch.port.pool.0.ingress_release_burst_avg_bytes = 64
stat.switch.port.pool.0.ingress_release_nonempty_frac = 0.00531464
stat.switch.port.pool.0.ingress_release_run_max_cycles = 1
stat.switch.port.pool.0.ingress_release_run_avg_cycles = 1
stat.switch.port.pool.0.ingress_release_gap_max_cycles = 985
stat.switch.port.pool.0.ingress_release_gap_avg_cycles = 126.023
stat.switch.port.pool.0.ingress_occ_avg_bytes = 53.046
stat.switch.port.pool.0.ingress_occ_stddev_bytes = 84.0005
stat.switch.port.pool.0.ingress_occ_max_bytes = 512
stat.switch.port.pool.0.ingress_occ_nonempty_frac = 0.384766
stat.switch.port.pool.0.ingress_occ_run_max_cycles = 1416
stat.switch.port.pool.0.ingress_occ_run_avg_cycles = 251.675
stat.switch.port.pool.0.ingress_occ_gap_max_cycles = 842
stat.switch.port.pool.0.ingress_occ_gap_avg_cycles = 189.956
stat.switch.port.pool.0.ingress_wait_avg_cycles.demand_req = 0
stat.switch.port.pool.0.ingress_wait_max_cycles.demand_req = 0
stat.switch.port.pool.0.ingress_queue_wait_avg_cycles.demand_req = 0
stat.switch.port.pool.0.ingress_queue_wait_max_cycles.demand_req = 0
stat.switch.port.pool.0.egress_wait_avg_cycles.demand_req = 1
stat.switch.port.pool.0.egress_wait_max_cycles.demand_req = 1
stat.switch.port.pool.0.egress_occ_avg_bytes.demand_req = 0
stat.switch.port.pool.0.egress_occ_max_bytes.demand_req = 0
stat.switch.port.pool.0.egress_blocked_cycles.demand_req = 0
stat.switch.port.pool.0.ingress_arrival_empty_packets.demand_req = 0
stat.switch.port.pool.0.ingress_arrival_nonempty_packets.demand_req = 0
stat.switch.port.pool.0.ingress_arrival_nonempty_packet_frac.demand_req = 0
stat.switch.port.pool.0.ingress_nonempty_arrival_pre_occ_avg_bytes.demand_req = 0
stat.switch.port.pool.0.ingress_nonempty_arrival_pre_occ_max_bytes.demand_req = 0
stat.switch.port.pool.0.ingress_release_after_empty_arrival_packets.demand_req = 0
stat.switch.port.pool.0.ingress_release_after_nonempty_arrival_packets.demand_req = 0
stat.switch.port.pool.0.ingress_wait_after_empty_arrival_avg_cycles.demand_req = 0
stat.switch.port.pool.0.ingress_wait_after_nonempty_arrival_avg_cycles.demand_req = 0
stat.switch.port.pool.0.ingress_queue_wait_after_empty_arrival_avg_cycles.demand_req = 0
stat.switch.port.pool.0.ingress_queue_wait_after_nonempty_arrival_avg_cycles.demand_req = 0
stat.switch.port.pool.0.ingress_queue_wait_after_empty_arrival_max_cycles.demand_req = 0
stat.switch.port.pool.0.ingress_queue_wait_after_nonempty_arrival_max_cycles.demand_req = 0
stat.switch.port.pool.0.rx_bytes.demand_req = 0
stat.switch.port.pool.0.tx_bytes.demand_req = 66816
stat.switch.port.pool.0.rx_pkts.demand_req = 0
stat.switch.port.pool.0.tx_pkts.demand_req = 8352
stat.switch.port.pool.0.ingress_wait_avg_cycles.write_req = 0
stat.switch.port.pool.0.ingress_wait_max_cycles.write_req = 0
stat.switch.port.pool.0.ingress_queue_wait_avg_cycles.write_req = 0
stat.switch.port.pool.0.ingress_queue_wait_max_cycles.write_req = 0
stat.switch.port.pool.0.egress_wait_avg_cycles.write_req = 1
stat.switch.port.pool.0.egress_wait_max_cycles.write_req = 1
stat.switch.port.pool.0.egress_occ_avg_bytes.write_req = 0
stat.switch.port.pool.0.egress_occ_max_bytes.write_req = 0
stat.switch.port.pool.0.egress_blocked_cycles.write_req = 0
stat.switch.port.pool.0.ingress_arrival_empty_packets.write_req = 0
stat.switch.port.pool.0.ingress_arrival_nonempty_packets.write_req = 0
stat.switch.port.pool.0.ingress_arrival_nonempty_packet_frac.write_req = 0
stat.switch.port.pool.0.ingress_nonempty_arrival_pre_occ_avg_bytes.write_req = 0
stat.switch.port.pool.0.ingress_nonempty_arrival_pre_occ_max_bytes.write_req = 0
stat.switch.port.pool.0.ingress_release_after_empty_arrival_packets.write_req = 0
stat.switch.port.pool.0.ingress_release_after_nonempty_arrival_packets.write_req = 0
stat.switch.port.pool.0.ingress_wait_after_empty_arrival_avg_cycles.write_req = 0
stat.switch.port.pool.0.ingress_wait_after_nonempty_arrival_avg_cycles.write_req = 0
stat.switch.port.pool.0.ingress_queue_wait_after_empty_arrival_avg_cycles.write_req = 0
stat.switch.port.pool.0.ingress_queue_wait_after_nonempty_arrival_avg_cycles.write_req = 0
stat.switch.port.pool.0.ingress_queue_wait_after_empty_arrival_max_cycles.write_req = 0
stat.switch.port.pool.0.ingress_queue_wait_after_nonempty_arrival_max_cycles.write_req = 0
stat.switch.port.pool.0.rx_bytes.write_req = 0
stat.switch.port.pool.0.tx_bytes.write_req = 392320
stat.switch.port.pool.0.rx_pkts.write_req = 0
stat.switch.port.pool.0.tx_pkts.write_req = 6130
stat.switch.port.pool.0.ingress_wait_avg_cycles.response = 156.955
stat.switch.port.pool.0.ingress_wait_max_cycles.response = 276
stat.switch.port.pool.0.ingress_queue_wait_avg_cycles.response = 11.9547
stat.switch.port.pool.0.ingress_queue_wait_max_cycles.response = 131
stat.switch.port.pool.0.egress_wait_avg_cycles.response = 0
stat.switch.port.pool.0.egress_wait_max_cycles.response = 0
stat.switch.port.pool.0.egress_occ_avg_bytes.response = 0
stat.switch.port.pool.0.egress_occ_max_bytes.response = 0
stat.switch.port.pool.0.egress_blocked_cycles.response = 0
stat.switch.port.pool.0.ingress_arrival_empty_packets.response = 2406
stat.switch.port.pool.0.ingress_arrival_nonempty_packets.response = 5958
stat.switch.port.pool.0.ingress_arrival_nonempty_packet_frac.response = 0.712339
stat.switch.port.pool.0.ingress_nonempty_arrival_pre_occ_avg_bytes.response = 134.155
stat.switch.port.pool.0.ingress_nonempty_arrival_pre_occ_max_bytes.response = 448
stat.switch.port.pool.0.ingress_release_after_empty_arrival_packets.response = 2406
stat.switch.port.pool.0.ingress_release_after_nonempty_arrival_packets.response = 5958
stat.switch.port.pool.0.ingress_wait_after_empty_arrival_avg_cycles.response = 145
stat.switch.port.pool.0.ingress_wait_after_nonempty_arrival_avg_cycles.response = 161.782
stat.switch.port.pool.0.ingress_queue_wait_after_empty_arrival_avg_cycles.response = 0
stat.switch.port.pool.0.ingress_queue_wait_after_nonempty_arrival_avg_cycles.response = 16.7823
stat.switch.port.pool.0.ingress_queue_wait_after_empty_arrival_max_cycles.response = 0
stat.switch.port.pool.0.ingress_queue_wait_after_nonempty_arrival_max_cycles.response = 131
stat.switch.port.pool.0.rx_bytes.response = 535296
stat.switch.port.pool.0.tx_bytes.response = 0
stat.switch.port.pool.0.rx_pkts.response = 8364
stat.switch.port.pool.0.tx_pkts.response = 0
stat.switch.port.pool.0.ingress_wait_avg_cycles.other_req = 0
stat.switch.port.pool.0.ingress_wait_max_cycles.other_req = 0
stat.switch.port.pool.0.ingress_queue_wait_avg_cycles.other_req = 0
stat.switch.port.pool.0.ingress_queue_wait_max_cycles.other_req = 0
stat.switch.port.pool.0.egress_wait_avg_cycles.other_req = 1
stat.switch.port.pool.0.egress_wait_max_cycles.other_req = 1
stat.switch.port.pool.0.egress_occ_avg_bytes.other_req = 0
stat.switch.port.pool.0.egress_occ_max_bytes.other_req = 0
stat.switch.port.pool.0.egress_blocked_cycles.other_req = 0
stat.switch.port.pool.0.ingress_arrival_empty_packets.other_req = 0
stat.switch.port.pool.0.ingress_arrival_nonempty_packets.other_req = 0
stat.switch.port.pool.0.ingress_arrival_nonempty_packet_frac.other_req = 0
stat.switch.port.pool.0.ingress_nonempty_arrival_pre_occ_avg_bytes.other_req = 0
stat.switch.port.pool.0.ingress_nonempty_arrival_pre_occ_max_bytes.other_req = 0
stat.switch.port.pool.0.ingress_release_after_empty_arrival_packets.other_req = 0
stat.switch.port.pool.0.ingress_release_after_nonempty_arrival_packets.other_req = 0
stat.switch.port.pool.0.ingress_wait_after_empty_arrival_avg_cycles.other_req = 0
stat.switch.port.pool.0.ingress_wait_after_nonempty_arrival_avg_cycles.other_req = 0
stat.switch.port.pool.0.ingress_queue_wait_after_empty_arrival_avg_cycles.other_req = 0
stat.switch.port.pool.0.ingress_queue_wait_after_nonempty_arrival_avg_cycles.other_req = 0
stat.switch.port.pool.0.ingress_queue_wait_after_empty_arrival_max_cycles.other_req = 0
stat.switch.port.pool.0.ingress_queue_wait_after_nonempty_arrival_max_cycles.other_req = 0
stat.switch.port.pool.0.rx_bytes.other_req = 0
stat.switch.port.pool.0.tx_bytes.other_req = 96
stat.switch.port.pool.0.rx_pkts.other_req = 0
stat.switch.port.pool.0.tx_pkts.other_req = 12
stat.switch.port.pool.0.ingress_occ_bucket_bytes.0 = 968234
stat.switch.port.pool.0.ready_occ_bucket_bytes.0 = 1565401
stat.switch.port.pool.0.ingress_occ_bucket_bytes.1_64 = 237479
stat.switch.port.pool.0.ready_occ_bucket_bytes.1_64 = 8364
stat.switch.port.pool.0.ingress_occ_bucket_bytes.65_256 = 333886
stat.switch.port.pool.0.ready_occ_bucket_bytes.65_256 = 0
stat.switch.port.pool.0.ingress_occ_bucket_bytes.257_1024 = 34166
stat.switch.port.pool.0.ready_occ_bucket_bytes.257_1024 = 0
stat.switch.port.pool.0.ingress_occ_bucket_bytes.1025_4096 = 0
stat.switch.port.pool.0.ready_occ_bucket_bytes.1025_4096 = 0
stat.switch.port.pool.0.ingress_occ_bucket_bytes.4097_plus = 0
stat.switch.port.pool.0.ready_occ_bucket_bytes.4097_plus = 0
stat.switch.port.pool.0.ingress_episode.count = 2406
stat.switch.port.pool.0.ingress_episode.avg_cycles = 251.675
stat.switch.port.pool.0.ingress_episode.max_cycles = 1416
stat.switch.port.pool.0.ingress_episode.avg_peak_occ_bytes = 191.202
stat.switch.port.pool.0.ingress_episode.max_peak_occ_bytes = 512
stat.switch.port.pool.0.ingress_episode.avg_arrival_pkts = 3.47631
stat.switch.port.pool.0.ingress_episode.max_arrival_pkts = 15
stat.switch.port.pool.0.ingress_episode.avg_arrival_bytes = 222.484
stat.switch.port.pool.0.ingress_episode.max_arrival_bytes = 960
stat.switch.port.pool.0.ingress_episode.avg_release_pkts = 3.47631
stat.switch.port.pool.0.ingress_episode.max_release_pkts = 15
stat.switch.port.pool.0.ingress_episode.avg_release_bytes = 222.484
stat.switch.port.pool.0.ingress_episode.max_release_bytes = 960
stat.switch.port.pool.0.ingress_episode.avg_wait_cycles = 545.623
stat.switch.port.pool.0.ingress_episode.max_wait_cycles = 276
stat.switch.port.pool.0.ingress_episode.avg_queue_wait_cycles = 41.5582
stat.switch.port.pool.0.ingress_episode.max_queue_wait_cycles = 131
stat.switch.port.pool.0.ingress_episode.avg_src_distinct = 1
stat.switch.port.pool.0.ingress_episode.max_src_distinct = 1
stat.switch.port.pool.0.ingress_episode.avg_dst_distinct = 1
stat.switch.port.pool.0.ingress_episode.max_dst_distinct = 1
stat.switch.port.pool.0.ingress_episode.avg_arrival_pkts.demand_req = 0
stat.switch.port.pool.0.ingress_episode.max_arrival_pkts.demand_req = 0
stat.switch.port.pool.0.ingress_episode.avg_release_pkts.demand_req = 0
stat.switch.port.pool.0.ingress_episode.max_release_pkts.demand_req = 0
stat.switch.port.pool.0.ingress_pre_occ_bucket.demand_req.0 = 0
stat.switch.port.pool.0.ingress_queue_wait_bucket.demand_req.0 = 0
stat.switch.port.pool.0.ingress_pre_occ_bucket.demand_req.1_64 = 0
stat.switch.port.pool.0.ingress_queue_wait_bucket.demand_req.1_63 = 0
stat.switch.port.pool.0.ingress_pre_occ_bucket.demand_req.65_256 = 0
stat.switch.port.pool.0.ingress_queue_wait_bucket.demand_req.64_255 = 0
stat.switch.port.pool.0.ingress_pre_occ_bucket.demand_req.257_1024 = 0
stat.switch.port.pool.0.ingress_queue_wait_bucket.demand_req.256_1023 = 0
stat.switch.port.pool.0.ingress_pre_occ_bucket.demand_req.1025_4096 = 0
stat.switch.port.pool.0.ingress_queue_wait_bucket.demand_req.1024_4095 = 0
stat.switch.port.pool.0.ingress_pre_occ_bucket.demand_req.4097_plus = 0
stat.switch.port.pool.0.ingress_queue_wait_bucket.demand_req.4096_plus = 0
stat.switch.port.pool.0.ingress_episode.avg_arrival_pkts.write_req = 0
stat.switch.port.pool.0.ingress_episode.max_arrival_pkts.write_req = 0
stat.switch.port.pool.0.ingress_episode.avg_release_pkts.write_req = 0
stat.switch.port.pool.0.ingress_episode.max_release_pkts.write_req = 0
stat.switch.port.pool.0.ingress_pre_occ_bucket.write_req.0 = 0
stat.switch.port.pool.0.ingress_queue_wait_bucket.write_req.0 = 0
stat.switch.port.pool.0.ingress_pre_occ_bucket.write_req.1_64 = 0
stat.switch.port.pool.0.ingress_queue_wait_bucket.write_req.1_63 = 0
stat.switch.port.pool.0.ingress_pre_occ_bucket.write_req.65_256 = 0
stat.switch.port.pool.0.ingress_queue_wait_bucket.write_req.64_255 = 0
stat.switch.port.pool.0.ingress_pre_occ_bucket.write_req.257_1024 = 0
stat.switch.port.pool.0.ingress_queue_wait_bucket.write_req.256_1023 = 0
stat.switch.port.pool.0.ingress_pre_occ_bucket.write_req.1025_4096 = 0
stat.switch.port.pool.0.ingress_queue_wait_bucket.write_req.1024_4095 = 0
stat.switch.port.pool.0.ingress_pre_occ_bucket.write_req.4097_plus = 0
stat.switch.port.pool.0.ingress_queue_wait_bucket.write_req.4096_plus = 0
stat.switch.port.pool.0.ingress_episode.avg_arrival_pkts.response = 3.47631
stat.switch.port.pool.0.ingress_episode.max_arrival_pkts.response = 15
stat.switch.port.pool.0.ingress_episode.avg_release_pkts.response = 3.47631
stat.switch.port.pool.0.ingress_episode.max_release_pkts.response = 15
stat.switch.port.pool.0.ingress_pre_occ_bucket.response.0 = 2406
stat.switch.port.pool.0.ingress_queue_wait_bucket.response.0 = 4764
stat.switch.port.pool.0.ingress_pre_occ_bucket.response.1_64 = 2380
stat.switch.port.pool.0.ingress_queue_wait_bucket.response.1_63 = 3424
stat.switch.port.pool.0.ingress_pre_occ_bucket.response.65_256 = 3289
stat.switch.port.pool.0.ingress_queue_wait_bucket.response.64_255 = 176
stat.switch.port.pool.0.ingress_pre_occ_bucket.response.257_1024 = 289
stat.switch.port.pool.0.ingress_queue_wait_bucket.response.256_1023 = 0
stat.switch.port.pool.0.ingress_pre_occ_bucket.response.1025_4096 = 0
stat.switch.port.pool.0.ingress_queue_wait_bucket.response.1024_4095 = 0
stat.switch.port.pool.0.ingress_pre_occ_bucket.response.4097_plus = 0
stat.switch.port.pool.0.ingress_queue_wait_bucket.response.4096_plus = 0
stat.switch.port.pool.0.ingress_episode.avg_arrival_pkts.other_req = 0
stat.switch.port.pool.0.ingress_episode.max_arrival_pkts.other_req = 0
stat.switch.port.pool.0.ingress_episode.avg_release_pkts.other_req = 0
stat.switch.port.pool.0.ingress_episode.max_release_pkts.other_req = 0
stat.switch.port.pool.0.ingress_pre_occ_bucket.other_req.0 = 0
stat.switch.port.pool.0.ingress_queue_wait_bucket.other_req.0 = 0
stat.switch.port.pool.0.ingress_pre_occ_bucket.other_req.1_64 = 0
stat.switch.port.pool.0.ingress_queue_wait_bucket.other_req.1_63 = 0
stat.switch.port.pool.0.ingress_pre_occ_bucket.other_req.65_256 = 0
stat.switch.port.pool.0.ingress_queue_wait_bucket.other_req.64_255 = 0
stat.switch.port.pool.0.ingress_pre_occ_bucket.other_req.257_1024 = 0
stat.switch.port.pool.0.ingress_queue_wait_bucket.other_req.256_1023 = 0
stat.switch.port.pool.0.ingress_pre_occ_bucket.other_req.1025_4096 = 0
stat.switch.port.pool.0.ingress_queue_wait_bucket.other_req.1024_4095 = 0
stat.switch.port.pool.0.ingress_pre_occ_bucket.other_req.4097_plus = 0
stat.switch.port.pool.0.ingress_queue_wait_bucket.other_req.4096_plus = 0
stat.switch.port.pool.0.peer_src.100.rx_bytes.response = 535296
stat.switch.port.pool.0.peer_src.100.rx_pkts.response = 8364
stat.switch.port.pool.0.peer_src.100.tx_bytes.response = 0
stat.switch.port.pool.0.peer_src.100.tx_pkts.response = 0
stat.switch.port.pool.0.peer_src.100.ingress_arrivals.response = 8364
stat.switch.port.pool.0.peer_src.100.ingress_arrival_nonempty_packet_frac.response = 0.712339
stat.switch.port.pool.0.peer_src.100.ingress_nonempty_arrival_pre_occ_avg_bytes.response = 134.155
stat.switch.port.pool.0.peer_src.100.ingress_nonempty_arrival_pre_occ_max_bytes.response = 448
stat.switch.port.pool.0.peer_src.100.ingress_wait_avg_cycles.response = 156.955
stat.switch.port.pool.0.peer_src.100.ingress_queue_wait_avg_cycles.response = 11.9547
stat.switch.port.pool.0.peer_src.100.ingress_queue_wait_after_nonempty_arrival_avg_cycles.response = 16.7823
stat.switch.port.pool.0.peer_src.100.ingress_pre_occ_bucket.response.0 = 2406
stat.switch.port.pool.0.peer_src.100.ingress_queue_wait_bucket.response.0 = 4764
stat.switch.port.pool.0.peer_src.100.ingress_pre_occ_bucket.response.1_64 = 2380
stat.switch.port.pool.0.peer_src.100.ingress_queue_wait_bucket.response.1_63 = 3424
stat.switch.port.pool.0.peer_src.100.ingress_pre_occ_bucket.response.65_256 = 3289
stat.switch.port.pool.0.peer_src.100.ingress_queue_wait_bucket.response.64_255 = 176
stat.switch.port.pool.0.peer_src.100.ingress_pre_occ_bucket.response.257_1024 = 289
stat.switch.port.pool.0.peer_src.100.ingress_queue_wait_bucket.response.256_1023 = 0
stat.switch.port.pool.0.peer_src.100.ingress_pre_occ_bucket.response.1025_4096 = 0
stat.switch.port.pool.0.peer_src.100.ingress_queue_wait_bucket.response.1024_4095 = 0
stat.switch.port.pool.0.peer_src.100.ingress_pre_occ_bucket.response.4097_plus = 0
stat.switch.port.pool.0.peer_src.100.ingress_queue_wait_bucket.response.4096_plus = 0
stat.switch.port.pool.0.peer_dst.0.rx_bytes.response = 535296
stat.switch.port.pool.0.peer_dst.0.rx_pkts.response = 8364
stat.switch.port.pool.0.peer_dst.0.tx_bytes.response = 0
stat.switch.port.pool.0.peer_dst.0.tx_pkts.response = 0
stat.switch.port.pool.0.peer_dst.0.ingress_arrivals.response = 8364
stat.switch.port.pool.0.peer_dst.0.ingress_arrival_nonempty_packet_frac.response = 0.712339
stat.switch.port.pool.0.peer_dst.0.ingress_nonempty_arrival_pre_occ_avg_bytes.response = 134.155
stat.switch.port.pool.0.peer_dst.0.ingress_nonempty_arrival_pre_occ_max_bytes.response = 448
stat.switch.port.pool.0.peer_dst.0.ingress_wait_avg_cycles.response = 156.955
stat.switch.port.pool.0.peer_dst.0.ingress_queue_wait_avg_cycles.response = 11.9547
stat.switch.port.pool.0.peer_dst.0.ingress_queue_wait_after_nonempty_arrival_avg_cycles.response = 16.7823
stat.switch.port.pool.0.peer_dst.0.ingress_pre_occ_bucket.response.0 = 2406
stat.switch.port.pool.0.peer_dst.0.ingress_queue_wait_bucket.response.0 = 4764
stat.switch.port.pool.0.peer_dst.0.ingress_pre_occ_bucket.response.1_64 = 2380
stat.switch.port.pool.0.peer_dst.0.ingress_queue_wait_bucket.response.1_63 = 3424
stat.switch.port.pool.0.peer_dst.0.ingress_pre_occ_bucket.response.65_256 = 3289
stat.switch.port.pool.0.peer_dst.0.ingress_queue_wait_bucket.response.64_255 = 176
stat.switch.port.pool.0.peer_dst.0.ingress_pre_occ_bucket.response.257_1024 = 289
stat.switch.port.pool.0.peer_dst.0.ingress_queue_wait_bucket.response.256_1023 = 0
stat.switch.port.pool.0.peer_dst.0.ingress_pre_occ_bucket.response.1025_4096 = 0
stat.switch.port.pool.0.peer_dst.0.ingress_queue_wait_bucket.response.1024_4095 = 0
stat.switch.port.pool.0.peer_dst.0.ingress_pre_occ_bucket.response.4097_plus = 0
stat.switch.port.pool.0.peer_dst.0.ingress_queue_wait_bucket.response.4096_plus = 0
stat.switch.port.pool.0.tx_src.0.rx_bytes.demand_req = 0
stat.switch.port.pool.0.tx_src.0.rx_pkts.demand_req = 0
stat.switch.port.pool.0.tx_src.0.tx_bytes.demand_req = 66816
stat.switch.port.pool.0.tx_src.0.tx_pkts.demand_req = 8352
stat.switch.port.pool.0.tx_src.0.ingress_arrivals.demand_req = 0
stat.switch.port.pool.0.tx_src.0.ingress_arrival_nonempty_packet_frac.demand_req = 0
stat.switch.port.pool.0.tx_src.0.ingress_nonempty_arrival_pre_occ_avg_bytes.demand_req = 0
stat.switch.port.pool.0.tx_src.0.ingress_nonempty_arrival_pre_occ_max_bytes.demand_req = 0
stat.switch.port.pool.0.tx_src.0.ingress_wait_avg_cycles.demand_req = 0
stat.switch.port.pool.0.tx_src.0.ingress_queue_wait_avg_cycles.demand_req = 0
stat.switch.port.pool.0.tx_src.0.ingress_queue_wait_after_nonempty_arrival_avg_cycles.demand_req = 0
stat.switch.port.pool.0.tx_src.0.ingress_pre_occ_bucket.demand_req.0 = 0
stat.switch.port.pool.0.tx_src.0.ingress_queue_wait_bucket.demand_req.0 = 0
stat.switch.port.pool.0.tx_src.0.ingress_pre_occ_bucket.demand_req.1_64 = 0
stat.switch.port.pool.0.tx_src.0.ingress_queue_wait_bucket.demand_req.1_63 = 0
stat.switch.port.pool.0.tx_src.0.ingress_pre_occ_bucket.demand_req.65_256 = 0
stat.switch.port.pool.0.tx_src.0.ingress_queue_wait_bucket.demand_req.64_255 = 0
stat.switch.port.pool.0.tx_src.0.ingress_pre_occ_bucket.demand_req.257_1024 = 0
stat.switch.port.pool.0.tx_src.0.ingress_queue_wait_bucket.demand_req.256_1023 = 0
stat.switch.port.pool.0.tx_src.0.ingress_pre_occ_bucket.demand_req.1025_4096 = 0
stat.switch.port.pool.0.tx_src.0.ingress_queue_wait_bucket.demand_req.1024_4095 = 0
stat.switch.port.pool.0.tx_src.0.ingress_pre_occ_bucket.demand_req.4097_plus = 0
stat.switch.port.pool.0.tx_src.0.ingress_queue_wait_bucket.demand_req.4096_plus = 0
stat.switch.port.pool.0.tx_src.0.rx_bytes.write_req = 0
stat.switch.port.pool.0.tx_src.0.rx_pkts.write_req = 0
stat.switch.port.pool.0.tx_src.0.tx_bytes.write_req = 392320
stat.switch.port.pool.0.tx_src.0.tx_pkts.write_req = 6130
stat.switch.port.pool.0.tx_src.0.ingress_arrivals.write_req = 0
stat.switch.port.pool.0.tx_src.0.ingress_arrival_nonempty_packet_frac.write_req = 0
stat.switch.port.pool.0.tx_src.0.ingress_nonempty_arrival_pre_occ_avg_bytes.write_req = 0
stat.switch.port.pool.0.tx_src.0.ingress_nonempty_arrival_pre_occ_max_bytes.write_req = 0
stat.switch.port.pool.0.tx_src.0.ingress_wait_avg_cycles.write_req = 0
stat.switch.port.pool.0.tx_src.0.ingress_queue_wait_avg_cycles.write_req = 0
stat.switch.port.pool.0.tx_src.0.ingress_queue_wait_after_nonempty_arrival_avg_cycles.write_req = 0
stat.switch.port.pool.0.tx_src.0.ingress_pre_occ_bucket.write_req.0 = 0
stat.switch.port.pool.0.tx_src.0.ingress_queue_wait_bucket.write_req.0 = 0
stat.switch.port.pool.0.tx_src.0.ingress_pre_occ_bucket.write_req.1_64 = 0
stat.switch.port.pool.0.tx_src.0.ingress_queue_wait_bucket.write_req.1_63 = 0
stat.switch.port.pool.0.tx_src.0.ingress_pre_occ_bucket.write_req.65_256 = 0
stat.switch.port.pool.0.tx_src.0.ingress_queue_wait_bucket.write_req.64_255 = 0
stat.switch.port.pool.0.tx_src.0.ingress_pre_occ_bucket.write_req.257_1024 = 0
stat.switch.port.pool.0.tx_src.0.ingress_queue_wait_bucket.write_req.256_1023 = 0
stat.switch.port.pool.0.tx_src.0.ingress_pre_occ_bucket.write_req.1025_4096 = 0
stat.switch.port.pool.0.tx_src.0.ingress_queue_wait_bucket.write_req.1024_4095 = 0
stat.switch.port.pool.0.tx_src.0.ingress_pre_occ_bucket.write_req.4097_plus = 0
stat.switch.port.pool.0.tx_src.0.ingress_queue_wait_bucket.write_req.4096_plus = 0
stat.switch.port.pool.0.tx_src.0.rx_bytes.other_req = 0
stat.switch.port.pool.0.tx_src.0.rx_pkts.other_req = 0
stat.switch.port.pool.0.tx_src.0.tx_bytes.other_req = 96
stat.switch.port.pool.0.tx_src.0.tx_pkts.other_req = 12
stat.switch.port.pool.0.tx_src.0.ingress_arrivals.other_req = 0
stat.switch.port.pool.0.tx_src.0.ingress_arrival_nonempty_packet_frac.other_req = 0
stat.switch.port.pool.0.tx_src.0.ingress_nonempty_arrival_pre_occ_avg_bytes.other_req = 0
stat.switch.port.pool.0.tx_src.0.ingress_nonempty_arrival_pre_occ_max_bytes.other_req = 0
stat.switch.port.pool.0.tx_src.0.ingress_wait_avg_cycles.other_req = 0
stat.switch.port.pool.0.tx_src.0.ingress_queue_wait_avg_cycles.other_req = 0
stat.switch.port.pool.0.tx_src.0.ingress_queue_wait_after_nonempty_arrival_avg_cycles.other_req = 0
stat.switch.port.pool.0.tx_src.0.ingress_pre_occ_bucket.other_req.0 = 0
stat.switch.port.pool.0.tx_src.0.ingress_queue_wait_bucket.other_req.0 = 0
stat.switch.port.pool.0.tx_src.0.ingress_pre_occ_bucket.other_req.1_64 = 0
stat.switch.port.pool.0.tx_src.0.ingress_queue_wait_bucket.other_req.1_63 = 0
stat.switch.port.pool.0.tx_src.0.ingress_pre_occ_bucket.other_req.65_256 = 0
stat.switch.port.pool.0.tx_src.0.ingress_queue_wait_bucket.other_req.64_255 = 0
stat.switch.port.pool.0.tx_src.0.ingress_pre_occ_bucket.other_req.257_1024 = 0
stat.switch.port.pool.0.tx_src.0.ingress_queue_wait_bucket.other_req.256_1023 = 0
stat.switch.port.pool.0.tx_src.0.ingress_pre_occ_bucket.other_req.1025_4096 = 0
stat.switch.port.pool.0.tx_src.0.ingress_queue_wait_bucket.other_req.1024_4095 = 0
stat.switch.port.pool.0.tx_src.0.ingress_pre_occ_bucket.other_req.4097_plus = 0
stat.switch.port.pool.0.tx_src.0.ingress_queue_wait_bucket.other_req.4096_plus = 0
stat.switch.port.pool.0.tx_dst.100.rx_bytes.demand_req = 0
stat.switch.port.pool.0.tx_dst.100.rx_pkts.demand_req = 0
stat.switch.port.pool.0.tx_dst.100.tx_bytes.demand_req = 66816
stat.switch.port.pool.0.tx_dst.100.tx_pkts.demand_req = 8352
stat.switch.port.pool.0.tx_dst.100.ingress_arrivals.demand_req = 0
stat.switch.port.pool.0.tx_dst.100.ingress_arrival_nonempty_packet_frac.demand_req = 0
stat.switch.port.pool.0.tx_dst.100.ingress_nonempty_arrival_pre_occ_avg_bytes.demand_req = 0
stat.switch.port.pool.0.tx_dst.100.ingress_nonempty_arrival_pre_occ_max_bytes.demand_req = 0
stat.switch.port.pool.0.tx_dst.100.ingress_wait_avg_cycles.demand_req = 0
stat.switch.port.pool.0.tx_dst.100.ingress_queue_wait_avg_cycles.demand_req = 0
stat.switch.port.pool.0.tx_dst.100.ingress_queue_wait_after_nonempty_arrival_avg_cycles.demand_req = 0
stat.switch.port.pool.0.tx_dst.100.ingress_pre_occ_bucket.demand_req.0 = 0
stat.switch.port.pool.0.tx_dst.100.ingress_queue_wait_bucket.demand_req.0 = 0
stat.switch.port.pool.0.tx_dst.100.ingress_pre_occ_bucket.demand_req.1_64 = 0
stat.switch.port.pool.0.tx_dst.100.ingress_queue_wait_bucket.demand_req.1_63 = 0
stat.switch.port.pool.0.tx_dst.100.ingress_pre_occ_bucket.demand_req.65_256 = 0
stat.switch.port.pool.0.tx_dst.100.ingress_queue_wait_bucket.demand_req.64_255 = 0
stat.switch.port.pool.0.tx_dst.100.ingress_pre_occ_bucket.demand_req.257_1024 = 0
stat.switch.port.pool.0.tx_dst.100.ingress_queue_wait_bucket.demand_req.256_1023 = 0
stat.switch.port.pool.0.tx_dst.100.ingress_pre_occ_bucket.demand_req.1025_4096 = 0
stat.switch.port.pool.0.tx_dst.100.ingress_queue_wait_bucket.demand_req.1024_4095 = 0
stat.switch.port.pool.0.tx_dst.100.ingress_pre_occ_bucket.demand_req.4097_plus = 0
stat.switch.port.pool.0.tx_dst.100.ingress_queue_wait_bucket.demand_req.4096_plus = 0
stat.switch.port.pool.0.tx_dst.100.rx_bytes.write_req = 0
stat.switch.port.pool.0.tx_dst.100.rx_pkts.write_req = 0
stat.switch.port.pool.0.tx_dst.100.tx_bytes.write_req = 392320
stat.switch.port.pool.0.tx_dst.100.tx_pkts.write_req = 6130
stat.switch.port.pool.0.tx_dst.100.ingress_arrivals.write_req = 0
stat.switch.port.pool.0.tx_dst.100.ingress_arrival_nonempty_packet_frac.write_req = 0
stat.switch.port.pool.0.tx_dst.100.ingress_nonempty_arrival_pre_occ_avg_bytes.write_req = 0
stat.switch.port.pool.0.tx_dst.100.ingress_nonempty_arrival_pre_occ_max_bytes.write_req = 0
stat.switch.port.pool.0.tx_dst.100.ingress_wait_avg_cycles.write_req = 0
stat.switch.port.pool.0.tx_dst.100.ingress_queue_wait_avg_cycles.write_req = 0
stat.switch.port.pool.0.tx_dst.100.ingress_queue_wait_after_nonempty_arrival_avg_cycles.write_req = 0
stat.switch.port.pool.0.tx_dst.100.ingress_pre_occ_bucket.write_req.0 = 0
stat.switch.port.pool.0.tx_dst.100.ingress_queue_wait_bucket.write_req.0 = 0
stat.switch.port.pool.0.tx_dst.100.ingress_pre_occ_bucket.write_req.1_64 = 0
stat.switch.port.pool.0.tx_dst.100.ingress_queue_wait_bucket.write_req.1_63 = 0
stat.switch.port.pool.0.tx_dst.100.ingress_pre_occ_bucket.write_req.65_256 = 0
stat.switch.port.pool.0.tx_dst.100.ingress_queue_wait_bucket.write_req.64_255 = 0
stat.switch.port.pool.0.tx_dst.100.ingress_pre_occ_bucket.write_req.257_1024 = 0
stat.switch.port.pool.0.tx_dst.100.ingress_queue_wait_bucket.write_req.256_1023 = 0
stat.switch.port.pool.0.tx_dst.100.ingress_pre_occ_bucket.write_req.1025_4096 = 0
stat.switch.port.pool.0.tx_dst.100.ingress_queue_wait_bucket.write_req.1024_4095 = 0
stat.switch.port.pool.0.tx_dst.100.ingress_pre_occ_bucket.write_req.4097_plus = 0
stat.switch.port.pool.0.tx_dst.100.ingress_queue_wait_bucket.write_req.4096_plus = 0
stat.switch.port.pool.0.tx_dst.100.rx_bytes.other_req = 0
stat.switch.port.pool.0.tx_dst.100.rx_pkts.other_req = 0
stat.switch.port.pool.0.tx_dst.100.tx_bytes.other_req = 96
stat.switch.port.pool.0.tx_dst.100.tx_pkts.other_req = 12
stat.switch.port.pool.0.tx_dst.100.ingress_arrivals.other_req = 0
stat.switch.port.pool.0.tx_dst.100.ingress_arrival_nonempty_packet_frac.other_req = 0
stat.switch.port.pool.0.tx_dst.100.ingress_nonempty_arrival_pre_occ_avg_bytes.other_req = 0
stat.switch.port.pool.0.tx_dst.100.ingress_nonempty_arrival_pre_occ_max_bytes.other_req = 0
stat.switch.port.pool.0.tx_dst.100.ingress_wait_avg_cycles.other_req = 0
stat.switch.port.pool.0.tx_dst.100.ingress_queue_wait_avg_cycles.other_req = 0
stat.switch.port.pool.0.tx_dst.100.ingress_queue_wait_after_nonempty_arrival_avg_cycles.other_req = 0
stat.switch.port.pool.0.tx_dst.100.ingress_pre_occ_bucket.other_req.0 = 0
stat.switch.port.pool.0.tx_dst.100.ingress_queue_wait_bucket.other_req.0 = 0
stat.switch.port.pool.0.tx_dst.100.ingress_pre_occ_bucket.other_req.1_64 = 0
stat.switch.port.pool.0.tx_dst.100.ingress_queue_wait_bucket.other_req.1_63 = 0
stat.switch.port.pool.0.tx_dst.100.ingress_pre_occ_bucket.other_req.65_256 = 0
stat.switch.port.pool.0.tx_dst.100.ingress_queue_wait_bucket.other_req.64_255 = 0
stat.switch.port.pool.0.tx_dst.100.ingress_pre_occ_bucket.other_req.257_1024 = 0
stat.switch.port.pool.0.tx_dst.100.ingress_queue_wait_bucket.other_req.256_1023 = 0
stat.switch.port.pool.0.tx_dst.100.ingress_pre_occ_bucket.other_req.1025_4096 = 0
stat.switch.port.pool.0.tx_dst.100.ingress_queue_wait_bucket.other_req.1024_4095 = 0
stat.switch.port.pool.0.tx_dst.100.ingress_pre_occ_bucket.other_req.4097_plus = 0
stat.switch.port.pool.0.tx_dst.100.ingress_queue_wait_bucket.other_req.4096_plus = 0
stat.switch.port.pool.1.ingress_wait_avg_cycles = 156.856
stat.switch.port.pool.1.ingress_wait_max_cycles = 283
stat.switch.port.pool.1.egress_wait_avg_cycles = 1
stat.switch.port.pool.1.egress_wait_max_cycles = 1
stat.switch.port.pool.1.ingress_queue_wait_avg_cycles = 11.8557
stat.switch.port.pool.1.ingress_queue_wait_max_cycles = 138
stat.switch.port.pool.1.egress_occ_avg_bytes = 0
stat.switch.port.pool.1.egress_occ_stddev_bytes = 0
stat.switch.port.pool.1.egress_occ_max_bytes = 0
stat.switch.port.pool.1.egress_occ_nonempty_frac = 0
stat.switch.port.pool.1.egress_blocked_cycles = 0
stat.switch.port.pool.1.egress_blocked_nonempty_frac = 0
stat.switch.port.pool.1.egress_blocked_avg_occ_bytes = 0
stat.switch.port.pool.1.egress_blocked_max_occ_bytes = 0
stat.switch.port.pool.1.egress_send_burst_max_pkts = 1
stat.switch.port.pool.1.egress_send_burst_max_bytes = 64
stat.switch.port.pool.1.egress_send_burst_avg_pkts = 1
stat.switch.port.pool.1.egress_send_burst_avg_bytes = 31.6843
stat.switch.port.pool.1.egress_send_burst_stddev_pkts = 0
stat.switch.port.pool.1.egress_send_burst_stddev_bytes = 27.6654
stat.switch.port.pool.1.egress_send_nonempty_frac = 0.00920976
stat.switch.port.pool.1.ingress_arrival_burst_avg_bytes = 64
stat.switch.port.pool.1.ingress_arrival_nonempty_frac = 0.00531464
stat.switch.port.pool.1.ingress_arrival_run_max_cycles = 1
stat.switch.port.pool.1.ingress_arrival_run_avg_cycles = 1
stat.switch.port.pool.1.ingress_arrival_gap_max_cycles = 878
stat.switch.port.pool.1.ingress_arrival_gap_avg_cycles = 126.037
stat.switch.port.pool.1.ingress_release_burst_avg_bytes = 64
stat.switch.port.pool.1.ingress_release_nonempty_frac = 0.00531464
stat.switch.port.pool.1.ingress_release_run_max_cycles = 1
stat.switch.port.pool.1.ingress_release_run_avg_cycles = 1
stat.switch.port.pool.1.ingress_release_gap_max_cycles = 775
stat.switch.port.pool.1.ingress_release_gap_avg_cycles = 126.023
stat.switch.port.pool.1.ingress_occ_avg_bytes = 53.0123
stat.switch.port.pool.1.ingress_occ_stddev_bytes = 83.9106
stat.switch.port.pool.1.ingress_occ_max_bytes = 512
stat.switch.port.pool.1.ingress_occ_nonempty_frac = 0.385226
stat.switch.port.pool.1.ingress_occ_run_max_cycles = 681
stat.switch.port.pool.1.ingress_occ_run_avg_cycles = 255.05
stat.switch.port.pool.1.ingress_occ_gap_max_cycles = 632
stat.switch.port.pool.1.ingress_occ_gap_avg_cycles = 191.967
stat.switch.port.pool.1.ingress_wait_avg_cycles.demand_req = 0
stat.switch.port.pool.1.ingress_wait_max_cycles.demand_req = 0
stat.switch.port.pool.1.ingress_queue_wait_avg_cycles.demand_req = 0
stat.switch.port.pool.1.ingress_queue_wait_max_cycles.demand_req = 0
stat.switch.port.pool.1.egress_wait_avg_cycles.demand_req = 1
stat.switch.port.pool.1.egress_wait_max_cycles.demand_req = 1
stat.switch.port.pool.1.egress_occ_avg_bytes.demand_req = 0
stat.switch.port.pool.1.egress_occ_max_bytes.demand_req = 0
stat.switch.port.pool.1.egress_blocked_cycles.demand_req = 0
stat.switch.port.pool.1.ingress_arrival_empty_packets.demand_req = 0
stat.switch.port.pool.1.ingress_arrival_nonempty_packets.demand_req = 0
stat.switch.port.pool.1.ingress_arrival_nonempty_packet_frac.demand_req = 0
stat.switch.port.pool.1.ingress_nonempty_arrival_pre_occ_avg_bytes.demand_req = 0
stat.switch.port.pool.1.ingress_nonempty_arrival_pre_occ_max_bytes.demand_req = 0
stat.switch.port.pool.1.ingress_release_after_empty_arrival_packets.demand_req = 0
stat.switch.port.pool.1.ingress_release_after_nonempty_arrival_packets.demand_req = 0
stat.switch.port.pool.1.ingress_wait_after_empty_arrival_avg_cycles.demand_req = 0
stat.switch.port.pool.1.ingress_wait_after_nonempty_arrival_avg_cycles.demand_req = 0
stat.switch.port.pool.1.ingress_queue_wait_after_empty_arrival_avg_cycles.demand_req = 0
stat.switch.port.pool.1.ingress_queue_wait_after_nonempty_arrival_avg_cycles.demand_req = 0
stat.switch.port.pool.1.ingress_queue_wait_after_empty_arrival_max_cycles.demand_req = 0
stat.switch.port.pool.1.ingress_queue_wait_after_nonempty_arrival_max_cycles.demand_req = 0
stat.switch.port.pool.1.rx_bytes.demand_req = 0
stat.switch.port.pool.1.tx_bytes.demand_req = 66808
stat.switch.port.pool.1.rx_pkts.demand_req = 0
stat.switch.port.pool.1.tx_pkts.demand_req = 8351
stat.switch.port.pool.1.ingress_wait_avg_cycles.write_req = 0
stat.switch.port.pool.1.ingress_wait_max_cycles.write_req = 0
stat.switch.port.pool.1.ingress_queue_wait_avg_cycles.write_req = 0
stat.switch.port.pool.1.ingress_queue_wait_max_cycles.write_req = 0
stat.switch.port.pool.1.egress_wait_avg_cycles.write_req = 1
stat.switch.port.pool.1.egress_wait_max_cycles.write_req = 1
stat.switch.port.pool.1.egress_occ_avg_bytes.write_req = 0
stat.switch.port.pool.1.egress_occ_max_bytes.write_req = 0
stat.switch.port.pool.1.egress_blocked_cycles.write_req = 0
stat.switch.port.pool.1.ingress_arrival_empty_packets.write_req = 0
stat.switch.port.pool.1.ingress_arrival_nonempty_packets.write_req = 0
stat.switch.port.pool.1.ingress_arrival_nonempty_packet_frac.write_req = 0
stat.switch.port.pool.1.ingress_nonempty_arrival_pre_occ_avg_bytes.write_req = 0
stat.switch.port.pool.1.ingress_nonempty_arrival_pre_occ_max_bytes.write_req = 0
stat.switch.port.pool.1.ingress_release_after_empty_arrival_packets.write_req = 0
stat.switch.port.pool.1.ingress_release_after_nonempty_arrival_packets.write_req = 0
stat.switch.port.pool.1.ingress_wait_after_empty_arrival_avg_cycles.write_req = 0
stat.switch.port.pool.1.ingress_wait_after_nonempty_arrival_avg_cycles.write_req = 0
stat.switch.port.pool.1.ingress_queue_wait_after_empty_arrival_avg_cycles.write_req = 0
stat.switch.port.pool.1.ingress_queue_wait_after_nonempty_arrival_avg_cycles.write_req = 0
stat.switch.port.pool.1.ingress_queue_wait_after_empty_arrival_max_cycles.write_req = 0
stat.switch.port.pool.1.ingress_queue_wait_after_nonempty_arrival_max_cycles.write_req = 0
stat.switch.port.pool.1.rx_bytes.write_req = 0
stat.switch.port.pool.1.tx_bytes.write_req = 392320
stat.switch.port.pool.1.rx_pkts.write_req = 0
stat.switch.port.pool.1.tx_pkts.write_req = 6130
stat.switch.port.pool.1.ingress_wait_avg_cycles.response = 156.856
stat.switch.port.pool.1.ingress_wait_max_cycles.response = 283
stat.switch.port.pool.1.ingress_queue_wait_avg_cycles.response = 11.8557
stat.switch.port.pool.1.ingress_queue_wait_max_cycles.response = 138
stat.switch.port.pool.1.egress_wait_avg_cycles.response = 0
stat.switch.port.pool.1.egress_wait_max_cycles.response = 0
stat.switch.port.pool.1.egress_occ_avg_bytes.response = 0
stat.switch.port.pool.1.egress_occ_max_bytes.response = 0
stat.switch.port.pool.1.egress_blocked_cycles.response = 0
stat.switch.port.pool.1.ingress_arrival_empty_packets.response = 2377
stat.switch.port.pool.1.ingress_arrival_nonempty_packets.response = 5987
stat.switch.port.pool.1.ingress_arrival_nonempty_packet_frac.response = 0.715806
stat.switch.port.pool.1.ingress_nonempty_arrival_pre_occ_avg_bytes.response = 134.04
stat.switch.port.pool.1.ingress_nonempty_arrival_pre_occ_max_bytes.response = 448
stat.switch.port.pool.1.ingress_release_after_empty_arrival_packets.response = 2377
stat.switch.port.pool.1.ingress_release_after_nonempty_arrival_packets.response = 5987
stat.switch.port.pool.1.ingress_wait_after_empty_arrival_avg_cycles.response = 145
stat.switch.port.pool.1.ingress_wait_after_nonempty_arrival_avg_cycles.response = 161.563
stat.switch.port.pool.1.ingress_queue_wait_after_empty_arrival_avg_cycles.response = 0
stat.switch.port.pool.1.ingress_queue_wait_after_nonempty_arrival_avg_cycles.response = 16.5627
stat.switch.port.pool.1.ingress_queue_wait_after_empty_arrival_max_cycles.response = 0
stat.switch.port.pool.1.ingress_queue_wait_after_nonempty_arrival_max_cycles.response = 138
stat.switch.port.pool.1.rx_bytes.response = 535296
stat.switch.port.pool.1.tx_bytes.response = 0
stat.switch.port.pool.1.rx_pkts.response = 8364
stat.switch.port.pool.1.tx_pkts.response = 0
stat.switch.port.pool.1.ingress_wait_avg_cycles.other_req = 0
stat.switch.port.pool.1.ingress_wait_max_cycles.other_req = 0
stat.switch.port.pool.1.ingress_queue_wait_avg_cycles.other_req = 0
stat.switch.port.pool.1.ingress_queue_wait_max_cycles.other_req = 0
stat.switch.port.pool.1.egress_wait_avg_cycles.other_req = 1
stat.switch.port.pool.1.egress_wait_max_cycles.other_req = 1
stat.switch.port.pool.1.egress_occ_avg_bytes.other_req = 0
stat.switch.port.pool.1.egress_occ_max_bytes.other_req = 0
stat.switch.port.pool.1.egress_blocked_cycles.other_req = 0
stat.switch.port.pool.1.ingress_arrival_empty_packets.other_req = 0
stat.switch.port.pool.1.ingress_arrival_nonempty_packets.other_req = 0
stat.switch.port.pool.1.ingress_arrival_nonempty_packet_frac.other_req = 0
stat.switch.port.pool.1.ingress_nonempty_arrival_pre_occ_avg_bytes.other_req = 0
stat.switch.port.pool.1.ingress_nonempty_arrival_pre_occ_max_bytes.other_req = 0
stat.switch.port.pool.1.ingress_release_after_empty_arrival_packets.other_req = 0
stat.switch.port.pool.1.ingress_release_after_nonempty_arrival_packets.other_req = 0
stat.switch.port.pool.1.ingress_wait_after_empty_arrival_avg_cycles.other_req = 0
stat.switch.port.pool.1.ingress_wait_after_nonempty_arrival_avg_cycles.other_req = 0
stat.switch.port.pool.1.ingress_queue_wait_after_empty_arrival_avg_cycles.other_req = 0
stat.switch.port.pool.1.ingress_queue_wait_after_nonempty_arrival_avg_cycles.other_req = 0
stat.switch.port.pool.1.ingress_queue_wait_after_empty_arrival_max_cycles.other_req = 0
stat.switch.port.pool.1.ingress_queue_wait_after_nonempty_arrival_max_cycles.other_req = 0
stat.switch.port.pool.1.rx_bytes.other_req = 0
stat.switch.port.pool.1.tx_bytes.other_req = 104
stat.switch.port.pool.1.rx_pkts.other_req = 0
stat.switch.port.pool.1.tx_pkts.other_req = 13
stat.switch.port.pool.1.ingress_occ_bucket_bytes.0 = 967510
stat.switch.port.pool.1.ready_occ_bucket_bytes.0 = 1565401
stat.switch.port.pool.1.ingress_occ_bucket_bytes.1_64 = 237998
stat.switch.port.pool.1.ready_occ_bucket_bytes.1_64 = 8364
stat.switch.port.pool.1.ingress_occ_bucket_bytes.65_256 = 333563
stat.switch.port.pool.1.ready_occ_bucket_bytes.65_256 = 0
stat.switch.port.pool.1.ingress_occ_bucket_bytes.257_1024 = 34694
stat.switch.port.pool.1.ready_occ_bucket_bytes.257_1024 = 0
stat.switch.port.pool.1.ingress_occ_bucket_bytes.1025_4096 = 0
stat.switch.port.pool.1.ready_occ_bucket_bytes.1025_4096 = 0
stat.switch.port.pool.1.ingress_occ_bucket_bytes.4097_plus = 0
stat.switch.port.pool.1.ready_occ_bucket_bytes.4097_plus = 0
stat.switch.port.pool.1.ingress_episode.count = 2377
stat.switch.port.pool.1.ingress_episode.avg_cycles = 255.05
stat.switch.port.pool.1.ingress_episode.max_cycles = 681
stat.switch.port.pool.1.ingress_episode.avg_peak_occ_bytes = 191.785
stat.switch.port.pool.1.ingress_episode.max_peak_occ_bytes = 512
stat.switch.port.pool.1.ingress_episode.avg_arrival_pkts = 3.51872
stat.switch.port.pool.1.ingress_episode.max_arrival_pkts = 8
stat.switch.port.pool.1.ingress_episode.avg_arrival_bytes = 225.198
stat.switch.port.pool.1.ingress_episode.max_arrival_bytes = 512
stat.switch.port.pool.1.ingress_episode.avg_release_pkts = 3.51872
stat.switch.port.pool.1.ingress_episode.max_release_pkts = 8
stat.switch.port.pool.1.ingress_episode.avg_release_bytes = 225.198
stat.switch.port.pool.1.ingress_episode.max_release_bytes = 512
stat.switch.port.pool.1.ingress_episode.avg_wait_cycles = 551.931
stat.switch.port.pool.1.ingress_episode.max_wait_cycles = 283
stat.switch.port.pool.1.ingress_episode.avg_queue_wait_cycles = 41.7169
stat.switch.port.pool.1.ingress_episode.max_queue_wait_cycles = 138
stat.switch.port.pool.1.ingress_episode.avg_src_distinct = 1
stat.switch.port.pool.1.ingress_episode.max_src_distinct = 1
stat.switch.port.pool.1.ingress_episode.avg_dst_distinct = 1
stat.switch.port.pool.1.ingress_episode.max_dst_distinct = 1
stat.switch.port.pool.1.ingress_episode.avg_arrival_pkts.demand_req = 0
stat.switch.port.pool.1.ingress_episode.max_arrival_pkts.demand_req = 0
stat.switch.port.pool.1.ingress_episode.avg_release_pkts.demand_req = 0
stat.switch.port.pool.1.ingress_episode.max_release_pkts.demand_req = 0
stat.switch.port.pool.1.ingress_pre_occ_bucket.demand_req.0 = 0
stat.switch.port.pool.1.ingress_queue_wait_bucket.demand_req.0 = 0
stat.switch.port.pool.1.ingress_pre_occ_bucket.demand_req.1_64 = 0
stat.switch.port.pool.1.ingress_queue_wait_bucket.demand_req.1_63 = 0
stat.switch.port.pool.1.ingress_pre_occ_bucket.demand_req.65_256 = 0
stat.switch.port.pool.1.ingress_queue_wait_bucket.demand_req.64_255 = 0
stat.switch.port.pool.1.ingress_pre_occ_bucket.demand_req.257_1024 = 0
stat.switch.port.pool.1.ingress_queue_wait_bucket.demand_req.256_1023 = 0
stat.switch.port.pool.1.ingress_pre_occ_bucket.demand_req.1025_4096 = 0
stat.switch.port.pool.1.ingress_queue_wait_bucket.demand_req.1024_4095 = 0
stat.switch.port.pool.1.ingress_pre_occ_bucket.demand_req.4097_plus = 0
stat.switch.port.pool.1.ingress_queue_wait_bucket.demand_req.4096_plus = 0
stat.switch.port.pool.1.ingress_episode.avg_arrival_pkts.write_req = 0
stat.switch.port.pool.1.ingress_episode.max_arrival_pkts.write_req = 0
stat.switch.port.pool.1.ingress_episode.avg_release_pkts.write_req = 0
stat.switch.port.pool.1.ingress_episode.max_release_pkts.write_req = 0
stat.switch.port.pool.1.ingress_pre_occ_bucket.write_req.0 = 0
stat.switch.port.pool.1.ingress_queue_wait_bucket.write_req.0 = 0
stat.switch.port.pool.1.ingress_pre_occ_bucket.write_req.1_64 = 0
stat.switch.port.pool.1.ingress_queue_wait_bucket.write_req.1_63 = 0
stat.switch.port.pool.1.ingress_pre_occ_bucket.write_req.65_256 = 0
stat.switch.port.pool.1.ingress_queue_wait_bucket.write_req.64_255 = 0
stat.switch.port.pool.1.ingress_pre_occ_bucket.write_req.257_1024 = 0
stat.switch.port.pool.1.ingress_queue_wait_bucket.write_req.256_1023 = 0
stat.switch.port.pool.1.ingress_pre_occ_bucket.write_req.1025_4096 = 0
stat.switch.port.pool.1.ingress_queue_wait_bucket.write_req.1024_4095 = 0
stat.switch.port.pool.1.ingress_pre_occ_bucket.write_req.4097_plus = 0
stat.switch.port.pool.1.ingress_queue_wait_bucket.write_req.4096_plus = 0
stat.switch.port.pool.1.ingress_episode.avg_arrival_pkts.response = 3.51872
stat.switch.port.pool.1.ingress_episode.max_arrival_pkts.response = 8
stat.switch.port.pool.1.ingress_episode.avg_release_pkts.response = 3.51872
stat.switch.port.pool.1.ingress_episode.max_release_pkts.response = 8
stat.switch.port.pool.1.ingress_pre_occ_bucket.response.0 = 2377
stat.switch.port.pool.1.ingress_queue_wait_bucket.response.0 = 4779
stat.switch.port.pool.1.ingress_pre_occ_bucket.response.1_64 = 2397
stat.switch.port.pool.1.ingress_queue_wait_bucket.response.1_63 = 3412
stat.switch.port.pool.1.ingress_pre_occ_bucket.response.65_256 = 3292
stat.switch.port.pool.1.ingress_queue_wait_bucket.response.64_255 = 173
stat.switch.port.pool.1.ingress_pre_occ_bucket.response.257_1024 = 298
stat.switch.port.pool.1.ingress_queue_wait_bucket.response.256_1023 = 0
stat.switch.port.pool.1.ingress_pre_occ_bucket.response.1025_4096 = 0
stat.switch.port.pool.1.ingress_queue_wait_bucket.response.1024_4095 = 0
stat.switch.port.pool.1.ingress_pre_occ_bucket.response.4097_plus = 0
stat.switch.port.pool.1.ingress_queue_wait_bucket.response.4096_plus = 0
stat.switch.port.pool.1.ingress_episode.avg_arrival_pkts.other_req = 0
stat.switch.port.pool.1.ingress_episode.max_arrival_pkts.other_req = 0
stat.switch.port.pool.1.ingress_episode.avg_release_pkts.other_req = 0
stat.switch.port.pool.1.ingress_episode.max_release_pkts.other_req = 0
stat.switch.port.pool.1.ingress_pre_occ_bucket.other_req.0 = 0
stat.switch.port.pool.1.ingress_queue_wait_bucket.other_req.0 = 0
stat.switch.port.pool.1.ingress_pre_occ_bucket.other_req.1_64 = 0
stat.switch.port.pool.1.ingress_queue_wait_bucket.other_req.1_63 = 0
stat.switch.port.pool.1.ingress_pre_occ_bucket.other_req.65_256 = 0
stat.switch.port.pool.1.ingress_queue_wait_bucket.other_req.64_255 = 0
stat.switch.port.pool.1.ingress_pre_occ_bucket.other_req.257_1024 = 0
stat.switch.port.pool.1.ingress_queue_wait_bucket.other_req.256_1023 = 0
stat.switch.port.pool.1.ingress_pre_occ_bucket.other_req.1025_4096 = 0
stat.switch.port.pool.1.ingress_queue_wait_bucket.other_req.1024_4095 = 0
stat.switch.port.pool.1.ingress_pre_occ_bucket.other_req.4097_plus = 0
stat.switch.port.pool.1.ingress_queue_wait_bucket.other_req.4096_plus = 0
stat.switch.port.pool.1.peer_src.101.rx_bytes.response = 535296
stat.switch.port.pool.1.peer_src.101.rx_pkts.response = 8364
stat.switch.port.pool.1.peer_src.101.tx_bytes.response = 0
stat.switch.port.pool.1.peer_src.101.tx_pkts.response = 0
stat.switch.port.pool.1.peer_src.101.ingress_arrivals.response = 8364
stat.switch.port.pool.1.peer_src.101.ingress_arrival_nonempty_packet_frac.response = 0.715806
stat.switch.port.pool.1.peer_src.101.ingress_nonempty_arrival_pre_occ_avg_bytes.response = 134.04
stat.switch.port.pool.1.peer_src.101.ingress_nonempty_arrival_pre_occ_max_bytes.response = 448
stat.switch.port.pool.1.peer_src.101.ingress_wait_avg_cycles.response = 156.856
stat.switch.port.pool.1.peer_src.101.ingress_queue_wait_avg_cycles.response = 11.8557
stat.switch.port.pool.1.peer_src.101.ingress_queue_wait_after_nonempty_arrival_avg_cycles.response = 16.5627
stat.switch.port.pool.1.peer_src.101.ingress_pre_occ_bucket.response.0 = 2377
stat.switch.port.pool.1.peer_src.101.ingress_queue_wait_bucket.response.0 = 4779
stat.switch.port.pool.1.peer_src.101.ingress_pre_occ_bucket.response.1_64 = 2397
stat.switch.port.pool.1.peer_src.101.ingress_queue_wait_bucket.response.1_63 = 3412
stat.switch.port.pool.1.peer_src.101.ingress_pre_occ_bucket.response.65_256 = 3292
stat.switch.port.pool.1.peer_src.101.ingress_queue_wait_bucket.response.64_255 = 173
stat.switch.port.pool.1.peer_src.101.ingress_pre_occ_bucket.response.257_1024 = 298
stat.switch.port.pool.1.peer_src.101.ingress_queue_wait_bucket.response.256_1023 = 0
stat.switch.port.pool.1.peer_src.101.ingress_pre_occ_bucket.response.1025_4096 = 0
stat.switch.port.pool.1.peer_src.101.ingress_queue_wait_bucket.response.1024_4095 = 0
stat.switch.port.pool.1.peer_src.101.ingress_pre_occ_bucket.response.4097_plus = 0
stat.switch.port.pool.1.peer_src.101.ingress_queue_wait_bucket.response.4096_plus = 0
stat.switch.port.pool.1.peer_dst.0.rx_bytes.response = 535296
stat.switch.port.pool.1.peer_dst.0.rx_pkts.response = 8364
stat.switch.port.pool.1.peer_dst.0.tx_bytes.response = 0
stat.switch.port.pool.1.peer_dst.0.tx_pkts.response = 0
stat.switch.port.pool.1.peer_dst.0.ingress_arrivals.response = 8364
stat.switch.port.pool.1.peer_dst.0.ingress_arrival_nonempty_packet_frac.response = 0.715806
stat.switch.port.pool.1.peer_dst.0.ingress_nonempty_arrival_pre_occ_avg_bytes.response = 134.04
stat.switch.port.pool.1.peer_dst.0.ingress_nonempty_arrival_pre_occ_max_bytes.response = 448
stat.switch.port.pool.1.peer_dst.0.ingress_wait_avg_cycles.response = 156.856
stat.switch.port.pool.1.peer_dst.0.ingress_queue_wait_avg_cycles.response = 11.8557
stat.switch.port.pool.1.peer_dst.0.ingress_queue_wait_after_nonempty_arrival_avg_cycles.response = 16.5627
stat.switch.port.pool.1.peer_dst.0.ingress_pre_occ_bucket.response.0 = 2377
stat.switch.port.pool.1.peer_dst.0.ingress_queue_wait_bucket.response.0 = 4779
stat.switch.port.pool.1.peer_dst.0.ingress_pre_occ_bucket.response.1_64 = 2397
stat.switch.port.pool.1.peer_dst.0.ingress_queue_wait_bucket.response.1_63 = 3412
stat.switch.port.pool.1.peer_dst.0.ingress_pre_occ_bucket.response.65_256 = 3292
stat.switch.port.pool.1.peer_dst.0.ingress_queue_wait_bucket.response.64_255 = 173
stat.switch.port.pool.1.peer_dst.0.ingress_pre_occ_bucket.response.257_1024 = 298
stat.switch.port.pool.1.peer_dst.0.ingress_queue_wait_bucket.response.256_1023 = 0
stat.switch.port.pool.1.peer_dst.0.ingress_pre_occ_bucket.response.1025_4096 = 0
stat.switch.port.pool.1.peer_dst.0.ingress_queue_wait_bucket.response.1024_4095 = 0
stat.switch.port.pool.1.peer_dst.0.ingress_pre_occ_bucket.response.4097_plus = 0
stat.switch.port.pool.1.peer_dst.0.ingress_queue_wait_bucket.response.4096_plus = 0
stat.switch.port.pool.1.tx_src.0.rx_bytes.demand_req = 0
stat.switch.port.pool.1.tx_src.0.rx_pkts.demand_req = 0
stat.switch.port.pool.1.tx_src.0.tx_bytes.demand_req = 66808
stat.switch.port.pool.1.tx_src.0.tx_pkts.demand_req = 8351
stat.switch.port.pool.1.tx_src.0.ingress_arrivals.demand_req = 0
stat.switch.port.pool.1.tx_src.0.ingress_arrival_nonempty_packet_frac.demand_req = 0
stat.switch.port.pool.1.tx_src.0.ingress_nonempty_arrival_pre_occ_avg_bytes.demand_req = 0
stat.switch.port.pool.1.tx_src.0.ingress_nonempty_arrival_pre_occ_max_bytes.demand_req = 0
stat.switch.port.pool.1.tx_src.0.ingress_wait_avg_cycles.demand_req = 0
stat.switch.port.pool.1.tx_src.0.ingress_queue_wait_avg_cycles.demand_req = 0
stat.switch.port.pool.1.tx_src.0.ingress_queue_wait_after_nonempty_arrival_avg_cycles.demand_req = 0
stat.switch.port.pool.1.tx_src.0.ingress_pre_occ_bucket.demand_req.0 = 0
stat.switch.port.pool.1.tx_src.0.ingress_queue_wait_bucket.demand_req.0 = 0
stat.switch.port.pool.1.tx_src.0.ingress_pre_occ_bucket.demand_req.1_64 = 0
stat.switch.port.pool.1.tx_src.0.ingress_queue_wait_bucket.demand_req.1_63 = 0
stat.switch.port.pool.1.tx_src.0.ingress_pre_occ_bucket.demand_req.65_256 = 0
stat.switch.port.pool.1.tx_src.0.ingress_queue_wait_bucket.demand_req.64_255 = 0
stat.switch.port.pool.1.tx_src.0.ingress_pre_occ_bucket.demand_req.257_1024 = 0
stat.switch.port.pool.1.tx_src.0.ingress_queue_wait_bucket.demand_req.256_1023 = 0
stat.switch.port.pool.1.tx_src.0.ingress_pre_occ_bucket.demand_req.1025_4096 = 0
stat.switch.port.pool.1.tx_src.0.ingress_queue_wait_bucket.demand_req.1024_4095 = 0
stat.switch.port.pool.1.tx_src.0.ingress_pre_occ_bucket.demand_req.4097_plus = 0
stat.switch.port.pool.1.tx_src.0.ingress_queue_wait_bucket.demand_req.4096_plus = 0
stat.switch.port.pool.1.tx_src.0.rx_bytes.write_req = 0
stat.switch.port.pool.1.tx_src.0.rx_pkts.write_req = 0
stat.switch.port.pool.1.tx_src.0.tx_bytes.write_req = 392320
stat.switch.port.pool.1.tx_src.0.tx_pkts.write_req = 6130
stat.switch.port.pool.1.tx_src.0.ingress_arrivals.write_req = 0
stat.switch.port.pool.1.tx_src.0.ingress_arrival_nonempty_packet_frac.write_req = 0
stat.switch.port.pool.1.tx_src.0.ingress_nonempty_arrival_pre_occ_avg_bytes.write_req = 0
stat.switch.port.pool.1.tx_src.0.ingress_nonempty_arrival_pre_occ_max_bytes.write_req = 0
stat.switch.port.pool.1.tx_src.0.ingress_wait_avg_cycles.write_req = 0
stat.switch.port.pool.1.tx_src.0.ingress_queue_wait_avg_cycles.write_req = 0
stat.switch.port.pool.1.tx_src.0.ingress_queue_wait_after_nonempty_arrival_avg_cycles.write_req = 0
stat.switch.port.pool.1.tx_src.0.ingress_pre_occ_bucket.write_req.0 = 0
stat.switch.port.pool.1.tx_src.0.ingress_queue_wait_bucket.write_req.0 = 0
stat.switch.port.pool.1.tx_src.0.ingress_pre_occ_bucket.write_req.1_64 = 0
stat.switch.port.pool.1.tx_src.0.ingress_queue_wait_bucket.write_req.1_63 = 0
stat.switch.port.pool.1.tx_src.0.ingress_pre_occ_bucket.write_req.65_256 = 0
stat.switch.port.pool.1.tx_src.0.ingress_queue_wait_bucket.write_req.64_255 = 0
stat.switch.port.pool.1.tx_src.0.ingress_pre_occ_bucket.write_req.257_1024 = 0
stat.switch.port.pool.1.tx_src.0.ingress_queue_wait_bucket.write_req.256_1023 = 0
stat.switch.port.pool.1.tx_src.0.ingress_pre_occ_bucket.write_req.1025_4096 = 0
stat.switch.port.pool.1.tx_src.0.ingress_queue_wait_bucket.write_req.1024_4095 = 0
stat.switch.port.pool.1.tx_src.0.ingress_pre_occ_bucket.write_req.4097_plus = 0
stat.switch.port.pool.1.tx_src.0.ingress_queue_wait_bucket.write_req.4096_plus = 0
stat.switch.port.pool.1.tx_src.0.rx_bytes.other_req = 0
stat.switch.port.pool.1.tx_src.0.rx_pkts.other_req = 0
stat.switch.port.pool.1.tx_src.0.tx_bytes.other_req = 104
stat.switch.port.pool.1.tx_src.0.tx_pkts.other_req = 13
stat.switch.port.pool.1.tx_src.0.ingress_arrivals.other_req = 0
stat.switch.port.pool.1.tx_src.0.ingress_arrival_nonempty_packet_frac.other_req = 0
stat.switch.port.pool.1.tx_src.0.ingress_nonempty_arrival_pre_occ_avg_bytes.other_req = 0
stat.switch.port.pool.1.tx_src.0.ingress_nonempty_arrival_pre_occ_max_bytes.other_req = 0
stat.switch.port.pool.1.tx_src.0.ingress_wait_avg_cycles.other_req = 0
stat.switch.port.pool.1.tx_src.0.ingress_queue_wait_avg_cycles.other_req = 0
stat.switch.port.pool.1.tx_src.0.ingress_queue_wait_after_nonempty_arrival_avg_cycles.other_req = 0
stat.switch.port.pool.1.tx_src.0.ingress_pre_occ_bucket.other_req.0 = 0
stat.switch.port.pool.1.tx_src.0.ingress_queue_wait_bucket.other_req.0 = 0
stat.switch.port.pool.1.tx_src.0.ingress_pre_occ_bucket.other_req.1_64 = 0
stat.switch.port.pool.1.tx_src.0.ingress_queue_wait_bucket.other_req.1_63 = 0
stat.switch.port.pool.1.tx_src.0.ingress_pre_occ_bucket.other_req.65_256 = 0
stat.switch.port.pool.1.tx_src.0.ingress_queue_wait_bucket.other_req.64_255 = 0
stat.switch.port.pool.1.tx_src.0.ingress_pre_occ_bucket.other_req.257_1024 = 0
stat.switch.port.pool.1.tx_src.0.ingress_queue_wait_bucket.other_req.256_1023 = 0
stat.switch.port.pool.1.tx_src.0.ingress_pre_occ_bucket.other_req.1025_4096 = 0
stat.switch.port.pool.1.tx_src.0.ingress_queue_wait_bucket.other_req.1024_4095 = 0
stat.switch.port.pool.1.tx_src.0.ingress_pre_occ_bucket.other_req.4097_plus = 0
stat.switch.port.pool.1.tx_src.0.ingress_queue_wait_bucket.other_req.4096_plus = 0
stat.switch.port.pool.1.tx_dst.101.rx_bytes.demand_req = 0
stat.switch.port.pool.1.tx_dst.101.rx_pkts.demand_req = 0
stat.switch.port.pool.1.tx_dst.101.tx_bytes.demand_req = 66808
stat.switch.port.pool.1.tx_dst.101.tx_pkts.demand_req = 8351
stat.switch.port.pool.1.tx_dst.101.ingress_arrivals.demand_req = 0
stat.switch.port.pool.1.tx_dst.101.ingress_arrival_nonempty_packet_frac.demand_req = 0
stat.switch.port.pool.1.tx_dst.101.ingress_nonempty_arrival_pre_occ_avg_bytes.demand_req = 0
stat.switch.port.pool.1.tx_dst.101.ingress_nonempty_arrival_pre_occ_max_bytes.demand_req = 0
stat.switch.port.pool.1.tx_dst.101.ingress_wait_avg_cycles.demand_req = 0
stat.switch.port.pool.1.tx_dst.101.ingress_queue_wait_avg_cycles.demand_req = 0
stat.switch.port.pool.1.tx_dst.101.ingress_queue_wait_after_nonempty_arrival_avg_cycles.demand_req = 0
stat.switch.port.pool.1.tx_dst.101.ingress_pre_occ_bucket.demand_req.0 = 0
stat.switch.port.pool.1.tx_dst.101.ingress_queue_wait_bucket.demand_req.0 = 0
stat.switch.port.pool.1.tx_dst.101.ingress_pre_occ_bucket.demand_req.1_64 = 0
stat.switch.port.pool.1.tx_dst.101.ingress_queue_wait_bucket.demand_req.1_63 = 0
stat.switch.port.pool.1.tx_dst.101.ingress_pre_occ_bucket.demand_req.65_256 = 0
stat.switch.port.pool.1.tx_dst.101.ingress_queue_wait_bucket.demand_req.64_255 = 0
stat.switch.port.pool.1.tx_dst.101.ingress_pre_occ_bucket.demand_req.257_1024 = 0
stat.switch.port.pool.1.tx_dst.101.ingress_queue_wait_bucket.demand_req.256_1023 = 0
stat.switch.port.pool.1.tx_dst.101.ingress_pre_occ_bucket.demand_req.1025_4096 = 0
stat.switch.port.pool.1.tx_dst.101.ingress_queue_wait_bucket.demand_req.1024_4095 = 0
stat.switch.port.pool.1.tx_dst.101.ingress_pre_occ_bucket.demand_req.4097_plus = 0
stat.switch.port.pool.1.tx_dst.101.ingress_queue_wait_bucket.demand_req.4096_plus = 0
stat.switch.port.pool.1.tx_dst.101.rx_bytes.write_req = 0
stat.switch.port.pool.1.tx_dst.101.rx_pkts.write_req = 0
stat.switch.port.pool.1.tx_dst.101.tx_bytes.write_req = 392320
stat.switch.port.pool.1.tx_dst.101.tx_pkts.write_req = 6130
stat.switch.port.pool.1.tx_dst.101.ingress_arrivals.write_req = 0
stat.switch.port.pool.1.tx_dst.101.ingress_arrival_nonempty_packet_frac.write_req = 0
stat.switch.port.pool.1.tx_dst.101.ingress_nonempty_arrival_pre_occ_avg_bytes.write_req = 0
stat.switch.port.pool.1.tx_dst.101.ingress_nonempty_arrival_pre_occ_max_bytes.write_req = 0
stat.switch.port.pool.1.tx_dst.101.ingress_wait_avg_cycles.write_req = 0
stat.switch.port.pool.1.tx_dst.101.ingress_queue_wait_avg_cycles.write_req = 0
stat.switch.port.pool.1.tx_dst.101.ingress_queue_wait_after_nonempty_arrival_avg_cycles.write_req = 0
stat.switch.port.pool.1.tx_dst.101.ingress_pre_occ_bucket.write_req.0 = 0
stat.switch.port.pool.1.tx_dst.101.ingress_queue_wait_bucket.write_req.0 = 0
stat.switch.port.pool.1.tx_dst.101.ingress_pre_occ_bucket.write_req.1_64 = 0
stat.switch.port.pool.1.tx_dst.101.ingress_queue_wait_bucket.write_req.1_63 = 0
stat.switch.port.pool.1.tx_dst.101.ingress_pre_occ_bucket.write_req.65_256 = 0
stat.switch.port.pool.1.tx_dst.101.ingress_queue_wait_bucket.write_req.64_255 = 0
stat.switch.port.pool.1.tx_dst.101.ingress_pre_occ_bucket.write_req.257_1024 = 0
stat.switch.port.pool.1.tx_dst.101.ingress_queue_wait_bucket.write_req.256_1023 = 0
stat.switch.port.pool.1.tx_dst.101.ingress_pre_occ_bucket.write_req.1025_4096 = 0
stat.switch.port.pool.1.tx_dst.101.ingress_queue_wait_bucket.write_req.1024_4095 = 0
stat.switch.port.pool.1.tx_dst.101.ingress_pre_occ_bucket.write_req.4097_plus = 0
stat.switch.port.pool.1.tx_dst.101.ingress_queue_wait_bucket.write_req.4096_plus = 0
stat.switch.port.pool.1.tx_dst.101.rx_bytes.other_req = 0
stat.switch.port.pool.1.tx_dst.101.rx_pkts.other_req = 0
stat.switch.port.pool.1.tx_dst.101.tx_bytes.other_req = 104
stat.switch.port.pool.1.tx_dst.101.tx_pkts.other_req = 13
stat.switch.port.pool.1.tx_dst.101.ingress_arrivals.other_req = 0
stat.switch.port.pool.1.tx_dst.101.ingress_arrival_nonempty_packet_frac.other_req = 0
stat.switch.port.pool.1.tx_dst.101.ingress_nonempty_arrival_pre_occ_avg_bytes.other_req = 0
stat.switch.port.pool.1.tx_dst.101.ingress_nonempty_arrival_pre_occ_max_bytes.other_req = 0
stat.switch.port.pool.1.tx_dst.101.ingress_wait_avg_cycles.other_req = 0
stat.switch.port.pool.1.tx_dst.101.ingress_queue_wait_avg_cycles.other_req = 0
stat.switch.port.pool.1.tx_dst.101.ingress_queue_wait_after_nonempty_arrival_avg_cycles.other_req = 0
stat.switch.port.pool.1.tx_dst.101.ingress_pre_occ_bucket.other_req.0 = 0
stat.switch.port.pool.1.tx_dst.101.ingress_queue_wait_bucket.other_req.0 = 0
stat.switch.port.pool.1.tx_dst.101.ingress_pre_occ_bucket.other_req.1_64 = 0
stat.switch.port.pool.1.tx_dst.101.ingress_queue_wait_bucket.other_req.1_63 = 0
stat.switch.port.pool.1.tx_dst.101.ingress_pre_occ_bucket.other_req.65_256 = 0
stat.switch.port.pool.1.tx_dst.101.ingress_queue_wait_bucket.other_req.64_255 = 0
stat.switch.port.pool.1.tx_dst.101.ingress_pre_occ_bucket.other_req.257_1024 = 0
stat.switch.port.pool.1.tx_dst.101.ingress_queue_wait_bucket.other_req.256_1023 = 0
stat.switch.port.pool.1.tx_dst.101.ingress_pre_occ_bucket.other_req.1025_4096 = 0
stat.switch.port.pool.1.tx_dst.101.ingress_queue_wait_bucket.other_req.1024_4095 = 0
stat.switch.port.pool.1.tx_dst.101.ingress_pre_occ_bucket.other_req.4097_plus = 0
stat.switch.port.pool.1.tx_dst.101.ingress_queue_wait_bucket.other_req.4096_plus = 0
stat.switch.walltime_s = 156.007
stat.switch.active_time_s = 2.62854
Simulation is complete, simulated time: 656.26 us
