replicas,load_pct,aggregate_bw_gbps,latency_cycles,requested_request_gbps_per_node,request_gbps,response_gbps,label,log_path
1,0,2.4017799999999996,804.6957500000002,0.3,2.4017799999999996,0.0,base,/nethome/kshan9/scratch/src/sst-elements/src/sst/elements/cscore_sstelem/experiments/replica_count/logs/run_replica001_load000_base_bw00p30.out
1,0,24.576340000000002,855.356625,3.07,24.576340000000002,0.0,left,/nethome/kshan9/scratch/src/sst-elements/src/sst/elements/cscore_sstelem/experiments/replica_count/logs/run_replica001_load000_left_bw03p07.out
1,0,40.55096,869.5459999999999,5.07,40.55096,0.0,iter00,/nethome/kshan9/scratch/src/sst-elements/src/sst/elements/cscore_sstelem/experiments/replica_count/logs/run_replica001_load000_iter00_bw05p07.out
1,0,44.54486999999999,890.4316249999999,5.57,44.54486999999999,0.0,iter01,/nethome/kshan9/scratch/src/sst-elements/src/sst/elements/cscore_sstelem/experiments/replica_count/logs/run_replica001_load000_iter01_bw05p57.out
1,0,46.8372,965.94,5.85,46.8372,0.0,iter05,/nethome/kshan9/scratch/src/sst-elements/src/sst/elements/cscore_sstelem/experiments/replica_count/logs/run_replica001_load000_iter05_bw05p85.out
1,0,47.5392,951.661,5.94,47.5392,0.0,iter02,/nethome/kshan9/scratch/src/sst-elements/src/sst/elements/cscore_sstelem/experiments/replica_count/logs/run_replica001_load000_iter02_bw05p94.out
1,0,47.562799999999996,951.1880000000001,5.95,47.562799999999996,0.0,iter09,/nethome/kshan9/scratch/src/sst-elements/src/sst/elements/cscore_sstelem/experiments/replica_count/logs/run_replica001_load000_iter09_bw05p95.out
1,0,47.78456,946.7719999999999,5.97,47.78456,0.0,iter06,/nethome/kshan9/scratch/src/sst-elements/src/sst/elements/cscore_sstelem/experiments/replica_count/logs/run_replica001_load000_iter06_bw05p97.out
1,0,47.792699999999996,946.6740000000001,5.97,47.792699999999996,0.0,iter13,/nethome/kshan9/scratch/src/sst-elements/src/sst/elements/cscore_sstelem/experiments/replica_count/logs/run_replica001_load000_iter13_bw05p97.out
1,0,47.85573,963.706375,5.98,47.85573,0.0,iter10,/nethome/kshan9/scratch/src/sst-elements/src/sst/elements/cscore_sstelem/experiments/replica_count/logs/run_replica001_load000_iter10_bw05p98.out
1,0,47.886979999999994,984.9488750000002,5.99,47.886979999999994,0.0,iter14,/nethome/kshan9/scratch/src/sst-elements/src/sst/elements/cscore_sstelem/experiments/replica_count/logs/run_replica001_load000_iter14_bw05p99.out
1,0,47.918260000000004,1010.6087500000001,5.99,47.918260000000004,0.0,iter12,/nethome/kshan9/scratch/src/sst-elements/src/sst/elements/cscore_sstelem/experiments/replica_count/logs/run_replica001_load000_iter12_bw05p99.out
1,0,47.9596,1048.035,6.0,47.9596,0.0,iter08,/nethome/kshan9/scratch/src/sst-elements/src/sst/elements/cscore_sstelem/experiments/replica_count/logs/run_replica001_load000_iter08_bw06p00.out
1,0,48.0851,1164.57375,6.01,48.0851,0.0,iter11,/nethome/kshan9/scratch/src/sst-elements/src/sst/elements/cscore_sstelem/experiments/replica_count/logs/run_replica001_load000_iter11_bw06p01.out
1,0,48.10086,1185.1799999999998,6.01,48.10086,0.0,iter04,/nethome/kshan9/scratch/src/sst-elements/src/sst/elements/cscore_sstelem/experiments/replica_count/logs/run_replica001_load000_iter04_bw06p01.out
1,0,48.49615,1893.52,6.06,48.49615,0.0,iter07,/nethome/kshan9/scratch/src/sst-elements/src/sst/elements/cscore_sstelem/experiments/replica_count/logs/run_replica001_load000_iter07_bw06p06.out
1,0,48.862519999999996,4317.751249999999,6.22,48.862519999999996,0.0,iter03,/nethome/kshan9/scratch/src/sst-elements/src/sst/elements/cscore_sstelem/experiments/replica_count/logs/run_replica001_load000_iter03_bw06p22.out
1,0,48.87082000000001,4393.6275000000005,7.07,48.87082000000001,0.0,right,/nethome/kshan9/scratch/src/sst-elements/src/sst/elements/cscore_sstelem/experiments/replica_count/logs/run_replica001_load000_right_bw07p07.out
1,10,2.667892,807.0836249999999,0.3,2.4018159999999997,0.2660774,base,/nethome/kshan9/scratch/src/sst-elements/src/sst/elements/cscore_sstelem/experiments/replica_count/logs/run_replica001_load010_base_bw00p30.out
1,10,27.2712,855.856375,3.07,24.57526,2.6959329999999997,left,/nethome/kshan9/scratch/src/sst-elements/src/sst/elements/cscore_sstelem/experiments/replica_count/logs/run_replica001_load010_left_bw03p07.out
1,10,44.990759999999995,881.5720000000001,5.07,40.550000000000004,4.440784,iter00,/nethome/kshan9/scratch/src/sst-elements/src/sst/elements/cscore_sstelem/experiments/replica_count/logs/run_replica001_load010_iter00_bw05p07.out
1,10,49.42739999999999,893.58575,5.57,44.54484,4.882555999999999,iter01,/nethome/kshan9/scratch/src/sst-elements/src/sst/elements/cscore_sstelem/experiments/replica_count/logs/run_replica001_load010_iter01_bw05p57.out
1,10,51.96989,964.387875,5.85,46.83606,5.1338170000000005,iter05,/nethome/kshan9/scratch/src/sst-elements/src/sst/elements/cscore_sstelem/experiments/replica_count/logs/run_replica001_load010_iter05_bw05p85.out
1,10,52.741699999999994,964.8948749999998,5.94,47.53897,5.202776,iter02,/nethome/kshan9/scratch/src/sst-elements/src/sst/elements/cscore_sstelem/experiments/replica_count/logs/run_replica001_load010_iter02_bw05p94.out
1,10,52.76785000000001,964.4170000000001,5.95,47.56249,5.20536,iter09,/nethome/kshan9/scratch/src/sst-elements/src/sst/elements/cscore_sstelem/experiments/replica_count/logs/run_replica001_load010_iter09_bw05p95.out
1,10,52.8526,962.9015000000002,5.95,47.639,5.2135560000000005,iter11,/nethome/kshan9/scratch/src/sst-elements/src/sst/elements/cscore_sstelem/experiments/replica_count/logs/run_replica001_load010_iter11_bw05p95.out
1,10,53.01404,963.8131249999999,5.97,47.78148,5.232554,iter06,/nethome/kshan9/scratch/src/sst-elements/src/sst/elements/cscore_sstelem/experiments/replica_count/logs/run_replica001_load010_iter06_bw05p97.out
1,10,53.03788,974.4114999999999,5.98,47.79925,5.238622,iter12,/nethome/kshan9/scratch/src/sst-elements/src/sst/elements/cscore_sstelem/experiments/replica_count/logs/run_replica001_load010_iter12_bw05p98.out
1,10,53.08364000000001,1003.6400000000001,5.98,47.83527,5.248378000000001,iter14,/nethome/kshan9/scratch/src/sst-elements/src/sst/elements/cscore_sstelem/experiments/replica_count/logs/run_replica001_load010_iter14_bw05p98.out
1,10,53.10682,1024.9675,5.98,47.86122999999999,5.245577,iter10,/nethome/kshan9/scratch/src/sst-elements/src/sst/elements/cscore_sstelem/experiments/replica_count/logs/run_replica001_load010_iter10_bw05p98.out
1,10,53.18732,1083.7675000000002,5.99,47.93425,5.253088000000001,iter13,/nethome/kshan9/scratch/src/sst-elements/src/sst/elements/cscore_sstelem/experiments/replica_count/logs/run_replica001_load010_iter13_bw05p99.out
1,10,53.22008999999999,1121.00875,6.0,47.96362,5.2564589999999995,iter08,/nethome/kshan9/scratch/src/sst-elements/src/sst/elements/cscore_sstelem/experiments/replica_count/logs/run_replica001_load010_iter08_bw06p00.out
1,10,53.37375,1251.71625,6.01,48.10301,5.270738,iter04,/nethome/kshan9/scratch/src/sst-elements/src/sst/elements/cscore_sstelem/experiments/replica_count/logs/run_replica001_load010_iter04_bw06p01.out
1,10,53.80981,1891.5687500000001,6.06,48.496050000000004,5.313738000000001,iter07,/nethome/kshan9/scratch/src/sst-elements/src/sst/elements/cscore_sstelem/experiments/replica_count/logs/run_replica001_load010_iter07_bw06p06.out
1,10,54.186600000000006,4050.5,6.22,48.83599,5.35063,iter03,/nethome/kshan9/scratch/src/sst-elements/src/sst/elements/cscore_sstelem/experiments/replica_count/logs/run_replica001_load010_iter03_bw06p22.out
1,10,54.194669999999995,4051.1674999999996,7.07,48.84211,5.352559000000001,right,/nethome/kshan9/scratch/src/sst-elements/src/sst/elements/cscore_sstelem/experiments/replica_count/logs/run_replica001_load010_right_bw07p07.out
1,20,2.9756600000000004,805.1773750000001,0.3,2.396528,0.5791317,base,/nethome/kshan9/scratch/src/sst-elements/src/sst/elements/cscore_sstelem/experiments/replica_count/logs/run_replica001_load020_base_bw00p30.out
1,20,30.534690000000005,857.691,3.07,24.574820000000003,5.9598629999999995,left,/nethome/kshan9/scratch/src/sst-elements/src/sst/elements/cscore_sstelem/experiments/replica_count/logs/run_replica001_load020_left_bw03p07.out
1,20,50.38705,896.664625,5.07,40.55133,9.83577,iter00,/nethome/kshan9/scratch/src/sst-elements/src/sst/elements/cscore_sstelem/experiments/replica_count/logs/run_replica001_load020_iter00_bw05p07.out
1,20,55.34504,889.3464999999998,5.57,44.54531,10.799739999999998,iter01,/nethome/kshan9/scratch/src/sst-elements/src/sst/elements/cscore_sstelem/experiments/replica_count/logs/run_replica001_load020_iter01_bw05p57.out
1,20,58.19036,958.386875,5.85,46.83709,11.353280000000002,iter05,/nethome/kshan9/scratch/src/sst-elements/src/sst/elements/cscore_sstelem/experiments/replica_count/logs/run_replica001_load020_iter05_bw05p85.out
1,20,58.48778,989.2768749999999,5.88,47.07307,11.4147,iter07,/nethome/kshan9/scratch/src/sst-elements/src/sst/elements/cscore_sstelem/experiments/replica_count/logs/run_replica001_load020_iter07_bw05p88.out
1,20,59.0641,972.1715,5.94,47.540369999999996,11.52372,iter02,/nethome/kshan9/scratch/src/sst-elements/src/sst/elements/cscore_sstelem/experiments/replica_count/logs/run_replica001_load020_iter02_bw05p94.out
1,20,59.15052,976.376625,5.95,47.6071,11.543400000000002,iter08,/nethome/kshan9/scratch/src/sst-elements/src/sst/elements/cscore_sstelem/experiments/replica_count/logs/run_replica001_load020_iter08_bw05p95.out
1,20,59.18489,976.2275000000001,5.95,47.63631,11.548560000000002,iter13,/nethome/kshan9/scratch/src/sst-elements/src/sst/elements/cscore_sstelem/experiments/replica_count/logs/run_replica001_load020_iter13_bw05p95.out
1,20,59.270700000000005,983.0753749999999,5.96,47.705679999999994,11.565010000000001,iter10,/nethome/kshan9/scratch/src/sst-elements/src/sst/elements/cscore_sstelem/experiments/replica_count/logs/run_replica001_load020_iter10_bw05p96.out
1,20,59.29683,1000.0822499999999,5.97,47.727320000000006,11.569519999999999,iter14,/nethome/kshan9/scratch/src/sst-elements/src/sst/elements/cscore_sstelem/experiments/replica_count/logs/run_replica001_load020_iter14_bw05p97.out
1,20,59.34048,1026.39875,5.97,47.760670000000005,11.57981,iter12,/nethome/kshan9/scratch/src/sst-elements/src/sst/elements/cscore_sstelem/experiments/replica_count/logs/run_replica001_load020_iter12_bw05p97.out
1,20,59.36649,1043.6237499999997,5.97,47.78221,11.584290000000001,iter06,/nethome/kshan9/scratch/src/sst-elements/src/sst/elements/cscore_sstelem/experiments/replica_count/logs/run_replica001_load020_iter06_bw05p97.out
1,20,59.554019999999994,1172.4125000000001,5.99,47.93585000000001,11.61814,iter11,/nethome/kshan9/scratch/src/sst-elements/src/sst/elements/cscore_sstelem/experiments/replica_count/logs/run_replica001_load020_iter11_bw05p99.out
1,20,59.64369000000001,1238.71625,6.0,48.00689,11.636800000000001,iter09,/nethome/kshan9/scratch/src/sst-elements/src/sst/elements/cscore_sstelem/experiments/replica_count/logs/run_replica001_load020_iter09_bw06p00.out
1,20,59.76185,1294.8200000000002,6.01,48.103660000000005,11.658199999999999,iter04,/nethome/kshan9/scratch/src/sst-elements/src/sst/elements/cscore_sstelem/experiments/replica_count/logs/run_replica001_load020_iter04_bw06p01.out
1,20,60.67467,4025.10625,7.07,48.83622,11.838449999999998,right,/nethome/kshan9/scratch/src/sst-elements/src/sst/elements/cscore_sstelem/experiments/replica_count/logs/run_replica001_load020_right_bw07p07.out
1,20,60.7016,4029.3050000000003,6.22,48.85763,11.843989999999998,iter03,/nethome/kshan9/scratch/src/sst-elements/src/sst/elements/cscore_sstelem/experiments/replica_count/logs/run_replica001_load020_iter03_bw06p22.out
1,30,3.384601,804.8430000000001,0.3,2.408861,0.9757410000000001,base,/nethome/kshan9/scratch/src/sst-elements/src/sst/elements/cscore_sstelem/experiments/replica_count/logs/run_replica001_load030_base_bw00p30.out
1,30,34.573570000000004,899.0467499999999,3.07,24.581020000000002,9.99256,left,/nethome/kshan9/scratch/src/sst-elements/src/sst/elements/cscore_sstelem/experiments/replica_count/logs/run_replica001_load030_left_bw03p07.out
1,30,57.04507000000001,947.623375,5.07,40.550689999999996,16.49437,iter00,/nethome/kshan9/scratch/src/sst-elements/src/sst/elements/cscore_sstelem/experiments/replica_count/logs/run_replica001_load030_iter00_bw05p07.out
1,30,62.66778,944.9592499999999,5.57,44.544540000000005,18.12323,iter01,/nethome/kshan9/scratch/src/sst-elements/src/sst/elements/cscore_sstelem/experiments/replica_count/logs/run_replica001_load030_iter01_bw05p57.out
1,30,65.88928,955.7235,5.85,46.839209999999994,19.05008,iter05,/nethome/kshan9/scratch/src/sst-elements/src/sst/elements/cscore_sstelem/experiments/replica_count/logs/run_replica001_load030_iter05_bw05p85.out
1,30,66.22596,961.5178749999999,5.88,47.07603,19.14995,iter07,/nethome/kshan9/scratch/src/sst-elements/src/sst/elements/cscore_sstelem/experiments/replica_count/logs/run_replica001_load030_iter07_bw05p88.out
1,30,66.79575,976.7069999999999,5.94,47.485330000000005,19.31042,iter11,/nethome/kshan9/scratch/src/sst-elements/src/sst/elements/cscore_sstelem/experiments/replica_count/logs/run_replica001_load030_iter11_bw05p94.out
1,30,66.85482,979.71475,5.94,47.52312,19.3317,iter13,/nethome/kshan9/scratch/src/sst-elements/src/sst/elements/cscore_sstelem/experiments/replica_count/logs/run_replica001_load030_iter13_bw05p94.out
1,30,66.87274,982.972625,5.94,47.53641000000001,19.33634,iter02,/nethome/kshan9/scratch/src/sst-elements/src/sst/elements/cscore_sstelem/experiments/replica_count/logs/run_replica001_load030_iter02_bw05p94.out
1,30,66.974,998.9688749999998,5.95,47.60860999999999,19.36539,iter08,/nethome/kshan9/scratch/src/sst-elements/src/sst/elements/cscore_sstelem/experiments/replica_count/logs/run_replica001_load030_iter08_bw05p95.out
1,30,66.99342,1001.16725,5.95,47.62364,19.369760000000003,iter14,/nethome/kshan9/scratch/src/sst-elements/src/sst/elements/cscore_sstelem/experiments/replica_count/logs/run_replica001_load030_iter14_bw05p95.out
1,30,67.03454,1020.7937499999999,5.96,47.65183,19.38271,iter12,/nethome/kshan9/scratch/src/sst-elements/src/sst/elements/cscore_sstelem/experiments/replica_count/logs/run_replica001_load030_iter12_bw05p96.out
1,30,67.11443,1060.90125,5.96,47.707649999999994,19.406779999999998,iter10,/nethome/kshan9/scratch/src/sst-elements/src/sst/elements/cscore_sstelem/experiments/replica_count/logs/run_replica001_load030_iter10_bw05p96.out
1,30,67.22336000000001,1155.48625,5.97,47.786170000000006,19.437179999999998,iter06,/nethome/kshan9/scratch/src/sst-elements/src/sst/elements/cscore_sstelem/experiments/replica_count/logs/run_replica001_load030_iter06_bw05p97.out
1,30,67.53269,1266.61625,6.0,48.00544000000001,19.527260000000002,iter09,/nethome/kshan9/scratch/src/sst-elements/src/sst/elements/cscore_sstelem/experiments/replica_count/logs/run_replica001_load030_iter09_bw06p00.out
1,30,67.66486,1296.9125000000001,6.01,48.10094,19.56389,iter04,/nethome/kshan9/scratch/src/sst-elements/src/sst/elements/cscore_sstelem/experiments/replica_count/logs/run_replica001_load030_iter04_bw06p01.out
1,30,68.71414,4082.30875,7.07,48.84523,19.86889,right,/nethome/kshan9/scratch/src/sst-elements/src/sst/elements/cscore_sstelem/experiments/replica_count/logs/run_replica001_load030_right_bw07p07.out
1,30,68.72319000000002,4086.3687499999996,6.22,48.85170000000001,19.871470000000006,iter03,/nethome/kshan9/scratch/src/sst-elements/src/sst/elements/cscore_sstelem/experiments/replica_count/logs/run_replica001_load030_iter03_bw06p22.out
1,40,3.8845009999999998,806.7332499999999,0.3,2.405234,1.479266,base,/nethome/kshan9/scratch/src/sst-elements/src/sst/elements/cscore_sstelem/experiments/replica_count/logs/run_replica001_load040_base_bw00p30.out
1,40,39.70097,907.402875,3.07,24.5763,15.12467,left,/nethome/kshan9/scratch/src/sst-elements/src/sst/elements/cscore_sstelem/experiments/replica_count/logs/run_replica001_load040_left_bw03p07.out
1,40,65.50139,950.0634999999999,5.07,40.54909000000001,24.952299999999997,iter00,/nethome/kshan9/scratch/src/sst-elements/src/sst/elements/cscore_sstelem/experiments/replica_count/logs/run_replica001_load040_iter00_bw05p07.out
1,40,70.44444,963.7542499999998,5.45,43.608779999999996,26.83568,iter04,/nethome/kshan9/scratch/src/sst-elements/src/sst/elements/cscore_sstelem/experiments/replica_count/logs/run_replica001_load040_iter04_bw05p45.out
1,40,70.95349999999999,968.2835,5.49,43.92421,27.0293,iter06,/nethome/kshan9/scratch/src/sst-elements/src/sst/elements/cscore_sstelem/experiments/replica_count/logs/run_replica001_load040_iter06_bw05p49.out
1,40,71.24385000000001,960.7795,5.51,44.105239999999995,27.138620000000003,iter08,/nethome/kshan9/scratch/src/sst-elements/src/sst/elements/cscore_sstelem/experiments/replica_count/logs/run_replica001_load040_iter08_bw05p51.out
1,40,71.88391999999999,958.3047499999999,5.56,44.50215999999999,27.38177,iter09,/nethome/kshan9/scratch/src/sst-elements/src/sst/elements/cscore_sstelem/experiments/replica_count/logs/run_replica001_load040_iter09_bw05p56.out
1,40,71.9232,959.02,5.57,44.52654,27.39664,iter14,/nethome/kshan9/scratch/src/sst-elements/src/sst/elements/cscore_sstelem/experiments/replica_count/logs/run_replica001_load040_iter14_bw05p57.out
1,40,71.95652999999999,956.1326250000002,5.57,44.544520000000006,27.412009999999995,iter01,/nethome/kshan9/scratch/src/sst-elements/src/sst/elements/cscore_sstelem/experiments/replica_count/logs/run_replica001_load040_iter01_bw05p57.out
1,40,72.00716,984.530625,5.57,44.57932,27.42781,iter11,/nethome/kshan9/scratch/src/sst-elements/src/sst/elements/cscore_sstelem/experiments/replica_count/logs/run_replica001_load040_iter11_bw05p57.out
1,40,72.07759,1012.0012500000001,5.58,44.62502,27.452589999999997,iter13,/nethome/kshan9/scratch/src/sst-elements/src/sst/elements/cscore_sstelem/experiments/replica_count/logs/run_replica001_load040_iter13_bw05p58.out
1,40,72.10122000000001,1015.8062500000001,5.58,44.6387,27.46253,iter07,/nethome/kshan9/scratch/src/sst-elements/src/sst/elements/cscore_sstelem/experiments/replica_count/logs/run_replica001_load040_iter07_bw05p58.out
1,40,72.27989,1093.6525,5.59,44.74418,27.53573,iter12,/nethome/kshan9/scratch/src/sst-elements/src/sst/elements/cscore_sstelem/experiments/replica_count/logs/run_replica001_load040_iter12_bw05p59.out
1,40,72.36878,1102.675,5.6,44.79859,27.570179999999997,iter10,/nethome/kshan9/scratch/src/sst-elements/src/sst/elements/cscore_sstelem/experiments/replica_count/logs/run_replica001_load040_iter10_bw05p60.out
1,40,72.48641,1124.5824999999998,5.61,44.8714,27.61506,iter05,/nethome/kshan9/scratch/src/sst-elements/src/sst/elements/cscore_sstelem/experiments/replica_count/logs/run_replica001_load040_iter05_bw05p61.out
1,40,73.16162,1206.8049999999998,5.66,45.29204,27.869580000000003,iter03,/nethome/kshan9/scratch/src/sst-elements/src/sst/elements/cscore_sstelem/experiments/replica_count/logs/run_replica001_load040_iter03_bw05p66.out
1,40,76.79059,1314.0412500000002,5.94,47.53779,29.25279,iter02,/nethome/kshan9/scratch/src/sst-elements/src/sst/elements/cscore_sstelem/experiments/replica_count/logs/run_replica001_load040_iter02_bw05p94.out
1,40,78.92936999999999,4213.60625,7.07,48.860429999999994,30.068949999999997,right,/nethome/kshan9/scratch/src/sst-elements/src/sst/elements/cscore_sstelem/experiments/replica_count/logs/run_replica001_load040_right_bw07p07.out
1,50,4.542104,803.7342500000001,0.3,2.4046440000000002,2.137461,base,/nethome/kshan9/scratch/src/sst-elements/src/sst/elements/cscore_sstelem/experiments/replica_count/logs/run_replica001_load050_base_bw00p30.out
1,50,46.42402,877.5595000000002,3.07,24.58206,21.84197,left,/nethome/kshan9/scratch/src/sst-elements/src/sst/elements/cscore_sstelem/experiments/replica_count/logs/run_replica001_load050_left_bw03p07.out
1,50,76.59531000000001,951.2465,5.07,40.55046,36.04485,iter00,/nethome/kshan9/scratch/src/sst-elements/src/sst/elements/cscore_sstelem/experiments/replica_count/logs/run_replica001_load050_iter00_bw05p07.out
1,50,78.48071999999999,954.768375,5.19,41.5486,36.932120000000005,iter02,/nethome/kshan9/scratch/src/sst-elements/src/sst/elements/cscore_sstelem/experiments/replica_count/logs/run_replica001_load050_iter02_bw05p19.out
1,50,79.54148,942.2804999999998,5.26,42.110240000000005,37.43129999999999,iter04,/nethome/kshan9/scratch/src/sst-elements/src/sst/elements/cscore_sstelem/experiments/replica_count/logs/run_replica001_load050_iter04_bw05p26.out
1,50,80.1376,936.45575,5.3,42.42569,37.71169999999999,iter06,/nethome/kshan9/scratch/src/sst-elements/src/sst/elements/cscore_sstelem/experiments/replica_count/logs/run_replica001_load050_iter06_bw05p30.out
1,50,81.16009999999999,937.7238749999999,5.37,42.967969999999994,38.19212,iter10,/nethome/kshan9/scratch/src/sst-elements/src/sst/elements/cscore_sstelem/experiments/replica_count/logs/run_replica001_load050_iter10_bw05p37.out
1,50,81.48140000000001,973.2023750000001,5.39,43.13967,38.34165,iter07,/nethome/kshan9/scratch/src/sst-elements/src/sst/elements/cscore_sstelem/experiments/replica_count/logs/run_replica001_load050_iter07_bw05p39.out
1,50,81.585,981.6750000000001,5.4,43.193769999999994,38.39134000000001,iter11,/nethome/kshan9/scratch/src/sst-elements/src/sst/elements/cscore_sstelem/experiments/replica_count/logs/run_replica001_load050_iter11_bw05p40.out
1,50,81.66799999999999,999.1158750000001,5.4,43.23357,38.43445,iter13,/nethome/kshan9/scratch/src/sst-elements/src/sst/elements/cscore_sstelem/experiments/replica_count/logs/run_replica001_load050_iter13_bw05p40.out
1,50,81.73759999999999,1010.5025000000002,5.41,43.27446,38.46315,iter09,/nethome/kshan9/scratch/src/sst-elements/src/sst/elements/cscore_sstelem/experiments/replica_count/logs/run_replica001_load050_iter09_bw05p41.out
1,50,81.85379999999999,1049.7875,5.42,43.33737,38.51626,iter14,/nethome/kshan9/scratch/src/sst-elements/src/sst/elements/cscore_sstelem/experiments/replica_count/logs/run_replica001_load050_iter14_bw05p42.out
1,50,81.9127,1047.2375,5.42,43.36867000000001,38.544070000000005,iter12,/nethome/kshan9/scratch/src/sst-elements/src/sst/elements/cscore_sstelem/experiments/replica_count/logs/run_replica001_load050_iter12_bw05p42.out
1,50,81.9318,1048.6249999999998,5.42,43.380280000000006,38.55148,iter05,/nethome/kshan9/scratch/src/sst-elements/src/sst/elements/cscore_sstelem/experiments/replica_count/logs/run_replica001_load050_iter05_bw05p42.out
1,50,82.48349999999999,1182.9424999999999,5.46,43.66769,38.81573,iter08,/nethome/kshan9/scratch/src/sst-elements/src/sst/elements/cscore_sstelem/experiments/replica_count/logs/run_replica001_load050_iter08_bw05p46.out
1,50,82.71460000000002,1206.10375,5.47,43.79009,38.92453,iter03,/nethome/kshan9/scratch/src/sst-elements/src/sst/elements/cscore_sstelem/experiments/replica_count/logs/run_replica001_load050_iter03_bw05p47.out
1,50,84.14009999999999,1321.06375,5.57,44.54541,39.59476,iter01,/nethome/kshan9/scratch/src/sst-elements/src/sst/elements/cscore_sstelem/experiments/replica_count/logs/run_replica001_load050_iter01_bw05p57.out
1,50,92.3061,4254.625,7.07,48.86537,43.440839999999994,right,/nethome/kshan9/scratch/src/sst-elements/src/sst/elements/cscore_sstelem/experiments/replica_count/logs/run_replica001_load050_right_bw07p07.out
1,60,5.4319999999999995,811.93225,0.3,2.4035699999999998,3.02843,base,/nethome/kshan9/scratch/src/sst-elements/src/sst/elements/cscore_sstelem/experiments/replica_count/logs/run_replica001_load060_base_bw00p30.out
1,60,44.02916999999999,902.27425,2.43,19.45189,24.57727,left,/nethome/kshan9/scratch/src/sst-elements/src/sst/elements/cscore_sstelem/experiments/replica_count/logs/run_replica001_load060_left_bw02p43.out
1,60,65.49615,964.7326250000002,3.62,28.94045,36.55567,iter01,/nethome/kshan9/scratch/src/sst-elements/src/sst/elements/cscore_sstelem/experiments/replica_count/logs/run_replica001_load060_iter01_bw03p62.out
1,60,66.83888,954.681875,3.69,29.53257,37.30633,iter03,/nethome/kshan9/scratch/src/sst-elements/src/sst/elements/cscore_sstelem/experiments/replica_count/logs/run_replica001_load060_iter03_bw03p69.out
1,60,69.14786000000001,981.9395,3.82,30.55191,38.59591999999999,iter07,/nethome/kshan9/scratch/src/sst-elements/src/sst/elements/cscore_sstelem/experiments/replica_count/logs/run_replica001_load060_iter07_bw03p82.out
1,60,69.39289,985.716125,3.83,30.663779999999996,38.7291,iter09,/nethome/kshan9/scratch/src/sst-elements/src/sst/elements/cscore_sstelem/experiments/replica_count/logs/run_replica001_load060_iter09_bw03p83.out
1,60,69.79778,995.4694999999999,3.86,30.839409999999997,38.95838,iter13,/nethome/kshan9/scratch/src/sst-elements/src/sst/elements/cscore_sstelem/experiments/replica_count/logs/run_replica001_load060_iter13_bw03p86.out
1,60,69.85961,998.7255000000001,3.86,30.869629999999997,38.98998,iter04,/nethome/kshan9/scratch/src/sst-elements/src/sst/elements/cscore_sstelem/experiments/replica_count/logs/run_replica001_load060_iter04_bw03p86.out
1,60,69.92644,999.863375,3.86,30.898870000000002,39.027570000000004,iter10,/nethome/kshan9/scratch/src/sst-elements/src/sst/elements/cscore_sstelem/experiments/replica_count/logs/run_replica001_load060_iter10_bw03p86.out
1,60,69.96719999999999,1000.9574999999999,3.86,30.915740000000003,39.05147,iter14,/nethome/kshan9/scratch/src/sst-elements/src/sst/elements/cscore_sstelem/experiments/replica_count/logs/run_replica001_load060_iter14_bw03p86.out
1,60,70.02153,1005.26625,3.87,30.9416,39.07994,iter12,/nethome/kshan9/scratch/src/sst-elements/src/sst/elements/cscore_sstelem/experiments/replica_count/logs/run_replica001_load060_iter12_bw03p87.out
1,60,70.10866,1006.59125,3.87,30.97865,39.13004,iter08,/nethome/kshan9/scratch/src/sst-elements/src/sst/elements/cscore_sstelem/experiments/replica_count/logs/run_replica001_load060_iter08_bw03p87.out
1,60,70.32696,1014.71625,3.88,31.074909999999996,39.252050000000004,iter11,/nethome/kshan9/scratch/src/sst-elements/src/sst/elements/cscore_sstelem/experiments/replica_count/logs/run_replica001_load060_iter11_bw03p88.out
1,60,70.42181,1019.33,3.89,31.118249999999996,39.30355,iter06,/nethome/kshan9/scratch/src/sst-elements/src/sst/elements/cscore_sstelem/experiments/replica_count/logs/run_replica001_load060_iter06_bw03p89.out
1,60,70.86327,1041.595,3.91,31.31445,39.548820000000006,iter02,/nethome/kshan9/scratch/src/sst-elements/src/sst/elements/cscore_sstelem/experiments/replica_count/logs/run_replica001_load060_iter02_bw03p91.out
1,60,72.1178,1121.0812500000002,3.98,31.86901,40.248819999999995,iter05,/nethome/kshan9/scratch/src/sst-elements/src/sst/elements/cscore_sstelem/experiments/replica_count/logs/run_replica001_load060_iter05_bw03p98.out
1,60,72.6494,1160.1899999999998,4.01,32.101240000000004,40.54818,iter00,/nethome/kshan9/scratch/src/sst-elements/src/sst/elements/cscore_sstelem/experiments/replica_count/logs/run_replica001_load060_iter00_bw04p01.out
1,60,84.8177,5427.00125,5.59,37.477399999999996,47.34049,right,/nethome/kshan9/scratch/src/sst-elements/src/sst/elements/cscore_sstelem/experiments/replica_count/logs/run_replica001_load060_right_bw05p59.out
1,70,6.735072999999999,811.1920000000001,0.3,2.401027,4.334045,base,/nethome/kshan9/scratch/src/sst-elements/src/sst/elements/cscore_sstelem/experiments/replica_count/logs/run_replica001_load070_base_bw00p30.out
1,70,38.17348,908.7517500000001,1.7,13.599559999999999,24.573929999999997,left,/nethome/kshan9/scratch/src/sst-elements/src/sst/elements/cscore_sstelem/experiments/replica_count/logs/run_replica001_load070_left_bw01p70.out
1,70,56.79399,966.8791249999999,2.53,20.23651,36.55749,iter01,/nethome/kshan9/scratch/src/sst-elements/src/sst/elements/cscore_sstelem/experiments/replica_count/logs/run_replica001_load070_iter01_bw02p53.out
1,70,57.95389999999999,963.4069999999999,2.58,20.650640000000003,37.30326,iter03,/nethome/kshan9/scratch/src/sst-elements/src/sst/elements/cscore_sstelem/experiments/replica_count/logs/run_replica001_load070_iter03_bw02p58.out
1,70,58.614329999999995,976.9962499999999,2.61,20.88601,37.72831,iter05,/nethome/kshan9/scratch/src/sst-elements/src/sst/elements/cscore_sstelem/experiments/replica_count/logs/run_replica001_load070_iter05_bw02p61.out
1,70,58.979910000000004,984.7852500000001,2.63,21.01428,37.965650000000004,iter07,/nethome/kshan9/scratch/src/sst-elements/src/sst/elements/cscore_sstelem/experiments/replica_count/logs/run_replica001_load070_iter07_bw02p63.out
1,70,59.18992,991.2119999999999,2.64,21.091530000000002,38.09839,iter09,/nethome/kshan9/scratch/src/sst-elements/src/sst/elements/cscore_sstelem/experiments/replica_count/logs/run_replica001_load070_iter09_bw02p64.out
1,70,59.54133,996.4956249999999,2.65,21.214330000000004,38.327,iter13,/nethome/kshan9/scratch/src/sst-elements/src/sst/elements/cscore_sstelem/experiments/replica_count/logs/run_replica001_load070_iter13_bw02p65.out
1,70,59.64703,998.5645,2.66,21.2534,38.39363,iter10,/nethome/kshan9/scratch/src/sst-elements/src/sst/elements/cscore_sstelem/experiments/replica_count/logs/run_replica001_load070_iter10_bw02p66.out
1,70,59.69333000000001,1000.0161249999999,2.66,21.2737,38.41964,iter14,/nethome/kshan9/scratch/src/sst-elements/src/sst/elements/cscore_sstelem/experiments/replica_count/logs/run_replica001_load070_iter14_bw02p66.out
1,70,59.74173999999999,1002.38375,2.66,21.2865,38.45523,iter12,/nethome/kshan9/scratch/src/sst-elements/src/sst/elements/cscore_sstelem/experiments/replica_count/logs/run_replica001_load070_iter12_bw02p66.out
1,70,59.80278,1002.210125,2.66,21.30665,38.496109999999994,iter08,/nethome/kshan9/scratch/src/sst-elements/src/sst/elements/cscore_sstelem/experiments/replica_count/logs/run_replica001_load070_iter08_bw02p66.out
1,70,60.00163,1011.2562499999999,2.67,21.37924,38.62238,iter11,/nethome/kshan9/scratch/src/sst-elements/src/sst/elements/cscore_sstelem/experiments/replica_count/logs/run_replica001_load070_iter11_bw02p67.out
1,70,60.08523,1012.07375,2.68,21.41055,38.67469,iter06,/nethome/kshan9/scratch/src/sst-elements/src/sst/elements/cscore_sstelem/experiments/replica_count/logs/run_replica001_load070_iter06_bw02p68.out
1,70,60.57663,1028.0537499999998,2.7,21.585169999999998,38.99145,iter04,/nethome/kshan9/scratch/src/sst-elements/src/sst/elements/cscore_sstelem/experiments/replica_count/logs/run_replica001_load070_iter04_bw02p70.out
1,70,61.44482,1058.5325000000003,2.74,21.89496,39.549859999999995,iter02,/nethome/kshan9/scratch/src/sst-elements/src/sst/elements/cscore_sstelem/experiments/replica_count/logs/run_replica001_load070_iter02_bw02p74.out
1,70,62.99522999999999,1160.1537500000002,2.81,22.44718,40.548069999999996,iter00,/nethome/kshan9/scratch/src/sst-elements/src/sst/elements/cscore_sstelem/experiments/replica_count/logs/run_replica001_load070_iter00_bw02p81.out
1,70,74.38594,7788.249999999999,3.91,26.506629999999994,47.87933000000001,right,/nethome/kshan9/scratch/src/sst-elements/src/sst/elements/cscore_sstelem/experiments/replica_count/logs/run_replica001_load070_right_bw03p91.out
1,80,8.79915,813.9343749999999,0.3,2.4028499999999995,6.396308,base,/nethome/kshan9/scratch/src/sst-elements/src/sst/elements/cscore_sstelem/experiments/replica_count/logs/run_replica001_load080_base_bw00p30.out
1,80,33.79111,867.7178749999999,1.15,9.21382,24.577270000000002,left,/nethome/kshan9/scratch/src/sst-elements/src/sst/elements/cscore_sstelem/experiments/replica_count/logs/run_replica001_load080_left_bw01p15.out
1,80,50.26644,964.624,1.71,13.70903,36.557399999999994,iter01,/nethome/kshan9/scratch/src/sst-elements/src/sst/elements/cscore_sstelem/experiments/replica_count/logs/run_replica001_load080_iter01_bw01p71.out
1,80,51.29929,945.82425,1.75,13.99367,37.30562,iter03,/nethome/kshan9/scratch/src/sst-elements/src/sst/elements/cscore_sstelem/experiments/replica_count/logs/run_replica001_load080_iter03_bw01p75.out
1,80,53.06762,951.390625,1.81,14.474730000000001,38.592870000000005,iter07,/nethome/kshan9/scratch/src/sst-elements/src/sst/elements/cscore_sstelem/experiments/replica_count/logs/run_replica001_load080_iter07_bw01p81.out
1,80,53.61265,982.183625,1.83,14.623040000000001,38.98958,iter04,/nethome/kshan9/scratch/src/sst-elements/src/sst/elements/cscore_sstelem/experiments/replica_count/logs/run_replica001_load080_iter04_bw01p83.out
1,80,53.62948,983.548625,1.83,14.626650000000001,39.00284,iter11,/nethome/kshan9/scratch/src/sst-elements/src/sst/elements/cscore_sstelem/experiments/replica_count/logs/run_replica001_load080_iter11_bw01p83.out
1,80,53.79975999999999,995.513625,1.83,14.671690000000002,39.12808,iter08,/nethome/kshan9/scratch/src/sst-elements/src/sst/elements/cscore_sstelem/experiments/replica_count/logs/run_replica001_load080_iter08_bw01p83.out
1,80,53.860600000000005,999.897875,1.84,14.689530000000001,39.171060000000004,iter12,/nethome/kshan9/scratch/src/sst-elements/src/sst/elements/cscore_sstelem/experiments/replica_count/logs/run_replica001_load080_iter12_bw01p84.out
1,80,53.90503,1003.1425,1.84,14.701509999999999,39.20352,iter14,/nethome/kshan9/scratch/src/sst-elements/src/sst/elements/cscore_sstelem/experiments/replica_count/logs/run_replica001_load080_iter14_bw01p84.out
1,80,53.93865,1005.57125,1.84,14.711649999999999,39.227,iter10,/nethome/kshan9/scratch/src/sst-elements/src/sst/elements/cscore_sstelem/experiments/replica_count/logs/run_replica001_load080_iter10_bw01p84.out
1,80,54.03596,1012.7675,1.84,14.737060000000001,39.29888,iter13,/nethome/kshan9/scratch/src/sst-elements/src/sst/elements/cscore_sstelem/experiments/replica_count/logs/run_replica001_load080_iter13_bw01p84.out
1,80,54.04435,1013.5125,1.84,14.740469999999998,39.30388000000001,iter06,/nethome/kshan9/scratch/src/sst-elements/src/sst/elements/cscore_sstelem/experiments/replica_count/logs/run_replica001_load080_iter06_bw01p84.out
1,80,54.352619999999995,1037.0075000000002,1.85,14.823699999999999,39.52889,iter09,/nethome/kshan9/scratch/src/sst-elements/src/sst/elements/cscore_sstelem/experiments/replica_count/logs/run_replica001_load080_iter09_bw01p85.out
1,80,54.38487,1039.46125,1.85,14.833710000000002,39.55115,iter02,/nethome/kshan9/scratch/src/sst-elements/src/sst/elements/cscore_sstelem/experiments/replica_count/logs/run_replica001_load080_iter02_bw01p85.out
1,80,55.34448,1121.0937500000002,1.89,15.09446,40.250040000000006,iter05,/nethome/kshan9/scratch/src/sst-elements/src/sst/elements/cscore_sstelem/experiments/replica_count/logs/run_replica001_load080_iter05_bw01p89.out
1,80,55.754859999999994,1160.02125,1.9,15.206100000000001,40.54873,iter00,/nethome/kshan9/scratch/src/sst-elements/src/sst/elements/cscore_sstelem/experiments/replica_count/logs/run_replica001_load080_iter00_bw01p90.out
1,80,66.34024,11098.787499999999,2.65,18.09214,48.248110000000004,right,/nethome/kshan9/scratch/src/sst-elements/src/sst/elements/cscore_sstelem/experiments/replica_count/logs/run_replica001_load080_right_bw02p65.out
1,90,12.563640000000001,832.078375,0.3,2.399904,10.16373,base,/nethome/kshan9/scratch/src/sst-elements/src/sst/elements/cscore_sstelem/experiments/replica_count/logs/run_replica001_load090_base_bw00p30.out
1,90,30.3855,864.414625,0.73,5.808758,24.576739999999997,left,/nethome/kshan9/scratch/src/sst-elements/src/sst/elements/cscore_sstelem/experiments/replica_count/logs/run_replica001_load090_left_bw00p73.out
1,90,45.1908,954.1368749999999,1.08,8.63427,36.55653,iter01,/nethome/kshan9/scratch/src/sst-elements/src/sst/elements/cscore_sstelem/experiments/replica_count/logs/run_replica001_load090_iter01_bw01p08.out
1,90,46.10858,945.82375,1.1,8.80433,37.304219999999994,iter03,/nethome/kshan9/scratch/src/sst-elements/src/sst/elements/cscore_sstelem/experiments/replica_count/logs/run_replica001_load090_iter03_bw01p10.out
1,90,47.70877,951.3226250000001,1.14,9.11614,38.59265,iter07,/nethome/kshan9/scratch/src/sst-elements/src/sst/elements/cscore_sstelem/experiments/replica_count/logs/run_replica001_load090_iter07_bw01p14.out
1,90,48.1971,982.509625,1.15,9.207460000000001,38.98964000000001,iter04,/nethome/kshan9/scratch/src/sst-elements/src/sst/elements/cscore_sstelem/experiments/replica_count/logs/run_replica001_load090_iter04_bw01p15.out
1,90,48.21136999999999,983.5218750000001,1.15,9.20936,39.00201,iter11,/nethome/kshan9/scratch/src/sst-elements/src/sst/elements/cscore_sstelem/experiments/replica_count/logs/run_replica001_load090_iter11_bw01p15.out
1,90,48.369629999999994,995.6737499999999,1.15,9.239829999999998,39.12981,iter08,/nethome/kshan9/scratch/src/sst-elements/src/sst/elements/cscore_sstelem/experiments/replica_count/logs/run_replica001_load090_iter08_bw01p15.out
1,90,48.4176,999.9895000000001,1.16,9.24486,39.17277,iter12,/nethome/kshan9/scratch/src/sst-elements/src/sst/elements/cscore_sstelem/experiments/replica_count/logs/run_replica001_load090_iter12_bw01p16.out
1,90,48.458029999999994,1003.1587499999999,1.16,9.25419,39.203829999999996,iter14,/nethome/kshan9/scratch/src/sst-elements/src/sst/elements/cscore_sstelem/experiments/replica_count/logs/run_replica001_load090_iter14_bw01p16.out
1,90,48.49264,1005.59125,1.16,9.26288,39.22975,iter10,/nethome/kshan9/scratch/src/sst-elements/src/sst/elements/cscore_sstelem/experiments/replica_count/logs/run_replica001_load090_iter10_bw01p16.out
1,90,48.57854999999999,1012.8112499999999,1.16,9.279989999999998,39.29857,iter13,/nethome/kshan9/scratch/src/sst-elements/src/sst/elements/cscore_sstelem/experiments/replica_count/logs/run_replica001_load090_iter13_bw01p16.out
1,90,48.58373,1013.6187500000001,1.16,9.27925,39.30449,iter06,/nethome/kshan9/scratch/src/sst-elements/src/sst/elements/cscore_sstelem/experiments/replica_count/logs/run_replica001_load090_iter06_bw01p16.out
1,90,48.861580000000004,1036.8837499999997,1.17,9.334269999999998,39.5273,iter09,/nethome/kshan9/scratch/src/sst-elements/src/sst/elements/cscore_sstelem/experiments/replica_count/logs/run_replica001_load090_iter09_bw01p17.out
1,90,48.89037,1039.4724999999999,1.17,9.33893,39.551429999999996,iter02,/nethome/kshan9/scratch/src/sst-elements/src/sst/elements/cscore_sstelem/experiments/replica_count/logs/run_replica001_load090_iter02_bw01p17.out
1,90,49.75549,1121.0275,1.19,9.505949999999999,40.24955,iter05,/nethome/kshan9/scratch/src/sst-elements/src/sst/elements/cscore_sstelem/experiments/replica_count/logs/run_replica001_load090_iter05_bw01p19.out
1,90,50.12507,1160.1475,1.2,9.575399999999998,40.549659999999996,iter00,/nethome/kshan9/scratch/src/sst-elements/src/sst/elements/cscore_sstelem/experiments/replica_count/logs/run_replica001_load090_iter00_bw01p20.out
1,90,60.089980000000004,18863.437500000004,1.67,11.478880000000002,48.61110000000001,right,/nethome/kshan9/scratch/src/sst-elements/src/sst/elements/cscore_sstelem/experiments/replica_count/logs/run_replica001_load090_right_bw01p67.out
1,100,21.603510000000004,866.3771250000001,0.3,2.399406,19.20409,base,/nethome/kshan9/scratch/src/sst-elements/src/sst/elements/cscore_sstelem/experiments/replica_count/logs/run_replica001_load100_base_bw00p30.out
1,100,27.64961,853.04425,0.38,3.0721809999999996,24.57744,left,/nethome/kshan9/scratch/src/sst-elements/src/sst/elements/cscore_sstelem/experiments/replica_count/logs/run_replica001_load100_left_bw00p38.out
1,100,41.12642999999999,938.175,0.57,4.569603000000001,36.55682,iter01,/nethome/kshan9/scratch/src/sst-elements/src/sst/elements/cscore_sstelem/experiments/replica_count/logs/run_replica001_load100_iter01_bw00p57.out
1,100,41.96836,945.10175,0.58,4.663149,37.30515,iter03,/nethome/kshan9/scratch/src/sst-elements/src/sst/elements/cscore_sstelem/experiments/replica_count/logs/run_replica001_load100_iter03_bw00p58.out
1,100,43.417790000000004,947.832,0.6,4.824199,38.59359,iter07,/nethome/kshan9/scratch/src/sst-elements/src/sst/elements/cscore_sstelem/experiments/replica_count/logs/run_replica001_load100_iter07_bw00p60.out
1,100,43.8647,982.0451249999999,0.61,4.873855000000001,38.990849999999995,iter04,/nethome/kshan9/scratch/src/sst-elements/src/sst/elements/cscore_sstelem/experiments/replica_count/logs/run_replica001_load100_iter04_bw00p61.out
1,100,43.880610000000004,983.324125,0.61,4.8752770000000005,39.00534999999999,iter11,/nethome/kshan9/scratch/src/sst-elements/src/sst/elements/cscore_sstelem/experiments/replica_count/logs/run_replica001_load100_iter11_bw00p61.out
1,100,44.019,995.6128749999999,0.61,4.890657999999999,39.128330000000005,iter08,/nethome/kshan9/scratch/src/sst-elements/src/sst/elements/cscore_sstelem/experiments/replica_count/logs/run_replica001_load100_iter08_bw00p61.out
1,100,44.06867,999.9509999999999,0.61,4.896516999999999,39.172160000000005,iter12,/nethome/kshan9/scratch/src/sst-elements/src/sst/elements/cscore_sstelem/experiments/replica_count/logs/run_replica001_load100_iter12_bw00p61.out
1,100,44.104609999999994,1003.0881250000001,0.61,4.900171,39.20444,iter14,/nethome/kshan9/scratch/src/sst-elements/src/sst/elements/cscore_sstelem/experiments/replica_count/logs/run_replica001_load100_iter14_bw00p61.out
1,100,44.13037,1005.54125,0.61,4.903375,39.227000000000004,iter10,/nethome/kshan9/scratch/src/sst-elements/src/sst/elements/cscore_sstelem/experiments/replica_count/logs/run_replica001_load100_iter10_bw00p61.out
1,100,44.211349999999996,1012.7475000000001,0.61,4.911868,39.29947,iter13,/nethome/kshan9/scratch/src/sst-elements/src/sst/elements/cscore_sstelem/experiments/replica_count/logs/run_replica001_load100_iter13_bw00p61.out
1,100,44.21791999999999,1013.51375,0.61,4.913268,39.30464,iter06,/nethome/kshan9/scratch/src/sst-elements/src/sst/elements/cscore_sstelem/experiments/replica_count/logs/run_replica001_load100_iter06_bw00p61.out
1,100,44.470420000000004,1036.9575,0.62,4.941649,39.52876,iter09,/nethome/kshan9/scratch/src/sst-elements/src/sst/elements/cscore_sstelem/experiments/replica_count/logs/run_replica001_load100_iter09_bw00p62.out
1,100,44.49418,1039.41125,0.62,4.944781,39.54939,iter02,/nethome/kshan9/scratch/src/sst-elements/src/sst/elements/cscore_sstelem/experiments/replica_count/logs/run_replica001_load100_iter02_bw00p62.out
1,100,45.28022000000001,1121.06625,0.63,5.031136,40.24908,iter05,/nethome/kshan9/scratch/src/sst-elements/src/sst/elements/cscore_sstelem/experiments/replica_count/logs/run_replica001_load100_iter05_bw00p63.out
1,100,45.61881999999999,1160.1350000000002,0.63,5.068759000000001,40.55007,iter00,/nethome/kshan9/scratch/src/sst-elements/src/sst/elements/cscore_sstelem/experiments/replica_count/logs/run_replica001_load100_iter00_bw00p63.out
1,100,54.942959999999985,31834.799999999996,0.88,6.104776,48.83816000000001,right,/nethome/kshan9/scratch/src/sst-elements/src/sst/elements/cscore_sstelem/experiments/replica_count/logs/run_replica001_load100_right_bw00p88.out
2,0,2.4010789999999997,802.3687500000001,0.3,2.4010789999999997,0.0,base,/nethome/kshan9/scratch/src/sst-elements/src/sst/elements/cscore_sstelem/experiments/replica_count/logs/run_replica002_load000_base_bw00p30.out
2,0,24.579269999999998,850.101875,3.07,24.579269999999998,0.0,left,/nethome/kshan9/scratch/src/sst-elements/src/sst/elements/cscore_sstelem/experiments/replica_count/logs/run_replica002_load000_left_bw03p07.out
2,0,40.55044,869.4819999999999,5.07,40.55044,0.0,iter00,/nethome/kshan9/scratch/src/sst-elements/src/sst/elements/cscore_sstelem/experiments/replica_count/logs/run_replica002_load000_iter00_bw05p07.out
2,0,44.54145,865.3969999999999,5.57,44.54145,0.0,iter01,/nethome/kshan9/scratch/src/sst-elements/src/sst/elements/cscore_sstelem/experiments/replica_count/logs/run_replica002_load000_iter01_bw05p57.out
2,0,47.5392,951.661,5.94,47.5392,0.0,iter02,/nethome/kshan9/scratch/src/sst-elements/src/sst/elements/cscore_sstelem/experiments/replica_count/logs/run_replica002_load000_iter02_bw05p94.out
2,0,48.1008,940.5379999999998,6.01,48.1008,0.0,iter04,/nethome/kshan9/scratch/src/sst-elements/src/sst/elements/cscore_sstelem/experiments/replica_count/logs/run_replica002_load000_iter04_bw06p01.out
2,0,48.19456000000001,938.706,6.02,48.19456000000001,0.0,iter09,/nethome/kshan9/scratch/src/sst-elements/src/sst/elements/cscore_sstelem/experiments/replica_count/logs/run_replica002_load000_iter09_bw06p02.out
2,0,48.41672,934.395,6.05,48.41672,0.0,iter06,/nethome/kshan9/scratch/src/sst-elements/src/sst/elements/cscore_sstelem/experiments/replica_count/logs/run_replica002_load000_iter06_bw06p05.out
2,0,48.42416,934.253,6.05,48.42416,0.0,iter13,/nethome/kshan9/scratch/src/sst-elements/src/sst/elements/cscore_sstelem/experiments/replica_count/logs/run_replica002_load000_iter13_bw06p05.out
2,0,48.48965,941.4581250000001,6.06,48.48965,0.0,iter10,/nethome/kshan9/scratch/src/sst-elements/src/sst/elements/cscore_sstelem/experiments/replica_count/logs/run_replica002_load000_iter10_bw06p06.out
2,0,48.51759,984.2877500000001,6.06,48.51759,0.0,iter14,/nethome/kshan9/scratch/src/sst-elements/src/sst/elements/cscore_sstelem/experiments/replica_count/logs/run_replica002_load000_iter14_bw06p06.out
2,0,48.550959999999996,1035.4725,6.07,48.550959999999996,0.0,iter12,/nethome/kshan9/scratch/src/sst-elements/src/sst/elements/cscore_sstelem/experiments/replica_count/logs/run_replica002_load000_iter12_bw06p07.out
2,0,48.60224,1114.77,6.07,48.60224,0.0,iter08,/nethome/kshan9/scratch/src/sst-elements/src/sst/elements/cscore_sstelem/experiments/replica_count/logs/run_replica002_load000_iter08_bw06p07.out
2,0,48.719759999999994,1432.0475,6.09,48.719759999999994,0.0,iter11,/nethome/kshan9/scratch/src/sst-elements/src/sst/elements/cscore_sstelem/experiments/replica_count/logs/run_replica002_load000_iter11_bw06p09.out
2,0,49.00234,4275.295,6.14,49.00234,0.0,iter07,/nethome/kshan9/scratch/src/sst-elements/src/sst/elements/cscore_sstelem/experiments/replica_count/logs/run_replica002_load000_iter07_bw06p14.out
2,0,49.004070000000006,4304.59375,6.22,49.004070000000006,0.0,iter03,/nethome/kshan9/scratch/src/sst-elements/src/sst/elements/cscore_sstelem/experiments/replica_count/logs/run_replica002_load000_iter03_bw06p22.out
2,0,49.00963,4310.6537499999995,7.07,49.00963,0.0,right,/nethome/kshan9/scratch/src/sst-elements/src/sst/elements/cscore_sstelem/experiments/replica_count/logs/run_replica002_load000_right_bw07p07.out
2,0,49.01097,4298.0125,6.17,49.01097,0.0,iter05,/nethome/kshan9/scratch/src/sst-elements/src/sst/elements/cscore_sstelem/experiments/replica_count/logs/run_replica002_load000_iter05_bw06p17.out
2,10,2.653726,805.128125,0.3,2.3946389999999997,0.25908580000000003,base,/nethome/kshan9/scratch/src/sst-elements/src/sst/elements/cscore_sstelem/experiments/replica_count/logs/run_replica002_load010_base_bw00p30.out
2,10,27.46073,850.102375,3.09,24.7466,2.714134,left,/nethome/kshan9/scratch/src/sst-elements/src/sst/elements/cscore_sstelem/experiments/replica_count/logs/run_replica002_load010_left_bw03p09.out
2,10,45.30112,875.5269999999999,5.1,40.82968,4.471415999999999,iter00,/nethome/kshan9/scratch/src/sst-elements/src/sst/elements/cscore_sstelem/experiments/replica_count/logs/run_replica002_load010_iter00_bw05p10.out
2,10,49.760909999999996,854.3996250000001,5.61,44.85054,4.910376,iter01,/nethome/kshan9/scratch/src/sst-elements/src/sst/elements/cscore_sstelem/experiments/replica_count/logs/run_replica002_load010_iter01_bw05p61.out
2,10,53.1148,958.2847499999999,5.98,47.86655999999999,5.2481979999999995,iter02,/nethome/kshan9/scratch/src/sst-elements/src/sst/elements/cscore_sstelem/experiments/replica_count/logs/run_replica002_load010_iter02_bw05p98.out
2,10,53.733839999999994,947.0760000000002,6.05,48.43336,5.3004880000000005,iter04,/nethome/kshan9/scratch/src/sst-elements/src/sst/elements/cscore_sstelem/experiments/replica_count/logs/run_replica002_load010_iter04_bw06p05.out
2,10,53.8388,945.2319999999999,6.07,48.52792,5.31084,iter09,/nethome/kshan9/scratch/src/sst-elements/src/sst/elements/cscore_sstelem/experiments/replica_count/logs/run_replica002_load010_iter09_bw06p07.out
2,10,54.08695999999999,940.894,6.09,48.75168000000001,5.335320000000001,iter06,/nethome/kshan9/scratch/src/sst-elements/src/sst/elements/cscore_sstelem/experiments/replica_count/logs/run_replica002_load010_iter06_bw06p09.out
2,10,54.09528,940.7479999999998,6.09,48.75920000000001,5.336143999999999,iter13,/nethome/kshan9/scratch/src/sst-elements/src/sst/elements/cscore_sstelem/experiments/replica_count/logs/run_replica002_load010_iter13_bw06p09.out
2,10,54.17076,944.889,6.1,48.823840000000004,5.34693,iter10,/nethome/kshan9/scratch/src/sst-elements/src/sst/elements/cscore_sstelem/experiments/replica_count/logs/run_replica002_load010_iter10_bw06p10.out
2,10,54.20665999999999,984.2783750000001,6.11,48.85358,5.353085,iter14,/nethome/kshan9/scratch/src/sst-elements/src/sst/elements/cscore_sstelem/experiments/replica_count/logs/run_replica002_load010_iter14_bw06p11.out
2,10,54.24106999999999,1035.305,6.11,48.88495,5.3561250000000005,iter12,/nethome/kshan9/scratch/src/sst-elements/src/sst/elements/cscore_sstelem/experiments/replica_count/logs/run_replica002_load010_iter12_bw06p11.out
2,10,54.295069999999996,1116.8437500000002,6.12,48.93227,5.362794,iter08,/nethome/kshan9/scratch/src/sst-elements/src/sst/elements/cscore_sstelem/experiments/replica_count/logs/run_replica002_load010_iter08_bw06p12.out
2,10,54.42850000000001,1442.50875,6.13,49.0541,5.374391,iter11,/nethome/kshan9/scratch/src/sst-elements/src/sst/elements/cscore_sstelem/experiments/replica_count/logs/run_replica002_load010_iter11_bw06p13.out
2,10,54.71733,4014.3362500000003,6.21,49.31369000000001,5.403643,iter05,/nethome/kshan9/scratch/src/sst-elements/src/sst/elements/cscore_sstelem/experiments/replica_count/logs/run_replica002_load010_iter05_bw06p21.out
2,10,54.74764999999999,4033.0812499999997,7.11,49.34013,5.4075109999999995,right,/nethome/kshan9/scratch/src/sst-elements/src/sst/elements/cscore_sstelem/experiments/replica_count/logs/run_replica002_load010_right_bw07p11.out
2,10,54.75496,3651.9337499999997,6.18,49.34663,5.408306,iter07,/nethome/kshan9/scratch/src/sst-elements/src/sst/elements/cscore_sstelem/experiments/replica_count/logs/run_replica002_load010_iter07_bw06p18.out
2,10,54.759299999999996,4026.6425000000004,6.27,49.35078,5.408526000000001,iter03,/nethome/kshan9/scratch/src/sst-elements/src/sst/elements/cscore_sstelem/experiments/replica_count/logs/run_replica002_load010_iter03_bw06p27.out
2,20,2.984222,800.801,0.3,2.4019340000000002,0.5822871000000001,base,/nethome/kshan9/scratch/src/sst-elements/src/sst/elements/cscore_sstelem/experiments/replica_count/logs/run_replica002_load020_base_bw00p30.out
2,20,31.00644,849.5419999999999,3.12,24.95342,6.053027,left,/nethome/kshan9/scratch/src/sst-elements/src/sst/elements/cscore_sstelem/experiments/replica_count/logs/run_replica002_load020_left_bw03p12.out
2,20,51.16552000000001,883.089,5.15,41.17352,9.992000000000003,iter00,/nethome/kshan9/scratch/src/sst-elements/src/sst/elements/cscore_sstelem/experiments/replica_count/logs/run_replica002_load020_iter00_bw05p15.out
2,20,56.19190999999999,844.00675,5.65,45.22934,10.96255,iter01,/nethome/kshan9/scratch/src/sst-elements/src/sst/elements/cscore_sstelem/experiments/replica_count/logs/run_replica002_load020_iter01_bw05p65.out
2,20,59.968379999999996,964.826375,6.03,48.26786,11.70051,iter02,/nethome/kshan9/scratch/src/sst-elements/src/sst/elements/cscore_sstelem/experiments/replica_count/logs/run_replica002_load020_iter02_bw06p03.out
2,20,60.68969,955.2436249999998,6.11,48.84313,11.846599999999999,iter04,/nethome/kshan9/scratch/src/sst-elements/src/sst/elements/cscore_sstelem/experiments/replica_count/logs/run_replica002_load020_iter04_bw06p11.out
2,20,60.80656,953.3820000000002,6.12,48.9368,11.86968,iter09,/nethome/kshan9/scratch/src/sst-elements/src/sst/elements/cscore_sstelem/experiments/replica_count/logs/run_replica002_load020_iter09_bw06p12.out
2,20,61.08632,949.008,6.15,49.16199999999999,11.924319999999998,iter06,/nethome/kshan9/scratch/src/sst-elements/src/sst/elements/cscore_sstelem/experiments/replica_count/logs/run_replica002_load020_iter06_bw06p15.out
2,20,61.09568000000001,948.862,6.15,49.16951999999999,11.926159999999998,iter13,/nethome/kshan9/scratch/src/sst-elements/src/sst/elements/cscore_sstelem/experiments/replica_count/logs/run_replica002_load020_iter13_bw06p15.out
2,20,61.171980000000005,947.8792499999998,6.16,49.23504,11.93693,iter10,/nethome/kshan9/scratch/src/sst-elements/src/sst/elements/cscore_sstelem/experiments/replica_count/logs/run_replica002_load020_iter10_bw06p16.out
2,20,61.211479999999995,983.5008750000001,6.16,49.264410000000005,11.94708,iter14,/nethome/kshan9/scratch/src/sst-elements/src/sst/elements/cscore_sstelem/experiments/replica_count/logs/run_replica002_load020_iter14_bw06p16.out
2,20,61.24538999999999,1035.8674999999998,6.16,49.29681,11.948599999999999,iter12,/nethome/kshan9/scratch/src/sst-elements/src/sst/elements/cscore_sstelem/experiments/replica_count/logs/run_replica002_load020_iter12_bw06p16.out
2,20,61.2983,1117.9474999999998,6.17,49.34192,11.95636,iter08,/nethome/kshan9/scratch/src/sst-elements/src/sst/elements/cscore_sstelem/experiments/replica_count/logs/run_replica002_load020_iter08_bw06p17.out
2,20,61.462199999999996,1444.3375,6.18,49.47038,11.99181,iter11,/nethome/kshan9/scratch/src/sst-elements/src/sst/elements/cscore_sstelem/experiments/replica_count/logs/run_replica002_load020_iter11_bw06p18.out
2,20,61.72981,3494.585,6.24,49.68527,12.044559999999999,iter07,/nethome/kshan9/scratch/src/sst-elements/src/sst/elements/cscore_sstelem/experiments/replica_count/logs/run_replica002_load020_iter07_bw06p24.out
2,20,61.74781,3940.58,6.27,49.69833,12.049470000000001,iter05,/nethome/kshan9/scratch/src/sst-elements/src/sst/elements/cscore_sstelem/experiments/replica_count/logs/run_replica002_load020_iter05_bw06p27.out
2,20,61.799589999999995,3961.97,7.17,49.740719999999996,12.05887,right,/nethome/kshan9/scratch/src/sst-elements/src/sst/elements/cscore_sstelem/experiments/replica_count/logs/run_replica002_load020_right_bw07p17.out
2,20,61.83579,3966.4049999999997,6.32,49.771049999999995,12.064729999999999,iter03,/nethome/kshan9/scratch/src/sst-elements/src/sst/elements/cscore_sstelem/experiments/replica_count/logs/run_replica002_load020_iter03_bw06p32.out
2,30,3.3739450000000004,803.096,0.3,2.397957,0.975989,base,/nethome/kshan9/scratch/src/sst-elements/src/sst/elements/cscore_sstelem/experiments/replica_count/logs/run_replica002_load030_base_bw00p30.out
2,30,35.47418,857.7571250000001,3.15,25.21726,10.2569,left,/nethome/kshan9/scratch/src/sst-elements/src/sst/elements/cscore_sstelem/experiments/replica_count/logs/run_replica002_load030_left_bw03p15.out
2,30,58.53114,893.0237500000001,5.2,41.605740000000004,16.9254,iter00,/nethome/kshan9/scratch/src/sst-elements/src/sst/elements/cscore_sstelem/experiments/replica_count/logs/run_replica002_load030_iter00_bw05p20.out
2,30,64.30565,884.144125,5.71,45.70933,18.596329999999995,iter01,/nethome/kshan9/scratch/src/sst-elements/src/sst/elements/cscore_sstelem/experiments/replica_count/logs/run_replica002_load030_iter01_bw05p71.out
2,30,68.62192,953.288,6.1,48.781769999999995,19.840149999999998,iter02,/nethome/kshan9/scratch/src/sst-elements/src/sst/elements/cscore_sstelem/experiments/replica_count/logs/run_replica002_load030_iter02_bw06p10.out
2,30,69.42976,964.1096249999999,6.17,49.35472,20.07504,iter04,/nethome/kshan9/scratch/src/sst-elements/src/sst/elements/cscore_sstelem/experiments/replica_count/logs/run_replica002_load030_iter04_bw06p17.out
2,30,69.56909,962.8897499999999,6.18,49.45097,20.118100000000002,iter09,/nethome/kshan9/scratch/src/sst-elements/src/sst/elements/cscore_sstelem/experiments/replica_count/logs/run_replica002_load030_iter09_bw06p18.out
2,30,69.89178,959.4418749999999,6.21,49.67952,20.212240000000005,iter06,/nethome/kshan9/scratch/src/sst-elements/src/sst/elements/cscore_sstelem/experiments/replica_count/logs/run_replica002_load030_iter06_bw06p21.out
2,30,69.90239000000001,959.3008749999999,6.21,49.68703,20.21536,iter13,/nethome/kshan9/scratch/src/sst-elements/src/sst/elements/cscore_sstelem/experiments/replica_count/logs/run_replica002_load030_iter13_bw06p21.out
2,30,69.99852,958.4502500000001,6.22,49.75867,20.23985,iter10,/nethome/kshan9/scratch/src/sst-elements/src/sst/elements/cscore_sstelem/experiments/replica_count/logs/run_replica002_load030_iter10_bw06p22.out
2,30,70.02686000000001,997.671875,6.22,49.77991,20.246930000000003,iter14,/nethome/kshan9/scratch/src/sst-elements/src/sst/elements/cscore_sstelem/experiments/replica_count/logs/run_replica002_load030_iter14_bw06p22.out
2,30,70.08153,1145.13,6.23,49.81713,20.264419999999998,iter12,/nethome/kshan9/scratch/src/sst-elements/src/sst/elements/cscore_sstelem/experiments/replica_count/logs/run_replica002_load030_iter12_bw06p23.out
2,30,70.14597,1228.1599999999999,6.23,49.862970000000004,20.283009999999997,iter08,/nethome/kshan9/scratch/src/sst-elements/src/sst/elements/cscore_sstelem/experiments/replica_count/logs/run_replica002_load030_iter08_bw06p23.out
2,30,70.32312,1438.7600000000002,6.25,49.98902,20.33409,iter11,/nethome/kshan9/scratch/src/sst-elements/src/sst/elements/cscore_sstelem/experiments/replica_count/logs/run_replica002_load030_iter11_bw06p25.out
2,30,70.68674999999999,3979.1075000000005,6.33,50.24746,20.43927,iter05,/nethome/kshan9/scratch/src/sst-elements/src/sst/elements/cscore_sstelem/experiments/replica_count/logs/run_replica002_load030_iter05_bw06p33.out
2,30,70.70935999999999,3974.12,6.39,50.263740000000006,20.445660000000004,iter03,/nethome/kshan9/scratch/src/sst-elements/src/sst/elements/cscore_sstelem/experiments/replica_count/logs/run_replica002_load030_iter03_bw06p39.out
2,30,70.71239,3976.2325,7.25,50.26642,20.445960000000003,right,/nethome/kshan9/scratch/src/sst-elements/src/sst/elements/cscore_sstelem/experiments/replica_count/logs/run_replica002_load030_right_bw07p25.out
2,30,70.74561,3837.97375,6.3,50.28936,20.45622,iter07,/nethome/kshan9/scratch/src/sst-elements/src/sst/elements/cscore_sstelem/experiments/replica_count/logs/run_replica002_load030_iter07_bw06p30.out
2,40,3.880041,801.716625,0.3,2.39537,1.4846720000000002,base,/nethome/kshan9/scratch/src/sst-elements/src/sst/elements/cscore_sstelem/experiments/replica_count/logs/run_replica002_load040_base_bw00p30.out
2,40,41.28833999999999,860.8246250000002,3.19,25.559530000000002,15.7288,left,/nethome/kshan9/scratch/src/sst-elements/src/sst/elements/cscore_sstelem/experiments/replica_count/logs/run_replica002_load040_left_bw03p19.out
2,40,68.12909,905.8895000000001,5.27,42.17218,25.956929999999996,iter00,/nethome/kshan9/scratch/src/sst-elements/src/sst/elements/cscore_sstelem/experiments/replica_count/logs/run_replica002_load040_iter00_bw05p27.out
2,40,74.83333,888.9383750000001,5.79,46.32573,28.5076,iter01,/nethome/kshan9/scratch/src/sst-elements/src/sst/elements/cscore_sstelem/experiments/replica_count/logs/run_replica002_load040_iter01_bw05p79.out
2,40,79.86664999999999,923.323375,6.18,49.43954,30.427090000000003,iter02,/nethome/kshan9/scratch/src/sst-elements/src/sst/elements/cscore_sstelem/experiments/replica_count/logs/run_replica002_load040_iter02_bw06p18.out
2,40,80.81280000000001,946.887625,6.25,50.025670000000005,30.78724,iter04,/nethome/kshan9/scratch/src/sst-elements/src/sst/elements/cscore_sstelem/experiments/replica_count/logs/run_replica002_load040_iter04_bw06p25.out
2,40,80.9639,953.3221249999999,6.27,50.12325,30.840600000000002,iter09,/nethome/kshan9/scratch/src/sst-elements/src/sst/elements/cscore_sstelem/experiments/replica_count/logs/run_replica002_load040_iter09_bw06p27.out
2,40,81.3439,958.4845000000001,6.29,50.35423,30.989639999999998,iter06,/nethome/kshan9/scratch/src/sst-elements/src/sst/elements/cscore_sstelem/experiments/replica_count/logs/run_replica002_load040_iter06_bw06p29.out
2,40,81.35170000000001,958.824625,6.3,50.358839999999994,30.99284,iter13,/nethome/kshan9/scratch/src/sst-elements/src/sst/elements/cscore_sstelem/experiments/replica_count/logs/run_replica002_load040_iter13_bw06p30.out
2,40,81.47349999999999,967.7926250000002,6.3,50.43638,31.037049999999997,iter10,/nethome/kshan9/scratch/src/sst-elements/src/sst/elements/cscore_sstelem/experiments/replica_count/logs/run_replica002_load040_iter10_bw06p30.out
2,40,81.506,981.1720000000001,6.31,50.45349,31.052519999999998,iter14,/nethome/kshan9/scratch/src/sst-elements/src/sst/elements/cscore_sstelem/experiments/replica_count/logs/run_replica002_load040_iter14_bw06p31.out
2,40,81.5661,1143.5312500000002,6.31,50.49631,31.06982,iter12,/nethome/kshan9/scratch/src/sst-elements/src/sst/elements/cscore_sstelem/experiments/replica_count/logs/run_replica002_load040_iter12_bw06p31.out
2,40,81.6363,1258.7962499999999,6.32,50.53766999999999,31.098509999999997,iter08,/nethome/kshan9/scratch/src/sst-elements/src/sst/elements/cscore_sstelem/experiments/replica_count/logs/run_replica002_load040_iter08_bw06p32.out
2,40,81.8472,1434.675,6.33,50.668150000000004,31.179019999999998,iter11,/nethome/kshan9/scratch/src/sst-elements/src/sst/elements/cscore_sstelem/experiments/replica_count/logs/run_replica002_load040_iter11_bw06p33.out
2,40,82.29809999999999,3985.2162499999995,6.47,50.948209999999996,31.349990000000002,iter03,/nethome/kshan9/scratch/src/sst-elements/src/sst/elements/cscore_sstelem/experiments/replica_count/logs/run_replica002_load040_iter03_bw06p47.out
2,40,82.3023,3985.6187499999996,7.35,50.94897,31.3533,right,/nethome/kshan9/scratch/src/sst-elements/src/sst/elements/cscore_sstelem/experiments/replica_count/logs/run_replica002_load040_right_bw07p35.out
2,40,82.3224,3798.35375,6.39,50.96254999999999,31.359840000000002,iter07,/nethome/kshan9/scratch/src/sst-elements/src/sst/elements/cscore_sstelem/experiments/replica_count/logs/run_replica002_load040_iter07_bw06p39.out
2,40,82.3329,3988.51375,6.42,50.96722,31.365569999999998,iter05,/nethome/kshan9/scratch/src/sst-elements/src/sst/elements/cscore_sstelem/experiments/replica_count/logs/run_replica002_load040_iter05_bw06p42.out
2,50,4.524101999999999,802.2673750000001,0.3,2.396122,2.1279790000000003,base,/nethome/kshan9/scratch/src/sst-elements/src/sst/elements/cscore_sstelem/experiments/replica_count/logs/run_replica002_load050_base_bw00p30.out
2,50,49.151779999999995,863.313125,3.25,26.02155,23.130230000000005,left,/nethome/kshan9/scratch/src/sst-elements/src/sst/elements/cscore_sstelem/experiments/replica_count/logs/run_replica002_load050_left_bw03p25.out
2,50,81.1008,923.887,5.37,42.93576000000001,38.16512,iter00,/nethome/kshan9/scratch/src/sst-elements/src/sst/elements/cscore_sstelem/experiments/replica_count/logs/run_replica002_load050_iter00_bw05p37.out
2,50,89.08799999999998,840.9665000000001,5.9,47.16424,41.92376000000001,iter01,/nethome/kshan9/scratch/src/sst-elements/src/sst/elements/cscore_sstelem/experiments/replica_count/logs/run_replica002_load050_iter01_bw05p90.out
2,50,95.08420000000001,898.9083750000001,6.29,50.338680000000004,44.745490000000004,iter02,/nethome/kshan9/scratch/src/sst-elements/src/sst/elements/cscore_sstelem/experiments/replica_count/logs/run_replica002_load050_iter02_bw06p29.out
2,50,96.1984,903.9305,6.37,50.928630000000005,45.26987,iter04,/nethome/kshan9/scratch/src/sst-elements/src/sst/elements/cscore_sstelem/experiments/replica_count/logs/run_replica002_load050_iter04_bw06p37.out
2,50,96.38809999999998,911.0245,6.38,51.029059999999994,45.359179999999995,iter09,/nethome/kshan9/scratch/src/sst-elements/src/sst/elements/cscore_sstelem/experiments/replica_count/logs/run_replica002_load050_iter09_bw06p38.out
2,50,96.8321,908.415625,6.41,51.264970000000005,45.56720000000001,iter06,/nethome/kshan9/scratch/src/sst-elements/src/sst/elements/cscore_sstelem/experiments/replica_count/logs/run_replica002_load050_iter06_bw06p41.out
2,50,96.84799999999998,908.641,6.41,51.27243,45.57549,iter13,/nethome/kshan9/scratch/src/sst-elements/src/sst/elements/cscore_sstelem/experiments/replica_count/logs/run_replica002_load050_iter13_bw06p41.out
2,50,96.9932,947.29,6.42,51.353640000000006,45.63947999999999,iter10,/nethome/kshan9/scratch/src/sst-elements/src/sst/elements/cscore_sstelem/experiments/replica_count/logs/run_replica002_load050_iter10_bw06p42.out
2,50,97.03540000000001,978.03025,6.42,51.37585000000001,45.659600000000005,iter14,/nethome/kshan9/scratch/src/sst-elements/src/sst/elements/cscore_sstelem/experiments/replica_count/logs/run_replica002_load050_iter14_bw06p42.out
2,50,97.0973,1036.1924999999999,6.43,51.40444999999999,45.69287,iter12,/nethome/kshan9/scratch/src/sst-elements/src/sst/elements/cscore_sstelem/experiments/replica_count/logs/run_replica002_load050_iter12_bw06p43.out
2,50,97.17660000000001,1126.12875,6.43,51.45217,45.724360000000004,iter08,/nethome/kshan9/scratch/src/sst-elements/src/sst/elements/cscore_sstelem/experiments/replica_count/logs/run_replica002_load050_iter08_bw06p43.out
2,50,97.43110000000001,1435.45125,6.45,51.58455,45.84648000000001,iter11,/nethome/kshan9/scratch/src/sst-elements/src/sst/elements/cscore_sstelem/experiments/replica_count/logs/run_replica002_load050_iter11_bw06p45.out
2,50,97.9822,4004.3525,6.59,51.8716,46.11074000000001,iter03,/nethome/kshan9/scratch/src/sst-elements/src/sst/elements/cscore_sstelem/experiments/replica_count/logs/run_replica002_load050_iter03_bw06p59.out
2,50,97.9985,4074.1274999999996,7.48,51.88121999999999,46.11738,right,/nethome/kshan9/scratch/src/sst-elements/src/sst/elements/cscore_sstelem/experiments/replica_count/logs/run_replica002_load050_right_bw07p48.out
2,50,98.004,4041.25,6.53,51.88313000000001,46.120979999999996,iter05,/nethome/kshan9/scratch/src/sst-elements/src/sst/elements/cscore_sstelem/experiments/replica_count/logs/run_replica002_load050_iter05_bw06p53.out
2,50,98.2284,3295.955,6.5,52.00004,46.228359999999995,iter07,/nethome/kshan9/scratch/src/sst-elements/src/sst/elements/cscore_sstelem/experiments/replica_count/logs/run_replica002_load050_iter07_bw06p50.out
2,60,5.4300619999999995,804.0090000000001,0.3,2.39667,3.0333940000000004,base,/nethome/kshan9/scratch/src/sst-elements/src/sst/elements/cscore_sstelem/experiments/replica_count/logs/run_replica002_load060_base_bw00p30.out
2,60,60.38862999999999,887.508875,3.34,26.68366,33.70498,left,/nethome/kshan9/scratch/src/sst-elements/src/sst/elements/cscore_sstelem/experiments/replica_count/logs/run_replica002_load060_left_bw03p34.out
2,60,99.6369,951.1247500000001,5.5,44.025659999999995,55.611340000000006,iter00,/nethome/kshan9/scratch/src/sst-elements/src/sst/elements/cscore_sstelem/experiments/replica_count/logs/run_replica002_load060_iter00_bw05p50.out
2,60,109.44789999999998,943.406,6.05,48.35654,61.091370000000005,iter01,/nethome/kshan9/scratch/src/sst-elements/src/sst/elements/cscore_sstelem/experiments/replica_count/logs/run_replica002_load060_iter01_bw06p05.out
2,60,116.81289999999998,958.7683750000001,6.45,51.613240000000005,65.19972,iter02,/nethome/kshan9/scratch/src/sst-elements/src/sst/elements/cscore_sstelem/experiments/replica_count/logs/run_replica002_load060_iter02_bw06p45.out
2,60,118.19,965.0533749999997,6.53,52.220439999999996,65.96960999999999,iter04,/nethome/kshan9/scratch/src/sst-elements/src/sst/elements/cscore_sstelem/experiments/replica_count/logs/run_replica002_load060_iter04_bw06p53.out
2,60,118.4177,966.814,6.54,52.32264000000001,66.09511,iter09,/nethome/kshan9/scratch/src/sst-elements/src/sst/elements/cscore_sstelem/experiments/replica_count/logs/run_replica002_load060_iter09_bw06p54.out
2,60,118.96220000000001,964.85175,6.57,52.56212,66.40012999999999,iter06,/nethome/kshan9/scratch/src/sst-elements/src/sst/elements/cscore_sstelem/experiments/replica_count/logs/run_replica002_load060_iter06_bw06p57.out
2,60,118.98179999999999,964.232625,6.57,52.57050999999999,66.41138,iter13,/nethome/kshan9/scratch/src/sst-elements/src/sst/elements/cscore_sstelem/experiments/replica_count/logs/run_replica002_load060_iter13_bw06p57.out
2,60,119.1552,969.08,6.58,52.653980000000004,66.50118,iter10,/nethome/kshan9/scratch/src/sst-elements/src/sst/elements/cscore_sstelem/experiments/replica_count/logs/run_replica002_load060_iter10_bw06p58.out
2,60,119.21480000000001,984.9686250000001,6.58,52.67761,66.53716,iter14,/nethome/kshan9/scratch/src/sst-elements/src/sst/elements/cscore_sstelem/experiments/replica_count/logs/run_replica002_load060_iter14_bw06p58.out
2,60,119.2739,1118.6375,6.59,52.70903,66.56475,iter12,/nethome/kshan9/scratch/src/sst-elements/src/sst/elements/cscore_sstelem/experiments/replica_count/logs/run_replica002_load060_iter12_bw06p59.out
2,60,119.40370000000001,1246.0425,6.59,52.75912,66.64449,iter08,/nethome/kshan9/scratch/src/sst-elements/src/sst/elements/cscore_sstelem/experiments/replica_count/logs/run_replica002_load060_iter08_bw06p59.out
2,60,119.71459999999999,1433.70875,6.61,52.89729,66.81748,iter11,/nethome/kshan9/scratch/src/sst-elements/src/sst/elements/cscore_sstelem/experiments/replica_count/logs/run_replica002_load060_iter11_bw06p61.out
2,60,120.34100000000001,3807.38125,7.67,53.17412,67.16688,right,/nethome/kshan9/scratch/src/sst-elements/src/sst/elements/cscore_sstelem/experiments/replica_count/logs/run_replica002_load060_right_bw07p67.out
2,60,120.371,3726.1425000000004,6.7,53.189370000000004,67.18159999999999,iter05,/nethome/kshan9/scratch/src/sst-elements/src/sst/elements/cscore_sstelem/experiments/replica_count/logs/run_replica002_load060_iter05_bw06p70.out
2,60,120.4198,3812.4675,6.76,53.20599,67.21373,iter03,/nethome/kshan9/scratch/src/sst-elements/src/sst/elements/cscore_sstelem/experiments/replica_count/logs/run_replica002_load060_iter03_bw06p76.out
2,60,120.42189999999998,3584.5125000000003,6.67,53.21264000000001,67.20919,iter07,/nethome/kshan9/scratch/src/sst-elements/src/sst/elements/cscore_sstelem/experiments/replica_count/logs/run_replica002_load060_iter07_bw06p67.out
2,70,6.742076,803.704375,0.3,2.4021079999999997,4.3399659999999995,base,/nethome/kshan9/scratch/src/sst-elements/src/sst/elements/cscore_sstelem/experiments/replica_count/logs/run_replica002_load070_base_bw00p30.out
2,70,76.35902999999999,901.6791249999999,3.4,27.20704,49.15202,left,/nethome/kshan9/scratch/src/sst-elements/src/sst/elements/cscore_sstelem/experiments/replica_count/logs/run_replica002_load070_left_bw03p40.out
2,70,125.99629999999999,988.3813749999999,5.61,44.896519999999995,81.0997,iter00,/nethome/kshan9/scratch/src/sst-elements/src/sst/elements/cscore_sstelem/experiments/replica_count/logs/run_replica002_load070_iter00_bw05p61.out
2,70,129.09779999999998,970.7321250000001,5.75,45.99937,83.0984,iter02,/nethome/kshan9/scratch/src/sst-elements/src/sst/elements/cscore_sstelem/experiments/replica_count/logs/run_replica002_load070_iter02_bw05p75.out
2,70,130.8443,966.858125,5.83,46.62326,84.2211,iter04,/nethome/kshan9/scratch/src/sst-elements/src/sst/elements/cscore_sstelem/experiments/replica_count/logs/run_replica002_load070_iter04_bw05p83.out
2,70,133.8471,986.58475,5.96,47.69381,86.1535,iter08,/nethome/kshan9/scratch/src/sst-elements/src/sst/elements/cscore_sstelem/experiments/replica_count/logs/run_replica002_load070_iter08_bw05p96.out
2,70,134.7715,997.38175,6.0,48.02503000000001,86.74670000000002,iter05,/nethome/kshan9/scratch/src/sst-elements/src/sst/elements/cscore_sstelem/experiments/replica_count/logs/run_replica002_load070_iter05_bw06p00.out
2,70,134.8002,997.742,6.0,48.03153,86.7688,iter12,/nethome/kshan9/scratch/src/sst-elements/src/sst/elements/cscore_sstelem/experiments/replica_count/logs/run_replica002_load070_iter12_bw06p00.out
2,70,134.897,997.6685,6.01,48.067040000000006,86.8301,iter14,/nethome/kshan9/scratch/src/sst-elements/src/sst/elements/cscore_sstelem/experiments/replica_count/logs/run_replica002_load070_iter14_bw06p01.out
2,70,135.0909,999.8501249999999,6.02,48.13644,86.9545,iter09,/nethome/kshan9/scratch/src/sst-elements/src/sst/elements/cscore_sstelem/experiments/replica_count/logs/run_replica002_load070_iter09_bw06p02.out
2,70,135.1946,1000.5467499999999,6.02,48.17295,87.02170000000001,iter13,/nethome/kshan9/scratch/src/sst-elements/src/sst/elements/cscore_sstelem/experiments/replica_count/logs/run_replica002_load070_iter13_bw06p02.out
2,70,135.3228,1003.5999999999999,6.03,48.22026,87.10249999999999,iter11,/nethome/kshan9/scratch/src/sst-elements/src/sst/elements/cscore_sstelem/experiments/replica_count/logs/run_replica002_load070_iter11_bw06p03.out
2,70,135.50329999999997,1003.96375,6.04,48.28206,87.2213,iter07,/nethome/kshan9/scratch/src/sst-elements/src/sst/elements/cscore_sstelem/experiments/replica_count/logs/run_replica002_load070_iter07_bw06p04.out
2,70,136.0255,1009.2649999999999,6.06,48.468599999999995,87.55709999999999,iter10,/nethome/kshan9/scratch/src/sst-elements/src/sst/elements/cscore_sstelem/experiments/replica_count/logs/run_replica002_load070_iter10_bw06p06.out
2,70,136.0764,1011.06125,6.06,48.48764,87.5889,iter03,/nethome/kshan9/scratch/src/sst-elements/src/sst/elements/cscore_sstelem/experiments/replica_count/logs/run_replica002_load070_iter03_bw06p06.out
2,70,137.70700000000002,1041.44875,6.13,49.06983,88.63700000000001,iter06,/nethome/kshan9/scratch/src/sst-elements/src/sst/elements/cscore_sstelem/experiments/replica_count/logs/run_replica002_load070_iter06_bw06p13.out
2,70,138.40099999999998,1082.82125,6.16,49.31616,89.08490000000002,iter01,/nethome/kshan9/scratch/src/sst-elements/src/sst/elements/cscore_sstelem/experiments/replica_count/logs/run_replica002_load070_iter01_bw06p16.out
2,70,149.1079,4358.6575,7.82,53.13063,95.97729999999999,right,/nethome/kshan9/scratch/src/sst-elements/src/sst/elements/cscore_sstelem/experiments/replica_count/logs/run_replica002_load070_right_bw07p82.out
2,80,8.80799,802.6841249999999,0.3,2.402525,6.405460000000001,base,/nethome/kshan9/scratch/src/sst-elements/src/sst/elements/cscore_sstelem/experiments/replica_count/logs/run_replica002_load080_base_bw00p30.out
2,80,67.58421,850.6892500000001,2.3,18.43305,49.15115,left,/nethome/kshan9/scratch/src/sst-elements/src/sst/elements/cscore_sstelem/experiments/replica_count/logs/run_replica002_load080_left_bw02p30.out
2,80,111.5047,968.1880000000001,3.8,30.407769999999996,81.0969,iter00,/nethome/kshan9/scratch/src/sst-elements/src/sst/elements/cscore_sstelem/experiments/replica_count/logs/run_replica002_load080_iter00_bw03p80.out
2,80,114.2557,967.6248750000001,3.9,31.16165,83.094,iter02,/nethome/kshan9/scratch/src/sst-elements/src/sst/elements/cscore_sstelem/experiments/replica_count/logs/run_replica002_load080_iter02_bw03p90.out
2,80,118.9874,975.241125,4.06,32.45021,86.53710000000001,iter06,/nethome/kshan9/scratch/src/sst-elements/src/sst/elements/cscore_sstelem/experiments/replica_count/logs/run_replica002_load080_iter06_bw04p06.out
2,80,119.4741,980.086875,4.07,32.58341000000001,86.8906,iter08,/nethome/kshan9/scratch/src/sst-elements/src/sst/elements/cscore_sstelem/experiments/replica_count/logs/run_replica002_load080_iter08_bw04p07.out
2,80,120.31989999999999,989.272875,4.1,32.81564,87.5042,iter12,/nethome/kshan9/scratch/src/sst-elements/src/sst/elements/cscore_sstelem/experiments/replica_count/logs/run_replica002_load080_iter12_bw04p10.out
2,80,120.4356,992.1916249999999,4.11,32.846470000000004,87.589,iter03,/nethome/kshan9/scratch/src/sst-elements/src/sst/elements/cscore_sstelem/experiments/replica_count/logs/run_replica002_load080_iter03_bw04p11.out
2,80,120.5751,995.7292499999999,4.11,32.884969999999996,87.69030000000001,iter09,/nethome/kshan9/scratch/src/sst-elements/src/sst/elements/cscore_sstelem/experiments/replica_count/logs/run_replica002_load080_iter09_bw04p11.out
2,80,120.666,997.7301249999999,4.11,32.90739000000001,87.7588,iter13,/nethome/kshan9/scratch/src/sst-elements/src/sst/elements/cscore_sstelem/experiments/replica_count/logs/run_replica002_load080_iter13_bw04p11.out
2,80,120.78320000000001,1001.153375,4.12,32.93933,87.84379999999999,iter11,/nethome/kshan9/scratch/src/sst-elements/src/sst/elements/cscore_sstelem/experiments/replica_count/logs/run_replica002_load080_iter11_bw04p12.out
2,80,120.92609999999999,1004.27625,4.12,32.97929,87.9467,iter14,/nethome/kshan9/scratch/src/sst-elements/src/sst/elements/cscore_sstelem/experiments/replica_count/logs/run_replica002_load080_iter14_bw04p12.out
2,80,120.94189999999999,1003.476875,4.12,32.98303,87.9587,iter07,/nethome/kshan9/scratch/src/sst-elements/src/sst/elements/cscore_sstelem/experiments/replica_count/logs/run_replica002_load080_iter07_bw04p12.out
2,80,121.39719999999998,1015.5500000000001,4.14,33.107679999999995,88.2897,iter10,/nethome/kshan9/scratch/src/sst-elements/src/sst/elements/cscore_sstelem/experiments/replica_count/logs/run_replica002_load080_iter10_bw04p14.out
2,80,121.59069999999997,1022.6425,4.15,33.16262,88.4282,iter05,/nethome/kshan9/scratch/src/sst-elements/src/sst/elements/cscore_sstelem/experiments/replica_count/logs/run_replica002_load080_iter05_bw04p15.out
2,80,122.4975,1082.65625,4.18,33.4101,89.0874,iter01,/nethome/kshan9/scratch/src/sst-elements/src/sst/elements/cscore_sstelem/experiments/replica_count/logs/run_replica002_load080_iter01_bw04p18.out
2,80,125.06399999999998,1358.3487499999999,4.26,34.10884,90.9556,iter04,/nethome/kshan9/scratch/src/sst-elements/src/sst/elements/cscore_sstelem/experiments/replica_count/logs/run_replica002_load080_iter04_bw04p26.out
2,80,132.7214,5844.5525,5.3,36.19596,96.52529999999999,right,/nethome/kshan9/scratch/src/sst-elements/src/sst/elements/cscore_sstelem/experiments/replica_count/logs/run_replica002_load080_right_bw05p30.out
2,90,12.56738,808.191375,0.3,2.404157,10.16322,base,/nethome/kshan9/scratch/src/sst-elements/src/sst/elements/cscore_sstelem/experiments/replica_count/logs/run_replica002_load090_base_bw00p30.out
2,90,60.758250000000004,839.4565,1.45,11.60582,49.15243,left,/nethome/kshan9/scratch/src/sst-elements/src/sst/elements/cscore_sstelem/experiments/replica_count/logs/run_replica002_load090_left_bw01p45.out
2,90,100.24900000000001,957.4358749999998,2.39,19.14855,81.1003,iter00,/nethome/kshan9/scratch/src/sst-elements/src/sst/elements/cscore_sstelem/experiments/replica_count/logs/run_replica002_load090_iter00_bw02p39.out
2,90,102.7211,964.4468749999999,2.45,19.621909999999996,83.0993,iter02,/nethome/kshan9/scratch/src/sst-elements/src/sst/elements/cscore_sstelem/experiments/replica_count/logs/run_replica002_load090_iter02_bw02p45.out
2,90,106.967,962.6500000000001,2.55,20.430930000000004,86.53629999999998,iter06,/nethome/kshan9/scratch/src/sst-elements/src/sst/elements/cscore_sstelem/experiments/replica_count/logs/run_replica002_load090_iter06_bw02p55.out
2,90,108.2693,985.7444999999999,2.59,20.6811,87.58819999999999,iter03,/nethome/kshan9/scratch/src/sst-elements/src/sst/elements/cscore_sstelem/experiments/replica_count/logs/run_replica002_load090_iter03_bw02p59.out
2,90,108.3173,987.122875,2.59,20.68911,87.62819999999999,iter10,/nethome/kshan9/scratch/src/sst-elements/src/sst/elements/cscore_sstelem/experiments/replica_count/logs/run_replica002_load090_iter10_bw02p59.out
2,90,108.727,996.9917500000001,2.6,20.768629999999998,87.9584,iter07,/nethome/kshan9/scratch/src/sst-elements/src/sst/elements/cscore_sstelem/experiments/replica_count/logs/run_replica002_load090_iter07_bw02p60.out
2,90,108.7375,997.4273749999999,2.6,20.768810000000002,87.96849999999999,iter14,/nethome/kshan9/scratch/src/sst-elements/src/sst/elements/cscore_sstelem/experiments/replica_count/logs/run_replica002_load090_iter14_bw02p60.out
2,90,108.86839999999998,999.79125,2.6,20.795659999999998,88.0728,iter11,/nethome/kshan9/scratch/src/sst-elements/src/sst/elements/cscore_sstelem/experiments/replica_count/logs/run_replica002_load090_iter11_bw02p60.out
2,90,108.97210000000001,1002.2062500000001,2.6,20.815549999999998,88.1565,iter13,/nethome/kshan9/scratch/src/sst-elements/src/sst/elements/cscore_sstelem/experiments/replica_count/logs/run_replica002_load090_iter13_bw02p60.out
2,90,109.05539999999999,1004.5074999999999,2.6,20.833350000000003,88.22190000000002,iter09,/nethome/kshan9/scratch/src/sst-elements/src/sst/elements/cscore_sstelem/experiments/replica_count/logs/run_replica002_load090_iter09_bw02p60.out
2,90,109.2821,1015.8687500000001,2.61,20.87441,88.40780000000001,iter12,/nethome/kshan9/scratch/src/sst-elements/src/sst/elements/cscore_sstelem/experiments/replica_count/logs/run_replica002_load090_iter12_bw02p61.out
2,90,109.3076,1016.47125,2.61,20.88146,88.4263,iter05,/nethome/kshan9/scratch/src/sst-elements/src/sst/elements/cscore_sstelem/experiments/replica_count/logs/run_replica002_load090_iter05_bw02p61.out
2,90,110.04509999999999,1075.2512499999998,2.63,21.021919999999998,89.0232,iter08,/nethome/kshan9/scratch/src/sst-elements/src/sst/elements/cscore_sstelem/experiments/replica_count/logs/run_replica002_load090_iter08_bw02p63.out
2,90,110.11900000000001,1082.64625,2.63,21.03424,89.0846,iter01,/nethome/kshan9/scratch/src/sst-elements/src/sst/elements/cscore_sstelem/experiments/replica_count/logs/run_replica002_load090_iter01_bw02p63.out
2,90,112.4296,1358.33375,2.68,21.47542,90.95439999999999,iter04,/nethome/kshan9/scratch/src/sst-elements/src/sst/elements/cscore_sstelem/experiments/replica_count/logs/run_replica002_load090_iter04_bw02p68.out
2,90,120.1522,9083.090000000002,3.34,22.951289999999997,97.2007,right,/nethome/kshan9/scratch/src/sst-elements/src/sst/elements/cscore_sstelem/experiments/replica_count/logs/run_replica002_load090_right_bw03p34.out
2,100,21.59798,803.3921250000001,0.3,2.400413,19.19759,base,/nethome/kshan9/scratch/src/sst-elements/src/sst/elements/cscore_sstelem/experiments/replica_count/logs/run_replica002_load100_base_bw00p30.out
2,100,55.29682,818.836875,0.77,6.143882,49.15292999999999,left,/nethome/kshan9/scratch/src/sst-elements/src/sst/elements/cscore_sstelem/experiments/replica_count/logs/run_replica002_load100_left_bw00p77.out
2,100,91.2389,843.6443750000001,1.27,10.137250000000002,81.1016,iter00,/nethome/kshan9/scratch/src/sst-elements/src/sst/elements/cscore_sstelem/experiments/replica_count/logs/run_replica002_load100_iter00_bw01p27.out
2,100,93.4848,848.5725000000001,1.3,10.3872,83.0976,iter02,/nethome/kshan9/scratch/src/sst-elements/src/sst/elements/cscore_sstelem/experiments/replica_count/logs/run_replica002_load100_iter02_bw01p30.out
2,100,97.3528,852.16525,1.35,10.81696,86.5356,iter06,/nethome/kshan9/scratch/src/sst-elements/src/sst/elements/cscore_sstelem/experiments/replica_count/logs/run_replica002_load100_iter06_bw01p35.out
2,100,98.53050000000002,930.566375,1.37,10.94875,87.5817,iter03,/nethome/kshan9/scratch/src/sst-elements/src/sst/elements/cscore_sstelem/experiments/replica_count/logs/run_replica002_load100_iter03_bw01p37.out
2,100,98.94969999999999,964.3551250000002,1.37,10.994420000000002,87.9554,iter07,/nethome/kshan9/scratch/src/sst-elements/src/sst/elements/cscore_sstelem/experiments/replica_count/logs/run_replica002_load100_iter07_bw01p37.out
2,100,99.0432,971.805625,1.38,11.004610000000001,88.0386,iter12,/nethome/kshan9/scratch/src/sst-elements/src/sst/elements/cscore_sstelem/experiments/replica_count/logs/run_replica002_load100_iter12_bw01p38.out
2,100,99.2475,989.8789999999999,1.38,11.027859999999999,88.2198,iter09,/nethome/kshan9/scratch/src/sst-elements/src/sst/elements/cscore_sstelem/experiments/replica_count/logs/run_replica002_load100_iter09_bw01p38.out
2,100,99.32459999999999,996.2811249999999,1.38,11.0366,88.2882,iter13,/nethome/kshan9/scratch/src/sst-elements/src/sst/elements/cscore_sstelem/experiments/replica_count/logs/run_replica002_load100_iter13_bw01p38.out
2,100,99.4196,1004.6800000000001,1.38,11.047500000000001,88.3724,iter11,/nethome/kshan9/scratch/src/sst-elements/src/sst/elements/cscore_sstelem/experiments/replica_count/logs/run_replica002_load100_iter11_bw01p38.out
2,100,99.48349999999999,1010.39625,1.38,11.05474,88.42880000000001,iter05,/nethome/kshan9/scratch/src/sst-elements/src/sst/elements/cscore_sstelem/experiments/replica_count/logs/run_replica002_load100_iter05_bw01p38.out
2,100,99.5355,1015.38375,1.38,11.060849999999999,88.4749,iter14,/nethome/kshan9/scratch/src/sst-elements/src/sst/elements/cscore_sstelem/experiments/replica_count/logs/run_replica002_load100_iter14_bw01p38.out
2,100,99.92190000000001,1052.2000000000003,1.39,11.102610000000002,88.8194,iter10,/nethome/kshan9/scratch/src/sst-elements/src/sst/elements/cscore_sstelem/experiments/replica_count/logs/run_replica002_load100_iter10_bw01p39.out
2,100,100.1523,1075.3812500000001,1.39,11.12803,89.02430000000001,iter08,/nethome/kshan9/scratch/src/sst-elements/src/sst/elements/cscore_sstelem/experiments/replica_count/logs/run_replica002_load100_iter08_bw01p39.out
2,100,100.22109999999999,1082.64875,1.39,11.135819999999999,89.0851,iter01,/nethome/kshan9/scratch/src/sst-elements/src/sst/elements/cscore_sstelem/experiments/replica_count/logs/run_replica002_load100_iter01_bw01p39.out
2,100,102.3237,1358.4475,1.42,11.36968,90.95410000000001,iter04,/nethome/kshan9/scratch/src/sst-elements/src/sst/elements/cscore_sstelem/experiments/replica_count/logs/run_replica002_load100_iter04_bw01p42.out
2,100,109.96799999999999,18003.637499999997,1.77,12.21864,97.74879999999999,right,/nethome/kshan9/scratch/src/sst-elements/src/sst/elements/cscore_sstelem/experiments/replica_count/logs/run_replica002_load100_right_bw01p77.out
3,0,2.40192,802.0869999999999,0.3,2.40192,0.0,base,/nethome/kshan9/scratch/src/sst-elements/src/sst/elements/cscore_sstelem/experiments/replica_count/logs/run_replica003_load000_base_bw00p30.out
3,0,24.57982,847.871875,3.07,24.57982,0.0,left,/nethome/kshan9/scratch/src/sst-elements/src/sst/elements/cscore_sstelem/experiments/replica_count/logs/run_replica003_load000_left_bw03p07.out
3,0,40.55044,869.4819999999999,5.07,40.55044,0.0,iter00,/nethome/kshan9/scratch/src/sst-elements/src/sst/elements/cscore_sstelem/experiments/replica_count/logs/run_replica003_load000_iter00_bw05p07.out
3,0,44.540350000000004,858.1339999999998,5.57,44.540350000000004,0.0,iter01,/nethome/kshan9/scratch/src/sst-elements/src/sst/elements/cscore_sstelem/experiments/replica_count/logs/run_replica003_load000_iter01_bw05p57.out
3,0,47.5392,951.661,5.94,47.5392,0.0,iter02,/nethome/kshan9/scratch/src/sst-elements/src/sst/elements/cscore_sstelem/experiments/replica_count/logs/run_replica003_load000_iter02_bw05p94.out
3,0,48.1008,940.5379999999998,6.01,48.1008,0.0,iter04,/nethome/kshan9/scratch/src/sst-elements/src/sst/elements/cscore_sstelem/experiments/replica_count/logs/run_replica003_load000_iter04_bw06p01.out
3,0,48.41672,934.394,6.05,48.41672,0.0,iter06,/nethome/kshan9/scratch/src/sst-elements/src/sst/elements/cscore_sstelem/experiments/replica_count/logs/run_replica003_load000_iter06_bw06p05.out
3,0,48.59439999999999,930.975625,6.07,48.59439999999999,0.0,iter08,/nethome/kshan9/scratch/src/sst-elements/src/sst/elements/cscore_sstelem/experiments/replica_count/logs/run_replica003_load000_iter08_bw06p07.out
3,0,48.624030000000005,930.40725,6.08,48.624030000000005,0.0,iter13,/nethome/kshan9/scratch/src/sst-elements/src/sst/elements/cscore_sstelem/experiments/replica_count/logs/run_replica003_load000_iter13_bw06p08.out
3,0,48.69348,929.0792499999999,6.09,48.69348,0.0,iter10,/nethome/kshan9/scratch/src/sst-elements/src/sst/elements/cscore_sstelem/experiments/replica_count/logs/run_replica003_load000_iter10_bw06p09.out
3,0,48.718469999999996,957.16925,6.09,48.718469999999996,0.0,iter14,/nethome/kshan9/scratch/src/sst-elements/src/sst/elements/cscore_sstelem/experiments/replica_count/logs/run_replica003_load000_iter14_bw06p09.out
3,0,48.7522,1033.0925,6.09,48.7522,0.0,iter12,/nethome/kshan9/scratch/src/sst-elements/src/sst/elements/cscore_sstelem/experiments/replica_count/logs/run_replica003_load000_iter12_bw06p09.out
3,0,48.919239999999995,1760.5187500000002,6.11,48.919239999999995,0.0,iter11,/nethome/kshan9/scratch/src/sst-elements/src/sst/elements/cscore_sstelem/experiments/replica_count/logs/run_replica003_load000_iter11_bw06p11.out
3,0,48.99227,2609.085,6.12,48.99227,0.0,iter09,/nethome/kshan9/scratch/src/sst-elements/src/sst/elements/cscore_sstelem/experiments/replica_count/logs/run_replica003_load000_iter09_bw06p12.out
3,0,49.04955,4290.65625,6.22,49.04955,0.0,iter03,/nethome/kshan9/scratch/src/sst-elements/src/sst/elements/cscore_sstelem/experiments/replica_count/logs/run_replica003_load000_iter03_bw06p22.out
3,0,49.054059999999986,4299.333750000001,6.17,49.054059999999986,0.0,iter05,/nethome/kshan9/scratch/src/sst-elements/src/sst/elements/cscore_sstelem/experiments/replica_count/logs/run_replica003_load000_iter05_bw06p17.out
3,0,49.057339999999996,4315.554999999999,7.07,49.057339999999996,0.0,right,/nethome/kshan9/scratch/src/sst-elements/src/sst/elements/cscore_sstelem/experiments/replica_count/logs/run_replica003_load000_right_bw07p07.out
3,0,49.05959,4254.6125,6.14,49.05959,0.0,iter07,/nethome/kshan9/scratch/src/sst-elements/src/sst/elements/cscore_sstelem/experiments/replica_count/logs/run_replica003_load000_iter07_bw06p14.out
3,10,2.658845,804.132625,0.3,2.3994470000000003,0.2593995,base,/nethome/kshan9/scratch/src/sst-elements/src/sst/elements/cscore_sstelem/experiments/replica_count/logs/run_replica003_load010_base_bw00p30.out
3,10,27.52418,848.3062500000001,3.1,24.8043,2.7198670000000003,left,/nethome/kshan9/scratch/src/sst-elements/src/sst/elements/cscore_sstelem/experiments/replica_count/logs/run_replica003_load010_left_bw03p10.out
3,10,45.40552000000001,873.512,5.12,40.92376000000001,4.48172,iter00,/nethome/kshan9/scratch/src/sst-elements/src/sst/elements/cscore_sstelem/experiments/replica_count/logs/run_replica003_load010_iter00_bw05p12.out
3,10,49.877539999999996,849.3263749999999,5.62,44.952549999999995,4.925009999999999,iter01,/nethome/kshan9/scratch/src/sst-elements/src/sst/elements/cscore_sstelem/experiments/replica_count/logs/run_replica003_load010_iter01_bw05p62.out
3,10,53.22872,956.0710000000003,6.0,47.97807999999999,5.250656,iter02,/nethome/kshan9/scratch/src/sst-elements/src/sst/elements/cscore_sstelem/experiments/replica_count/logs/run_replica003_load010_iter02_bw06p00.out
3,10,53.8576,944.8969999999999,6.07,48.54487999999999,5.3126880000000005,iter04,/nethome/kshan9/scratch/src/sst-elements/src/sst/elements/cscore_sstelem/experiments/replica_count/logs/run_replica003_load010_iter04_bw06p07.out
3,10,54.21132,938.726,6.11,48.86372,5.347587999999999,iter06,/nethome/kshan9/scratch/src/sst-elements/src/sst/elements/cscore_sstelem/experiments/replica_count/logs/run_replica003_load010_iter06_bw06p11.out
3,10,54.410520000000005,935.2890000000001,6.13,49.043260000000004,5.367236,iter08,/nethome/kshan9/scratch/src/sst-elements/src/sst/elements/cscore_sstelem/experiments/replica_count/logs/run_replica003_load010_iter08_bw06p13.out
3,10,54.443799999999996,934.7179999999998,6.13,49.07325999999999,5.370517999999999,iter13,/nethome/kshan9/scratch/src/sst-elements/src/sst/elements/cscore_sstelem/experiments/replica_count/logs/run_replica003_load010_iter13_bw06p13.out
3,10,54.52190999999999,933.3775,6.14,49.143699999999995,5.378226,iter10,/nethome/kshan9/scratch/src/sst-elements/src/sst/elements/cscore_sstelem/experiments/replica_count/logs/run_replica003_load010_iter10_bw06p14.out
3,10,54.54906,951.4034999999999,6.15,49.166039999999995,5.38302,iter14,/nethome/kshan9/scratch/src/sst-elements/src/sst/elements/cscore_sstelem/experiments/replica_count/logs/run_replica003_load010_iter14_bw06p15.out
3,10,54.59129,1032.825,6.15,49.201769999999996,5.389525000000001,iter12,/nethome/kshan9/scratch/src/sst-elements/src/sst/elements/cscore_sstelem/experiments/replica_count/logs/run_replica003_load010_iter12_bw06p15.out
3,10,54.781600000000005,1756.9900000000002,6.17,49.371950000000005,5.409628,iter11,/nethome/kshan9/scratch/src/sst-elements/src/sst/elements/cscore_sstelem/experiments/replica_count/logs/run_replica003_load010_iter11_bw06p17.out
3,10,54.85763000000001,2504.8375,6.18,49.43990000000001,5.417734,iter09,/nethome/kshan9/scratch/src/sst-elements/src/sst/elements/cscore_sstelem/experiments/replica_count/logs/run_replica003_load010_iter09_bw06p18.out
3,10,54.9003,3722.38375,6.2,49.476929999999996,5.423366,iter07,/nethome/kshan9/scratch/src/sst-elements/src/sst/elements/cscore_sstelem/experiments/replica_count/logs/run_replica003_load010_iter07_bw06p20.out
3,10,54.91523000000001,4015.2200000000003,6.28,49.491640000000004,5.423582,iter03,/nethome/kshan9/scratch/src/sst-elements/src/sst/elements/cscore_sstelem/experiments/replica_count/logs/run_replica003_load010_iter03_bw06p28.out
3,10,54.92568,4017.5074999999997,7.13,49.500769999999996,5.424905999999999,right,/nethome/kshan9/scratch/src/sst-elements/src/sst/elements/cscore_sstelem/experiments/replica_count/logs/run_replica003_load010_right_bw07p13.out
3,10,54.932860000000005,4017.7075000000004,6.23,49.50701,5.425849,iter05,/nethome/kshan9/scratch/src/sst-elements/src/sst/elements/cscore_sstelem/experiments/replica_count/logs/run_replica003_load010_iter05_bw06p23.out
3,20,2.986346,800.22975,0.3,2.4036440000000003,0.5827016,base,/nethome/kshan9/scratch/src/sst-elements/src/sst/elements/cscore_sstelem/experiments/replica_count/logs/run_replica003_load020_base_bw00p30.out
3,20,31.164210000000004,849.6411250000001,3.14,25.083,6.081218,left,/nethome/kshan9/scratch/src/sst-elements/src/sst/elements/cscore_sstelem/experiments/replica_count/logs/run_replica003_load020_left_bw03p14.out
3,20,51.42928,878.556,5.17,41.38584,10.04352,iter00,/nethome/kshan9/scratch/src/sst-elements/src/sst/elements/cscore_sstelem/experiments/replica_count/logs/run_replica003_load020_iter00_bw05p17.out
3,20,56.482040000000005,840.6626249999999,5.68,45.463080000000005,11.01896,iter01,/nethome/kshan9/scratch/src/sst-elements/src/sst/elements/cscore_sstelem/experiments/replica_count/logs/run_replica003_load020_iter01_bw05p68.out
3,20,60.28033,960.271875,6.06,48.51956,11.760740000000002,iter02,/nethome/kshan9/scratch/src/sst-elements/src/sst/elements/cscore_sstelem/experiments/replica_count/logs/run_replica003_load020_iter02_bw06p06.out
3,20,61.001039999999996,950.34,6.14,49.093360000000004,11.90768,iter04,/nethome/kshan9/scratch/src/sst-elements/src/sst/elements/cscore_sstelem/experiments/replica_count/logs/run_replica003_load020_iter04_bw06p14.out
3,20,61.40168,944.133375,6.18,49.41575999999999,11.98592,iter06,/nethome/kshan9/scratch/src/sst-elements/src/sst/elements/cscore_sstelem/experiments/replica_count/logs/run_replica003_load020_iter06_bw06p18.out
3,20,61.626949999999994,940.6775,6.2,49.59711,12.029860000000003,iter08,/nethome/kshan9/scratch/src/sst-elements/src/sst/elements/cscore_sstelem/experiments/replica_count/logs/run_replica003_load020_iter08_bw06p20.out
3,20,61.664609999999996,940.1029999999998,6.2,49.62741,12.0372,iter13,/nethome/kshan9/scratch/src/sst-elements/src/sst/elements/cscore_sstelem/experiments/replica_count/logs/run_replica003_load020_iter13_bw06p20.out
3,20,61.75319,938.752,6.21,49.69871,12.05453,iter10,/nethome/kshan9/scratch/src/sst-elements/src/sst/elements/cscore_sstelem/experiments/replica_count/logs/run_replica003_load020_iter10_bw06p21.out
3,20,61.77556,945.068375,6.22,49.71861,12.05692,iter14,/nethome/kshan9/scratch/src/sst-elements/src/sst/elements/cscore_sstelem/experiments/replica_count/logs/run_replica003_load020_iter14_bw06p22.out
3,20,61.81938,1032.6325000000002,6.22,49.75621999999999,12.06319,iter12,/nethome/kshan9/scratch/src/sst-elements/src/sst/elements/cscore_sstelem/experiments/replica_count/logs/run_replica003_load020_iter12_bw06p22.out
3,20,62.03134,1769.7487499999997,6.24,49.92744999999999,12.103879999999998,iter11,/nethome/kshan9/scratch/src/sst-elements/src/sst/elements/cscore_sstelem/experiments/replica_count/logs/run_replica003_load020_iter11_bw06p24.out
3,20,62.128569999999996,3497.17375,6.27,50.007279999999994,12.121299999999998,iter07,/nethome/kshan9/scratch/src/sst-elements/src/sst/elements/cscore_sstelem/experiments/replica_count/logs/run_replica003_load020_iter07_bw06p27.out
3,20,62.13372999999999,2399.9412500000003,6.25,50.01057,12.123149999999999,iter09,/nethome/kshan9/scratch/src/sst-elements/src/sst/elements/cscore_sstelem/experiments/replica_count/logs/run_replica003_load020_iter09_bw06p25.out
3,20,62.17803000000001,3941.5774999999994,6.35,50.04669,12.13137,iter03,/nethome/kshan9/scratch/src/sst-elements/src/sst/elements/cscore_sstelem/experiments/replica_count/logs/run_replica003_load020_iter03_bw06p35.out
3,20,62.20460999999999,3936.5937499999995,7.21,50.068549999999995,12.13608,right,/nethome/kshan9/scratch/src/sst-elements/src/sst/elements/cscore_sstelem/experiments/replica_count/logs/run_replica003_load020_right_bw07p21.out
3,20,62.213210000000004,3855.9762499999997,6.3,50.07452,12.13872,iter05,/nethome/kshan9/scratch/src/sst-elements/src/sst/elements/cscore_sstelem/experiments/replica_count/logs/run_replica003_load020_iter05_bw06p30.out
3,30,3.378411,802.5448750000002,0.3,2.399842,0.9785709999999999,base,/nethome/kshan9/scratch/src/sst-elements/src/sst/elements/cscore_sstelem/experiments/replica_count/logs/run_replica003_load030_base_bw00p30.out
3,30,35.781639999999996,851.513875,3.18,25.438520000000004,10.34313,left,/nethome/kshan9/scratch/src/sst-elements/src/sst/elements/cscore_sstelem/experiments/replica_count/logs/run_replica003_load030_left_bw03p18.out
3,30,59.046670000000006,885.029625,5.25,41.97249,17.074180000000002,iter00,/nethome/kshan9/scratch/src/sst-elements/src/sst/elements/cscore_sstelem/experiments/replica_count/logs/run_replica003_load030_iter00_bw05p25.out
3,30,64.87078,869.53975,5.76,46.11097,18.75984,iter01,/nethome/kshan9/scratch/src/sst-elements/src/sst/elements/cscore_sstelem/experiments/replica_count/logs/run_replica003_load030_iter01_bw05p76.out
3,30,69.21882000000001,965.6830000000001,6.15,49.206759999999996,20.01206,iter02,/nethome/kshan9/scratch/src/sst-elements/src/sst/elements/cscore_sstelem/experiments/replica_count/logs/run_replica003_load030_iter02_bw06p15.out
3,30,70.04375999999999,957.3294999999999,6.22,49.789899999999996,20.253860000000003,iter04,/nethome/kshan9/scratch/src/sst-elements/src/sst/elements/cscore_sstelem/experiments/replica_count/logs/run_replica003_load030_iter04_bw06p22.out
3,30,70.50547999999999,951.1013749999998,6.26,50.11586,20.38962,iter06,/nethome/kshan9/scratch/src/sst-elements/src/sst/elements/cscore_sstelem/experiments/replica_count/logs/run_replica003_load030_iter06_bw06p26.out
3,30,70.76289,947.6098749999999,6.29,50.300000000000004,20.4629,iter08,/nethome/kshan9/scratch/src/sst-elements/src/sst/elements/cscore_sstelem/experiments/replica_count/logs/run_replica003_load030_iter08_bw06p29.out
3,30,70.80739,947.043625,6.29,50.330510000000004,20.476959999999995,iter13,/nethome/kshan9/scratch/src/sst-elements/src/sst/elements/cscore_sstelem/experiments/replica_count/logs/run_replica003_load030_iter13_bw06p29.out
3,30,70.90961,945.6776250000001,6.3,50.40312,20.50649,iter10,/nethome/kshan9/scratch/src/sst-elements/src/sst/elements/cscore_sstelem/experiments/replica_count/logs/run_replica003_load030_iter10_bw06p30.out
3,30,70.93818,951.7334999999999,6.3,50.421699999999994,20.516469999999998,iter14,/nethome/kshan9/scratch/src/sst-elements/src/sst/elements/cscore_sstelem/experiments/replica_count/logs/run_replica003_load030_iter14_bw06p30.out
3,30,70.98608999999999,1059.5974999999999,6.31,50.461529999999996,20.52454,iter12,/nethome/kshan9/scratch/src/sst-elements/src/sst/elements/cscore_sstelem/experiments/replica_count/logs/run_replica003_load030_iter12_bw06p31.out
3,30,71.22912,1754.6575,6.33,50.632729999999995,20.5964,iter11,/nethome/kshan9/scratch/src/sst-elements/src/sst/elements/cscore_sstelem/experiments/replica_count/logs/run_replica003_load030_iter11_bw06p33.out
3,30,71.33823,2440.2875000000004,6.34,50.71168,20.626549999999998,iter09,/nethome/kshan9/scratch/src/sst-elements/src/sst/elements/cscore_sstelem/experiments/replica_count/logs/run_replica003_load030_iter09_bw06p34.out
3,30,71.40004,3927.7175000000007,6.39,50.754020000000004,20.646010000000004,iter05,/nethome/kshan9/scratch/src/sst-elements/src/sst/elements/cscore_sstelem/experiments/replica_count/logs/run_replica003_load030_iter05_bw06p39.out
3,30,71.42509,3938.6225,6.44,50.772,20.653089999999995,iter03,/nethome/kshan9/scratch/src/sst-elements/src/sst/elements/cscore_sstelem/experiments/replica_count/logs/run_replica003_load030_iter03_bw06p44.out
3,30,71.43079,3933.61625,7.31,50.775760000000005,20.655049999999996,right,/nethome/kshan9/scratch/src/sst-elements/src/sst/elements/cscore_sstelem/experiments/replica_count/logs/run_replica003_load030_right_bw07p31.out
3,30,71.48715999999999,3391.8350000000005,6.36,50.816269999999996,20.67091,iter07,/nethome/kshan9/scratch/src/sst-elements/src/sst/elements/cscore_sstelem/experiments/replica_count/logs/run_replica003_load030_iter07_bw06p36.out
3,40,3.8812409999999993,801.8642499999997,0.3,2.3987559999999997,1.482484,base,/nethome/kshan9/scratch/src/sst-elements/src/sst/elements/cscore_sstelem/experiments/replica_count/logs/run_replica003_load040_base_bw00p30.out
3,40,41.84632,852.9061249999999,3.24,25.904600000000002,15.941729999999998,left,/nethome/kshan9/scratch/src/sst-elements/src/sst/elements/cscore_sstelem/experiments/replica_count/logs/run_replica003_load040_left_bw03p24.out
3,40,69.04534,893.684125,5.34,42.744060000000005,26.301289999999998,iter00,/nethome/kshan9/scratch/src/sst-elements/src/sst/elements/cscore_sstelem/experiments/replica_count/logs/run_replica003_load040_iter00_bw05p34.out
3,40,75.84341,874.1776250000001,5.87,46.951359999999994,28.892049999999998,iter01,/nethome/kshan9/scratch/src/sst-elements/src/sst/elements/cscore_sstelem/experiments/replica_count/logs/run_replica003_load040_iter01_bw05p87.out
3,40,80.9443,937.9313750000001,6.26,50.10748,30.836879999999997,iter02,/nethome/kshan9/scratch/src/sst-elements/src/sst/elements/cscore_sstelem/experiments/replica_count/logs/run_replica003_load040_iter02_bw06p26.out
3,40,81.90400000000001,963.371875,6.34,50.702349999999996,31.20156,iter04,/nethome/kshan9/scratch/src/sst-elements/src/sst/elements/cscore_sstelem/experiments/replica_count/logs/run_replica003_load040_iter04_bw06p34.out
3,40,82.4449,959.531625,6.38,51.036789999999996,31.40811,iter06,/nethome/kshan9/scratch/src/sst-elements/src/sst/elements/cscore_sstelem/experiments/replica_count/logs/run_replica003_load040_iter06_bw06p38.out
3,40,82.748,956.8668749999999,6.4,51.22216,31.525870000000005,iter08,/nethome/kshan9/scratch/src/sst-elements/src/sst/elements/cscore_sstelem/experiments/replica_count/logs/run_replica003_load040_iter08_bw06p40.out
3,40,82.79889999999999,956.279625,6.41,51.253600000000006,31.545139999999996,iter13,/nethome/kshan9/scratch/src/sst-elements/src/sst/elements/cscore_sstelem/experiments/replica_count/logs/run_replica003_load040_iter13_bw06p41.out
3,40,82.91900000000001,954.90025,6.42,51.326260000000005,31.59268,iter10,/nethome/kshan9/scratch/src/sst-elements/src/sst/elements/cscore_sstelem/experiments/replica_count/logs/run_replica003_load040_iter10_bw06p42.out
3,40,82.95379999999999,955.4943749999999,6.42,51.34706,31.606830000000002,iter14,/nethome/kshan9/scratch/src/sst-elements/src/sst/elements/cscore_sstelem/experiments/replica_count/logs/run_replica003_load040_iter14_bw06p42.out
3,40,83.0085,1110.15875,6.42,51.388819999999996,31.61964,iter12,/nethome/kshan9/scratch/src/sst-elements/src/sst/elements/cscore_sstelem/experiments/replica_count/logs/run_replica003_load040_iter12_bw06p42.out
3,40,83.31099999999999,1761.09625,6.45,51.56286,31.748109999999997,iter11,/nethome/kshan9/scratch/src/sst-elements/src/sst/elements/cscore_sstelem/experiments/replica_count/logs/run_replica003_load040_iter11_bw06p45.out
3,40,83.3952,2363.2987500000004,6.46,51.62668,31.76872,iter09,/nethome/kshan9/scratch/src/sst-elements/src/sst/elements/cscore_sstelem/experiments/replica_count/logs/run_replica003_load040_iter09_bw06p46.out
3,40,83.46000000000001,3262.19125,6.47,51.667950000000005,31.79211,iter07,/nethome/kshan9/scratch/src/sst-elements/src/sst/elements/cscore_sstelem/experiments/replica_count/logs/run_replica003_load040_iter07_bw06p47.out
3,40,83.5144,3982.5862500000003,7.45,51.70015000000001,31.81429,right,/nethome/kshan9/scratch/src/sst-elements/src/sst/elements/cscore_sstelem/experiments/replica_count/logs/run_replica003_load040_right_bw07p45.out
3,40,83.5227,3980.6925,6.5,51.70483000000001,31.81795,iter05,/nethome/kshan9/scratch/src/sst-elements/src/sst/elements/cscore_sstelem/experiments/replica_count/logs/run_replica003_load040_iter05_bw06p50.out
3,40,83.5247,3974.82125,6.56,51.70655,31.81819,iter03,/nethome/kshan9/scratch/src/sst-elements/src/sst/elements/cscore_sstelem/experiments/replica_count/logs/run_replica003_load040_iter03_bw06p56.out
3,50,4.535528,801.2991249999999,0.3,2.401164,2.1343639999999997,base,/nethome/kshan9/scratch/src/sst-elements/src/sst/elements/cscore_sstelem/experiments/replica_count/logs/run_replica003_load050_base_bw00p30.out
3,50,50.13482,856.904375,3.32,26.54196,23.592850000000002,left,/nethome/kshan9/scratch/src/sst-elements/src/sst/elements/cscore_sstelem/experiments/replica_count/logs/run_replica003_load050_left_bw03p32.out
3,50,82.7232,905.7520000000002,5.47,43.7944,38.9284,iter00,/nethome/kshan9/scratch/src/sst-elements/src/sst/elements/cscore_sstelem/experiments/replica_count/logs/run_replica003_load050_iter00_bw05p47.out
3,50,90.8697,824.492875,6.01,48.10758,42.7623,iter01,/nethome/kshan9/scratch/src/sst-elements/src/sst/elements/cscore_sstelem/experiments/replica_count/logs/run_replica003_load050_iter01_bw06p01.out
3,50,96.9789,905.235875,6.42,51.34182,45.63718,iter02,/nethome/kshan9/scratch/src/sst-elements/src/sst/elements/cscore_sstelem/experiments/replica_count/logs/run_replica003_load050_iter02_bw06p42.out
3,50,98.12519999999999,930.9808750000001,6.49,51.94864,46.17658,iter04,/nethome/kshan9/scratch/src/sst-elements/src/sst/elements/cscore_sstelem/experiments/replica_count/logs/run_replica003_load050_iter04_bw06p49.out
3,50,98.7694,966.0203750000001,6.54,52.29048000000001,46.478840000000005,iter06,/nethome/kshan9/scratch/src/sst-elements/src/sst/elements/cscore_sstelem/experiments/replica_count/logs/run_replica003_load050_iter06_bw06p54.out
3,50,99.13269999999999,966.24275,6.56,52.481989999999996,46.65064,iter08,/nethome/kshan9/scratch/src/sst-elements/src/sst/elements/cscore_sstelem/experiments/replica_count/logs/run_replica003_load050_iter08_bw06p56.out
3,50,99.19040000000001,966.50525,6.56,52.512589999999996,46.67785,iter13,/nethome/kshan9/scratch/src/sst-elements/src/sst/elements/cscore_sstelem/experiments/replica_count/logs/run_replica003_load050_iter13_bw06p56.out
3,50,99.3347,965.2810000000001,6.57,52.5881,46.74655,iter10,/nethome/kshan9/scratch/src/sst-elements/src/sst/elements/cscore_sstelem/experiments/replica_count/logs/run_replica003_load050_iter10_bw06p57.out
3,50,99.38490000000002,965.8602500000001,6.58,52.61721000000001,46.76766000000001,iter14,/nethome/kshan9/scratch/src/sst-elements/src/sst/elements/cscore_sstelem/experiments/replica_count/logs/run_replica003_load050_iter14_bw06p58.out
3,50,99.4562,1034.8912500000001,6.58,52.6533,46.80294000000001,iter12,/nethome/kshan9/scratch/src/sst-elements/src/sst/elements/cscore_sstelem/experiments/replica_count/logs/run_replica003_load050_iter12_bw06p58.out
3,50,99.7995,1762.945,6.6,52.83401,46.96545,iter11,/nethome/kshan9/scratch/src/sst-elements/src/sst/elements/cscore_sstelem/experiments/replica_count/logs/run_replica003_load050_iter11_bw06p60.out
3,50,99.9642,2422.1925,6.61,52.92085,47.043279999999996,iter09,/nethome/kshan9/scratch/src/sst-elements/src/sst/elements/cscore_sstelem/experiments/replica_count/logs/run_replica003_load050_iter09_bw06p61.out
3,50,100.0449,3970.3037500000005,6.72,52.965540000000004,47.07933,iter03,/nethome/kshan9/scratch/src/sst-elements/src/sst/elements/cscore_sstelem/experiments/replica_count/logs/run_replica003_load050_iter03_bw06p72.out
3,50,100.04899999999999,3972.2387500000004,7.63,52.967569999999995,47.08152,right,/nethome/kshan9/scratch/src/sst-elements/src/sst/elements/cscore_sstelem/experiments/replica_count/logs/run_replica003_load050_right_bw07p63.out
3,50,100.0508,3960.1825,6.66,52.97063,47.08024,iter05,/nethome/kshan9/scratch/src/sst-elements/src/sst/elements/cscore_sstelem/experiments/replica_count/logs/run_replica003_load050_iter05_bw06p66.out
3,50,100.0928,3154.73375,6.63,52.996669999999995,47.096050000000005,iter07,/nethome/kshan9/scratch/src/sst-elements/src/sst/elements/cscore_sstelem/experiments/replica_count/logs/run_replica003_load050_iter07_bw06p63.out
3,60,5.434583,803.6573749999999,0.3,2.399855,3.0347280000000003,base,/nethome/kshan9/scratch/src/sst-elements/src/sst/elements/cscore_sstelem/experiments/replica_count/logs/run_replica003_load060_base_bw00p30.out
3,60,62.14894,868.4898750000002,3.43,27.464,34.68496,left,/nethome/kshan9/scratch/src/sst-elements/src/sst/elements/cscore_sstelem/experiments/replica_count/logs/run_replica003_load060_left_bw03p43.out
3,60,102.5712,923.909625,5.67,45.319959999999995,57.251250000000006,iter00,/nethome/kshan9/scratch/src/sst-elements/src/sst/elements/cscore_sstelem/experiments/replica_count/logs/run_replica003_load060_iter00_bw05p67.out
3,60,112.6656,915.0330000000001,6.22,49.78083,62.884750000000004,iter01,/nethome/kshan9/scratch/src/sst-elements/src/sst/elements/cscore_sstelem/experiments/replica_count/logs/run_replica003_load060_iter01_bw06p22.out
3,60,120.24530000000001,945.0848750000001,6.64,53.13123,67.11404,iter02,/nethome/kshan9/scratch/src/sst-elements/src/sst/elements/cscore_sstelem/experiments/replica_count/logs/run_replica003_load060_iter02_bw06p64.out
3,60,121.6717,950.2704999999999,6.72,53.76094,67.91084,iter04,/nethome/kshan9/scratch/src/sst-elements/src/sst/elements/cscore_sstelem/experiments/replica_count/logs/run_replica003_load060_iter04_bw06p72.out
3,60,122.46279999999999,958.1383750000001,6.76,54.111380000000004,68.35138,iter06,/nethome/kshan9/scratch/src/sst-elements/src/sst/elements/cscore_sstelem/experiments/replica_count/logs/run_replica003_load060_iter06_bw06p76.out
3,60,122.9179,958.4213750000001,6.79,54.31434,68.6036,iter08,/nethome/kshan9/scratch/src/sst-elements/src/sst/elements/cscore_sstelem/experiments/replica_count/logs/run_replica003_load060_iter08_bw06p79.out
3,60,122.9916,959.683125,6.79,54.3452,68.64648,iter13,/nethome/kshan9/scratch/src/sst-elements/src/sst/elements/cscore_sstelem/experiments/replica_count/logs/run_replica003_load060_iter13_bw06p79.out
3,60,123.1687,960.6252499999999,6.8,54.42403,68.74470000000001,iter10,/nethome/kshan9/scratch/src/sst-elements/src/sst/elements/cscore_sstelem/experiments/replica_count/logs/run_replica003_load060_iter10_bw06p80.out
3,60,123.22749999999999,967.6816249999999,6.81,54.45105,68.77656,iter14,/nethome/kshan9/scratch/src/sst-elements/src/sst/elements/cscore_sstelem/experiments/replica_count/logs/run_replica003_load060_iter14_bw06p81.out
3,60,123.3038,1036.00125,6.81,54.487260000000006,68.81658,iter12,/nethome/kshan9/scratch/src/sst-elements/src/sst/elements/cscore_sstelem/experiments/replica_count/logs/run_replica003_load060_iter12_bw06p81.out
3,60,123.7423,1759.52875,6.83,54.67609,69.06639,iter11,/nethome/kshan9/scratch/src/sst-elements/src/sst/elements/cscore_sstelem/experiments/replica_count/logs/run_replica003_load060_iter11_bw06p83.out
3,60,123.94659999999999,2434.3325000000004,6.84,54.77088,69.17572,iter09,/nethome/kshan9/scratch/src/sst-elements/src/sst/elements/cscore_sstelem/experiments/replica_count/logs/run_replica003_load060_iter09_bw06p84.out
3,60,123.99770000000001,3284.6512500000003,6.86,54.79585,69.20174000000002,iter07,/nethome/kshan9/scratch/src/sst-elements/src/sst/elements/cscore_sstelem/experiments/replica_count/logs/run_replica003_load060_iter07_bw06p86.out
3,60,124.0364,3676.055,6.9,54.80638,69.23002,iter05,/nethome/kshan9/scratch/src/sst-elements/src/sst/elements/cscore_sstelem/experiments/replica_count/logs/run_replica003_load060_iter05_bw06p90.out
3,60,124.0504,3658.7537500000003,7.9,54.81649,69.23389,right,/nethome/kshan9/scratch/src/sst-elements/src/sst/elements/cscore_sstelem/experiments/replica_count/logs/run_replica003_load060_right_bw07p90.out
3,60,124.06750000000001,3696.1525,6.96,54.822289999999995,69.2452,iter03,/nethome/kshan9/scratch/src/sst-elements/src/sst/elements/cscore_sstelem/experiments/replica_count/logs/run_replica003_load060_iter03_bw06p96.out
3,70,6.739167999999999,802.1401250000001,0.3,2.4003219999999996,4.338846,base,/nethome/kshan9/scratch/src/sst-elements/src/sst/elements/cscore_sstelem/experiments/replica_count/logs/run_replica003_load070_base_bw00p30.out
3,70,81.1814,880.347625,3.62,28.92298,52.25842,left,/nethome/kshan9/scratch/src/sst-elements/src/sst/elements/cscore_sstelem/experiments/replica_count/logs/run_replica003_load070_left_bw03p62.out
3,70,133.9722,950.2382499999999,5.97,47.735530000000004,86.23680000000002,iter00,/nethome/kshan9/scratch/src/sst-elements/src/sst/elements/cscore_sstelem/experiments/replica_count/logs/run_replica003_load070_iter00_bw05p97.out
3,70,147.1664,946.9872499999999,6.55,52.436840000000004,94.72959999999999,iter01,/nethome/kshan9/scratch/src/sst-elements/src/sst/elements/cscore_sstelem/experiments/replica_count/logs/run_replica003_load070_iter01_bw06p55.out
3,70,157.0561,954.9633749999999,7.0,55.962509999999995,101.09369999999998,iter02,/nethome/kshan9/scratch/src/sst-elements/src/sst/elements/cscore_sstelem/experiments/replica_count/logs/run_replica003_load070_iter02_bw07p00.out
3,70,158.91899999999998,957.875,7.08,56.62594,102.29309999999998,iter04,/nethome/kshan9/scratch/src/sst-elements/src/sst/elements/cscore_sstelem/experiments/replica_count/logs/run_replica003_load070_iter04_bw07p08.out
3,70,159.9554,961.695375,7.12,56.99582,102.9596,iter06,/nethome/kshan9/scratch/src/sst-elements/src/sst/elements/cscore_sstelem/experiments/replica_count/logs/run_replica003_load070_iter06_bw07p12.out
3,70,160.5397,962.5792499999999,7.15,57.20214000000001,103.33760000000001,iter08,/nethome/kshan9/scratch/src/sst-elements/src/sst/elements/cscore_sstelem/experiments/replica_count/logs/run_replica003_load070_iter08_bw07p15.out
3,70,160.64639999999997,962.9815,7.16,57.242090000000005,103.40440000000001,iter13,/nethome/kshan9/scratch/src/sst-elements/src/sst/elements/cscore_sstelem/experiments/replica_count/logs/run_replica003_load070_iter13_bw07p16.out
3,70,160.87949999999998,967.34225,7.17,57.32454,103.5548,iter10,/nethome/kshan9/scratch/src/sst-elements/src/sst/elements/cscore_sstelem/experiments/replica_count/logs/run_replica003_load070_iter10_bw07p17.out
3,70,160.95060000000004,984.3505,7.17,57.35138,103.5991,iter14,/nethome/kshan9/scratch/src/sst-elements/src/sst/elements/cscore_sstelem/experiments/replica_count/logs/run_replica003_load070_iter14_bw07p17.out
3,70,161.0572,1237.9775,7.17,57.387899999999995,103.6694,iter12,/nethome/kshan9/scratch/src/sst-elements/src/sst/elements/cscore_sstelem/experiments/replica_count/logs/run_replica003_load070_iter12_bw07p17.out
3,70,161.597,1763.70625,7.2,57.588649999999994,104.00849999999998,iter11,/nethome/kshan9/scratch/src/sst-elements/src/sst/elements/cscore_sstelem/experiments/replica_count/logs/run_replica003_load070_iter11_bw07p20.out
3,70,161.78949999999998,2487.48375,7.21,57.652249999999995,104.13730000000001,iter09,/nethome/kshan9/scratch/src/sst-elements/src/sst/elements/cscore_sstelem/experiments/replica_count/logs/run_replica003_load070_iter09_bw07p21.out
3,70,161.8511,3745.9075000000003,7.26,57.67600000000001,104.1751,iter05,/nethome/kshan9/scratch/src/sst-elements/src/sst/elements/cscore_sstelem/experiments/replica_count/logs/run_replica003_load070_iter05_bw07p26.out
3,70,161.91729999999998,3738.46125,7.33,57.69691999999999,104.2203,iter03,/nethome/kshan9/scratch/src/sst-elements/src/sst/elements/cscore_sstelem/experiments/replica_count/logs/run_replica003_load070_iter03_bw07p33.out
3,70,162.00250000000003,3248.9762499999997,7.23,57.725150000000006,104.2773,iter07,/nethome/kshan9/scratch/src/sst-elements/src/sst/elements/cscore_sstelem/experiments/replica_count/logs/run_replica003_load070_iter07_bw07p23.out
3,70,162.0376,3734.6675,8.32,57.73631999999999,104.30130000000001,right,/nethome/kshan9/scratch/src/sst-elements/src/sst/elements/cscore_sstelem/experiments/replica_count/logs/run_replica003_load070_right_bw08p32.out
3,80,8.786570000000001,802.12825,0.3,2.3919940000000004,6.394590000000001,base,/nethome/kshan9/scratch/src/sst-elements/src/sst/elements/cscore_sstelem/experiments/replica_count/logs/run_replica003_load080_base_bw00p30.out
3,80,101.37199999999999,884.995,3.46,27.64879,73.72316000000001,left,/nethome/kshan9/scratch/src/sst-elements/src/sst/elements/cscore_sstelem/experiments/replica_count/logs/run_replica003_load080_left_bw03p46.out
3,80,167.2717,967.0896250000001,5.7,45.61884,121.65290000000002,iter00,/nethome/kshan9/scratch/src/sst-elements/src/sst/elements/cscore_sstelem/experiments/replica_count/logs/run_replica003_load080_iter00_bw05p70.out
3,80,183.7462,992.2837499999999,6.26,50.11431,133.632,iter01,/nethome/kshan9/scratch/src/sst-elements/src/sst/elements/cscore_sstelem/experiments/replica_count/logs/run_replica003_load080_iter01_bw06p26.out
3,80,186.8304,995.2206249999999,6.37,50.95362,135.87699999999998,iter03,/nethome/kshan9/scratch/src/sst-elements/src/sst/elements/cscore_sstelem/experiments/replica_count/logs/run_replica003_load080_iter03_bw06p37.out
3,80,187.3481,994.2230000000001,6.39,51.094910000000006,136.25310000000002,iter08,/nethome/kshan9/scratch/src/sst-elements/src/sst/elements/cscore_sstelem/experiments/replica_count/logs/run_replica003_load080_iter08_bw06p39.out
3,80,187.7612,993.6067500000001,6.4,51.20936000000001,136.5515,iter10,/nethome/kshan9/scratch/src/sst-elements/src/sst/elements/cscore_sstelem/experiments/replica_count/logs/run_replica003_load080_iter10_bw06p40.out
3,80,188.4658,995.334625,6.43,51.399739999999994,137.066,iter14,/nethome/kshan9/scratch/src/sst-elements/src/sst/elements/cscore_sstelem/experiments/replica_count/logs/run_replica003_load080_iter14_bw06p43.out
3,80,188.56679999999997,996.418125,6.43,51.42689,137.13989999999998,iter05,/nethome/kshan9/scratch/src/sst-elements/src/sst/elements/cscore_sstelem/experiments/replica_count/logs/run_replica003_load080_iter05_bw06p43.out
3,80,188.68449999999999,998.282875,6.43,51.457969999999996,137.22639999999998,iter11,/nethome/kshan9/scratch/src/sst-elements/src/sst/elements/cscore_sstelem/experiments/replica_count/logs/run_replica003_load080_iter11_bw06p43.out
3,80,188.8603,1002.3122500000001,6.44,51.509260000000005,137.35080000000002,iter13,/nethome/kshan9/scratch/src/sst-elements/src/sst/elements/cscore_sstelem/experiments/replica_count/logs/run_replica003_load080_iter13_bw06p44.out
3,80,188.9909,1006.72875,6.44,51.54186,137.449,iter09,/nethome/kshan9/scratch/src/sst-elements/src/sst/elements/cscore_sstelem/experiments/replica_count/logs/run_replica003_load080_iter09_bw06p44.out
3,80,189.3802,1027.6312500000001,6.46,51.65074,137.7294,iter12,/nethome/kshan9/scratch/src/sst-elements/src/sst/elements/cscore_sstelem/experiments/replica_count/logs/run_replica003_load080_iter12_bw06p46.out
3,80,189.5414,1039.04625,6.46,51.69539,137.8459,iter07,/nethome/kshan9/scratch/src/sst-elements/src/sst/elements/cscore_sstelem/experiments/replica_count/logs/run_replica003_load080_iter07_bw06p46.out
3,80,192.4714,1334.76875,6.56,52.49472,139.9768,iter06,/nethome/kshan9/scratch/src/sst-elements/src/sst/elements/cscore_sstelem/experiments/replica_count/logs/run_replica003_load080_iter06_bw06p56.out
3,80,193.77689999999998,1536.9975000000002,6.61,52.849500000000006,140.9273,iter04,/nethome/kshan9/scratch/src/sst-elements/src/sst/elements/cscore_sstelem/experiments/replica_count/logs/run_replica003_load080_iter04_bw06p61.out
3,80,196.13460000000003,2077.8612500000004,6.69,53.482139999999994,142.6525,iter02,/nethome/kshan9/scratch/src/sst-elements/src/sst/elements/cscore_sstelem/experiments/replica_count/logs/run_replica003_load080_iter02_bw06p69.out
3,80,199.4669,4201.858749999999,7.95,54.39963,145.0673,right,/nethome/kshan9/scratch/src/sst-elements/src/sst/elements/cscore_sstelem/experiments/replica_count/logs/run_replica003_load080_right_bw07p95.out
3,90,12.56829,800.62625,0.3,2.4050340000000006,10.163240000000002,base,/nethome/kshan9/scratch/src/sst-elements/src/sst/elements/cscore_sstelem/experiments/replica_count/logs/run_replica003_load090_base_bw00p30.out
3,90,91.14110000000001,845.178375,2.18,17.409930000000003,73.73113,left,/nethome/kshan9/scratch/src/sst-elements/src/sst/elements/cscore_sstelem/experiments/replica_count/logs/run_replica003_load090_left_bw02p18.out
3,90,150.3742,947.0232499999998,3.59,28.72183,121.65239999999999,iter00,/nethome/kshan9/scratch/src/sst-elements/src/sst/elements/cscore_sstelem/experiments/replica_count/logs/run_replica003_load090_iter00_bw03p59.out
3,90,165.1879,981.286,3.94,31.55585,133.632,iter01,/nethome/kshan9/scratch/src/sst-elements/src/sst/elements/cscore_sstelem/experiments/replica_count/logs/run_replica003_load090_iter01_bw03p94.out
3,90,167.9626,993.8594999999999,4.01,32.08439,135.8781,iter03,/nethome/kshan9/scratch/src/sst-elements/src/sst/elements/cscore_sstelem/experiments/replica_count/logs/run_replica003_load090_iter03_bw04p01.out
3,90,168.42239999999998,992.8229999999998,4.02,32.168940000000006,136.2534,iter08,/nethome/kshan9/scratch/src/sst-elements/src/sst/elements/cscore_sstelem/experiments/replica_count/logs/run_replica003_load090_iter08_bw04p02.out
3,90,168.79410000000001,993.0976250000002,4.03,32.24074,136.55329999999998,iter10,/nethome/kshan9/scratch/src/sst-elements/src/sst/elements/cscore_sstelem/experiments/replica_count/logs/run_replica003_load090_iter10_bw04p03.out
3,90,169.43319999999997,994.8626249999999,4.05,32.366310000000006,137.06710000000004,iter14,/nethome/kshan9/scratch/src/sst-elements/src/sst/elements/cscore_sstelem/experiments/replica_count/logs/run_replica003_load090_iter14_bw04p05.out
3,90,169.51719999999997,996.102125,4.05,32.37991,137.1373,iter05,/nethome/kshan9/scratch/src/sst-elements/src/sst/elements/cscore_sstelem/experiments/replica_count/logs/run_replica003_load090_iter05_bw04p05.out
3,90,169.62850000000003,997.722125,4.05,32.40283000000001,137.2258,iter11,/nethome/kshan9/scratch/src/sst-elements/src/sst/elements/cscore_sstelem/experiments/replica_count/logs/run_replica003_load090_iter11_bw04p05.out
3,90,169.782,1002.18925,4.05,32.43035,137.3518,iter13,/nethome/kshan9/scratch/src/sst-elements/src/sst/elements/cscore_sstelem/experiments/replica_count/logs/run_replica003_load090_iter13_bw04p05.out
3,90,169.9029,1006.3175000000001,4.06,32.45461999999999,137.44809999999998,iter09,/nethome/kshan9/scratch/src/sst-elements/src/sst/elements/cscore_sstelem/experiments/replica_count/logs/run_replica003_load090_iter09_bw04p06.out
3,90,170.2496,1027.4924999999998,4.07,32.51999,137.7296,iter12,/nethome/kshan9/scratch/src/sst-elements/src/sst/elements/cscore_sstelem/experiments/replica_count/logs/run_replica003_load090_iter12_bw04p07.out
3,90,170.3972,1038.845,4.07,32.54969,137.8475,iter07,/nethome/kshan9/scratch/src/sst-elements/src/sst/elements/cscore_sstelem/experiments/replica_count/logs/run_replica003_load090_iter07_bw04p07.out
3,90,173.0295,1334.81,4.13,33.051480000000005,139.9779,iter06,/nethome/kshan9/scratch/src/sst-elements/src/sst/elements/cscore_sstelem/experiments/replica_count/logs/run_replica003_load090_iter06_bw04p13.out
3,90,174.2026,1528.8925,4.16,33.27516,140.9273,iter04,/nethome/kshan9/scratch/src/sst-elements/src/sst/elements/cscore_sstelem/experiments/replica_count/logs/run_replica003_load090_iter04_bw04p16.out
3,90,176.28220000000002,2279.5600000000004,4.21,33.67446,142.6078,iter02,/nethome/kshan9/scratch/src/sst-elements/src/sst/elements/cscore_sstelem/experiments/replica_count/logs/run_replica003_load090_iter02_bw04p21.out
3,90,180.12550000000002,6359.6025,5.0,34.40522,145.7201,right,/nethome/kshan9/scratch/src/sst-elements/src/sst/elements/cscore_sstelem/experiments/replica_count/logs/run_replica003_load090_right_bw05p00.out
3,100,21.60192,798.973375,0.3,2.400214,19.201719999999998,base,/nethome/kshan9/scratch/src/sst-elements/src/sst/elements/cscore_sstelem/experiments/replica_count/logs/run_replica003_load100_base_bw00p30.out
3,100,82.9451,812.2325,1.15,9.21614,73.72898999999998,left,/nethome/kshan9/scratch/src/sst-elements/src/sst/elements/cscore_sstelem/experiments/replica_count/logs/run_replica003_load100_left_bw01p15.out
3,100,136.855,816.8182499999999,1.9,15.206100000000001,121.64880000000002,iter00,/nethome/kshan9/scratch/src/sst-elements/src/sst/elements/cscore_sstelem/experiments/replica_count/logs/run_replica003_load100_iter00_bw01p90.out
3,100,150.34279999999998,818.996625,2.09,16.70435,133.6384,iter01,/nethome/kshan9/scratch/src/sst-elements/src/sst/elements/cscore_sstelem/experiments/replica_count/logs/run_replica003_load100_iter01_bw02p09.out
3,100,152.85180000000003,863.4393749999999,2.12,16.98511,135.86669999999998,iter03,/nethome/kshan9/scratch/src/sst-elements/src/sst/elements/cscore_sstelem/experiments/replica_count/logs/run_replica003_load100_iter03_bw02p12.out
3,100,153.2788,890.3094999999998,2.13,17.030970000000003,136.2477,iter08,/nethome/kshan9/scratch/src/sst-elements/src/sst/elements/cscore_sstelem/experiments/replica_count/logs/run_replica003_load100_iter08_bw02p13.out
3,100,154.27669999999998,967.0565,2.14,17.142190000000003,137.1344,iter05,/nethome/kshan9/scratch/src/sst-elements/src/sst/elements/cscore_sstelem/experiments/replica_count/logs/run_replica003_load100_iter05_bw02p14.out
3,100,154.31080000000003,969.85625,2.14,17.145989999999998,137.16490000000002,iter12,/nethome/kshan9/scratch/src/sst-elements/src/sst/elements/cscore_sstelem/experiments/replica_count/logs/run_replica003_load100_iter12_bw02p14.out
3,100,154.41459999999998,978.7379999999998,2.14,17.158040000000003,137.2567,iter14,/nethome/kshan9/scratch/src/sst-elements/src/sst/elements/cscore_sstelem/experiments/replica_count/logs/run_replica003_load100_iter14_bw02p14.out
3,100,154.6235,996.7221249999998,2.15,17.18193,137.4416,iter09,/nethome/kshan9/scratch/src/sst-elements/src/sst/elements/cscore_sstelem/experiments/replica_count/logs/run_replica003_load100_iter09_bw02p15.out
3,100,154.73540000000003,1006.595,2.15,17.194,137.54129999999998,iter13,/nethome/kshan9/scratch/src/sst-elements/src/sst/elements/cscore_sstelem/experiments/replica_count/logs/run_replica003_load100_iter13_bw02p15.out
3,100,154.88029999999998,1019.8424999999999,2.15,17.20975,137.6705,iter11,/nethome/kshan9/scratch/src/sst-elements/src/sst/elements/cscore_sstelem/experiments/replica_count/logs/run_replica003_load100_iter11_bw02p15.out
3,100,155.0785,1038.6100000000001,2.15,17.23126,137.8472,iter07,/nethome/kshan9/scratch/src/sst-elements/src/sst/elements/cscore_sstelem/experiments/replica_count/logs/run_replica003_load100_iter07_bw02p15.out
3,100,155.64119999999997,1095.77125,2.16,17.29363,138.3477,iter10,/nethome/kshan9/scratch/src/sst-elements/src/sst/elements/cscore_sstelem/experiments/replica_count/logs/run_replica003_load100_iter10_bw02p16.out
3,100,157.47629999999998,1334.81,2.19,17.49813,139.9783,iter06,/nethome/kshan9/scratch/src/sst-elements/src/sst/elements/cscore_sstelem/experiments/replica_count/logs/run_replica003_load100_iter06_bw02p19.out
3,100,158.544,1528.95,2.2,17.616799999999998,140.9273,iter04,/nethome/kshan9/scratch/src/sst-elements/src/sst/elements/cscore_sstelem/experiments/replica_count/logs/run_replica003_load100_iter04_bw02p20.out
3,100,160.44060000000002,2061.835,2.23,17.82723,142.6135,iter02,/nethome/kshan9/scratch/src/sst-elements/src/sst/elements/cscore_sstelem/experiments/replica_count/logs/run_replica003_load100_iter02_bw02p23.out
3,100,165.0504,13420.5,2.65,18.33904,146.7112,right,/nethome/kshan9/scratch/src/sst-elements/src/sst/elements/cscore_sstelem/experiments/replica_count/logs/run_replica003_load100_right_bw02p65.out
4,0,2.4014379999999997,802.247375,0.3,2.4014379999999997,0.0,base,/nethome/kshan9/scratch/src/sst-elements/src/sst/elements/cscore_sstelem/experiments/replica_count/logs/run_replica004_load000_base_bw00p30.out
4,0,24.579819999999998,847.8725000000001,3.07,24.579819999999998,0.0,left,/nethome/kshan9/scratch/src/sst-elements/src/sst/elements/cscore_sstelem/experiments/replica_count/logs/run_replica004_load000_left_bw03p07.out
4,0,40.55044,869.4819999999999,5.07,40.55044,0.0,iter00,/nethome/kshan9/scratch/src/sst-elements/src/sst/elements/cscore_sstelem/experiments/replica_count/logs/run_replica004_load000_iter00_bw05p07.out
4,0,44.54021,856.2138750000001,5.57,44.54021,0.0,iter01,/nethome/kshan9/scratch/src/sst-elements/src/sst/elements/cscore_sstelem/experiments/replica_count/logs/run_replica004_load000_iter01_bw05p57.out
4,0,47.5392,951.661,5.94,47.5392,0.0,iter02,/nethome/kshan9/scratch/src/sst-elements/src/sst/elements/cscore_sstelem/experiments/replica_count/logs/run_replica004_load000_iter02_bw05p94.out
4,0,48.1008,940.5379999999998,6.01,48.1008,0.0,iter04,/nethome/kshan9/scratch/src/sst-elements/src/sst/elements/cscore_sstelem/experiments/replica_count/logs/run_replica004_load000_iter04_bw06p01.out
4,0,48.41672,934.394,6.05,48.41672,0.0,iter06,/nethome/kshan9/scratch/src/sst-elements/src/sst/elements/cscore_sstelem/experiments/replica_count/logs/run_replica004_load000_iter06_bw06p05.out
4,0,48.5944,930.9750000000001,6.07,48.5944,0.0,iter08,/nethome/kshan9/scratch/src/sst-elements/src/sst/elements/cscore_sstelem/experiments/replica_count/logs/run_replica004_load000_iter08_bw06p07.out
4,0,48.69432,929.0630000000001,6.09,48.69432,0.0,iter10,/nethome/kshan9/scratch/src/sst-elements/src/sst/elements/cscore_sstelem/experiments/replica_count/logs/run_replica004_load000_iter10_bw06p09.out
4,0,48.75056,927.989,6.09,48.75056,0.0,iter12,/nethome/kshan9/scratch/src/sst-elements/src/sst/elements/cscore_sstelem/experiments/replica_count/logs/run_replica004_load000_iter12_bw06p09.out
4,0,48.78215999999999,927.388,6.1,48.78215999999999,0.0,iter14,/nethome/kshan9/scratch/src/sst-elements/src/sst/elements/cscore_sstelem/experiments/replica_count/logs/run_replica004_load000_iter14_bw06p10.out
4,0,48.88183,1121.79875,6.11,48.88183,0.0,iter13,/nethome/kshan9/scratch/src/sst-elements/src/sst/elements/cscore_sstelem/experiments/replica_count/logs/run_replica004_load000_iter13_bw06p11.out
4,0,48.92107,1330.72625,6.11,48.92107,0.0,iter11,/nethome/kshan9/scratch/src/sst-elements/src/sst/elements/cscore_sstelem/experiments/replica_count/logs/run_replica004_load000_iter11_bw06p11.out
4,0,48.99380000000001,1936.015,6.12,48.99380000000001,0.0,iter09,/nethome/kshan9/scratch/src/sst-elements/src/sst/elements/cscore_sstelem/experiments/replica_count/logs/run_replica004_load000_iter09_bw06p12.out
4,0,49.07238,4050.69,6.14,49.07238,0.0,iter07,/nethome/kshan9/scratch/src/sst-elements/src/sst/elements/cscore_sstelem/experiments/replica_count/logs/run_replica004_load000_iter07_bw06p14.out
4,0,49.077,4298.0225,6.22,49.077,0.0,iter03,/nethome/kshan9/scratch/src/sst-elements/src/sst/elements/cscore_sstelem/experiments/replica_count/logs/run_replica004_load000_iter03_bw06p22.out
4,0,49.07792,4299.005,7.07,49.07792,0.0,right,/nethome/kshan9/scratch/src/sst-elements/src/sst/elements/cscore_sstelem/experiments/replica_count/logs/run_replica004_load000_right_bw07p07.out
4,0,49.08406,4305.1375,6.17,49.08406,0.0,iter05,/nethome/kshan9/scratch/src/sst-elements/src/sst/elements/cscore_sstelem/experiments/replica_count/logs/run_replica004_load000_iter05_bw06p17.out
4,10,2.657876,804.4694999999999,0.3,2.3985719999999997,0.2593053,base,/nethome/kshan9/scratch/src/sst-elements/src/sst/elements/cscore_sstelem/experiments/replica_count/logs/run_replica004_load010_base_bw00p30.out
4,10,27.55699,847.4622499999999,3.1,24.834609999999998,2.722375,left,/nethome/kshan9/scratch/src/sst-elements/src/sst/elements/cscore_sstelem/experiments/replica_count/logs/run_replica004_load010_left_bw03p10.out
4,10,45.45782,872.5044999999999,5.12,40.97094,4.486886,iter00,/nethome/kshan9/scratch/src/sst-elements/src/sst/elements/cscore_sstelem/experiments/replica_count/logs/run_replica004_load010_iter00_bw05p12.out
4,10,49.936769999999996,849.4965000000001,5.63,45.00379,4.932957,iter01,/nethome/kshan9/scratch/src/sst-elements/src/sst/elements/cscore_sstelem/experiments/replica_count/logs/run_replica004_load010_iter01_bw05p63.out
4,10,53.290079999999996,954.9689999999999,6.0,48.03336000000001,5.256712,iter02,/nethome/kshan9/scratch/src/sst-elements/src/sst/elements/cscore_sstelem/experiments/replica_count/logs/run_replica004_load010_iter02_bw06p00.out
4,10,53.919679999999985,943.8070000000001,6.08,48.600880000000004,5.318815999999999,iter04,/nethome/kshan9/scratch/src/sst-elements/src/sst/elements/cscore_sstelem/experiments/replica_count/logs/run_replica004_load010_iter04_bw06p08.out
4,10,54.273759999999996,937.6419999999998,6.11,48.92007999999999,5.353752,iter06,/nethome/kshan9/scratch/src/sst-elements/src/sst/elements/cscore_sstelem/experiments/replica_count/logs/run_replica004_load010_iter06_bw06p11.out
4,10,54.47303999999998,934.21,6.14,49.09967999999999,5.3734079999999995,iter08,/nethome/kshan9/scratch/src/sst-elements/src/sst/elements/cscore_sstelem/experiments/replica_count/logs/run_replica004_load010_iter08_bw06p14.out
4,10,54.58519999999999,932.29,6.15,49.20072,5.384464,iter10,/nethome/kshan9/scratch/src/sst-elements/src/sst/elements/cscore_sstelem/experiments/replica_count/logs/run_replica004_load010_iter10_bw06p15.out
4,10,54.648239999999994,931.215,6.16,49.2576,5.390687999999999,iter12,/nethome/kshan9/scratch/src/sst-elements/src/sst/elements/cscore_sstelem/experiments/replica_count/logs/run_replica004_load010_iter12_bw06p16.out
4,10,54.683679999999995,930.612,6.16,49.289519999999996,5.394184000000001,iter14,/nethome/kshan9/scratch/src/sst-elements/src/sst/elements/cscore_sstelem/experiments/replica_count/logs/run_replica004_load010_iter14_bw06p16.out
4,10,54.79989,1123.8737499999997,6.17,49.39018,5.409732,iter13,/nethome/kshan9/scratch/src/sst-elements/src/sst/elements/cscore_sstelem/experiments/replica_count/logs/run_replica004_load010_iter13_bw06p17.out
4,10,54.84604999999999,1345.65125,6.18,49.42846,5.417597999999999,iter11,/nethome/kshan9/scratch/src/sst-elements/src/sst/elements/cscore_sstelem/experiments/replica_count/logs/run_replica004_load010_iter11_bw06p18.out
4,10,54.92727,1918.71875,6.19,49.50253,5.4247369999999995,iter09,/nethome/kshan9/scratch/src/sst-elements/src/sst/elements/cscore_sstelem/experiments/replica_count/logs/run_replica004_load010_iter09_bw06p19.out
4,10,55.01416,3509.8787500000003,6.2,49.58082999999999,5.433338,iter07,/nethome/kshan9/scratch/src/sst-elements/src/sst/elements/cscore_sstelem/experiments/replica_count/logs/run_replica004_load010_iter07_bw06p20.out
4,10,55.03034,4012.33125,6.23,49.59456,5.435776999999999,iter05,/nethome/kshan9/scratch/src/sst-elements/src/sst/elements/cscore_sstelem/experiments/replica_count/logs/run_replica004_load010_iter05_bw06p23.out
4,10,55.03463,4008.4187500000003,7.14,49.599340000000005,5.435288,right,/nethome/kshan9/scratch/src/sst-elements/src/sst/elements/cscore_sstelem/experiments/replica_count/logs/run_replica004_load010_right_bw07p14.out
4,10,55.03964,4008.32,6.29,49.60313000000001,5.436518,iter03,/nethome/kshan9/scratch/src/sst-elements/src/sst/elements/cscore_sstelem/experiments/replica_count/logs/run_replica004_load010_iter03_bw06p29.out
4,20,2.9865049999999997,800.1867500000001,0.3,2.403774,0.5827329,base,/nethome/kshan9/scratch/src/sst-elements/src/sst/elements/cscore_sstelem/experiments/replica_count/logs/run_replica004_load020_base_bw00p30.out
4,20,31.249000000000002,849.501,3.14,25.148739999999997,6.100278,left,/nethome/kshan9/scratch/src/sst-elements/src/sst/elements/cscore_sstelem/experiments/replica_count/logs/run_replica004_load020_left_bw03p14.out
4,20,51.56223999999999,876.2870000000001,5.19,41.492799999999995,10.06944,iter00,/nethome/kshan9/scratch/src/sst-elements/src/sst/elements/cscore_sstelem/experiments/replica_count/logs/run_replica004_load020_iter00_bw05p19.out
4,20,56.63459,840.7038749999999,5.7,45.5806,11.05398,iter01,/nethome/kshan9/scratch/src/sst-elements/src/sst/elements/cscore_sstelem/experiments/replica_count/logs/run_replica004_load020_iter01_bw05p70.out
4,20,60.43927,958.813125,6.08,48.644639999999995,11.7946,iter02,/nethome/kshan9/scratch/src/sst-elements/src/sst/elements/cscore_sstelem/experiments/replica_count/logs/run_replica004_load020_iter02_bw06p08.out
4,20,61.15872000000001,947.8889999999998,6.15,49.22024,11.93848,iter04,/nethome/kshan9/scratch/src/sst-elements/src/sst/elements/cscore_sstelem/experiments/replica_count/logs/run_replica004_load020_iter04_bw06p15.out
4,20,61.56040000000001,941.6970000000001,6.19,49.54352,12.01688,iter06,/nethome/kshan9/scratch/src/sst-elements/src/sst/elements/cscore_sstelem/experiments/replica_count/logs/run_replica004_load020_iter06_bw06p19.out
4,20,61.78624000000001,938.2520000000002,6.22,49.72528,12.060959999999998,iter08,/nethome/kshan9/scratch/src/sst-elements/src/sst/elements/cscore_sstelem/experiments/replica_count/logs/run_replica004_load020_iter08_bw06p22.out
4,20,61.91327999999999,936.3240000000001,6.23,49.82752,12.08576,iter10,/nethome/kshan9/scratch/src/sst-elements/src/sst/elements/cscore_sstelem/experiments/replica_count/logs/run_replica004_load020_iter10_bw06p23.out
4,20,61.9848,935.2429999999998,6.24,49.88504,12.09968,iter12,/nethome/kshan9/scratch/src/sst-elements/src/sst/elements/cscore_sstelem/experiments/replica_count/logs/run_replica004_load020_iter12_bw06p24.out
4,20,62.02496000000001,934.637,6.24,49.91736,12.107519999999997,iter14,/nethome/kshan9/scratch/src/sst-elements/src/sst/elements/cscore_sstelem/experiments/replica_count/logs/run_replica004_load020_iter14_bw06p24.out
4,20,62.142300000000006,1125.6750000000002,6.25,50.02043,12.12186,iter13,/nethome/kshan9/scratch/src/sst-elements/src/sst/elements/cscore_sstelem/experiments/replica_count/logs/run_replica004_load020_iter13_bw06p25.out
4,20,62.19298,1357.05125,6.26,50.058879999999995,12.1341,iter11,/nethome/kshan9/scratch/src/sst-elements/src/sst/elements/cscore_sstelem/experiments/replica_count/logs/run_replica004_load020_iter11_bw06p26.out
4,20,62.29619,1908.59,6.27,50.1398,12.15639,iter09,/nethome/kshan9/scratch/src/sst-elements/src/sst/elements/cscore_sstelem/experiments/replica_count/logs/run_replica004_load020_iter09_bw06p27.out
4,20,62.311409999999995,3905.5875,6.31,50.1531,12.15831,iter05,/nethome/kshan9/scratch/src/sst-elements/src/sst/elements/cscore_sstelem/experiments/replica_count/logs/run_replica004_load020_iter05_bw06p31.out
4,20,62.376810000000006,3930.01625,6.37,50.20545,12.171370000000001,iter03,/nethome/kshan9/scratch/src/sst-elements/src/sst/elements/cscore_sstelem/experiments/replica_count/logs/run_replica004_load020_iter03_bw06p37.out
4,20,62.382560000000005,3930.005,7.23,50.2088,12.17377,right,/nethome/kshan9/scratch/src/sst-elements/src/sst/elements/cscore_sstelem/experiments/replica_count/logs/run_replica004_load020_right_bw07p23.out
4,20,62.40873,3345.83125,6.28,50.23372,12.175020000000002,iter07,/nethome/kshan9/scratch/src/sst-elements/src/sst/elements/cscore_sstelem/experiments/replica_count/logs/run_replica004_load020_iter07_bw06p28.out
4,30,3.383952,801.3965000000001,0.3,2.4039859999999997,0.9799690000000001,base,/nethome/kshan9/scratch/src/sst-elements/src/sst/elements/cscore_sstelem/experiments/replica_count/logs/run_replica004_load030_base_bw00p30.out
4,30,35.94121,850.7458750000002,3.19,25.55089,10.3903,left,/nethome/kshan9/scratch/src/sst-elements/src/sst/elements/cscore_sstelem/experiments/replica_count/logs/run_replica004_load030_left_bw03p19.out
4,30,59.3028,881.0779999999997,5.27,42.15768,17.145119999999995,iter00,/nethome/kshan9/scratch/src/sst-elements/src/sst/elements/cscore_sstelem/experiments/replica_count/logs/run_replica004_load030_iter00_bw05p27.out
4,30,65.14941999999999,861.883,5.79,46.30879999999999,18.840619999999998,iter01,/nethome/kshan9/scratch/src/sst-elements/src/sst/elements/cscore_sstelem/experiments/replica_count/logs/run_replica004_load030_iter01_bw05p79.out
4,30,69.52750999999999,962.2112500000001,6.18,49.42264000000001,20.10487,iter02,/nethome/kshan9/scratch/src/sst-elements/src/sst/elements/cscore_sstelem/experiments/replica_count/logs/run_replica004_load030_iter02_bw06p18.out
4,30,70.35416,953.1480000000001,6.25,50.00832,20.34584,iter04,/nethome/kshan9/scratch/src/sst-elements/src/sst/elements/cscore_sstelem/experiments/replica_count/logs/run_replica004_load030_iter04_bw06p25.out
4,30,70.81616,946.9237499999999,6.29,50.3367,20.47946,iter06,/nethome/kshan9/scratch/src/sst-elements/src/sst/elements/cscore_sstelem/experiments/replica_count/logs/run_replica004_load030_iter06_bw06p29.out
4,30,71.07593,943.459125,6.32,50.52136,20.554570000000002,iter08,/nethome/kshan9/scratch/src/sst-elements/src/sst/elements/cscore_sstelem/experiments/replica_count/logs/run_replica004_load030_iter08_bw06p32.out
4,30,71.22224,941.521,6.33,50.62536,20.59688,iter10,/nethome/kshan9/scratch/src/sst-elements/src/sst/elements/cscore_sstelem/experiments/replica_count/logs/run_replica004_load030_iter10_bw06p33.out
4,30,71.3044,940.436,6.34,50.68376,20.620640000000005,iter12,/nethome/kshan9/scratch/src/sst-elements/src/sst/elements/cscore_sstelem/experiments/replica_count/logs/run_replica004_load030_iter12_bw06p34.out
4,30,71.35063,939.8260000000002,6.34,50.71656,20.634010000000004,iter14,/nethome/kshan9/scratch/src/sst-elements/src/sst/elements/cscore_sstelem/experiments/replica_count/logs/run_replica004_load030_iter14_bw06p34.out
4,30,71.48405,1172.7162500000002,6.35,50.81219,20.671850000000003,iter13,/nethome/kshan9/scratch/src/sst-elements/src/sst/elements/cscore_sstelem/experiments/replica_count/logs/run_replica004_load030_iter13_bw06p35.out
4,30,71.54068000000001,1341.9875,6.36,50.85589,20.684790000000003,iter11,/nethome/kshan9/scratch/src/sst-elements/src/sst/elements/cscore_sstelem/experiments/replica_count/logs/run_replica004_load030_iter11_bw06p36.out
4,30,71.65627999999998,1909.97875,6.37,50.93777,20.718519999999998,iter09,/nethome/kshan9/scratch/src/sst-elements/src/sst/elements/cscore_sstelem/experiments/replica_count/logs/run_replica004_load030_iter09_bw06p37.out
4,30,71.72491,3915.005,6.42,50.98527,20.73964,iter05,/nethome/kshan9/scratch/src/sst-elements/src/sst/elements/cscore_sstelem/experiments/replica_count/logs/run_replica004_load030_iter05_bw06p42.out
4,30,71.76655000000001,3922.54,7.35,51.01404,20.75249,right,/nethome/kshan9/scratch/src/sst-elements/src/sst/elements/cscore_sstelem/experiments/replica_count/logs/run_replica004_load030_right_bw07p35.out
4,30,71.80082,3261.6675,6.38,51.036280000000005,20.76452,iter07,/nethome/kshan9/scratch/src/sst-elements/src/sst/elements/cscore_sstelem/experiments/replica_count/logs/run_replica004_load030_iter07_bw06p38.out
4,30,71.81707999999999,3916.6762500000004,6.47,51.05213,20.764960000000002,iter03,/nethome/kshan9/scratch/src/sst-elements/src/sst/elements/cscore_sstelem/experiments/replica_count/logs/run_replica004_load030_iter03_bw06p47.out
4,40,3.883606,801.7708749999999,0.3,2.404776,1.478828,base,/nethome/kshan9/scratch/src/sst-elements/src/sst/elements/cscore_sstelem/experiments/replica_count/logs/run_replica004_load040_base_bw00p30.out
4,40,42.12848,849.4892499999999,3.26,26.08115,16.04728,left,/nethome/kshan9/scratch/src/sst-elements/src/sst/elements/cscore_sstelem/experiments/replica_count/logs/run_replica004_load040_left_bw03p26.out
4,40,69.51423999999999,887.622,5.38,43.03528,26.47896,iter00,/nethome/kshan9/scratch/src/sst-elements/src/sst/elements/cscore_sstelem/experiments/replica_count/logs/run_replica004_load040_iter00_bw05p38.out
4,40,76.36088000000001,864.3601250000002,5.91,47.27169000000001,29.089170000000003,iter01,/nethome/kshan9/scratch/src/sst-elements/src/sst/elements/cscore_sstelem/experiments/replica_count/logs/run_replica004_load040_iter01_bw05p91.out
4,40,81.4995,962.954375,6.31,50.45100000000001,31.04861,iter02,/nethome/kshan9/scratch/src/sst-elements/src/sst/elements/cscore_sstelem/experiments/replica_count/logs/run_replica004_load040_iter02_bw06p31.out
4,40,82.4627,959.3069999999998,6.38,51.04718,31.41546,iter04,/nethome/kshan9/scratch/src/sst-elements/src/sst/elements/cscore_sstelem/experiments/replica_count/logs/run_replica004_load040_iter04_bw06p38.out
4,40,83.005,953.8820000000002,6.42,51.38072,31.624340000000004,iter06,/nethome/kshan9/scratch/src/sst-elements/src/sst/elements/cscore_sstelem/experiments/replica_count/logs/run_replica004_load040_iter06_bw06p42.out
4,40,83.312,950.3900000000001,6.45,51.5688,31.743600000000008,iter08,/nethome/kshan9/scratch/src/sst-elements/src/sst/elements/cscore_sstelem/experiments/replica_count/logs/run_replica004_load040_iter08_bw06p45.out
4,40,83.484,948.4380000000001,6.46,51.6748,31.808879999999995,iter10,/nethome/kshan9/scratch/src/sst-elements/src/sst/elements/cscore_sstelem/experiments/replica_count/logs/run_replica004_load040_iter10_bw06p46.out
4,40,83.58,947.3429999999998,6.47,51.734480000000005,31.845599999999997,iter12,/nethome/kshan9/scratch/src/sst-elements/src/sst/elements/cscore_sstelem/experiments/replica_count/logs/run_replica004_load040_iter12_bw06p47.out
4,40,83.63440000000001,946.7280000000001,6.47,51.768000000000015,31.86624,iter14,/nethome/kshan9/scratch/src/sst-elements/src/sst/elements/cscore_sstelem/experiments/replica_count/logs/run_replica004_load040_iter14_bw06p47.out
4,40,83.7836,1216.3762499999998,6.48,51.86899,31.914530000000003,iter13,/nethome/kshan9/scratch/src/sst-elements/src/sst/elements/cscore_sstelem/experiments/replica_count/logs/run_replica004_load040_iter13_bw06p48.out
4,40,83.8576,1336.22625,6.49,51.91154,31.946,iter11,/nethome/kshan9/scratch/src/sst-elements/src/sst/elements/cscore_sstelem/experiments/replica_count/logs/run_replica004_load040_iter11_bw06p49.out
4,40,83.98400000000001,1921.93875,6.5,51.994460000000004,31.989539999999998,iter09,/nethome/kshan9/scratch/src/sst-elements/src/sst/elements/cscore_sstelem/experiments/replica_count/logs/run_replica004_load040_iter09_bw06p50.out
4,40,84.04589999999999,3885.645,6.55,52.028380000000006,32.017489999999995,iter05,/nethome/kshan9/scratch/src/sst-elements/src/sst/elements/cscore_sstelem/experiments/replica_count/logs/run_replica004_load040_iter05_bw06p55.out
4,40,84.0916,3850.1724999999997,7.5,52.057,32.03452,right,/nethome/kshan9/scratch/src/sst-elements/src/sst/elements/cscore_sstelem/experiments/replica_count/logs/run_replica004_load040_right_bw07p50.out
4,40,84.09790000000001,3924.5699999999997,6.6,52.061099999999996,32.03688,iter03,/nethome/kshan9/scratch/src/sst-elements/src/sst/elements/cscore_sstelem/experiments/replica_count/logs/run_replica004_load040_iter03_bw06p60.out
4,40,84.1431,3240.52,6.52,52.09161,32.05154,iter07,/nethome/kshan9/scratch/src/sst-elements/src/sst/elements/cscore_sstelem/experiments/replica_count/logs/run_replica004_load040_iter07_bw06p52.out
4,50,4.538983,800.7727500000001,0.3,2.4070480000000005,2.131935,base,/nethome/kshan9/scratch/src/sst-elements/src/sst/elements/cscore_sstelem/experiments/replica_count/logs/run_replica004_load050_base_bw00p30.out
4,50,50.641470000000005,853.924125,3.35,26.81019,23.831279999999996,left,/nethome/kshan9/scratch/src/sst-elements/src/sst/elements/cscore_sstelem/experiments/replica_count/logs/run_replica004_load050_left_bw03p35.out
4,50,83.5584,896.685,5.53,44.23680000000001,39.3216,iter00,/nethome/kshan9/scratch/src/sst-elements/src/sst/elements/cscore_sstelem/experiments/replica_count/logs/run_replica004_load050_iter00_bw05p53.out
4,50,91.788,816.2029999999997,6.07,48.593439999999994,43.194160000000004,iter01,/nethome/kshan9/scratch/src/sst-elements/src/sst/elements/cscore_sstelem/experiments/replica_count/logs/run_replica004_load050_iter01_bw06p07.out
4,50,97.9586,923.1196250000002,6.48,51.859500000000004,46.09901000000001,iter02,/nethome/kshan9/scratch/src/sst-elements/src/sst/elements/cscore_sstelem/experiments/replica_count/logs/run_replica004_load050_iter02_bw06p48.out
4,50,99.11680000000001,965.975375,6.56,52.473609999999994,46.64322,iter04,/nethome/kshan9/scratch/src/sst-elements/src/sst/elements/cscore_sstelem/experiments/replica_count/logs/run_replica004_load050_iter04_bw06p56.out
4,50,99.76500000000001,961.264,6.6,52.81664000000001,46.948100000000004,iter06,/nethome/kshan9/scratch/src/sst-elements/src/sst/elements/cscore_sstelem/experiments/replica_count/logs/run_replica004_load050_iter06_bw06p60.out
4,50,100.131,960.0984999999998,6.63,53.00986,47.121480000000005,iter08,/nethome/kshan9/scratch/src/sst-elements/src/sst/elements/cscore_sstelem/experiments/replica_count/logs/run_replica004_load050_iter08_bw06p63.out
4,50,100.34000000000002,958.1259999999999,6.64,53.12104,47.218720000000005,iter10,/nethome/kshan9/scratch/src/sst-elements/src/sst/elements/cscore_sstelem/experiments/replica_count/logs/run_replica004_load050_iter10_bw06p64.out
4,50,100.456,957.02,6.65,53.18248,47.27328,iter12,/nethome/kshan9/scratch/src/sst-elements/src/sst/elements/cscore_sstelem/experiments/replica_count/logs/run_replica004_load050_iter12_bw06p65.out
4,50,100.5208,956.4010000000001,6.65,53.21688,47.30392,iter14,/nethome/kshan9/scratch/src/sst-elements/src/sst/elements/cscore_sstelem/experiments/replica_count/logs/run_replica004_load050_iter14_bw06p65.out
4,50,100.71619999999999,1132.725,6.67,53.32043,47.39585,iter13,/nethome/kshan9/scratch/src/sst-elements/src/sst/elements/cscore_sstelem/experiments/replica_count/logs/run_replica004_load050_iter13_bw06p67.out
4,50,100.80189999999999,1331.0675,6.67,53.36635,47.43563,iter11,/nethome/kshan9/scratch/src/sst-elements/src/sst/elements/cscore_sstelem/experiments/replica_count/logs/run_replica004_load050_iter11_bw06p67.out
4,50,100.9388,1918.7200000000003,6.68,53.44817,47.49069,iter09,/nethome/kshan9/scratch/src/sst-elements/src/sst/elements/cscore_sstelem/experiments/replica_count/logs/run_replica004_load050_iter09_bw06p68.out
4,50,101.1044,3607.955,6.7,53.524800000000006,47.57961,iter07,/nethome/kshan9/scratch/src/sst-elements/src/sst/elements/cscore_sstelem/experiments/replica_count/logs/run_replica004_load050_iter07_bw06p70.out
4,50,101.10719999999999,3927.4400000000005,6.73,53.52694999999999,47.58023,iter05,/nethome/kshan9/scratch/src/sst-elements/src/sst/elements/cscore_sstelem/experiments/replica_count/logs/run_replica004_load050_iter05_bw06p73.out
4,50,101.11959999999999,3933.01875,7.71,53.53412999999999,47.58545,right,/nethome/kshan9/scratch/src/sst-elements/src/sst/elements/cscore_sstelem/experiments/replica_count/logs/run_replica004_load050_right_bw07p71.out
4,50,101.1443,3932.1637499999997,6.79,53.54684,47.59753,iter03,/nethome/kshan9/scratch/src/sst-elements/src/sst/elements/cscore_sstelem/experiments/replica_count/logs/run_replica004_load050_iter03_bw06p79.out
4,60,5.433465,802.9373750000001,0.3,2.3998540000000004,3.033613,base,/nethome/kshan9/scratch/src/sst-elements/src/sst/elements/cscore_sstelem/experiments/replica_count/logs/run_replica004_load060_base_bw00p30.out
4,60,63.08384,861.8756250000001,3.48,27.87406,35.20979,left,/nethome/kshan9/scratch/src/sst-elements/src/sst/elements/cscore_sstelem/experiments/replica_count/logs/run_replica004_load060_left_bw03p48.out
4,60,104.1039,910.3,5.75,45.997600000000006,58.106249999999996,iter00,/nethome/kshan9/scratch/src/sst-elements/src/sst/elements/cscore_sstelem/experiments/replica_count/logs/run_replica004_load060_iter00_bw05p75.out
4,60,114.35170000000001,903.2398749999999,6.32,50.52465000000001,63.82703,iter01,/nethome/kshan9/scratch/src/sst-elements/src/sst/elements/cscore_sstelem/experiments/replica_count/logs/run_replica004_load060_iter01_bw06p32.out
4,60,122.047,942.387,6.74,53.928369999999994,68.11868000000001,iter02,/nethome/kshan9/scratch/src/sst-elements/src/sst/elements/cscore_sstelem/experiments/replica_count/logs/run_replica004_load060_iter02_bw06p74.out
4,60,123.4737,951.549,6.82,54.55592999999999,68.9176,iter04,/nethome/kshan9/scratch/src/sst-elements/src/sst/elements/cscore_sstelem/experiments/replica_count/logs/run_replica004_load060_iter04_bw06p82.out
4,60,124.2918,962.664875,6.87,54.91944,69.37235,iter06,/nethome/kshan9/scratch/src/sst-elements/src/sst/elements/cscore_sstelem/experiments/replica_count/logs/run_replica004_load060_iter06_bw06p87.out
4,60,124.7495,971.0007499999999,6.89,55.12106000000001,69.62858999999999,iter08,/nethome/kshan9/scratch/src/sst-elements/src/sst/elements/cscore_sstelem/experiments/replica_count/logs/run_replica004_load060_iter08_bw06p89.out
4,60,125.0071,969.9526250000001,6.9,55.235850000000006,69.77120000000001,iter10,/nethome/kshan9/scratch/src/sst-elements/src/sst/elements/cscore_sstelem/experiments/replica_count/logs/run_replica004_load060_iter10_bw06p90.out
4,60,125.1499,969.648,6.91,55.29927,69.85081000000001,iter12,/nethome/kshan9/scratch/src/sst-elements/src/sst/elements/cscore_sstelem/experiments/replica_count/logs/run_replica004_load060_iter12_bw06p91.out
4,60,125.22989999999999,969.0142500000001,6.92,55.33342,69.8964,iter14,/nethome/kshan9/scratch/src/sst-elements/src/sst/elements/cscore_sstelem/experiments/replica_count/logs/run_replica004_load060_iter14_bw06p92.out
4,60,125.4745,1183.9650000000001,6.93,55.442679999999996,70.03178,iter13,/nethome/kshan9/scratch/src/sst-elements/src/sst/elements/cscore_sstelem/experiments/replica_count/logs/run_replica004_load060_iter13_bw06p93.out
4,60,125.5783,1330.13125,6.94,55.489790000000006,70.08860000000001,iter11,/nethome/kshan9/scratch/src/sst-elements/src/sst/elements/cscore_sstelem/experiments/replica_count/logs/run_replica004_load060_iter11_bw06p94.out
4,60,125.77900000000001,1920.8225,6.95,55.57537,70.20362,iter09,/nethome/kshan9/scratch/src/sst-elements/src/sst/elements/cscore_sstelem/experiments/replica_count/logs/run_replica004_load060_iter09_bw06p95.out
4,60,125.89370000000001,3610.58875,7.0,55.62700000000001,70.26661,iter05,/nethome/kshan9/scratch/src/sst-elements/src/sst/elements/cscore_sstelem/experiments/replica_count/logs/run_replica004_load060_iter05_bw07p00.out
4,60,125.90559999999999,3244.6149999999993,6.97,55.636849999999995,70.26867,iter07,/nethome/kshan9/scratch/src/sst-elements/src/sst/elements/cscore_sstelem/experiments/replica_count/logs/run_replica004_load060_iter07_bw06p97.out
4,60,125.9769,3618.0912500000004,8.01,55.66471,70.31218,right,/nethome/kshan9/scratch/src/sst-elements/src/sst/elements/cscore_sstelem/experiments/replica_count/logs/run_replica004_load060_right_bw08p01.out
4,60,125.98120000000002,3616.5475,7.06,55.66716,70.31389999999999,iter03,/nethome/kshan9/scratch/src/sst-elements/src/sst/elements/cscore_sstelem/experiments/replica_count/logs/run_replica004_load060_iter03_bw07p06.out
4,70,6.727029999999999,801.505875,0.3,2.394327,4.332703,base,/nethome/kshan9/scratch/src/sst-elements/src/sst/elements/cscore_sstelem/experiments/replica_count/logs/run_replica004_load070_base_bw00p30.out
4,70,83.0212,870.5292500000002,3.7,29.578549999999996,53.44269,left,/nethome/kshan9/scratch/src/sst-elements/src/sst/elements/cscore_sstelem/experiments/replica_count/logs/run_replica004_load070_left_bw03p70.out
4,70,137.0069,932.9618750000001,6.1,48.81796000000001,88.189,iter00,/nethome/kshan9/scratch/src/sst-elements/src/sst/elements/cscore_sstelem/experiments/replica_count/logs/run_replica004_load070_iter00_bw06p10.out
4,70,150.49740000000003,930.706375,6.7,53.62635999999999,96.871,iter01,/nethome/kshan9/scratch/src/sst-elements/src/sst/elements/cscore_sstelem/experiments/replica_count/logs/run_replica004_load070_iter01_bw06p70.out
4,70,160.61140000000003,942.09725,7.15,57.229119999999995,103.38220000000001,iter02,/nethome/kshan9/scratch/src/sst-elements/src/sst/elements/cscore_sstelem/experiments/replica_count/logs/run_replica004_load070_iter02_bw07p15.out
4,70,162.5148,949.10025,7.24,57.90643,104.6084,iter04,/nethome/kshan9/scratch/src/sst-elements/src/sst/elements/cscore_sstelem/experiments/replica_count/logs/run_replica004_load070_iter04_bw07p24.out
4,70,163.58249999999998,952.2885000000002,7.29,58.28878,105.2939,iter06,/nethome/kshan9/scratch/src/sst-elements/src/sst/elements/cscore_sstelem/experiments/replica_count/logs/run_replica004_load070_iter06_bw07p29.out
4,70,164.1735,957.7185000000001,7.31,58.496370000000006,105.67719999999998,iter08,/nethome/kshan9/scratch/src/sst-elements/src/sst/elements/cscore_sstelem/experiments/replica_count/logs/run_replica004_load070_iter08_bw07p31.out
4,70,164.5192,960.219125,7.33,58.621930000000006,105.89740000000002,iter10,/nethome/kshan9/scratch/src/sst-elements/src/sst/elements/cscore_sstelem/experiments/replica_count/logs/run_replica004_load070_iter10_bw07p33.out
4,70,164.7111,960.7135,7.34,58.69037,106.02089999999998,iter12,/nethome/kshan9/scratch/src/sst-elements/src/sst/elements/cscore_sstelem/experiments/replica_count/logs/run_replica004_load070_iter12_bw07p34.out
4,70,164.81480000000002,960.5982499999999,7.34,58.72901,106.0858,iter14,/nethome/kshan9/scratch/src/sst-elements/src/sst/elements/cscore_sstelem/experiments/replica_count/logs/run_replica004_load070_iter14_bw07p34.out
4,70,165.1386,1200.3912500000001,7.36,58.84006,106.29849999999999,iter13,/nethome/kshan9/scratch/src/sst-elements/src/sst/elements/cscore_sstelem/experiments/replica_count/logs/run_replica004_load070_iter13_bw07p36.out
4,70,165.28,1328.62125,7.36,58.89206,106.3881,iter11,/nethome/kshan9/scratch/src/sst-elements/src/sst/elements/cscore_sstelem/experiments/replica_count/logs/run_replica004_load070_iter11_bw07p36.out
4,70,165.5005,1905.3300000000002,7.37,58.97792,106.5225,iter09,/nethome/kshan9/scratch/src/sst-elements/src/sst/elements/cscore_sstelem/experiments/replica_count/logs/run_replica004_load070_iter09_bw07p37.out
4,70,165.68449999999999,3098.11,7.39,59.0357,106.64869999999999,iter07,/nethome/kshan9/scratch/src/sst-elements/src/sst/elements/cscore_sstelem/experiments/replica_count/logs/run_replica004_load070_iter07_bw07p39.out
4,70,165.7672,3679.2362499999995,8.51,59.06666,106.7006,right,/nethome/kshan9/scratch/src/sst-elements/src/sst/elements/cscore_sstelem/experiments/replica_count/logs/run_replica004_load070_right_bw08p51.out
4,70,165.8164,3670.4362499999997,7.43,59.08426,106.7321,iter05,/nethome/kshan9/scratch/src/sst-elements/src/sst/elements/cscore_sstelem/experiments/replica_count/logs/run_replica004_load070_iter05_bw07p43.out
4,70,165.8408,3660.14875,7.49,59.093489999999996,106.7472,iter03,/nethome/kshan9/scratch/src/sst-elements/src/sst/elements/cscore_sstelem/experiments/replica_count/logs/run_replica004_load070_iter03_bw07p49.out
4,80,8.78577,802.2012500000001,0.3,2.391777,6.3940079999999995,base,/nethome/kshan9/scratch/src/sst-elements/src/sst/elements/cscore_sstelem/experiments/replica_count/logs/run_replica004_load080_base_bw00p30.out
4,80,120.15509999999999,887.6801250000002,4.1,32.77084,87.38420000000002,left,/nethome/kshan9/scratch/src/sst-elements/src/sst/elements/cscore_sstelem/experiments/replica_count/logs/run_replica004_load080_left_bw04p10.out
4,80,198.2455,965.5048749999999,6.76,54.068270000000005,144.17730000000003,iter00,/nethome/kshan9/scratch/src/sst-elements/src/sst/elements/cscore_sstelem/experiments/replica_count/logs/run_replica004_load080_iter00_bw06p76.out
4,80,217.7714,973.1571250000001,7.42,59.39307,158.3784,iter01,/nethome/kshan9/scratch/src/sst-elements/src/sst/elements/cscore_sstelem/experiments/replica_count/logs/run_replica004_load080_iter01_bw07p42.out
4,80,232.4162,992.8788749999999,7.92,63.38765000000001,169.02859999999998,iter02,/nethome/kshan9/scratch/src/sst-elements/src/sst/elements/cscore_sstelem/experiments/replica_count/logs/run_replica004_load080_iter02_bw07p92.out
4,80,235.15720000000002,997.944375,8.02,64.1352,171.02189999999996,iter04,/nethome/kshan9/scratch/src/sst-elements/src/sst/elements/cscore_sstelem/experiments/replica_count/logs/run_replica004_load080_iter04_bw08p02.out
4,80,236.69510000000002,997.146625,8.07,64.5548,172.1406,iter06,/nethome/kshan9/scratch/src/sst-elements/src/sst/elements/cscore_sstelem/experiments/replica_count/logs/run_replica004_load080_iter06_bw08p07.out
4,80,236.95700000000002,997.2873749999998,8.08,64.62462000000001,172.3322,iter11,/nethome/kshan9/scratch/src/sst-elements/src/sst/elements/cscore_sstelem/experiments/replica_count/logs/run_replica004_load080_iter11_bw08p08.out
4,80,237.16269999999997,998.575375,8.09,64.68102999999999,172.4817,iter13,/nethome/kshan9/scratch/src/sst-elements/src/sst/elements/cscore_sstelem/experiments/replica_count/logs/run_replica004_load080_iter13_bw08p09.out
4,80,237.5709,999.675,8.1,64.79403,172.77710000000002,iter08,/nethome/kshan9/scratch/src/sst-elements/src/sst/elements/cscore_sstelem/experiments/replica_count/logs/run_replica004_load080_iter08_bw08p10.out
4,80,237.6287,999.625875,8.1,64.81117,172.81740000000002,iter14,/nethome/kshan9/scratch/src/sst-elements/src/sst/elements/cscore_sstelem/experiments/replica_count/logs/run_replica004_load080_iter14_bw08p10.out
4,80,237.7806,1008.4325,8.11,64.85036000000001,172.9303,iter12,/nethome/kshan9/scratch/src/sst-elements/src/sst/elements/cscore_sstelem/experiments/replica_count/logs/run_replica004_load080_iter12_bw08p11.out
4,80,238.05199999999996,1064.74875,8.12,64.92758,173.12429999999998,iter10,/nethome/kshan9/scratch/src/sst-elements/src/sst/elements/cscore_sstelem/experiments/replica_count/logs/run_replica004_load080_iter10_bw08p12.out
4,80,238.8499,3172.8075,8.17,65.15393,173.69609999999997,iter09,/nethome/kshan9/scratch/src/sst-elements/src/sst/elements/cscore_sstelem/experiments/replica_count/logs/run_replica004_load080_iter09_bw08p17.out
4,80,238.9179,3454.3775,8.3,65.16222,173.75590000000003,iter03,/nethome/kshan9/scratch/src/sst-elements/src/sst/elements/cscore_sstelem/experiments/replica_count/logs/run_replica004_load080_iter03_bw08p30.out
4,80,238.92489999999998,3452.455,9.42,65.15503,173.7699,right,/nethome/kshan9/scratch/src/sst-elements/src/sst/elements/cscore_sstelem/experiments/replica_count/logs/run_replica004_load080_right_bw09p42.out
4,80,238.92870000000002,3451.807500000001,8.23,65.16239999999999,173.7663,iter05,/nethome/kshan9/scratch/src/sst-elements/src/sst/elements/cscore_sstelem/experiments/replica_count/logs/run_replica004_load080_iter05_bw08p23.out
4,80,238.936,3442.1812499999996,8.19,65.1651,173.7709,iter07,/nethome/kshan9/scratch/src/sst-elements/src/sst/elements/cscore_sstelem/experiments/replica_count/logs/run_replica004_load080_iter07_bw08p19.out
4,90,12.57282,799.8070000000001,0.3,2.4065900000000005,10.16621,base,/nethome/kshan9/scratch/src/sst-elements/src/sst/elements/cscore_sstelem/experiments/replica_count/logs/run_replica004_load090_base_bw00p30.out
4,90,121.50680000000001,886.37975,2.9,23.20705,98.29969999999999,left,/nethome/kshan9/scratch/src/sst-elements/src/sst/elements/cscore_sstelem/experiments/replica_count/logs/run_replica004_load090_left_bw02p90.out
4,90,200.5064,962.3546249999999,4.79,38.29993,162.2064,iter00,/nethome/kshan9/scratch/src/sst-elements/src/sst/elements/cscore_sstelem/experiments/replica_count/logs/run_replica004_load090_iter00_bw04p79.out
4,90,220.24230000000003,982.3072500000003,5.26,42.06750999999999,178.1749,iter01,/nethome/kshan9/scratch/src/sst-elements/src/sst/elements/cscore_sstelem/experiments/replica_count/logs/run_replica004_load090_iter01_bw05p26.out
4,90,223.94610000000003,989.6920000000001,5.35,42.77484,181.1712,iter03,/nethome/kshan9/scratch/src/sst-elements/src/sst/elements/cscore_sstelem/experiments/replica_count/logs/run_replica004_load090_iter03_bw05p35.out
4,90,226.03160000000003,989.0508749999999,5.4,43.17417,182.85750000000002,iter05,/nethome/kshan9/scratch/src/sst-elements/src/sst/elements/cscore_sstelem/experiments/replica_count/logs/run_replica004_load090_iter05_bw05p40.out
4,90,227.20119999999997,989.3361249999998,5.42,43.39869,183.8024,iter07,/nethome/kshan9/scratch/src/sst-elements/src/sst/elements/cscore_sstelem/experiments/replica_count/logs/run_replica004_load090_iter07_bw05p42.out
4,90,229.21509999999998,992.8427499999999,5.47,43.78185,185.43329999999997,iter11,/nethome/kshan9/scratch/src/sst-elements/src/sst/elements/cscore_sstelem/experiments/replica_count/logs/run_replica004_load090_iter11_bw05p47.out
4,90,229.8362,995.62175,5.49,43.90105,185.9351,iter08,/nethome/kshan9/scratch/src/sst-elements/src/sst/elements/cscore_sstelem/experiments/replica_count/logs/run_replica004_load090_iter08_bw05p49.out
4,90,230.057,996.2251249999999,5.49,43.94443,186.1126,iter12,/nethome/kshan9/scratch/src/sst-elements/src/sst/elements/cscore_sstelem/experiments/replica_count/logs/run_replica004_load090_iter12_bw05p49.out
4,90,230.20879999999997,996.934375,5.5,43.97362,186.2352,iter14,/nethome/kshan9/scratch/src/sst-elements/src/sst/elements/cscore_sstelem/experiments/replica_count/logs/run_replica004_load090_iter14_bw05p50.out
4,90,230.33079999999998,1000.848375,5.5,43.99812,186.33279999999996,iter10,/nethome/kshan9/scratch/src/sst-elements/src/sst/elements/cscore_sstelem/experiments/replica_count/logs/run_replica004_load090_iter10_bw05p50.out
4,90,230.6713,1012.92875,5.51,44.060570000000006,186.6107,iter13,/nethome/kshan9/scratch/src/sst-elements/src/sst/elements/cscore_sstelem/experiments/replica_count/logs/run_replica004_load090_iter13_bw05p51.out
4,90,230.71300000000002,1014.9812499999999,5.51,44.07098,186.64190000000002,iter06,/nethome/kshan9/scratch/src/sst-elements/src/sst/elements/cscore_sstelem/experiments/replica_count/logs/run_replica004_load090_iter06_bw05p51.out
4,90,231.8033,1098.7837499999998,5.53,44.27968,187.52360000000002,iter09,/nethome/kshan9/scratch/src/sst-elements/src/sst/elements/cscore_sstelem/experiments/replica_count/logs/run_replica004_load090_iter09_bw05p53.out
4,90,232.26840000000004,1146.14375,5.55,44.36787999999999,187.9003,iter04,/nethome/kshan9/scratch/src/sst-elements/src/sst/elements/cscore_sstelem/experiments/replica_count/logs/run_replica004_load090_iter04_bw05p55.out
4,90,235.04670000000002,1545.5887500000001,5.61,44.89626,190.15040000000002,iter02,/nethome/kshan9/scratch/src/sst-elements/src/sst/elements/cscore_sstelem/experiments/replica_count/logs/run_replica004_load090_iter02_bw05p61.out
4,90,239.87949999999998,4997.2025,6.67,45.81929999999999,194.06020000000004,right,/nethome/kshan9/scratch/src/sst-elements/src/sst/elements/cscore_sstelem/experiments/replica_count/logs/run_replica004_load090_right_bw06p67.out
4,100,21.60042,798.0687499999999,0.3,2.400046,19.20037,base,/nethome/kshan9/scratch/src/sst-elements/src/sst/elements/cscore_sstelem/experiments/replica_count/logs/run_replica004_load100_base_bw00p30.out
4,100,110.5915,816.9936250000001,1.54,12.287939999999999,98.3035,left,/nethome/kshan9/scratch/src/sst-elements/src/sst/elements/cscore_sstelem/experiments/replica_count/logs/run_replica004_load100_left_bw01p54.out
4,100,182.4771,811.2421250000001,2.53,20.2748,162.2021,iter00,/nethome/kshan9/scratch/src/sst-elements/src/sst/elements/cscore_sstelem/experiments/replica_count/logs/run_replica004_load100_iter00_bw02p53.out
4,100,200.4459,812.3755000000001,2.78,22.272370000000002,178.1733,iter01,/nethome/kshan9/scratch/src/sst-elements/src/sst/elements/cscore_sstelem/experiments/replica_count/logs/run_replica004_load100_iter01_bw02p78.out
4,100,203.81900000000002,818.9968749999999,2.83,22.64655,181.1725,iter03,/nethome/kshan9/scratch/src/sst-elements/src/sst/elements/cscore_sstelem/experiments/replica_count/logs/run_replica004_load100_iter03_bw02p83.out
4,100,205.71170000000004,822.5498749999998,2.86,22.85685,182.855,iter05,/nethome/kshan9/scratch/src/sst-elements/src/sst/elements/cscore_sstelem/experiments/replica_count/logs/run_replica004_load100_iter05_bw02p86.out
4,100,206.7774,822.0291249999999,2.87,22.97524,183.80200000000002,iter07,/nethome/kshan9/scratch/src/sst-elements/src/sst/elements/cscore_sstelem/experiments/replica_count/logs/run_replica004_load100_iter07_bw02p87.out
4,100,209.16590000000002,934.0003750000001,2.91,23.241750000000003,185.9241,iter08,/nethome/kshan9/scratch/src/sst-elements/src/sst/elements/cscore_sstelem/experiments/replica_count/logs/run_replica004_load100_iter08_bw02p91.out
4,100,209.61409999999998,970.4321249999999,2.91,23.291860000000003,186.32240000000002,iter10,/nethome/kshan9/scratch/src/sst-elements/src/sst/elements/cscore_sstelem/experiments/replica_count/logs/run_replica004_load100_iter10_bw02p91.out
4,100,209.8667,992.0805,2.92,23.3199,186.5469,iter12,/nethome/kshan9/scratch/src/sst-elements/src/sst/elements/cscore_sstelem/experiments/replica_count/logs/run_replica004_load100_iter12_bw02p92.out
4,100,209.96509999999998,1000.7311250000001,2.92,23.33081,186.6343,iter06,/nethome/kshan9/scratch/src/sst-elements/src/sst/elements/cscore_sstelem/experiments/replica_count/logs/run_replica004_load100_iter06_bw02p92.out
4,100,210.0126,1004.965,2.92,23.336090000000002,186.67669999999998,iter14,/nethome/kshan9/scratch/src/sst-elements/src/sst/elements/cscore_sstelem/experiments/replica_count/logs/run_replica004_load100_iter14_bw02p92.out
4,100,210.43769999999998,1044.7387500000002,2.92,23.38329,187.0545,iter13,/nethome/kshan9/scratch/src/sst-elements/src/sst/elements/cscore_sstelem/experiments/replica_count/logs/run_replica004_load100_iter13_bw02p92.out
4,100,210.6293,1063.76,2.93,23.404089999999997,187.2253,iter11,/nethome/kshan9/scratch/src/sst-elements/src/sst/elements/cscore_sstelem/experiments/replica_count/logs/run_replica004_load100_iter11_bw02p93.out
4,100,210.96620000000001,1098.7999999999997,2.93,23.441920000000003,187.5242,iter09,/nethome/kshan9/scratch/src/sst-elements/src/sst/elements/cscore_sstelem/experiments/replica_count/logs/run_replica004_load100_iter09_bw02p93.out
4,100,211.38840000000005,1146.1950000000002,2.94,23.48882,187.89990000000003,iter04,/nethome/kshan9/scratch/src/sst-elements/src/sst/elements/cscore_sstelem/experiments/replica_count/logs/run_replica004_load100_iter04_bw02p94.out
4,100,213.9173,1545.6412500000001,2.97,23.769450000000003,190.14779999999996,iter02,/nethome/kshan9/scratch/src/sst-elements/src/sst/elements/cscore_sstelem/experiments/replica_count/logs/run_replica004_load100_iter02_bw02p97.out
4,100,220.1704,11089.4,3.53,24.4633,195.70710000000003,right,/nethome/kshan9/scratch/src/sst-elements/src/sst/elements/cscore_sstelem/experiments/replica_count/logs/run_replica004_load100_right_bw03p53.out
5,0,2.4010849999999997,802.3657499999999,0.3,2.4010849999999997,0.0,base,/nethome/kshan9/scratch/src/sst-elements/src/sst/elements/cscore_sstelem/experiments/replica_count/logs/run_replica005_load000_base_bw00p30.out
5,0,24.57982,847.684625,3.07,24.57982,0.0,left,/nethome/kshan9/scratch/src/sst-elements/src/sst/elements/cscore_sstelem/experiments/replica_count/logs/run_replica005_load000_left_bw03p07.out
5,0,40.55044,869.4819999999999,5.07,40.55044,0.0,iter00,/nethome/kshan9/scratch/src/sst-elements/src/sst/elements/cscore_sstelem/experiments/replica_count/logs/run_replica005_load000_iter00_bw05p07.out
5,0,44.54075,856.1471250000001,5.57,44.54075,0.0,iter01,/nethome/kshan9/scratch/src/sst-elements/src/sst/elements/cscore_sstelem/experiments/replica_count/logs/run_replica005_load000_iter01_bw05p57.out
5,0,47.5392,951.661,5.94,47.5392,0.0,iter02,/nethome/kshan9/scratch/src/sst-elements/src/sst/elements/cscore_sstelem/experiments/replica_count/logs/run_replica005_load000_iter02_bw05p94.out
5,0,48.1008,940.5379999999998,6.01,48.1008,0.0,iter04,/nethome/kshan9/scratch/src/sst-elements/src/sst/elements/cscore_sstelem/experiments/replica_count/logs/run_replica005_load000_iter04_bw06p01.out
5,0,48.41672,934.394,6.05,48.41672,0.0,iter06,/nethome/kshan9/scratch/src/sst-elements/src/sst/elements/cscore_sstelem/experiments/replica_count/logs/run_replica005_load000_iter06_bw06p05.out
5,0,48.5944,930.9750000000001,6.07,48.5944,0.0,iter08,/nethome/kshan9/scratch/src/sst-elements/src/sst/elements/cscore_sstelem/experiments/replica_count/logs/run_replica005_load000_iter08_bw06p07.out
5,0,48.69432,929.0630000000001,6.09,48.69432,0.0,iter10,/nethome/kshan9/scratch/src/sst-elements/src/sst/elements/cscore_sstelem/experiments/replica_count/logs/run_replica005_load000_iter10_bw06p09.out
5,0,48.75056,927.989,6.09,48.75056,0.0,iter12,/nethome/kshan9/scratch/src/sst-elements/src/sst/elements/cscore_sstelem/experiments/replica_count/logs/run_replica005_load000_iter12_bw06p09.out
5,0,48.876419999999996,925.5972499999999,6.11,48.876419999999996,0.0,iter13,/nethome/kshan9/scratch/src/sst-elements/src/sst/elements/cscore_sstelem/experiments/replica_count/logs/run_replica005_load000_iter13_bw06p11.out
5,0,48.91801,1067.47875,6.11,48.91801,0.0,iter11,/nethome/kshan9/scratch/src/sst-elements/src/sst/elements/cscore_sstelem/experiments/replica_count/logs/run_replica005_load000_iter11_bw06p11.out
5,0,48.97278,1368.3375,6.12,48.97278,0.0,iter14,/nethome/kshan9/scratch/src/sst-elements/src/sst/elements/cscore_sstelem/experiments/replica_count/logs/run_replica005_load000_iter14_bw06p12.out
5,0,48.99362,1552.21625,6.12,48.99362,0.0,iter09,/nethome/kshan9/scratch/src/sst-elements/src/sst/elements/cscore_sstelem/experiments/replica_count/logs/run_replica005_load000_iter09_bw06p12.out
5,0,49.09134,4061.22375,6.14,49.09134,0.0,iter07,/nethome/kshan9/scratch/src/sst-elements/src/sst/elements/cscore_sstelem/experiments/replica_count/logs/run_replica005_load000_iter07_bw06p14.out
5,0,49.09487000000001,4298.29625,7.07,49.09487000000001,0.0,right,/nethome/kshan9/scratch/src/sst-elements/src/sst/elements/cscore_sstelem/experiments/replica_count/logs/run_replica005_load000_right_bw07p07.out
5,0,49.09827,4298.17,6.22,49.09827,0.0,iter03,/nethome/kshan9/scratch/src/sst-elements/src/sst/elements/cscore_sstelem/experiments/replica_count/logs/run_replica005_load000_iter03_bw06p22.out
5,0,49.11158,4295.65625,6.17,49.11158,0.0,iter05,/nethome/kshan9/scratch/src/sst-elements/src/sst/elements/cscore_sstelem/experiments/replica_count/logs/run_replica005_load000_iter05_bw06p17.out
5,10,2.658143,804.3884999999999,0.3,2.398814,0.2593312,base,/nethome/kshan9/scratch/src/sst-elements/src/sst/elements/cscore_sstelem/experiments/replica_count/logs/run_replica005_load010_base_bw00p30.out
5,10,27.57965,847.492,3.11,24.85197,2.727691,left,/nethome/kshan9/scratch/src/sst-elements/src/sst/elements/cscore_sstelem/experiments/replica_count/logs/run_replica005_load010_left_bw03p11.out
5,10,45.489309999999996,871.9,5.12,40.99931,4.489992,iter00,/nethome/kshan9/scratch/src/sst-elements/src/sst/elements/cscore_sstelem/experiments/replica_count/logs/run_replica005_load010_iter00_bw05p12.out
5,10,49.97052000000001,851.2194999999999,5.63,45.03517,4.935351,iter01,/nethome/kshan9/scratch/src/sst-elements/src/sst/elements/cscore_sstelem/experiments/replica_count/logs/run_replica005_load010_iter01_bw05p63.out
5,10,53.327040000000004,954.3070000000001,6.01,48.06671999999999,5.2603599999999995,iter02,/nethome/kshan9/scratch/src/sst-elements/src/sst/elements/cscore_sstelem/experiments/replica_count/logs/run_replica005_load010_iter02_bw06p01.out
5,10,53.95704,943.154,6.08,48.63456000000001,5.322504000000001,iter04,/nethome/kshan9/scratch/src/sst-elements/src/sst/elements/cscore_sstelem/experiments/replica_count/logs/run_replica005_load010_iter04_bw06p08.out
5,10,54.31135999999999,936.9940000000001,6.12,48.95384000000001,5.357447999999999,iter06,/nethome/kshan9/scratch/src/sst-elements/src/sst/elements/cscore_sstelem/experiments/replica_count/logs/run_replica005_load010_iter06_bw06p12.out
5,10,54.51080000000001,933.5630000000001,6.14,49.13368,5.377128,iter08,/nethome/kshan9/scratch/src/sst-elements/src/sst/elements/cscore_sstelem/experiments/replica_count/logs/run_replica005_load010_iter08_bw06p14.out
5,10,54.622969999999995,931.645,6.15,49.23477,5.388193000000001,iter10,/nethome/kshan9/scratch/src/sst-elements/src/sst/elements/cscore_sstelem/experiments/replica_count/logs/run_replica005_load010_iter10_bw06p15.out
5,10,54.686049999999994,930.569,6.16,49.291650000000004,5.394417,iter12,/nethome/kshan9/scratch/src/sst-elements/src/sst/elements/cscore_sstelem/experiments/replica_count/logs/run_replica005_load010_iter12_bw06p16.out
5,10,54.82741000000001,928.169,6.18,49.41901,5.4083570000000005,iter13,/nethome/kshan9/scratch/src/sst-elements/src/sst/elements/cscore_sstelem/experiments/replica_count/logs/run_replica005_load010_iter13_bw06p18.out
5,10,54.88504000000001,1067.2549999999999,6.18,49.46201,5.423039999999999,iter11,/nethome/kshan9/scratch/src/sst-elements/src/sst/elements/cscore_sstelem/experiments/replica_count/logs/run_replica005_load010_iter11_bw06p18.out
5,10,54.94355,1382.7962499999999,6.19,49.51492,5.428621000000001,iter14,/nethome/kshan9/scratch/src/sst-elements/src/sst/elements/cscore_sstelem/experiments/replica_count/logs/run_replica005_load010_iter14_bw06p19.out
5,10,54.9682,1554.2275000000002,6.19,49.53855,5.429645999999999,iter09,/nethome/kshan9/scratch/src/sst-elements/src/sst/elements/cscore_sstelem/experiments/replica_count/logs/run_replica005_load010_iter09_bw06p19.out
5,10,55.042640000000006,4006.35875,6.24,49.60560000000001,5.437046,iter05,/nethome/kshan9/scratch/src/sst-elements/src/sst/elements/cscore_sstelem/experiments/replica_count/logs/run_replica005_load010_iter05_bw06p24.out
5,10,55.06633000000001,3273.2175,6.21,49.62808,5.438251,iter07,/nethome/kshan9/scratch/src/sst-elements/src/sst/elements/cscore_sstelem/experiments/replica_count/logs/run_replica005_load010_iter07_bw06p21.out
5,10,55.06706,4005.32,7.14,49.627990000000004,5.439054,right,/nethome/kshan9/scratch/src/sst-elements/src/sst/elements/cscore_sstelem/experiments/replica_count/logs/run_replica005_load010_right_bw07p14.out
5,10,55.08537,4006.75,6.29,49.64477,5.440606999999999,iter03,/nethome/kshan9/scratch/src/sst-elements/src/sst/elements/cscore_sstelem/experiments/replica_count/logs/run_replica005_load010_iter03_bw06p29.out
5,20,2.987131,800.0187500000001,0.3,2.404277,0.5828549,base,/nethome/kshan9/scratch/src/sst-elements/src/sst/elements/cscore_sstelem/experiments/replica_count/logs/run_replica005_load020_base_bw00p30.out
5,20,31.296860000000002,848.800125,3.15,25.18796,6.1089150000000005,left,/nethome/kshan9/scratch/src/sst-elements/src/sst/elements/cscore_sstelem/experiments/replica_count/logs/run_replica005_load020_left_bw03p15.out
5,20,51.64224000000001,874.9270000000002,5.19,41.5572,10.085120000000002,iter00,/nethome/kshan9/scratch/src/sst-elements/src/sst/elements/cscore_sstelem/experiments/replica_count/logs/run_replica005_load020_iter00_bw05p19.out
5,20,56.71898999999999,844.8915000000001,5.71,45.64897000000001,11.07,iter01,/nethome/kshan9/scratch/src/sst-elements/src/sst/elements/cscore_sstelem/experiments/replica_count/logs/run_replica005_load020_iter01_bw05p71.out
5,20,60.530379999999994,957.4110000000001,6.09,48.72019999999999,11.81016,iter02,/nethome/kshan9/scratch/src/sst-elements/src/sst/elements/cscore_sstelem/experiments/replica_count/logs/run_replica005_load020_iter02_bw06p09.out
5,20,61.2536,946.418,6.16,49.29656,11.956959999999999,iter04,/nethome/kshan9/scratch/src/sst-elements/src/sst/elements/cscore_sstelem/experiments/replica_count/logs/run_replica005_load020_iter04_bw06p16.out
5,20,61.65455,940.2349999999999,6.2,49.62061,12.033940000000001,iter06,/nethome/kshan9/scratch/src/sst-elements/src/sst/elements/cscore_sstelem/experiments/replica_count/logs/run_replica005_load020_iter06_bw06p20.out
5,20,61.88078,936.795,6.23,49.802690000000005,12.078089999999998,iter08,/nethome/kshan9/scratch/src/sst-elements/src/sst/elements/cscore_sstelem/experiments/replica_count/logs/run_replica005_load020_iter08_bw06p23.out
5,20,62.00805999999999,934.871,6.24,49.90516000000001,12.10297,iter10,/nethome/kshan9/scratch/src/sst-elements/src/sst/elements/cscore_sstelem/experiments/replica_count/logs/run_replica005_load020_iter10_bw06p24.out
5,20,62.081040000000016,933.792125,6.25,49.96248,12.118480000000002,iter12,/nethome/kshan9/scratch/src/sst-elements/src/sst/elements/cscore_sstelem/experiments/replica_count/logs/run_replica005_load020_iter12_bw06p25.out
5,20,62.240159999999996,931.3803750000001,6.26,50.09191,12.14824,iter13,/nethome/kshan9/scratch/src/sst-elements/src/sst/elements/cscore_sstelem/experiments/replica_count/logs/run_replica005_load020_iter13_bw06p26.out
5,20,62.28737999999999,1067.0974999999999,6.27,50.13407,12.15332,iter11,/nethome/kshan9/scratch/src/sst-elements/src/sst/elements/cscore_sstelem/experiments/replica_count/logs/run_replica005_load020_iter11_bw06p27.out
5,20,62.35905,1388.5587500000001,6.27,50.19211,12.166929999999999,iter14,/nethome/kshan9/scratch/src/sst-elements/src/sst/elements/cscore_sstelem/experiments/replica_count/logs/run_replica005_load020_iter14_bw06p27.out
5,20,62.38612,1553.525,6.28,50.213190000000004,12.172920000000001,iter09,/nethome/kshan9/scratch/src/sst-elements/src/sst/elements/cscore_sstelem/experiments/replica_count/logs/run_replica005_load020_iter09_bw06p28.out
5,20,62.46133,3027.0175,6.29,50.274429999999995,12.18689,iter07,/nethome/kshan9/scratch/src/sst-elements/src/sst/elements/cscore_sstelem/experiments/replica_count/logs/run_replica005_load020_iter07_bw06p29.out
5,20,62.504529999999995,3914.83875,6.38,50.30788,12.196640000000002,iter03,/nethome/kshan9/scratch/src/sst-elements/src/sst/elements/cscore_sstelem/experiments/replica_count/logs/run_replica005_load020_iter03_bw06p38.out
5,20,62.509130000000006,3916.8587499999994,7.24,50.312239999999996,12.196900000000001,right,/nethome/kshan9/scratch/src/sst-elements/src/sst/elements/cscore_sstelem/experiments/replica_count/logs/run_replica005_load020_right_bw07p24.out
5,20,62.552640000000004,3909.4224999999997,6.32,50.347739999999995,12.2049,iter05,/nethome/kshan9/scratch/src/sst-elements/src/sst/elements/cscore_sstelem/experiments/replica_count/logs/run_replica005_load020_iter05_bw06p32.out
5,30,3.3839509999999997,801.3965000000001,0.3,2.403987,0.9799690000000001,base,/nethome/kshan9/scratch/src/sst-elements/src/sst/elements/cscore_sstelem/experiments/replica_count/logs/run_replica005_load030_base_bw00p30.out
5,30,36.039370000000005,850.32225,3.2,25.618609999999997,10.42074,left,/nethome/kshan9/scratch/src/sst-elements/src/sst/elements/cscore_sstelem/experiments/replica_count/logs/run_replica005_load030_left_bw03p20.out
5,30,59.45989,878.761625,5.28,42.26936,17.190530000000003,iter00,/nethome/kshan9/scratch/src/sst-elements/src/sst/elements/cscore_sstelem/experiments/replica_count/logs/run_replica005_load030_iter00_bw05p28.out
5,30,65.32142999999999,858.896625,5.8,46.428830000000005,18.892599999999998,iter01,/nethome/kshan9/scratch/src/sst-elements/src/sst/elements/cscore_sstelem/experiments/replica_count/logs/run_replica005_load030_iter01_bw05p80.out
5,30,69.71467,960.199125,6.19,49.55487,20.15981,iter02,/nethome/kshan9/scratch/src/sst-elements/src/sst/elements/cscore_sstelem/experiments/replica_count/logs/run_replica005_load030_iter02_bw06p19.out
5,30,70.54060000000001,950.6265,6.27,50.140840000000004,20.39976,iter04,/nethome/kshan9/scratch/src/sst-elements/src/sst/elements/cscore_sstelem/experiments/replica_count/logs/run_replica005_load030_iter04_bw06p27.out
5,30,71.00254000000001,944.4141249999999,6.31,50.470330000000004,20.53219,iter06,/nethome/kshan9/scratch/src/sst-elements/src/sst/elements/cscore_sstelem/experiments/replica_count/logs/run_replica005_load030_iter06_bw06p31.out
5,30,71.26307,940.9578750000001,6.33,50.65553,20.60755,iter08,/nethome/kshan9/scratch/src/sst-elements/src/sst/elements/cscore_sstelem/experiments/replica_count/logs/run_replica005_load030_iter08_bw06p33.out
5,30,71.41094000000001,939.025,6.34,50.75948,20.651480000000003,iter10,/nethome/kshan9/scratch/src/sst-elements/src/sst/elements/cscore_sstelem/experiments/replica_count/logs/run_replica005_load030_iter10_bw06p34.out
5,30,71.49339,937.9445000000002,6.35,50.81807,20.67532,iter12,/nethome/kshan9/scratch/src/sst-elements/src/sst/elements/cscore_sstelem/experiments/replica_count/logs/run_replica005_load030_iter12_bw06p35.out
5,30,71.67883,935.51725,6.37,50.94989,20.72894,iter13,/nethome/kshan9/scratch/src/sst-elements/src/sst/elements/cscore_sstelem/experiments/replica_count/logs/run_replica005_load030_iter13_bw06p37.out
5,30,71.7328,1084.025,6.37,50.99391,20.7389,iter11,/nethome/kshan9/scratch/src/sst-elements/src/sst/elements/cscore_sstelem/experiments/replica_count/logs/run_replica005_load030_iter11_bw06p37.out
5,30,71.81551,1373.80875,6.38,51.05261,20.76289,iter14,/nethome/kshan9/scratch/src/sst-elements/src/sst/elements/cscore_sstelem/experiments/replica_count/logs/run_replica005_load030_iter14_bw06p38.out
5,30,71.84935,1549.8700000000001,6.38,51.07401,20.775350000000003,iter09,/nethome/kshan9/scratch/src/sst-elements/src/sst/elements/cscore_sstelem/experiments/replica_count/logs/run_replica005_load030_iter09_bw06p38.out
5,30,71.94514,3911.0675,6.49,51.14091000000001,20.804219999999997,iter03,/nethome/kshan9/scratch/src/sst-elements/src/sst/elements/cscore_sstelem/experiments/replica_count/logs/run_replica005_load030_iter03_bw06p49.out
5,30,71.95938000000001,3801.6274999999996,6.43,51.15219999999999,20.80717,iter05,/nethome/kshan9/scratch/src/sst-elements/src/sst/elements/cscore_sstelem/experiments/replica_count/logs/run_replica005_load030_iter05_bw06p43.out
5,30,71.98662999999999,3913.6537499999995,7.37,51.17152000000001,20.81509,right,/nethome/kshan9/scratch/src/sst-elements/src/sst/elements/cscore_sstelem/experiments/replica_count/logs/run_replica005_load030_right_bw07p37.out
5,30,71.99501,2810.725,6.4,51.17758,20.81743,iter07,/nethome/kshan9/scratch/src/sst-elements/src/sst/elements/cscore_sstelem/experiments/replica_count/logs/run_replica005_load030_iter07_bw06p40.out
5,40,3.881016,801.4153749999999,0.3,2.405361,1.475655,base,/nethome/kshan9/scratch/src/sst-elements/src/sst/elements/cscore_sstelem/experiments/replica_count/logs/run_replica005_load040_base_bw00p30.out
5,40,42.30065,848.618125,3.27,26.188080000000003,16.11256,left,/nethome/kshan9/scratch/src/sst-elements/src/sst/elements/cscore_sstelem/experiments/replica_count/logs/run_replica005_load040_left_bw03p27.out
5,40,69.79827,883.995,5.4,43.21110999999999,26.587159999999997,iter00,/nethome/kshan9/scratch/src/sst-elements/src/sst/elements/cscore_sstelem/experiments/replica_count/logs/run_replica005_load040_iter00_bw05p40.out
5,40,76.66779,851.286875,5.93,47.460739999999994,29.207040000000003,iter01,/nethome/kshan9/scratch/src/sst-elements/src/sst/elements/cscore_sstelem/experiments/replica_count/logs/run_replica005_load040_iter01_bw05p93.out
5,40,81.82699999999998,963.75475,6.33,50.65503,31.17184,iter02,/nethome/kshan9/scratch/src/sst-elements/src/sst/elements/cscore_sstelem/experiments/replica_count/logs/run_replica005_load040_iter02_bw06p33.out
5,40,82.8004,956.2309999999999,6.41,51.25683,31.543629999999997,iter04,/nethome/kshan9/scratch/src/sst-elements/src/sst/elements/cscore_sstelem/experiments/replica_count/logs/run_replica005_load040_iter04_bw06p41.out
5,40,83.3467,949.9849999999999,6.45,51.590939999999996,31.755629999999996,iter06,/nethome/kshan9/scratch/src/sst-elements/src/sst/elements/cscore_sstelem/experiments/replica_count/logs/run_replica005_load040_iter06_bw06p45.out
5,40,83.6536,946.5070000000002,6.47,51.78008,31.873680000000004,iter08,/nethome/kshan9/scratch/src/sst-elements/src/sst/elements/cscore_sstelem/experiments/replica_count/logs/run_replica005_load040_iter08_bw06p47.out
5,40,83.82430000000001,944.5630000000001,6.49,51.886780000000016,31.93771,iter10,/nethome/kshan9/scratch/src/sst-elements/src/sst/elements/cscore_sstelem/experiments/replica_count/logs/run_replica005_load040_iter10_bw06p49.out
5,40,83.9211,943.472,6.49,51.946769999999994,31.97459,iter12,/nethome/kshan9/scratch/src/sst-elements/src/sst/elements/cscore_sstelem/experiments/replica_count/logs/run_replica005_load040_iter12_bw06p49.out
5,40,84.1379,941.02925,6.51,52.08175,32.05608,iter13,/nethome/kshan9/scratch/src/sst-elements/src/sst/elements/cscore_sstelem/experiments/replica_count/logs/run_replica005_load040_iter13_bw06p51.out
5,40,84.2103,1117.7875,6.52,52.13195,32.07825,iter11,/nethome/kshan9/scratch/src/sst-elements/src/sst/elements/cscore_sstelem/experiments/replica_count/logs/run_replica005_load040_iter11_bw06p52.out
5,40,84.2967,1368.8650000000002,6.52,52.18563,32.11097,iter14,/nethome/kshan9/scratch/src/sst-elements/src/sst/elements/cscore_sstelem/experiments/replica_count/logs/run_replica005_load040_iter14_bw06p52.out
5,40,84.3345,1547.0412500000002,6.53,52.2048,32.12973,iter09,/nethome/kshan9/scratch/src/sst-elements/src/sst/elements/cscore_sstelem/experiments/replica_count/logs/run_replica005_load040_iter09_bw06p53.out
5,40,84.46390000000001,3907.495,6.58,52.287079999999996,32.176869999999994,iter05,/nethome/kshan9/scratch/src/sst-elements/src/sst/elements/cscore_sstelem/experiments/replica_count/logs/run_replica005_load040_iter05_bw06p58.out
5,40,84.4667,3906.6974999999998,6.63,52.288610000000006,32.17802,iter03,/nethome/kshan9/scratch/src/sst-elements/src/sst/elements/cscore_sstelem/experiments/replica_count/logs/run_replica005_load040_iter03_bw06p63.out
5,40,84.47540000000001,3148.6049999999996,6.54,52.29568,32.17961,iter07,/nethome/kshan9/scratch/src/sst-elements/src/sst/elements/cscore_sstelem/experiments/replica_count/logs/run_replica005_load040_iter07_bw06p54.out
5,40,84.5105,3907.70875,7.53,52.31573999999999,32.19475,right,/nethome/kshan9/scratch/src/sst-elements/src/sst/elements/cscore_sstelem/experiments/replica_count/logs/run_replica005_load040_right_bw07p53.out
5,50,4.537808,800.64225,0.3,2.4074410000000004,2.130367,base,/nethome/kshan9/scratch/src/sst-elements/src/sst/elements/cscore_sstelem/experiments/replica_count/logs/run_replica005_load050_base_bw00p30.out
5,50,50.95024,850.5325,3.37,26.97368,23.976560000000003,left,/nethome/kshan9/scratch/src/sst-elements/src/sst/elements/cscore_sstelem/experiments/replica_count/logs/run_replica005_load050_left_bw03p37.out
5,50,84.0666,891.2440000000001,5.56,44.50675,39.55981,iter00,/nethome/kshan9/scratch/src/sst-elements/src/sst/elements/cscore_sstelem/experiments/replica_count/logs/run_replica005_load050_iter00_bw05p56.out
5,50,92.34720000000002,811.320375,6.11,48.88978,43.457600000000006,iter01,/nethome/kshan9/scratch/src/sst-elements/src/sst/elements/cscore_sstelem/experiments/replica_count/logs/run_replica005_load050_iter01_bw06p11.out
5,50,98.55619999999999,954.25975,6.52,52.176820000000006,46.37944,iter02,/nethome/kshan9/scratch/src/sst-elements/src/sst/elements/cscore_sstelem/experiments/replica_count/logs/run_replica005_load050_iter02_bw06p52.out
5,50,99.72339999999998,961.8521250000001,6.6,52.79312,46.93042,iter04,/nethome/kshan9/scratch/src/sst-elements/src/sst/elements/cscore_sstelem/experiments/replica_count/logs/run_replica005_load050_iter04_bw06p60.out
5,50,100.37599999999999,957.7838749999999,6.64,53.14024,47.23576,iter06,/nethome/kshan9/scratch/src/sst-elements/src/sst/elements/cscore_sstelem/experiments/replica_count/logs/run_replica005_load050_iter06_bw06p64.out
5,50,100.7448,954.274,6.67,53.335359999999994,47.4092,iter08,/nethome/kshan9/scratch/src/sst-elements/src/sst/elements/cscore_sstelem/experiments/replica_count/logs/run_replica005_load050_iter08_bw06p67.out
5,50,100.952,952.3130000000001,6.68,53.44499999999999,47.50668,iter10,/nethome/kshan9/scratch/src/sst-elements/src/sst/elements/cscore_sstelem/experiments/replica_count/logs/run_replica005_load050_iter10_bw06p68.out
5,50,101.068,951.2133749999999,6.69,53.506719999999994,47.56152,iter12,/nethome/kshan9/scratch/src/sst-elements/src/sst/elements/cscore_sstelem/experiments/replica_count/logs/run_replica005_load050_iter12_bw06p69.out
5,50,101.32920000000001,948.7507500000002,6.71,53.645709999999994,47.683460000000004,iter13,/nethome/kshan9/scratch/src/sst-elements/src/sst/elements/cscore_sstelem/experiments/replica_count/logs/run_replica005_load050_iter13_bw06p71.out
5,50,101.41460000000001,1065.29375,6.71,53.691610000000004,47.723,iter11,/nethome/kshan9/scratch/src/sst-elements/src/sst/elements/cscore_sstelem/experiments/replica_count/logs/run_replica005_load050_iter11_bw06p71.out
5,50,101.5353,1372.4325,6.72,53.75098,47.78425,iter14,/nethome/kshan9/scratch/src/sst-elements/src/sst/elements/cscore_sstelem/experiments/replica_count/logs/run_replica005_load050_iter14_bw06p72.out
5,50,101.563,1558.7537499999999,6.72,53.7723,47.790670000000006,iter09,/nethome/kshan9/scratch/src/sst-elements/src/sst/elements/cscore_sstelem/experiments/replica_count/logs/run_replica005_load050_iter09_bw06p72.out
5,50,101.7452,3373.16375,6.74,53.86965,47.87552000000001,iter07,/nethome/kshan9/scratch/src/sst-elements/src/sst/elements/cscore_sstelem/experiments/replica_count/logs/run_replica005_load050_iter07_bw06p74.out
5,50,101.77099999999999,4171.3775,6.77,53.87895,47.89208,iter05,/nethome/kshan9/scratch/src/sst-elements/src/sst/elements/cscore_sstelem/experiments/replica_count/logs/run_replica005_load050_iter05_bw06p77.out
5,50,101.7721,4361.304999999999,7.75,53.87772,47.89443,right,/nethome/kshan9/scratch/src/sst-elements/src/sst/elements/cscore_sstelem/experiments/replica_count/logs/run_replica005_load050_right_bw07p75.out
5,50,101.82209999999999,4356.489999999999,6.83,53.90689999999999,47.915220000000005,iter03,/nethome/kshan9/scratch/src/sst-elements/src/sst/elements/cscore_sstelem/experiments/replica_count/logs/run_replica005_load050_iter03_bw06p83.out
5,60,5.430478,802.248375,0.3,2.400001,3.0304770000000003,base,/nethome/kshan9/scratch/src/sst-elements/src/sst/elements/cscore_sstelem/experiments/replica_count/logs/run_replica005_load060_base_bw00p30.out
5,60,63.65875999999999,857.3265,3.52,28.12997,35.52879,left,/nethome/kshan9/scratch/src/sst-elements/src/sst/elements/cscore_sstelem/experiments/replica_count/logs/run_replica005_load060_left_bw03p52.out
5,60,105.04399999999998,902.1299999999999,5.8,46.41364,58.630120000000005,iter00,/nethome/kshan9/scratch/src/sst-elements/src/sst/elements/cscore_sstelem/experiments/replica_count/logs/run_replica005_load060_iter00_bw05p80.out
5,60,115.3831,890.49375,6.37,50.98007,64.40312,iter01,/nethome/kshan9/scratch/src/sst-elements/src/sst/elements/cscore_sstelem/experiments/replica_count/logs/run_replica005_load060_iter01_bw06p37.out
5,60,123.13579999999997,944.8231249999999,6.8,54.40733,68.72855000000001,iter02,/nethome/kshan9/scratch/src/sst-elements/src/sst/elements/cscore_sstelem/experiments/replica_count/logs/run_replica005_load060_iter02_bw06p80.out
5,60,124.59889999999999,963.7357499999998,6.88,55.056659999999994,69.54231,iter04,/nethome/kshan9/scratch/src/sst-elements/src/sst/elements/cscore_sstelem/experiments/replica_count/logs/run_replica005_load060_iter04_bw06p88.out
5,60,125.41959999999999,967.0632500000002,6.93,55.41871,70.001,iter06,/nethome/kshan9/scratch/src/sst-elements/src/sst/elements/cscore_sstelem/experiments/replica_count/logs/run_replica005_load060_iter06_bw06p93.out
5,60,125.8785,964.3462499999998,6.95,55.620180000000005,70.25839,iter08,/nethome/kshan9/scratch/src/sst-elements/src/sst/elements/cscore_sstelem/experiments/replica_count/logs/run_replica005_load060_iter08_bw06p95.out
5,60,126.13399999999999,962.9094999999998,6.97,55.73521,70.39874999999999,iter10,/nethome/kshan9/scratch/src/sst-elements/src/sst/elements/cscore_sstelem/experiments/replica_count/logs/run_replica005_load060_iter10_bw06p97.out
5,60,126.278,962.2656250000001,6.97,55.797259999999994,70.48076,iter12,/nethome/kshan9/scratch/src/sst-elements/src/sst/elements/cscore_sstelem/experiments/replica_count/logs/run_replica005_load060_iter12_bw06p97.out
5,60,126.6077,960.343375,6.99,55.94361,70.66423,iter13,/nethome/kshan9/scratch/src/sst-elements/src/sst/elements/cscore_sstelem/experiments/replica_count/logs/run_replica005_load060_iter13_bw06p99.out
5,60,126.7184,1125.54375,7.0,55.99535,70.72310999999999,iter11,/nethome/kshan9/scratch/src/sst-elements/src/sst/elements/cscore_sstelem/experiments/replica_count/logs/run_replica005_load060_iter11_bw07p00.out
5,60,126.8589,1370.89625,7.01,56.051770000000005,70.80721,iter14,/nethome/kshan9/scratch/src/sst-elements/src/sst/elements/cscore_sstelem/experiments/replica_count/logs/run_replica005_load060_iter14_bw07p01.out
5,60,126.89999999999999,1554.1274999999998,7.01,56.077409999999986,70.82265,iter09,/nethome/kshan9/scratch/src/sst-elements/src/sst/elements/cscore_sstelem/experiments/replica_count/logs/run_replica005_load060_iter09_bw07p01.out
5,60,127.02980000000001,2955.7775,7.03,56.14138,70.8885,iter07,/nethome/kshan9/scratch/src/sst-elements/src/sst/elements/cscore_sstelem/experiments/replica_count/logs/run_replica005_load060_iter07_bw07p03.out
5,60,127.1026,3568.40625,7.06,56.16054,70.94192,iter05,/nethome/kshan9/scratch/src/sst-elements/src/sst/elements/cscore_sstelem/experiments/replica_count/logs/run_replica005_load060_iter05_bw07p06.out
5,60,127.16440000000001,3601.4287499999996,7.12,56.188860000000005,70.97560999999999,iter03,/nethome/kshan9/scratch/src/sst-elements/src/sst/elements/cscore_sstelem/experiments/replica_count/logs/run_replica005_load060_iter03_bw07p12.out
5,60,127.1978,3600.72625,8.09,56.2051,70.99276,right,/nethome/kshan9/scratch/src/sst-elements/src/sst/elements/cscore_sstelem/experiments/replica_count/logs/run_replica005_load060_right_bw08p09.out
5,70,6.730926999999999,801.0122499999999,0.3,2.3955589999999995,4.335368000000001,base,/nethome/kshan9/scratch/src/sst-elements/src/sst/elements/cscore_sstelem/experiments/replica_count/logs/run_replica005_load070_base_bw00p30.out
5,70,84.167,868.362375,3.75,29.989659999999997,54.17729,left,/nethome/kshan9/scratch/src/sst-elements/src/sst/elements/cscore_sstelem/experiments/replica_count/logs/run_replica005_load070_left_bw03p75.out
5,70,138.894,920.2826249999999,6.19,49.490300000000005,89.4035,iter00,/nethome/kshan9/scratch/src/sst-elements/src/sst/elements/cscore_sstelem/experiments/replica_count/logs/run_replica005_load070_iter00_bw06p19.out
5,70,152.57410000000002,915.2927499999997,6.8,54.36498,98.20899999999999,iter01,/nethome/kshan9/scratch/src/sst-elements/src/sst/elements/cscore_sstelem/experiments/replica_count/logs/run_replica005_load070_iter01_bw06p80.out
5,70,162.83169999999998,936.487625,7.25,58.021640000000005,104.8099,iter02,/nethome/kshan9/scratch/src/sst-elements/src/sst/elements/cscore_sstelem/experiments/replica_count/logs/run_replica005_load070_iter02_bw07p25.out
5,70,164.74990000000003,948.104375,7.34,58.703149999999994,106.0468,iter04,/nethome/kshan9/scratch/src/sst-elements/src/sst/elements/cscore_sstelem/experiments/replica_count/logs/run_replica005_load070_iter04_bw07p34.out
5,70,165.8353,950.0898750000001,7.39,59.0913,106.74399999999999,iter06,/nethome/kshan9/scratch/src/sst-elements/src/sst/elements/cscore_sstelem/experiments/replica_count/logs/run_replica005_load070_iter06_bw07p39.out
5,70,166.4433,953.9555,7.41,59.307390000000005,107.136,iter08,/nethome/kshan9/scratch/src/sst-elements/src/sst/elements/cscore_sstelem/experiments/replica_count/logs/run_replica005_load070_iter08_bw07p41.out
5,70,166.78229999999996,957.5178749999999,7.43,59.42455999999999,107.35749999999999,iter10,/nethome/kshan9/scratch/src/sst-elements/src/sst/elements/cscore_sstelem/experiments/replica_count/logs/run_replica005_load070_iter10_bw07p43.out
5,70,166.976,958.2669999999999,7.44,59.497009999999996,107.47900000000001,iter12,/nethome/kshan9/scratch/src/sst-elements/src/sst/elements/cscore_sstelem/experiments/replica_count/logs/run_replica005_load070_iter12_bw07p44.out
5,70,167.4127,966.0455000000002,7.46,59.65206,107.76080000000002,iter13,/nethome/kshan9/scratch/src/sst-elements/src/sst/elements/cscore_sstelem/experiments/replica_count/logs/run_replica005_load070_iter13_bw07p46.out
5,70,167.55579999999998,1197.5162500000001,7.46,59.70304999999999,107.8529,iter11,/nethome/kshan9/scratch/src/sst-elements/src/sst/elements/cscore_sstelem/experiments/replica_count/logs/run_replica005_load070_iter11_bw07p46.out
5,70,167.735,1367.48,7.47,59.77026000000001,107.9648,iter14,/nethome/kshan9/scratch/src/sst-elements/src/sst/elements/cscore_sstelem/experiments/replica_count/logs/run_replica005_load070_iter14_bw07p47.out
5,70,167.7893,1549.1512500000001,7.47,59.7959,107.9935,iter09,/nethome/kshan9/scratch/src/sst-elements/src/sst/elements/cscore_sstelem/experiments/replica_count/logs/run_replica005_load070_iter09_bw07p47.out
5,70,168.09439999999998,3627.4275000000002,7.6,59.8956,108.1989,iter03,/nethome/kshan9/scratch/src/sst-elements/src/sst/elements/cscore_sstelem/experiments/replica_count/logs/run_replica005_load070_iter03_bw07p60.out
5,70,168.13379999999998,3067.4725000000003,7.49,59.91487,108.2191,iter07,/nethome/kshan9/scratch/src/sst-elements/src/sst/elements/cscore_sstelem/experiments/replica_count/logs/run_replica005_load070_iter07_bw07p49.out
5,70,168.14700000000002,3668.62,8.62,59.91346,108.23360000000001,right,/nethome/kshan9/scratch/src/sst-elements/src/sst/elements/cscore_sstelem/experiments/replica_count/logs/run_replica005_load070_right_bw08p62.out
5,70,168.2165,3619.20375,7.53,59.937839999999994,108.2785,iter05,/nethome/kshan9/scratch/src/sst-elements/src/sst/elements/cscore_sstelem/experiments/replica_count/logs/run_replica005_load070_iter05_bw07p53.out
5,80,8.79161,801.5579999999999,0.3,2.392497,6.399131000000001,base,/nethome/kshan9/scratch/src/sst-elements/src/sst/elements/cscore_sstelem/experiments/replica_count/logs/run_replica005_load080_base_bw00p30.out
5,80,122.87020000000001,882.7342500000002,4.19,33.50864,89.3618,left,/nethome/kshan9/scratch/src/sst-elements/src/sst/elements/cscore_sstelem/experiments/replica_count/logs/run_replica005_load080_left_bw04p19.out
5,80,202.7526,956.5688750000002,6.91,55.29569,147.4568,iter00,/nethome/kshan9/scratch/src/sst-elements/src/sst/elements/cscore_sstelem/experiments/replica_count/logs/run_replica005_load080_iter00_bw06p91.out
5,80,222.72400000000002,954.5603749999999,7.59,60.74203000000001,161.9819,iter01,/nethome/kshan9/scratch/src/sst-elements/src/sst/elements/cscore_sstelem/experiments/replica_count/logs/run_replica005_load080_iter01_bw07p59.out
5,80,237.69670000000002,964.2823749999999,8.1,64.82448000000001,172.87199999999999,iter02,/nethome/kshan9/scratch/src/sst-elements/src/sst/elements/cscore_sstelem/experiments/replica_count/logs/run_replica005_load080_iter02_bw08p10.out
5,80,240.49789999999996,965.91775,8.2,65.5893,174.90840000000003,iter04,/nethome/kshan9/scratch/src/sst-elements/src/sst/elements/cscore_sstelem/experiments/replica_count/logs/run_replica005_load080_iter04_bw08p20.out
5,80,242.0811,966.3217499999998,8.25,66.02273000000001,176.05859999999998,iter06,/nethome/kshan9/scratch/src/sst-elements/src/sst/elements/cscore_sstelem/experiments/replica_count/logs/run_replica005_load080_iter06_bw08p25.out
5,80,242.966,967.8365,8.28,66.26328,176.70270000000002,iter08,/nethome/kshan9/scratch/src/sst-elements/src/sst/elements/cscore_sstelem/experiments/replica_count/logs/run_replica005_load080_iter08_bw08p28.out
5,80,243.46949999999998,970.0706250000001,8.3,66.39989000000001,177.0694,iter10,/nethome/kshan9/scratch/src/sst-elements/src/sst/elements/cscore_sstelem/experiments/replica_count/logs/run_replica005_load080_iter10_bw08p30.out
5,80,243.7489,972.8863749999999,8.31,66.47715,177.2718,iter12,/nethome/kshan9/scratch/src/sst-elements/src/sst/elements/cscore_sstelem/experiments/replica_count/logs/run_replica005_load080_iter12_bw08p31.out
5,80,244.38320000000002,976.0667500000001,8.33,66.64896,177.7341,iter13,/nethome/kshan9/scratch/src/sst-elements/src/sst/elements/cscore_sstelem/experiments/replica_count/logs/run_replica005_load080_iter13_bw08p33.out
5,80,244.5852,1064.9062499999998,8.34,66.71045,177.8748,iter11,/nethome/kshan9/scratch/src/sst-elements/src/sst/elements/cscore_sstelem/experiments/replica_count/logs/run_replica005_load080_iter11_bw08p34.out
5,80,244.87239999999997,1404.8062499999999,8.35,66.78156,178.0911,iter14,/nethome/kshan9/scratch/src/sst-elements/src/sst/elements/cscore_sstelem/experiments/replica_count/logs/run_replica005_load080_iter14_bw08p35.out
5,80,244.96970000000002,1615.98125,8.35,66.80915,178.1608,iter09,/nethome/kshan9/scratch/src/sst-elements/src/sst/elements/cscore_sstelem/experiments/replica_count/logs/run_replica005_load080_iter09_bw08p35.out
5,80,245.30390000000003,3359.345,8.41,66.89847999999999,178.40550000000002,iter05,/nethome/kshan9/scratch/src/sst-elements/src/sst/elements/cscore_sstelem/experiments/replica_count/logs/run_replica005_load080_iter05_bw08p41.out
5,80,245.4187,3355.9762499999997,8.49,66.93608,178.48260000000002,iter03,/nethome/kshan9/scratch/src/sst-elements/src/sst/elements/cscore_sstelem/experiments/replica_count/logs/run_replica005_load080_iter03_bw08p49.out
5,80,245.45080000000002,3361.8975,9.63,66.94144999999999,178.5093,right,/nethome/kshan9/scratch/src/sst-elements/src/sst/elements/cscore_sstelem/experiments/replica_count/logs/run_replica005_load080_right_bw09p63.out
5,80,245.6466,2712.6949999999997,8.37,66.98581999999999,178.6608,iter07,/nethome/kshan9/scratch/src/sst-elements/src/sst/elements/cscore_sstelem/experiments/replica_count/logs/run_replica005_load080_iter07_bw08p37.out
5,90,12.574770000000001,799.0695,0.3,2.4068840000000002,10.16788,base,/nethome/kshan9/scratch/src/sst-elements/src/sst/elements/cscore_sstelem/experiments/replica_count/logs/run_replica005_load090_base_bw00p30.out
5,90,151.893,841.0563749999999,3.63,29.014580000000002,122.8785,left,/nethome/kshan9/scratch/src/sst-elements/src/sst/elements/cscore_sstelem/experiments/replica_count/logs/run_replica005_load090_left_bw03p63.out
5,90,250.6244,968.3226250000001,5.98,47.87033,202.7542,iter00,/nethome/kshan9/scratch/src/sst-elements/src/sst/elements/cscore_sstelem/experiments/replica_count/logs/run_replica005_load090_iter00_bw05p98.out
5,90,275.3062,983.7982499999999,6.57,52.5877,222.7186,iter01,/nethome/kshan9/scratch/src/sst-elements/src/sst/elements/cscore_sstelem/experiments/replica_count/logs/run_replica005_load090_iter01_bw06p57.out
5,90,279.9346,992.4181249999999,6.68,53.47189,226.46259999999998,iter03,/nethome/kshan9/scratch/src/sst-elements/src/sst/elements/cscore_sstelem/experiments/replica_count/logs/run_replica005_load090_iter03_bw06p68.out
5,90,282.53740000000005,991.9196250000001,6.75,53.96687,228.5705,iter05,/nethome/kshan9/scratch/src/sst-elements/src/sst/elements/cscore_sstelem/experiments/replica_count/logs/run_replica005_load090_iter05_bw06p75.out
5,90,288.3956,997.9350000000001,6.89,55.086929999999995,233.3086,iter06,/nethome/kshan9/scratch/src/sst-elements/src/sst/elements/cscore_sstelem/experiments/replica_count/logs/run_replica005_load090_iter06_bw06p89.out
5,90,288.7238,998.2790000000001,6.89,55.14947999999999,233.57429999999997,iter11,/nethome/kshan9/scratch/src/sst-elements/src/sst/elements/cscore_sstelem/experiments/replica_count/logs/run_replica005_load090_iter11_bw06p89.out
5,90,288.9804,999.5459999999999,6.9,55.19672,233.78359999999998,iter13,/nethome/kshan9/scratch/src/sst-elements/src/sst/elements/cscore_sstelem/experiments/replica_count/logs/run_replica005_load090_iter13_bw06p90.out
5,90,289.4883,999.7548750000001,6.91,55.29207,234.19610000000003,iter08,/nethome/kshan9/scratch/src/sst-elements/src/sst/elements/cscore_sstelem/experiments/replica_count/logs/run_replica005_load090_iter08_bw06p91.out
5,90,289.5673,999.8751250000001,6.91,55.31017,234.257,iter14,/nethome/kshan9/scratch/src/sst-elements/src/sst/elements/cscore_sstelem/experiments/replica_count/logs/run_replica005_load090_iter14_bw06p91.out
5,90,289.7614,1000.1396249999999,6.92,55.34771,234.41360000000003,iter12,/nethome/kshan9/scratch/src/sst-elements/src/sst/elements/cscore_sstelem/experiments/replica_count/logs/run_replica005_load090_iter12_bw06p92.out
5,90,290.1085,1000.997125,6.93,55.41292999999999,234.69570000000002,iter10,/nethome/kshan9/scratch/src/sst-elements/src/sst/elements/cscore_sstelem/experiments/replica_count/logs/run_replica005_load090_iter10_bw06p93.out
5,90,290.3472,1000.834875,6.93,55.46057,234.88670000000002,iter04,/nethome/kshan9/scratch/src/sst-elements/src/sst/elements/cscore_sstelem/experiments/replica_count/logs/run_replica005_load090_iter04_bw06p93.out
5,90,291.9539,1042.3275,6.97,55.770570000000006,236.18330000000003,iter09,/nethome/kshan9/scratch/src/sst-elements/src/sst/elements/cscore_sstelem/experiments/replica_count/logs/run_replica005_load090_iter09_bw06p97.out
5,90,292.7759,1120.0800000000002,6.99,55.92572,236.8503,iter07,/nethome/kshan9/scratch/src/sst-elements/src/sst/elements/cscore_sstelem/experiments/replica_count/logs/run_replica005_load090_iter07_bw06p99.out
5,90,293.8052,1236.0525,7.02,56.12053,237.6846,iter02,/nethome/kshan9/scratch/src/sst-elements/src/sst/elements/cscore_sstelem/experiments/replica_count/logs/run_replica005_load090_iter02_bw07p02.out
5,90,300.3199,4190.54875,8.34,57.36590999999999,242.95409999999998,right,/nethome/kshan9/scratch/src/sst-elements/src/sst/elements/cscore_sstelem/experiments/replica_count/logs/run_replica005_load090_right_bw08p34.out
5,100,21.598969999999998,797.57,0.3,2.400099,19.19887,base,/nethome/kshan9/scratch/src/sst-elements/src/sst/elements/cscore_sstelem/experiments/replica_count/logs/run_replica005_load100_base_bw00p30.out
5,100,138.2397,801.151875,1.92,15.359960000000001,122.8796,left,/nethome/kshan9/scratch/src/sst-elements/src/sst/elements/cscore_sstelem/experiments/replica_count/logs/run_replica005_load100_left_bw01p92.out
5,100,228.0973,805.141875,3.17,25.34415,202.7534,iter00,/nethome/kshan9/scratch/src/sst-elements/src/sst/elements/cscore_sstelem/experiments/replica_count/logs/run_replica005_load100_iter00_bw03p17.out
5,100,250.55930000000004,810.034625,3.48,27.840130000000002,222.71919999999997,iter01,/nethome/kshan9/scratch/src/sst-elements/src/sst/elements/cscore_sstelem/experiments/replica_count/logs/run_replica005_load100_iter01_bw03p48.out
5,100,254.7721,814.2202500000001,3.54,28.30799,226.464,iter03,/nethome/kshan9/scratch/src/sst-elements/src/sst/elements/cscore_sstelem/experiments/replica_count/logs/run_replica005_load100_iter03_bw03p54.out
5,100,262.02590000000004,813.80575,3.64,29.11481,232.91090000000003,iter07,/nethome/kshan9/scratch/src/sst-elements/src/sst/elements/cscore_sstelem/experiments/replica_count/logs/run_replica005_load100_iter07_bw03p64.out
5,100,264.2326,916.6425,3.67,29.36085,234.8718,iter04,/nethome/kshan9/scratch/src/sst-elements/src/sst/elements/cscore_sstelem/experiments/replica_count/logs/run_replica005_load100_iter04_bw03p67.out
5,100,264.3096,922.2452499999999,3.67,29.36976,234.94,iter11,/nethome/kshan9/scratch/src/sst-elements/src/sst/elements/cscore_sstelem/experiments/replica_count/logs/run_replica005_load100_iter11_bw03p67.out
5,100,264.5481,940.534625,3.67,29.39587,235.1523,iter13,/nethome/kshan9/scratch/src/sst-elements/src/sst/elements/cscore_sstelem/experiments/replica_count/logs/run_replica005_load100_iter13_bw03p67.out
5,100,265.01390000000004,978.8004999999998,3.68,29.44773,235.56599999999997,iter08,/nethome/kshan9/scratch/src/sst-elements/src/sst/elements/cscore_sstelem/experiments/replica_count/logs/run_replica005_load100_iter08_bw03p68.out
5,100,265.07939999999996,984.61775,3.68,29.45501,235.6244,iter14,/nethome/kshan9/scratch/src/sst-elements/src/sst/elements/cscore_sstelem/experiments/replica_count/logs/run_replica005_load100_iter14_bw03p68.out
5,100,265.25919999999996,1000.4017499999999,3.68,29.47495,235.7844,iter12,/nethome/kshan9/scratch/src/sst-elements/src/sst/elements/cscore_sstelem/experiments/replica_count/logs/run_replica005_load100_iter12_bw03p68.out
5,100,265.5742,1029.3500000000001,3.69,29.50959,236.0647,iter10,/nethome/kshan9/scratch/src/sst-elements/src/sst/elements/cscore_sstelem/experiments/replica_count/logs/run_replica005_load100_iter10_bw03p69.out
5,100,266.0125,1072.495,3.69,29.558230000000002,236.45420000000001,iter06,/nethome/kshan9/scratch/src/sst-elements/src/sst/elements/cscore_sstelem/experiments/replica_count/logs/run_replica005_load100_iter06_bw03p69.out
5,100,267.2628,1218.17625,3.71,29.69781,237.56470000000002,iter09,/nethome/kshan9/scratch/src/sst-elements/src/sst/elements/cscore_sstelem/experiments/replica_count/logs/run_replica005_load100_iter09_bw03p71.out
5,100,267.3957,1236.0549999999998,3.71,29.71188,237.68359999999998,iter02,/nethome/kshan9/scratch/src/sst-elements/src/sst/elements/cscore_sstelem/experiments/replica_count/logs/run_replica005_load100_iter02_bw03p71.out
5,100,271.3501,2189.38625,3.77,30.151090000000003,241.199,iter05,/nethome/kshan9/scratch/src/sst-elements/src/sst/elements/cscore_sstelem/experiments/replica_count/logs/run_replica005_load100_iter05_bw03p77.out
5,100,275.3232,9710.89,4.42,30.591280000000005,244.73119999999997,right,/nethome/kshan9/scratch/src/sst-elements/src/sst/elements/cscore_sstelem/experiments/replica_count/logs/run_replica005_load100_right_bw04p42.out
6,0,2.401144,802.3465000000001,0.3,2.401144,0.0,base,/nethome/kshan9/scratch/src/sst-elements/src/sst/elements/cscore_sstelem/experiments/replica_count/logs/run_replica006_load000_base_bw00p30.out
6,0,24.579819999999998,847.622125,3.07,24.579819999999998,0.0,left,/nethome/kshan9/scratch/src/sst-elements/src/sst/elements/cscore_sstelem/experiments/replica_count/logs/run_replica006_load000_left_bw03p07.out
6,0,40.55044,869.4819999999999,5.07,40.55044,0.0,iter00,/nethome/kshan9/scratch/src/sst-elements/src/sst/elements/cscore_sstelem/experiments/replica_count/logs/run_replica006_load000_iter00_bw05p07.out
6,0,44.539919999999995,856.307875,5.57,44.539919999999995,0.0,iter01,/nethome/kshan9/scratch/src/sst-elements/src/sst/elements/cscore_sstelem/experiments/replica_count/logs/run_replica006_load000_iter01_bw05p57.out
6,0,47.5392,951.661,5.94,47.5392,0.0,iter02,/nethome/kshan9/scratch/src/sst-elements/src/sst/elements/cscore_sstelem/experiments/replica_count/logs/run_replica006_load000_iter02_bw05p94.out
6,0,48.1008,940.5379999999998,6.01,48.1008,0.0,iter04,/nethome/kshan9/scratch/src/sst-elements/src/sst/elements/cscore_sstelem/experiments/replica_count/logs/run_replica006_load000_iter04_bw06p01.out
6,0,48.41672,934.394,6.05,48.41672,0.0,iter06,/nethome/kshan9/scratch/src/sst-elements/src/sst/elements/cscore_sstelem/experiments/replica_count/logs/run_replica006_load000_iter06_bw06p05.out
6,0,48.5944,930.9750000000001,6.07,48.5944,0.0,iter08,/nethome/kshan9/scratch/src/sst-elements/src/sst/elements/cscore_sstelem/experiments/replica_count/logs/run_replica006_load000_iter08_bw06p07.out
6,0,48.69432,929.0630000000001,6.09,48.69432,0.0,iter10,/nethome/kshan9/scratch/src/sst-elements/src/sst/elements/cscore_sstelem/experiments/replica_count/logs/run_replica006_load000_iter10_bw06p09.out
6,0,48.86648000000001,925.78525,6.11,48.86648000000001,0.0,iter14,/nethome/kshan9/scratch/src/sst-elements/src/sst/elements/cscore_sstelem/experiments/replica_count/logs/run_replica006_load000_iter14_bw06p11.out
6,0,48.919160000000005,924.7874999999999,6.11,48.919160000000005,0.0,iter11,/nethome/kshan9/scratch/src/sst-elements/src/sst/elements/cscore_sstelem/experiments/replica_count/logs/run_replica006_load000_iter11_bw06p11.out
6,0,48.95994,1086.75375,6.12,48.95994,0.0,iter13,/nethome/kshan9/scratch/src/sst-elements/src/sst/elements/cscore_sstelem/experiments/replica_count/logs/run_replica006_load000_iter13_bw06p12.out
6,0,48.993339999999996,1297.54875,6.12,48.993339999999996,0.0,iter09,/nethome/kshan9/scratch/src/sst-elements/src/sst/elements/cscore_sstelem/experiments/replica_count/logs/run_replica006_load000_iter09_bw06p12.out
6,0,49.08693,2730.32625,6.14,49.08693,0.0,iter12,/nethome/kshan9/scratch/src/sst-elements/src/sst/elements/cscore_sstelem/experiments/replica_count/logs/run_replica006_load000_iter12_bw06p14.out
6,0,49.09143,4297.50875,6.17,49.09143,0.0,iter05,/nethome/kshan9/scratch/src/sst-elements/src/sst/elements/cscore_sstelem/experiments/replica_count/logs/run_replica006_load000_iter05_bw06p17.out
6,0,49.0954,4303.0824999999995,6.22,49.0954,0.0,iter03,/nethome/kshan9/scratch/src/sst-elements/src/sst/elements/cscore_sstelem/experiments/replica_count/logs/run_replica006_load000_iter03_bw06p22.out
6,0,49.10593,4299.459999999999,7.07,49.10593,0.0,right,/nethome/kshan9/scratch/src/sst-elements/src/sst/elements/cscore_sstelem/experiments/replica_count/logs/run_replica006_load000_right_bw07p07.out
6,0,49.10646,3804.91125,6.14,49.10646,0.0,iter07,/nethome/kshan9/scratch/src/sst-elements/src/sst/elements/cscore_sstelem/experiments/replica_count/logs/run_replica006_load000_iter07_bw06p14.out
6,10,2.656084,804.4585000000001,0.3,2.39677,0.2593163,base,/nethome/kshan9/scratch/src/sst-elements/src/sst/elements/cscore_sstelem/experiments/replica_count/logs/run_replica006_load010_base_bw00p30.out
6,10,27.59077,847.6019999999999,3.11,24.86343,2.7273359999999998,left,/nethome/kshan9/scratch/src/sst-elements/src/sst/elements/cscore_sstelem/experiments/replica_count/logs/run_replica006_load010_left_bw03p11.out
6,10,45.51031999999999,871.497,5.13,41.01824,4.492064,iter00,/nethome/kshan9/scratch/src/sst-elements/src/sst/elements/cscore_sstelem/experiments/replica_count/logs/run_replica006_load010_iter00_bw05p13.out
6,10,49.99053000000001,853.0622500000001,5.63,45.05481,4.935719999999999,iter01,/nethome/kshan9/scratch/src/sst-elements/src/sst/elements/cscore_sstelem/experiments/replica_count/logs/run_replica006_load010_iter01_bw05p63.out
6,10,53.351679999999995,953.8660000000002,6.01,48.08888000000001,5.262792,iter02,/nethome/kshan9/scratch/src/sst-elements/src/sst/elements/cscore_sstelem/experiments/replica_count/logs/run_replica006_load010_iter02_bw06p01.out
6,10,53.98192,942.7170000000002,6.08,48.65696,5.324952,iter04,/nethome/kshan9/scratch/src/sst-elements/src/sst/elements/cscore_sstelem/experiments/replica_count/logs/run_replica006_load010_iter04_bw06p08.out
6,10,54.33648,936.561,6.12,48.97656,5.359928,iter06,/nethome/kshan9/scratch/src/sst-elements/src/sst/elements/cscore_sstelem/experiments/replica_count/logs/run_replica006_load010_iter06_bw06p12.out
6,10,54.53591999999999,933.1309999999999,6.14,49.15632,5.379607999999999,iter08,/nethome/kshan9/scratch/src/sst-elements/src/sst/elements/cscore_sstelem/experiments/replica_count/logs/run_replica006_load010_iter08_bw06p14.out
6,10,54.648160000000004,931.214,6.16,49.25752,5.39068,iter10,/nethome/kshan9/scratch/src/sst-elements/src/sst/elements/cscore_sstelem/experiments/replica_count/logs/run_replica006_load010_iter10_bw06p16.out
6,10,54.84154,927.92975,6.18,49.431779999999996,5.4097539999999995,iter14,/nethome/kshan9/scratch/src/sst-elements/src/sst/elements/cscore_sstelem/experiments/replica_count/logs/run_replica006_load010_iter14_bw06p18.out
6,10,54.90052,926.9302500000001,6.19,49.48498,5.41557,iter11,/nethome/kshan9/scratch/src/sst-elements/src/sst/elements/cscore_sstelem/experiments/replica_count/logs/run_replica006_load010_iter11_bw06p19.out
6,10,54.95192,1086.46875,6.19,49.524390000000004,5.427529,iter13,/nethome/kshan9/scratch/src/sst-elements/src/sst/elements/cscore_sstelem/experiments/replica_count/logs/run_replica006_load010_iter13_bw06p19.out
6,10,54.98978,1313.68,6.19,49.56092999999999,5.428854000000001,iter09,/nethome/kshan9/scratch/src/sst-elements/src/sst/elements/cscore_sstelem/experiments/replica_count/logs/run_replica006_load010_iter09_bw06p19.out
6,10,55.06802999999999,4003.92875,6.3,49.62994,5.438095000000001,iter03,/nethome/kshan9/scratch/src/sst-elements/src/sst/elements/cscore_sstelem/experiments/replica_count/logs/run_replica006_load010_iter03_bw06p30.out
6,10,55.09989,2476.16875,6.21,49.66019,5.439704000000001,iter12,/nethome/kshan9/scratch/src/sst-elements/src/sst/elements/cscore_sstelem/experiments/replica_count/logs/run_replica006_load010_iter12_bw06p21.out
6,10,55.10272,2972.7349999999997,6.21,49.66113,5.441598,iter07,/nethome/kshan9/scratch/src/sst-elements/src/sst/elements/cscore_sstelem/experiments/replica_count/logs/run_replica006_load010_iter07_bw06p21.out
6,10,55.10945,3990.4237500000004,6.24,49.66681,5.442632000000001,iter05,/nethome/kshan9/scratch/src/sst-elements/src/sst/elements/cscore_sstelem/experiments/replica_count/logs/run_replica006_load010_iter05_bw06p24.out
6,10,55.11019,3999.57625,7.15,49.666900000000005,5.4432860000000005,right,/nethome/kshan9/scratch/src/sst-elements/src/sst/elements/cscore_sstelem/experiments/replica_count/logs/run_replica006_load010_right_bw07p15.out
6,20,2.987425,799.9398750000001,0.3,2.404513,0.5829122,base,/nethome/kshan9/scratch/src/sst-elements/src/sst/elements/cscore_sstelem/experiments/replica_count/logs/run_replica006_load020_base_bw00p30.out
6,20,31.33194,848.2905000000001,3.15,25.21392,6.118004,left,/nethome/kshan9/scratch/src/sst-elements/src/sst/elements/cscore_sstelem/experiments/replica_count/logs/run_replica006_load020_left_bw03p15.out
6,20,51.69583999999999,874.02,5.2,41.60023999999999,10.09552,iter00,/nethome/kshan9/scratch/src/sst-elements/src/sst/elements/cscore_sstelem/experiments/replica_count/logs/run_replica006_load020_iter00_bw05p20.out
6,20,56.77054,846.364625,5.71,45.6952,11.07536,iter01,/nethome/kshan9/scratch/src/sst-elements/src/sst/elements/cscore_sstelem/experiments/replica_count/logs/run_replica006_load020_iter01_bw05p71.out
6,20,60.59314,956.4266249999998,6.1,48.77072999999999,11.82241,iter02,/nethome/kshan9/scratch/src/sst-elements/src/sst/elements/cscore_sstelem/experiments/replica_count/logs/run_replica006_load020_iter02_bw06p10.out
6,20,61.317040000000006,945.4369999999999,6.17,49.34768,11.969359999999998,iter04,/nethome/kshan9/scratch/src/sst-elements/src/sst/elements/cscore_sstelem/experiments/replica_count/logs/run_replica006_load020_iter04_bw06p17.out
6,20,61.71845999999999,939.263,6.21,49.67204000000001,12.04642,iter06,/nethome/kshan9/scratch/src/sst-elements/src/sst/elements/cscore_sstelem/experiments/replica_count/logs/run_replica006_load020_iter06_bw06p21.out
6,20,61.94632000000001,935.8249999999999,6.23,49.85415999999999,12.092240000000002,iter08,/nethome/kshan9/scratch/src/sst-elements/src/sst/elements/cscore_sstelem/experiments/replica_count/logs/run_replica006_load020_iter08_bw06p23.out
6,20,62.07366000000001,933.90125,6.24,49.95662,12.117040000000001,iter10,/nethome/kshan9/scratch/src/sst-elements/src/sst/elements/cscore_sstelem/experiments/replica_count/logs/run_replica006_load020_iter10_bw06p24.out
6,20,62.293079999999996,930.6092500000002,6.27,50.133199999999995,12.15991,iter14,/nethome/kshan9/scratch/src/sst-elements/src/sst/elements/cscore_sstelem/experiments/replica_count/logs/run_replica006_load020_iter14_bw06p27.out
6,20,62.36014,929.6084999999999,6.27,50.187180000000005,12.172960000000002,iter11,/nethome/kshan9/scratch/src/sst-elements/src/sst/elements/cscore_sstelem/experiments/replica_count/logs/run_replica006_load020_iter11_bw06p27.out
6,20,62.40395,1086.9512499999998,6.28,50.23088,12.173060000000001,iter13,/nethome/kshan9/scratch/src/sst-elements/src/sst/elements/cscore_sstelem/experiments/replica_count/logs/run_replica006_load020_iter13_bw06p28.out
6,20,62.449729999999995,1331.31,6.28,50.26558,12.184169999999998,iter09,/nethome/kshan9/scratch/src/sst-elements/src/sst/elements/cscore_sstelem/experiments/replica_count/logs/run_replica006_load020_iter09_bw06p28.out
6,20,62.53886000000001,3857.56125,6.33,50.336240000000004,12.20262,iter05,/nethome/kshan9/scratch/src/sst-elements/src/sst/elements/cscore_sstelem/experiments/replica_count/logs/run_replica006_load020_iter05_bw06p33.out
6,20,62.56681,2473.38625,6.29,50.35981,12.206990000000001,iter12,/nethome/kshan9/scratch/src/sst-elements/src/sst/elements/cscore_sstelem/experiments/replica_count/logs/run_replica006_load020_iter12_bw06p29.out
6,20,62.57633,3913.02375,6.38,50.36645,12.20986,iter03,/nethome/kshan9/scratch/src/sst-elements/src/sst/elements/cscore_sstelem/experiments/replica_count/logs/run_replica006_load020_iter03_bw06p38.out
6,20,62.59426,3024.5025000000005,6.3,50.380880000000005,12.213379999999999,iter07,/nethome/kshan9/scratch/src/sst-elements/src/sst/elements/cscore_sstelem/experiments/replica_count/logs/run_replica006_load020_iter07_bw06p30.out
6,20,62.59715,3913.48375,7.25,50.38197,12.21517,right,/nethome/kshan9/scratch/src/sst-elements/src/sst/elements/cscore_sstelem/experiments/replica_count/logs/run_replica006_load020_right_bw07p25.out
6,30,3.385217,801.095,0.3,2.404887,0.980336,base,/nethome/kshan9/scratch/src/sst-elements/src/sst/elements/cscore_sstelem/experiments/replica_count/logs/run_replica006_load030_base_bw00p30.out
6,30,36.1034,850.0667500000001,3.21,25.665119999999998,10.4383,left,/nethome/kshan9/scratch/src/sst-elements/src/sst/elements/cscore_sstelem/experiments/replica_count/logs/run_replica006_load030_left_bw03p21.out
6,30,59.565059999999995,877.21475,5.29,42.34416,17.220940000000002,iter00,/nethome/kshan9/scratch/src/sst-elements/src/sst/elements/cscore_sstelem/experiments/replica_count/logs/run_replica006_load030_iter00_bw05p29.out
6,30,65.43654,860.66375,5.81,46.51305,18.92349,iter01,/nethome/kshan9/scratch/src/sst-elements/src/sst/elements/cscore_sstelem/experiments/replica_count/logs/run_replica006_load030_iter01_bw05p81.out
6,30,69.83621,960.0074999999999,6.21,49.641999999999996,20.194240000000004,iter02,/nethome/kshan9/scratch/src/sst-elements/src/sst/elements/cscore_sstelem/experiments/replica_count/logs/run_replica006_load030_iter02_bw06p21.out
6,30,70.66552,948.945,6.28,50.2296,20.43591,iter04,/nethome/kshan9/scratch/src/sst-elements/src/sst/elements/cscore_sstelem/experiments/replica_count/logs/run_replica006_load030_iter04_bw06p28.out
6,30,71.12821999999998,942.747625,6.32,50.55969,20.56854,iter06,/nethome/kshan9/scratch/src/sst-elements/src/sst/elements/cscore_sstelem/experiments/replica_count/logs/run_replica006_load030_iter06_bw06p32.out
6,30,71.39056000000001,939.2922499999999,6.34,50.745000000000005,20.64557,iter08,/nethome/kshan9/scratch/src/sst-elements/src/sst/elements/cscore_sstelem/experiments/replica_count/logs/run_replica006_load030_iter08_bw06p34.out
6,30,71.53603999999999,937.366125,6.36,50.849579999999996,20.686500000000002,iter10,/nethome/kshan9/scratch/src/sst-elements/src/sst/elements/cscore_sstelem/experiments/replica_count/logs/run_replica006_load030_iter10_bw06p36.out
6,30,71.7904,934.061875,6.38,51.02920999999999,20.76119,iter14,/nethome/kshan9/scratch/src/sst-elements/src/sst/elements/cscore_sstelem/experiments/replica_count/logs/run_replica006_load030_iter14_bw06p38.out
6,30,71.86771,933.0559999999999,6.39,51.08415,20.78355,iter11,/nethome/kshan9/scratch/src/sst-elements/src/sst/elements/cscore_sstelem/experiments/replica_count/logs/run_replica006_load030_iter11_bw06p39.out
6,30,71.92827,1105.3875,6.39,51.132,20.79628,iter13,/nethome/kshan9/scratch/src/sst-elements/src/sst/elements/cscore_sstelem/experiments/replica_count/logs/run_replica006_load030_iter13_bw06p39.out
6,30,71.97146000000001,1310.9662500000002,6.4,51.160560000000004,20.81089,iter09,/nethome/kshan9/scratch/src/sst-elements/src/sst/elements/cscore_sstelem/experiments/replica_count/logs/run_replica006_load030_iter09_bw06p40.out
6,30,72.08183,3903.7275,6.5,51.239360000000005,20.84246,iter03,/nethome/kshan9/scratch/src/sst-elements/src/sst/elements/cscore_sstelem/experiments/replica_count/logs/run_replica006_load030_iter03_bw06p50.out
6,30,72.09904,2437.2574999999997,6.41,51.25578,20.843270000000004,iter12,/nethome/kshan9/scratch/src/sst-elements/src/sst/elements/cscore_sstelem/experiments/replica_count/logs/run_replica006_load030_iter12_bw06p41.out
6,30,72.12577,3902.9537500000006,7.38,51.27047999999999,20.855270000000004,right,/nethome/kshan9/scratch/src/sst-elements/src/sst/elements/cscore_sstelem/experiments/replica_count/logs/run_replica006_load030_right_bw07p38.out
6,30,72.14925,2936.84875,6.41,51.285,20.864250000000002,iter07,/nethome/kshan9/scratch/src/sst-elements/src/sst/elements/cscore_sstelem/experiments/replica_count/logs/run_replica006_load030_iter07_bw06p41.out
6,30,72.17938000000001,3785.75875,6.44,51.30857999999999,20.870810000000002,iter05,/nethome/kshan9/scratch/src/sst-elements/src/sst/elements/cscore_sstelem/experiments/replica_count/logs/run_replica006_load030_iter05_bw06p44.out
6,40,3.8801430000000003,801.1007499999998,0.3,2.405825,1.474319,base,/nethome/kshan9/scratch/src/sst-elements/src/sst/elements/cscore_sstelem/experiments/replica_count/logs/run_replica006_load040_base_bw00p30.out
6,40,42.40942,850.211875,3.28,26.26024,16.149179999999998,left,/nethome/kshan9/scratch/src/sst-elements/src/sst/elements/cscore_sstelem/experiments/replica_count/logs/run_replica006_load040_left_bw03p28.out
6,40,69.98854000000001,881.5770000000002,5.42,43.32886,26.659649999999996,iter00,/nethome/kshan9/scratch/src/sst-elements/src/sst/elements/cscore_sstelem/experiments/replica_count/logs/run_replica006_load040_iter00_bw05p42.out
6,40,76.88737,854.4775,5.95,47.59557000000001,29.291809999999998,iter01,/nethome/kshan9/scratch/src/sst-elements/src/sst/elements/cscore_sstelem/experiments/replica_count/logs/run_replica006_load040_iter01_bw05p95.out
6,40,82.0502,963.3171249999999,6.35,50.79409,31.25617,iter02,/nethome/kshan9/scratch/src/sst-elements/src/sst/elements/cscore_sstelem/experiments/replica_count/logs/run_replica006_load040_iter02_bw06p35.out
6,40,83.0299,953.6160000000002,6.42,51.39477,31.634840000000004,iter04,/nethome/kshan9/scratch/src/sst-elements/src/sst/elements/cscore_sstelem/experiments/replica_count/logs/run_replica006_load040_iter04_bw06p42.out
6,40,83.57480000000001,947.387,6.47,51.7323,31.8426,iter06,/nethome/kshan9/scratch/src/sst-elements/src/sst/elements/cscore_sstelem/experiments/replica_count/logs/run_replica006_load040_iter06_bw06p47.out
6,40,83.8832,943.919,6.49,51.92192,31.96096,iter08,/nethome/kshan9/scratch/src/sst-elements/src/sst/elements/cscore_sstelem/experiments/replica_count/logs/run_replica006_load040_iter08_bw06p49.out
6,40,84.0552,941.979,6.5,52.02872000000001,32.026720000000005,iter10,/nethome/kshan9/scratch/src/sst-elements/src/sst/elements/cscore_sstelem/experiments/replica_count/logs/run_replica006_load040_iter10_bw06p50.out
6,40,84.3515,938.6570000000002,6.53,52.212939999999996,32.13849999999999,iter14,/nethome/kshan9/scratch/src/sst-elements/src/sst/elements/cscore_sstelem/experiments/replica_count/logs/run_replica006_load040_iter14_bw06p53.out
6,40,84.4438,937.645,6.53,52.269059999999996,32.174659999999996,iter11,/nethome/kshan9/scratch/src/sst-elements/src/sst/elements/cscore_sstelem/experiments/replica_count/logs/run_replica006_load040_iter11_bw06p53.out
6,40,84.5119,1123.5912500000002,6.54,52.320310000000006,32.19157,iter13,/nethome/kshan9/scratch/src/sst-elements/src/sst/elements/cscore_sstelem/experiments/replica_count/logs/run_replica006_load040_iter13_bw06p54.out
6,40,84.5619,1306.98875,6.54,52.348980000000005,32.21304,iter09,/nethome/kshan9/scratch/src/sst-elements/src/sst/elements/cscore_sstelem/experiments/replica_count/logs/run_replica006_load040_iter09_bw06p54.out
6,40,84.70049999999999,3887.2912499999998,6.59,52.4344,32.266279999999995,iter05,/nethome/kshan9/scratch/src/sst-elements/src/sst/elements/cscore_sstelem/experiments/replica_count/logs/run_replica006_load040_iter05_bw06p59.out
6,40,84.726,2504.6324999999997,6.56,52.448220000000006,32.27783,iter12,/nethome/kshan9/scratch/src/sst-elements/src/sst/elements/cscore_sstelem/experiments/replica_count/logs/run_replica006_load040_iter12_bw06p56.out
6,40,84.73,2906.3275000000003,6.56,52.45658999999999,32.2735,iter07,/nethome/kshan9/scratch/src/sst-elements/src/sst/elements/cscore_sstelem/experiments/replica_count/logs/run_replica006_load040_iter07_bw06p56.out
6,40,84.7576,3909.5187500000006,7.55,52.469570000000004,32.2881,right,/nethome/kshan9/scratch/src/sst-elements/src/sst/elements/cscore_sstelem/experiments/replica_count/logs/run_replica006_load040_right_bw07p55.out
6,40,84.76540000000001,3900.25125,6.65,52.47271,32.29278,iter03,/nethome/kshan9/scratch/src/sst-elements/src/sst/elements/cscore_sstelem/experiments/replica_count/logs/run_replica006_load040_iter03_bw06p65.out
6,50,4.540585999999999,800.5316250000001,0.3,2.409925,2.130661,base,/nethome/kshan9/scratch/src/sst-elements/src/sst/elements/cscore_sstelem/experiments/replica_count/logs/run_replica006_load050_base_bw00p30.out
6,50,51.158229999999996,849.1103749999999,3.39,27.083760000000005,24.074469999999998,left,/nethome/kshan9/scratch/src/sst-elements/src/sst/elements/cscore_sstelem/experiments/replica_count/logs/run_replica006_load050_left_bw03p39.out
6,50,84.4112,887.617,5.59,44.688159999999996,39.7228,iter00,/nethome/kshan9/scratch/src/sst-elements/src/sst/elements/cscore_sstelem/experiments/replica_count/logs/run_replica006_load050_iter00_bw05p59.out
6,50,92.72410000000002,808.617875,6.14,49.08927,43.63492,iter01,/nethome/kshan9/scratch/src/sst-elements/src/sst/elements/cscore_sstelem/experiments/replica_count/logs/run_replica006_load050_iter01_bw06p14.out
6,50,98.95960000000001,965.291625,6.55,52.390339999999995,46.56918999999999,iter02,/nethome/kshan9/scratch/src/sst-elements/src/sst/elements/cscore_sstelem/experiments/replica_count/logs/run_replica006_load050_iter02_bw06p55.out
6,50,100.12800000000001,960.1536249999998,6.63,53.00905,47.119130000000006,iter04,/nethome/kshan9/scratch/src/sst-elements/src/sst/elements/cscore_sstelem/experiments/replica_count/logs/run_replica006_load050_iter04_bw06p63.out
6,50,100.78680000000001,953.8820000000002,6.67,53.3569,47.42997,iter06,/nethome/kshan9/scratch/src/sst-elements/src/sst/elements/cscore_sstelem/experiments/replica_count/logs/run_replica006_load050_iter06_bw06p67.out
6,50,101.156,950.3901250000001,6.69,53.553020000000004,47.60269999999999,iter08,/nethome/kshan9/scratch/src/sst-elements/src/sst/elements/cscore_sstelem/experiments/replica_count/logs/run_replica006_load050_iter08_bw06p69.out
6,50,101.36520000000002,948.4380000000001,6.71,53.662980000000005,47.70201,iter10,/nethome/kshan9/scratch/src/sst-elements/src/sst/elements/cscore_sstelem/experiments/replica_count/logs/run_replica006_load050_iter10_bw06p71.out
6,50,101.72359999999999,945.096875,6.73,53.85268,47.87065,iter14,/nethome/kshan9/scratch/src/sst-elements/src/sst/elements/cscore_sstelem/experiments/replica_count/logs/run_replica006_load050_iter14_bw06p73.out
6,50,101.83189999999999,944.07375,6.74,53.91096,47.92084,iter11,/nethome/kshan9/scratch/src/sst-elements/src/sst/elements/cscore_sstelem/experiments/replica_count/logs/run_replica006_load050_iter11_bw06p74.out
6,50,101.9168,1084.3774999999998,6.74,53.95605,47.96092,iter13,/nethome/kshan9/scratch/src/sst-elements/src/sst/elements/cscore_sstelem/experiments/replica_count/logs/run_replica006_load050_iter13_bw06p74.out
6,50,101.9848,1311.9575,6.75,53.9919,47.9928,iter09,/nethome/kshan9/scratch/src/sst-elements/src/sst/elements/cscore_sstelem/experiments/replica_count/logs/run_replica006_load050_iter09_bw06p75.out
6,50,102.16109999999999,2537.7149999999997,6.76,54.08271,48.07846,iter12,/nethome/kshan9/scratch/src/sst-elements/src/sst/elements/cscore_sstelem/experiments/replica_count/logs/run_replica006_load050_iter12_bw06p76.out
6,50,102.163,3754.3462499999996,6.8,54.087250000000004,48.07575,iter05,/nethome/kshan9/scratch/src/sst-elements/src/sst/elements/cscore_sstelem/experiments/replica_count/logs/run_replica006_load050_iter05_bw06p80.out
6,50,102.1896,3935.88125,6.86,54.09974,48.08987,iter03,/nethome/kshan9/scratch/src/sst-elements/src/sst/elements/cscore_sstelem/experiments/replica_count/logs/run_replica006_load050_iter03_bw06p86.out
6,50,102.1944,3000.1600000000003,6.77,54.104,48.09056,iter07,/nethome/kshan9/scratch/src/sst-elements/src/sst/elements/cscore_sstelem/experiments/replica_count/logs/run_replica006_load050_iter07_bw06p77.out
6,50,102.20240000000001,3933.3475000000003,7.79,54.10686,48.09555,right,/nethome/kshan9/scratch/src/sst-elements/src/sst/elements/cscore_sstelem/experiments/replica_count/logs/run_replica006_load050_right_bw07p79.out
6,60,5.429271,802.1086250000001,0.3,2.398269,3.031001,base,/nethome/kshan9/scratch/src/sst-elements/src/sst/elements/cscore_sstelem/experiments/replica_count/logs/run_replica006_load060_base_bw00p30.out
6,60,64.04056,856.799,3.54,28.30013,35.740399999999994,left,/nethome/kshan9/scratch/src/sst-elements/src/sst/elements/cscore_sstelem/experiments/replica_count/logs/run_replica006_load060_left_bw03p54.out
6,60,105.67919999999998,896.68575,5.84,46.69519,58.98402,iter00,/nethome/kshan9/scratch/src/sst-elements/src/sst/elements/cscore_sstelem/experiments/replica_count/logs/run_replica006_load060_iter00_bw05p84.out
6,60,116.0852,881.5475,6.41,51.2917,64.79343999999999,iter01,/nethome/kshan9/scratch/src/sst-elements/src/sst/elements/cscore_sstelem/experiments/replica_count/logs/run_replica006_load060_iter01_bw06p41.out
6,60,123.8801,950.4873750000002,6.84,54.73555,69.14458,iter02,/nethome/kshan9/scratch/src/sst-elements/src/sst/elements/cscore_sstelem/experiments/replica_count/logs/run_replica006_load060_iter02_bw06p84.out
6,60,125.35220000000001,967.81475,6.92,55.38932,69.96294999999999,iter04,/nethome/kshan9/scratch/src/sst-elements/src/sst/elements/cscore_sstelem/experiments/replica_count/logs/run_replica006_load060_iter04_bw06p92.out
6,60,126.17679999999999,963.3182499999998,6.97,55.75161000000001,70.42519999999999,iter06,/nethome/kshan9/scratch/src/sst-elements/src/sst/elements/cscore_sstelem/experiments/replica_count/logs/run_replica006_load060_iter06_bw06p97.out
6,60,126.6411,960.101375,6.99,55.95697,70.68404000000001,iter08,/nethome/kshan9/scratch/src/sst-elements/src/sst/elements/cscore_sstelem/experiments/replica_count/logs/run_replica006_load060_iter08_bw06p99.out
6,60,126.8993,958.131,7.01,56.07231999999999,70.82684,iter10,/nethome/kshan9/scratch/src/sst-elements/src/sst/elements/cscore_sstelem/experiments/replica_count/logs/run_replica006_load060_iter10_bw07p01.out
6,60,127.3487,954.7555000000001,7.03,56.27035,71.07856999999998,iter14,/nethome/kshan9/scratch/src/sst-elements/src/sst/elements/cscore_sstelem/experiments/replica_count/logs/run_replica006_load060_iter14_bw07p03.out
6,60,127.4873,953.731375,7.04,56.3308,71.15659,iter11,/nethome/kshan9/scratch/src/sst-elements/src/sst/elements/cscore_sstelem/experiments/replica_count/logs/run_replica006_load060_iter11_bw07p04.out
6,60,127.5926,1154.31,7.05,56.380880000000005,71.21172999999999,iter13,/nethome/kshan9/scratch/src/sst-elements/src/sst/elements/cscore_sstelem/experiments/replica_count/logs/run_replica006_load060_iter13_bw07p05.out
6,60,127.6799,1304.1325000000002,7.05,56.41772,71.26216,iter09,/nethome/kshan9/scratch/src/sst-elements/src/sst/elements/cscore_sstelem/experiments/replica_count/logs/run_replica006_load060_iter09_bw07p05.out
6,60,127.9272,3571.5962499999996,7.11,56.5238,71.40335,iter05,/nethome/kshan9/scratch/src/sst-elements/src/sst/elements/cscore_sstelem/experiments/replica_count/logs/run_replica006_load060_iter05_bw07p11.out
6,60,127.9341,3569.9874999999997,7.17,56.529329999999995,71.40469999999999,iter03,/nethome/kshan9/scratch/src/sst-elements/src/sst/elements/cscore_sstelem/experiments/replica_count/logs/run_replica006_load060_iter03_bw07p17.out
6,60,127.9364,2432.53875,7.07,56.526309999999995,71.41005999999999,iter12,/nethome/kshan9/scratch/src/sst-elements/src/sst/elements/cscore_sstelem/experiments/replica_count/logs/run_replica006_load060_iter12_bw07p07.out
6,60,127.9715,3572.30625,8.14,56.54418,71.42719,right,/nethome/kshan9/scratch/src/sst-elements/src/sst/elements/cscore_sstelem/experiments/replica_count/logs/run_replica006_load060_right_bw08p14.out
6,60,127.98869999999998,2854.4275000000002,7.07,56.543980000000005,71.4448,iter07,/nethome/kshan9/scratch/src/sst-elements/src/sst/elements/cscore_sstelem/experiments/replica_count/logs/run_replica006_load060_iter07_bw07p07.out
6,70,6.731641,800.926625,0.3,2.395812,4.335828,base,/nethome/kshan9/scratch/src/sst-elements/src/sst/elements/cscore_sstelem/experiments/replica_count/logs/run_replica006_load070_base_bw00p30.out
6,70,84.947,862.5481249999999,3.78,30.26862,54.67843,left,/nethome/kshan9/scratch/src/sst-elements/src/sst/elements/cscore_sstelem/experiments/replica_count/logs/run_replica006_load070_left_bw03p78.out
6,70,140.18370000000002,911.8127500000002,6.24,49.94963,90.23349999999999,iter00,/nethome/kshan9/scratch/src/sst-elements/src/sst/elements/cscore_sstelem/experiments/replica_count/logs/run_replica006_load070_iter00_bw06p24.out
6,70,153.9871,909.935125,6.86,54.86506,99.12219999999999,iter01,/nethome/kshan9/scratch/src/sst-elements/src/sst/elements/cscore_sstelem/experiments/replica_count/logs/run_replica006_load070_iter01_bw06p86.out
6,70,164.34099999999998,939.210375,7.32,58.5587,105.78219999999999,iter02,/nethome/kshan9/scratch/src/sst-elements/src/sst/elements/cscore_sstelem/experiments/replica_count/logs/run_replica006_load070_iter02_bw07p32.out
6,70,166.2829,947.3066249999999,7.41,59.24841,107.0344,iter04,/nethome/kshan9/scratch/src/sst-elements/src/sst/elements/cscore_sstelem/experiments/replica_count/logs/run_replica006_load070_iter04_bw07p41.out
6,70,167.3722,956.59125,7.45,59.63774000000001,107.7345,iter06,/nethome/kshan9/scratch/src/sst-elements/src/sst/elements/cscore_sstelem/experiments/replica_count/logs/run_replica006_load070_iter06_bw07p45.out
6,70,167.9898,967.95125,7.48,59.85882,108.13090000000001,iter08,/nethome/kshan9/scratch/src/sst-elements/src/sst/elements/cscore_sstelem/experiments/replica_count/logs/run_replica006_load070_iter08_bw07p48.out
6,70,168.32600000000002,970.6248750000001,7.5,59.97874,108.34720000000002,iter10,/nethome/kshan9/scratch/src/sst-elements/src/sst/elements/cscore_sstelem/experiments/replica_count/logs/run_replica006_load070_iter10_bw07p50.out
6,70,168.92919999999998,969.0846250000001,7.52,60.19457,108.7345,iter14,/nethome/kshan9/scratch/src/sst-elements/src/sst/elements/cscore_sstelem/experiments/replica_count/logs/run_replica006_load070_iter14_bw07p52.out
6,70,169.1058,968.03125,7.53,60.25693,108.8489,iter11,/nethome/kshan9/scratch/src/sst-elements/src/sst/elements/cscore_sstelem/experiments/replica_count/logs/run_replica006_load070_iter11_bw07p53.out
6,70,169.25560000000002,1185.5575000000001,7.54,60.309830000000005,108.94579999999999,iter13,/nethome/kshan9/scratch/src/sst-elements/src/sst/elements/cscore_sstelem/experiments/replica_count/logs/run_replica006_load070_iter13_bw07p54.out
6,70,169.3671,1299.13125,7.54,60.351589999999995,109.0156,iter09,/nethome/kshan9/scratch/src/sst-elements/src/sst/elements/cscore_sstelem/experiments/replica_count/logs/run_replica006_load070_iter09_bw07p54.out
6,70,169.6721,3571.6412499999997,7.6,60.45773,109.21450000000002,iter05,/nethome/kshan9/scratch/src/sst-elements/src/sst/elements/cscore_sstelem/experiments/replica_count/logs/run_replica006_load070_iter05_bw07p60.out
6,70,169.69490000000002,3551.3862499999996,7.67,60.46536,109.2295,iter03,/nethome/kshan9/scratch/src/sst-elements/src/sst/elements/cscore_sstelem/experiments/replica_count/logs/run_replica006_load070_iter03_bw07p67.out
6,70,169.7177,3582.3050000000003,8.7,60.47475,109.243,right,/nethome/kshan9/scratch/src/sst-elements/src/sst/elements/cscore_sstelem/experiments/replica_count/logs/run_replica006_load070_right_bw08p70.out
6,70,169.7449,2295.1662499999998,7.56,60.49158999999999,109.25339999999998,iter12,/nethome/kshan9/scratch/src/sst-elements/src/sst/elements/cscore_sstelem/experiments/replica_count/logs/run_replica006_load070_iter12_bw07p56.out
6,70,169.7853,2674.5362499999997,7.56,60.49719000000001,109.28819999999999,iter07,/nethome/kshan9/scratch/src/sst-elements/src/sst/elements/cscore_sstelem/experiments/replica_count/logs/run_replica006_load070_iter07_bw07p56.out
6,80,8.799930000000002,801.0826250000001,0.3,2.393195,6.406745000000001,base,/nethome/kshan9/scratch/src/sst-elements/src/sst/elements/cscore_sstelem/experiments/replica_count/logs/run_replica006_load080_base_bw00p30.out
6,80,124.7567,870.67925,4.25,34.01765,90.73899999999999,left,/nethome/kshan9/scratch/src/sst-elements/src/sst/elements/cscore_sstelem/experiments/replica_count/logs/run_replica006_load080_left_bw04p25.out
6,80,205.8708,942.054,7.02,56.14643,149.72459999999998,iter00,/nethome/kshan9/scratch/src/sst-elements/src/sst/elements/cscore_sstelem/experiments/replica_count/logs/run_replica006_load080_iter00_bw07p02.out
6,80,226.14800000000002,942.9859999999999,7.71,61.67598999999999,164.4721,iter01,/nethome/kshan9/scratch/src/sst-elements/src/sst/elements/cscore_sstelem/experiments/replica_count/logs/run_replica006_load080_iter01_bw07p71.out
6,80,241.3542,952.8271250000001,8.23,65.82474,175.5295,iter02,/nethome/kshan9/scratch/src/sst-elements/src/sst/elements/cscore_sstelem/experiments/replica_count/logs/run_replica006_load080_iter02_bw08p23.out
6,80,244.20409999999998,959.9382499999999,8.33,66.60154999999999,177.6025,iter04,/nethome/kshan9/scratch/src/sst-elements/src/sst/elements/cscore_sstelem/experiments/replica_count/logs/run_replica006_load080_iter04_bw08p33.out
6,80,245.8064,965.560875,8.38,67.03808000000001,178.7683,iter06,/nethome/kshan9/scratch/src/sst-elements/src/sst/elements/cscore_sstelem/experiments/replica_count/logs/run_replica006_load080_iter06_bw08p38.out
6,80,246.7028,964.241875,8.41,67.28215999999999,179.4207,iter08,/nethome/kshan9/scratch/src/sst-elements/src/sst/elements/cscore_sstelem/experiments/replica_count/logs/run_replica006_load080_iter08_bw08p41.out
6,80,247.21639999999996,966.105,8.43,67.42221,179.7942,iter10,/nethome/kshan9/scratch/src/sst-elements/src/sst/elements/cscore_sstelem/experiments/replica_count/logs/run_replica006_load080_iter10_bw08p43.out
6,80,248.0935,971.3034999999999,8.46,67.66368,180.42999999999998,iter14,/nethome/kshan9/scratch/src/sst-elements/src/sst/elements/cscore_sstelem/experiments/replica_count/logs/run_replica006_load080_iter14_bw08p46.out
6,80,248.35999999999996,975.37625,8.47,67.73371,180.6261,iter11,/nethome/kshan9/scratch/src/sst-elements/src/sst/elements/cscore_sstelem/experiments/replica_count/logs/run_replica006_load080_iter11_bw08p47.out
6,80,248.5705,1080.1,8.47,67.79478,180.7758,iter13,/nethome/kshan9/scratch/src/sst-elements/src/sst/elements/cscore_sstelem/experiments/replica_count/logs/run_replica006_load080_iter13_bw08p47.out
6,80,248.73809999999997,1297.45125,8.48,67.83892,180.899,iter09,/nethome/kshan9/scratch/src/sst-elements/src/sst/elements/cscore_sstelem/experiments/replica_count/logs/run_replica006_load080_iter09_bw08p48.out
6,80,249.1496,2344.90375,8.5,67.96064,181.189,iter12,/nethome/kshan9/scratch/src/sst-elements/src/sst/elements/cscore_sstelem/experiments/replica_count/logs/run_replica006_load080_iter12_bw08p50.out
6,80,249.1851,2779.81625,8.5,67.95599,181.22899999999998,iter07,/nethome/kshan9/scratch/src/sst-elements/src/sst/elements/cscore_sstelem/experiments/replica_count/logs/run_replica006_load080_iter07_bw08p50.out
6,80,249.18779999999998,3315.3974999999996,8.62,67.95548,181.2324,iter03,/nethome/kshan9/scratch/src/sst-elements/src/sst/elements/cscore_sstelem/experiments/replica_count/logs/run_replica006_load080_iter03_bw08p62.out
6,80,249.19559999999998,3316.3224999999998,9.78,67.96363000000001,181.23200000000003,right,/nethome/kshan9/scratch/src/sst-elements/src/sst/elements/cscore_sstelem/experiments/replica_count/logs/run_replica006_load080_right_bw09p78.out
6,80,249.28069999999997,3304.9675,8.54,67.98927,181.2913,iter05,/nethome/kshan9/scratch/src/sst-elements/src/sst/elements/cscore_sstelem/experiments/replica_count/logs/run_replica006_load080_iter05_bw08p54.out
6,90,12.574699999999998,798.9523749999998,0.3,2.4072369999999994,10.16745,base,/nethome/kshan9/scratch/src/sst-elements/src/sst/elements/cscore_sstelem/experiments/replica_count/logs/run_replica006_load090_base_bw00p30.out
6,90,182.2817,868.102,4.35,34.808350000000004,147.47349999999997,left,/nethome/kshan9/scratch/src/sst-elements/src/sst/elements/cscore_sstelem/experiments/replica_count/logs/run_replica006_load090_left_bw04p35.out
6,90,300.74249999999995,968.664375,7.18,57.444669999999995,243.2979,iter00,/nethome/kshan9/scratch/src/sst-elements/src/sst/elements/cscore_sstelem/experiments/replica_count/logs/run_replica006_load090_iter00_bw07p18.out
6,90,330.3667,981.4805,7.89,63.10591,267.2607,iter01,/nethome/kshan9/scratch/src/sst-elements/src/sst/elements/cscore_sstelem/experiments/replica_count/logs/run_replica006_load090_iter01_bw07p89.out
6,90,335.92150000000004,986.0446250000001,8.02,64.16337999999999,271.7579,iter03,/nethome/kshan9/scratch/src/sst-elements/src/sst/elements/cscore_sstelem/experiments/replica_count/logs/run_replica006_load090_iter03_bw08p02.out
6,90,348.4192,995.100625,8.32,66.55266,281.8667,iter04,/nethome/kshan9/scratch/src/sst-elements/src/sst/elements/cscore_sstelem/experiments/replica_count/logs/run_replica006_load090_iter04_bw08p32.out
6,90,349.1073999999999,994.99,8.34,66.68054000000001,282.4268,iter09,/nethome/kshan9/scratch/src/sst-elements/src/sst/elements/cscore_sstelem/experiments/replica_count/logs/run_replica006_load090_iter09_bw08p34.out
6,90,350.7618,993.6068750000001,8.37,67.00031,283.7616,iter06,/nethome/kshan9/scratch/src/sst-elements/src/sst/elements/cscore_sstelem/experiments/replica_count/logs/run_replica006_load090_iter06_bw08p37.out
6,90,351.334,994.2191250000001,8.39,67.10843,284.22540000000004,iter10,/nethome/kshan9/scratch/src/sst-elements/src/sst/elements/cscore_sstelem/experiments/replica_count/logs/run_replica006_load090_iter10_bw08p39.out
6,90,351.7522,997.20675,8.4,67.1882,284.5639,iter12,/nethome/kshan9/scratch/src/sst-elements/src/sst/elements/cscore_sstelem/experiments/replica_count/logs/run_replica006_load090_iter12_bw08p40.out
6,90,351.98620000000005,1001.6613749999999,8.4,67.23388,284.7523,iter14,/nethome/kshan9/scratch/src/sst-elements/src/sst/elements/cscore_sstelem/experiments/replica_count/logs/run_replica006_load090_iter14_bw08p40.out
6,90,352.07399999999996,1004.46625,8.41,67.25152,284.82230000000004,iter08,/nethome/kshan9/scratch/src/sst-elements/src/sst/elements/cscore_sstelem/experiments/replica_count/logs/run_replica006_load090_iter08_bw08p41.out
6,90,352.5662,1030.7362500000002,8.42,67.34738,285.21889999999996,iter02,/nethome/kshan9/scratch/src/sst-elements/src/sst/elements/cscore_sstelem/experiments/replica_count/logs/run_replica006_load090_iter02_bw08p42.out
6,90,352.6765,1039.3525000000002,8.42,67.36692000000001,285.3095,iter13,/nethome/kshan9/scratch/src/sst-elements/src/sst/elements/cscore_sstelem/experiments/replica_count/logs/run_replica006_load090_iter13_bw08p42.out
6,90,352.99029999999993,1067.37375,8.43,67.42974,285.5607,iter11,/nethome/kshan9/scratch/src/sst-elements/src/sst/elements/cscore_sstelem/experiments/replica_count/logs/run_replica006_load090_iter11_bw08p43.out
6,90,356.0226,1446.97125,8.5,68.00858,288.0138,iter07,/nethome/kshan9/scratch/src/sst-elements/src/sst/elements/cscore_sstelem/experiments/replica_count/logs/run_replica006_load090_iter07_bw08p50.out
6,90,357.78360000000004,1864.5200000000002,8.54,68.34108,289.44270000000006,iter05,/nethome/kshan9/scratch/src/sst-elements/src/sst/elements/cscore_sstelem/experiments/replica_count/logs/run_replica006_load090_iter05_bw08p54.out
6,90,361.0315,3665.5899999999997,10.01,68.95971,292.0718,right,/nethome/kshan9/scratch/src/sst-elements/src/sst/elements/cscore_sstelem/experiments/replica_count/logs/run_replica006_load090_right_bw10p01.out
6,100,21.59937,797.384375,0.3,2.3999309999999996,19.19944,base,/nethome/kshan9/scratch/src/sst-elements/src/sst/elements/cscore_sstelem/experiments/replica_count/logs/run_replica006_load100_base_bw00p30.out
6,100,165.8877,801.9517499999998,2.3,18.432609999999997,147.45510000000002,left,/nethome/kshan9/scratch/src/sst-elements/src/sst/elements/cscore_sstelem/experiments/replica_count/logs/run_replica006_load100_left_bw02p30.out
6,100,273.7151,806.5955000000001,3.8,30.41279,243.3024,iter00,/nethome/kshan9/scratch/src/sst-elements/src/sst/elements/cscore_sstelem/experiments/replica_count/logs/run_replica006_load100_iter00_bw03p80.out
6,100,300.6717,808.936,4.18,33.40817,267.2636,iter01,/nethome/kshan9/scratch/src/sst-elements/src/sst/elements/cscore_sstelem/experiments/replica_count/logs/run_replica006_load100_iter01_bw04p18.out
6,100,305.7264,814.51125,4.25,33.96960000000001,271.75680000000006,iter03,/nethome/kshan9/scratch/src/sst-elements/src/sst/elements/cscore_sstelem/experiments/replica_count/logs/run_replica006_load100_iter03_bw04p25.out
6,100,317.0987,819.5006250000001,4.4,35.23424,281.8645,iter04,/nethome/kshan9/scratch/src/sst-elements/src/sst/elements/cscore_sstelem/experiments/replica_count/logs/run_replica006_load100_iter04_bw04p40.out
6,100,319.2129,893.4278749999999,4.43,35.47001,283.7428,iter06,/nethome/kshan9/scratch/src/sst-elements/src/sst/elements/cscore_sstelem/experiments/replica_count/logs/run_replica006_load100_iter06_bw04p43.out
6,100,319.5659,919.4261249999998,4.44,35.50899,284.05699999999996,iter11,/nethome/kshan9/scratch/src/sst-elements/src/sst/elements/cscore_sstelem/experiments/replica_count/logs/run_replica006_load100_iter11_bw04p44.out
6,100,319.8551,941.3698749999999,4.44,35.541799999999995,284.31320000000005,iter13,/nethome/kshan9/scratch/src/sst-elements/src/sst/elements/cscore_sstelem/experiments/replica_count/logs/run_replica006_load100_iter13_bw04p44.out
6,100,320.41229999999996,987.878375,4.45,35.60309,284.8093,iter08,/nethome/kshan9/scratch/src/sst-elements/src/sst/elements/cscore_sstelem/experiments/replica_count/logs/run_replica006_load100_iter08_bw04p45.out
6,100,320.496,995.111625,4.45,35.612370000000006,284.8835,iter14,/nethome/kshan9/scratch/src/sst-elements/src/sst/elements/cscore_sstelem/experiments/replica_count/logs/run_replica006_load100_iter14_bw04p45.out
6,100,320.7061,1014.0712500000001,4.45,35.6367,285.06940000000003,iter12,/nethome/kshan9/scratch/src/sst-elements/src/sst/elements/cscore_sstelem/experiments/replica_count/logs/run_replica006_load100_iter12_bw04p45.out
6,100,320.87570000000005,1029.6487499999998,4.46,35.65451,285.2211,iter02,/nethome/kshan9/scratch/src/sst-elements/src/sst/elements/cscore_sstelem/experiments/replica_count/logs/run_replica006_load100_iter02_bw04p46.out
6,100,321.0862,1050.19375,4.46,35.67787,285.40829999999994,iter10,/nethome/kshan9/scratch/src/sst-elements/src/sst/elements/cscore_sstelem/experiments/replica_count/logs/run_replica006_load100_iter10_bw04p46.out
6,100,323.11619999999994,1296.585,4.49,35.90311,287.21320000000003,iter09,/nethome/kshan9/scratch/src/sst-elements/src/sst/elements/cscore_sstelem/experiments/replica_count/logs/run_replica006_load100_iter09_bw04p49.out
6,100,324.01619999999997,1446.9099999999999,4.5,36.003460000000004,288.0127,iter07,/nethome/kshan9/scratch/src/sst-elements/src/sst/elements/cscore_sstelem/experiments/replica_count/logs/run_replica006_load100_iter07_bw04p50.out
6,100,325.61670000000004,1823.5000000000002,4.52,36.181129999999996,289.43569999999994,iter05,/nethome/kshan9/scratch/src/sst-elements/src/sst/elements/cscore_sstelem/experiments/replica_count/logs/run_replica006_load100_iter05_bw04p52.out
6,100,330.4976,8791.150000000001,5.3,36.721920000000004,293.776,right,/nethome/kshan9/scratch/src/sst-elements/src/sst/elements/cscore_sstelem/experiments/replica_count/logs/run_replica006_load100_right_bw05p30.out
7,0,2.401796,802.128125,0.3,2.401796,0.0,base,/nethome/kshan9/scratch/src/sst-elements/src/sst/elements/cscore_sstelem/experiments/replica_count/logs/run_replica007_load000_base_bw00p30.out
7,0,24.57982,847.622125,3.07,24.57982,0.0,left,/nethome/kshan9/scratch/src/sst-elements/src/sst/elements/cscore_sstelem/experiments/replica_count/logs/run_replica007_load000_left_bw03p07.out
7,0,40.55044,869.4819999999999,5.07,40.55044,0.0,iter00,/nethome/kshan9/scratch/src/sst-elements/src/sst/elements/cscore_sstelem/experiments/replica_count/logs/run_replica007_load000_iter00_bw05p07.out
7,0,44.539919999999995,856.204375,5.57,44.539919999999995,0.0,iter01,/nethome/kshan9/scratch/src/sst-elements/src/sst/elements/cscore_sstelem/experiments/replica_count/logs/run_replica007_load000_iter01_bw05p57.out
7,0,47.5392,951.661,5.94,47.5392,0.0,iter02,/nethome/kshan9/scratch/src/sst-elements/src/sst/elements/cscore_sstelem/experiments/replica_count/logs/run_replica007_load000_iter02_bw05p94.out
7,0,48.1008,940.5379999999998,6.01,48.1008,0.0,iter04,/nethome/kshan9/scratch/src/sst-elements/src/sst/elements/cscore_sstelem/experiments/replica_count/logs/run_replica007_load000_iter04_bw06p01.out
7,0,48.41672,934.394,6.05,48.41672,0.0,iter06,/nethome/kshan9/scratch/src/sst-elements/src/sst/elements/cscore_sstelem/experiments/replica_count/logs/run_replica007_load000_iter06_bw06p05.out
7,0,48.5944,930.9750000000001,6.07,48.5944,0.0,iter08,/nethome/kshan9/scratch/src/sst-elements/src/sst/elements/cscore_sstelem/experiments/replica_count/logs/run_replica007_load000_iter08_bw06p07.out
7,0,48.69432,929.0630000000001,6.09,48.69432,0.0,iter10,/nethome/kshan9/scratch/src/sst-elements/src/sst/elements/cscore_sstelem/experiments/replica_count/logs/run_replica007_load000_iter10_bw06p09.out
7,0,48.919219999999996,924.7862499999999,6.11,48.919219999999996,0.0,iter11,/nethome/kshan9/scratch/src/sst-elements/src/sst/elements/cscore_sstelem/experiments/replica_count/logs/run_replica007_load000_iter11_bw06p11.out
7,0,48.9583,924.0476249999999,6.12,48.9583,0.0,iter13,/nethome/kshan9/scratch/src/sst-elements/src/sst/elements/cscore_sstelem/experiments/replica_count/logs/run_replica007_load000_iter13_bw06p12.out
7,0,49.00142000000001,1117.3337499999998,6.12,49.00142000000001,0.0,iter09,/nethome/kshan9/scratch/src/sst-elements/src/sst/elements/cscore_sstelem/experiments/replica_count/logs/run_replica007_load000_iter09_bw06p12.out
7,0,49.05747,1754.7275,6.13,49.05747,0.0,iter14,/nethome/kshan9/scratch/src/sst-elements/src/sst/elements/cscore_sstelem/experiments/replica_count/logs/run_replica007_load000_iter14_bw06p13.out
7,0,49.08651000000001,2358.6950000000006,6.14,49.08651000000001,0.0,iter12,/nethome/kshan9/scratch/src/sst-elements/src/sst/elements/cscore_sstelem/experiments/replica_count/logs/run_replica007_load000_iter12_bw06p14.out
7,0,49.11185,3386.4275,6.14,49.11185,0.0,iter07,/nethome/kshan9/scratch/src/sst-elements/src/sst/elements/cscore_sstelem/experiments/replica_count/logs/run_replica007_load000_iter07_bw06p14.out
7,0,49.11271,4299.0512499999995,7.07,49.11271,0.0,right,/nethome/kshan9/scratch/src/sst-elements/src/sst/elements/cscore_sstelem/experiments/replica_count/logs/run_replica007_load000_right_bw07p07.out
7,0,49.11362,4299.585,6.17,49.11362,0.0,iter05,/nethome/kshan9/scratch/src/sst-elements/src/sst/elements/cscore_sstelem/experiments/replica_count/logs/run_replica007_load000_iter05_bw06p17.out
7,0,49.122730000000004,4300.075000000001,6.22,49.122730000000004,0.0,iter03,/nethome/kshan9/scratch/src/sst-elements/src/sst/elements/cscore_sstelem/experiments/replica_count/logs/run_replica007_load000_iter03_bw06p22.out
7,10,2.655929,804.5053750000001,0.3,2.39663,0.2593012,base,/nethome/kshan9/scratch/src/sst-elements/src/sst/elements/cscore_sstelem/experiments/replica_count/logs/run_replica007_load010_base_bw00p30.out
7,10,27.60464,847.4725000000001,3.11,24.871489999999998,2.733129,left,/nethome/kshan9/scratch/src/sst-elements/src/sst/elements/cscore_sstelem/experiments/replica_count/logs/run_replica007_load010_left_bw03p11.out
7,10,45.52535999999999,871.209,5.13,41.03181,4.493549,iter00,/nethome/kshan9/scratch/src/sst-elements/src/sst/elements/cscore_sstelem/experiments/replica_count/logs/run_replica007_load010_iter00_bw05p13.out
7,10,50.00552,852.928875,5.63,45.069010000000006,4.9365239999999995,iter01,/nethome/kshan9/scratch/src/sst-elements/src/sst/elements/cscore_sstelem/experiments/replica_count/logs/run_replica007_load010_iter01_bw05p63.out
7,10,53.36928,953.5509999999999,6.01,48.10471999999999,5.264527999999999,iter02,/nethome/kshan9/scratch/src/sst-elements/src/sst/elements/cscore_sstelem/experiments/replica_count/logs/run_replica007_load010_iter02_bw06p01.out
7,10,53.999680000000005,942.4070000000002,6.08,48.672959999999996,5.326712,iter04,/nethome/kshan9/scratch/src/sst-elements/src/sst/elements/cscore_sstelem/experiments/replica_count/logs/run_replica007_load010_iter04_bw06p08.out
7,10,54.3544,936.25,6.12,48.992720000000006,5.361704,iter06,/nethome/kshan9/scratch/src/sst-elements/src/sst/elements/cscore_sstelem/experiments/replica_count/logs/run_replica007_load010_iter06_bw06p12.out
7,10,54.55399999999999,932.8240000000001,6.15,49.17255999999999,5.381383999999999,iter08,/nethome/kshan9/scratch/src/sst-elements/src/sst/elements/cscore_sstelem/experiments/replica_count/logs/run_replica007_load010_iter08_bw06p15.out
7,10,54.666169999999994,930.9070000000002,6.16,49.27369,5.392449,iter10,/nethome/kshan9/scratch/src/sst-elements/src/sst/elements/cscore_sstelem/experiments/replica_count/logs/run_replica007_load010_iter10_bw06p16.out
7,10,54.91876,926.6227500000001,6.19,49.5014,5.417371999999999,iter11,/nethome/kshan9/scratch/src/sst-elements/src/sst/elements/cscore_sstelem/experiments/replica_count/logs/run_replica007_load010_iter11_bw06p19.out
7,10,54.96278,925.8792499999998,6.19,49.54105,5.421710999999999,iter13,/nethome/kshan9/scratch/src/sst-elements/src/sst/elements/cscore_sstelem/experiments/replica_count/logs/run_replica007_load010_iter13_bw06p19.out
7,10,55.01526,1117.92625,6.2,49.583749999999995,5.431526999999999,iter09,/nethome/kshan9/scratch/src/sst-elements/src/sst/elements/cscore_sstelem/experiments/replica_count/logs/run_replica007_load010_iter09_bw06p20.out
7,10,55.07999999999999,1733.9624999999999,6.2,49.63896,5.4410419999999995,iter14,/nethome/kshan9/scratch/src/sst-elements/src/sst/elements/cscore_sstelem/experiments/replica_count/logs/run_replica007_load010_iter14_bw06p20.out
7,10,55.11311,2240.1987499999996,6.21,49.67035,5.442761,iter12,/nethome/kshan9/scratch/src/sst-elements/src/sst/elements/cscore_sstelem/experiments/replica_count/logs/run_replica007_load010_iter12_bw06p21.out
7,10,55.116479999999996,3043.29,6.21,49.673399999999994,5.443079000000001,iter07,/nethome/kshan9/scratch/src/sst-elements/src/sst/elements/cscore_sstelem/experiments/replica_count/logs/run_replica007_load010_iter07_bw06p21.out
7,10,55.13316,4007.9174999999996,7.15,49.687670000000004,5.445493,right,/nethome/kshan9/scratch/src/sst-elements/src/sst/elements/cscore_sstelem/experiments/replica_count/logs/run_replica007_load010_right_bw07p15.out
7,10,55.14596,4001.5012500000003,6.3,49.69915,5.446820000000001,iter03,/nethome/kshan9/scratch/src/sst-elements/src/sst/elements/cscore_sstelem/experiments/replica_count/logs/run_replica007_load010_iter03_bw06p30.out
7,10,55.155120000000004,3966.6675,6.24,49.70707,5.448036,iter05,/nethome/kshan9/scratch/src/sst-elements/src/sst/elements/cscore_sstelem/experiments/replica_count/logs/run_replica007_load010_iter05_bw06p24.out
7,20,2.9877000000000002,799.8658750000001,0.3,2.4047350000000005,0.582966,base,/nethome/kshan9/scratch/src/sst-elements/src/sst/elements/cscore_sstelem/experiments/replica_count/logs/run_replica007_load020_base_bw00p30.out
7,20,31.353229999999996,847.970375,3.15,25.232939999999996,6.1203140000000005,left,/nethome/kshan9/scratch/src/sst-elements/src/sst/elements/cscore_sstelem/experiments/replica_count/logs/run_replica007_load020_left_bw03p15.out
7,20,51.73408,873.3729999999998,5.2,41.63103999999999,10.10304,iter00,/nethome/kshan9/scratch/src/sst-elements/src/sst/elements/cscore_sstelem/experiments/replica_count/logs/run_replica007_load020_iter00_bw05p20.out
7,20,56.81229999999999,846.964875,5.72,45.728860000000005,11.08346,iter01,/nethome/kshan9/scratch/src/sst-elements/src/sst/elements/cscore_sstelem/experiments/replica_count/logs/run_replica007_load020_iter01_bw05p72.out
7,20,60.647510000000004,955.9153749999999,6.1,48.809160000000006,11.838350000000002,iter02,/nethome/kshan9/scratch/src/sst-elements/src/sst/elements/cscore_sstelem/experiments/replica_count/logs/run_replica007_load020_iter02_bw06p10.out
7,20,61.361190000000015,944.737,6.17,49.38452,11.97667,iter04,/nethome/kshan9/scratch/src/sst-elements/src/sst/elements/cscore_sstelem/experiments/replica_count/logs/run_replica007_load020_iter04_bw06p17.out
7,20,61.765519999999995,938.566,6.21,49.70864,12.05688,iter06,/nethome/kshan9/scratch/src/sst-elements/src/sst/elements/cscore_sstelem/experiments/replica_count/logs/run_replica007_load020_iter06_bw06p21.out
7,20,61.992239999999995,935.13,6.24,49.89103999999999,12.101200000000002,iter08,/nethome/kshan9/scratch/src/sst-elements/src/sst/elements/cscore_sstelem/experiments/replica_count/logs/run_replica007_load020_iter08_bw06p24.out
7,20,62.119670000000006,933.209125,6.25,49.993669999999995,12.12607,iter10,/nethome/kshan9/scratch/src/sst-elements/src/sst/elements/cscore_sstelem/experiments/replica_count/logs/run_replica007_load020_iter10_bw06p25.out
7,20,62.40642,928.9176250000002,6.28,50.224419999999995,12.182010000000002,iter11,/nethome/kshan9/scratch/src/sst-elements/src/sst/elements/cscore_sstelem/experiments/replica_count/logs/run_replica007_load020_iter11_bw06p28.out
7,20,62.457,928.165875,6.28,50.26509,12.191909999999998,iter13,/nethome/kshan9/scratch/src/sst-elements/src/sst/elements/cscore_sstelem/experiments/replica_count/logs/run_replica007_load020_iter13_bw06p28.out
7,20,62.50247,1118.55625,6.29,50.30902999999999,12.193430000000001,iter09,/nethome/kshan9/scratch/src/sst-elements/src/sst/elements/cscore_sstelem/experiments/replica_count/logs/run_replica007_load020_iter09_bw06p29.out
7,20,62.57231,1733.65375,6.3,50.36438,12.20793,iter14,/nethome/kshan9/scratch/src/sst-elements/src/sst/elements/cscore_sstelem/experiments/replica_count/logs/run_replica007_load020_iter14_bw06p30.out
7,20,62.61473,2183.0499999999997,6.3,50.39849,12.216270000000002,iter12,/nethome/kshan9/scratch/src/sst-elements/src/sst/elements/cscore_sstelem/experiments/replica_count/logs/run_replica007_load020_iter12_bw06p30.out
7,20,62.647450000000006,2697.55625,6.3,50.42652,12.22092,iter07,/nethome/kshan9/scratch/src/sst-elements/src/sst/elements/cscore_sstelem/experiments/replica_count/logs/run_replica007_load020_iter07_bw06p30.out
7,20,62.6481,3911.6375,6.39,50.423390000000005,12.224709999999998,iter03,/nethome/kshan9/scratch/src/sst-elements/src/sst/elements/cscore_sstelem/experiments/replica_count/logs/run_replica007_load020_iter03_bw06p39.out
7,20,62.651320000000005,3906.9474999999998,7.25,50.42698,12.22433,right,/nethome/kshan9/scratch/src/sst-elements/src/sst/elements/cscore_sstelem/experiments/replica_count/logs/run_replica007_load020_right_bw07p25.out
7,20,62.6613,3761.66,6.34,50.433640000000004,12.22765,iter05,/nethome/kshan9/scratch/src/sst-elements/src/sst/elements/cscore_sstelem/experiments/replica_count/logs/run_replica007_load020_iter05_bw06p34.out
7,30,3.385217,801.095,0.3,2.404887,0.9803360000000001,base,/nethome/kshan9/scratch/src/sst-elements/src/sst/elements/cscore_sstelem/experiments/replica_count/logs/run_replica007_load030_base_bw00p30.out
7,30,36.14908,850.1813750000001,3.21,25.697739999999996,10.45133,left,/nethome/kshan9/scratch/src/sst-elements/src/sst/elements/cscore_sstelem/experiments/replica_count/logs/run_replica007_load030_left_bw03p21.out
7,30,59.64041,876.1088749999999,5.3,42.39769,17.24272,iter00,/nethome/kshan9/scratch/src/sst-elements/src/sst/elements/cscore_sstelem/experiments/replica_count/logs/run_replica007_load030_iter00_bw05p30.out
7,30,65.52268000000001,861.0376249999999,5.82,46.57299999999999,18.949669999999998,iter01,/nethome/kshan9/scratch/src/sst-elements/src/sst/elements/cscore_sstelem/experiments/replica_count/logs/run_replica007_load030_iter01_bw05p82.out
7,30,69.92205,958.8833750000001,6.21,49.705740000000006,20.21632,iter02,/nethome/kshan9/scratch/src/sst-elements/src/sst/elements/cscore_sstelem/experiments/replica_count/logs/run_replica007_load030_iter02_bw06p21.out
7,30,70.75362,947.7394999999999,6.29,50.29339,20.46023,iter04,/nethome/kshan9/scratch/src/sst-elements/src/sst/elements/cscore_sstelem/experiments/replica_count/logs/run_replica007_load030_iter04_bw06p29.out
7,30,71.21963,941.549625,6.33,50.623490000000004,20.59614,iter06,/nethome/kshan9/scratch/src/sst-elements/src/sst/elements/cscore_sstelem/experiments/replica_count/logs/run_replica007_load030_iter06_bw06p33.out
7,30,71.48093999999999,938.1082500000001,6.35,50.80924999999999,20.671740000000003,iter08,/nethome/kshan9/scratch/src/sst-elements/src/sst/elements/cscore_sstelem/experiments/replica_count/logs/run_replica007_load030_iter08_bw06p35.out
7,30,71.62796,936.180375,6.36,50.91373000000001,20.71423,iter10,/nethome/kshan9/scratch/src/sst-elements/src/sst/elements/cscore_sstelem/experiments/replica_count/logs/run_replica007_load030_iter10_bw06p36.out
7,30,71.95872,931.873375,6.39,51.14882,20.809860000000004,iter11,/nethome/kshan9/scratch/src/sst-elements/src/sst/elements/cscore_sstelem/experiments/replica_count/logs/run_replica007_load030_iter11_bw06p39.out
7,30,72.01742,931.1131250000001,6.4,51.19057,20.826839999999997,iter13,/nethome/kshan9/scratch/src/sst-elements/src/sst/elements/cscore_sstelem/experiments/replica_count/logs/run_replica007_load030_iter13_bw06p40.out
7,30,72.06387,1135.7299999999998,6.4,51.226659999999995,20.837220000000002,iter09,/nethome/kshan9/scratch/src/sst-elements/src/sst/elements/cscore_sstelem/experiments/replica_count/logs/run_replica007_load030_iter09_bw06p40.out
7,30,72.14436,1728.205,6.41,51.29116,20.85321,iter14,/nethome/kshan9/scratch/src/sst-elements/src/sst/elements/cscore_sstelem/experiments/replica_count/logs/run_replica007_load030_iter14_bw06p41.out
7,30,72.19591,3897.44875,6.51,51.31924,20.87669,iter03,/nethome/kshan9/scratch/src/sst-elements/src/sst/elements/cscore_sstelem/experiments/replica_count/logs/run_replica007_load030_iter03_bw06p51.out
7,30,72.20206999999999,2751.7162499999995,6.42,51.32575,20.87633,iter07,/nethome/kshan9/scratch/src/sst-elements/src/sst/elements/cscore_sstelem/experiments/replica_count/logs/run_replica007_load030_iter07_bw06p42.out
7,30,72.20514,2194.5299999999997,6.42,51.32558000000001,20.879550000000002,iter12,/nethome/kshan9/scratch/src/sst-elements/src/sst/elements/cscore_sstelem/experiments/replica_count/logs/run_replica007_load030_iter12_bw06p42.out
7,30,72.23293000000001,3886.9425,7.39,51.346500000000006,20.88643,right,/nethome/kshan9/scratch/src/sst-elements/src/sst/elements/cscore_sstelem/experiments/replica_count/logs/run_replica007_load030_right_bw07p39.out
7,30,72.23467,3868.8975,6.45,51.347350000000006,20.88734,iter05,/nethome/kshan9/scratch/src/sst-elements/src/sst/elements/cscore_sstelem/experiments/replica_count/logs/run_replica007_load030_iter05_bw06p45.out
7,40,3.88032,801.064125,0.3,2.405935,1.4743860000000002,base,/nethome/kshan9/scratch/src/sst-elements/src/sst/elements/cscore_sstelem/experiments/replica_count/logs/run_replica007_load040_base_bw00p30.out
7,40,42.503420000000006,850.1407499999999,3.29,26.31138,16.19206,left,/nethome/kshan9/scratch/src/sst-elements/src/sst/elements/cscore_sstelem/experiments/replica_count/logs/run_replica007_load040_left_bw03p29.out
7,40,70.12604,879.85,5.43,43.414120000000004,26.71192,iter00,/nethome/kshan9/scratch/src/sst-elements/src/sst/elements/cscore_sstelem/experiments/replica_count/logs/run_replica007_load040_iter00_bw05p43.out
7,40,77.02936000000001,857.61875,5.96,47.68699,29.34237,iter01,/nethome/kshan9/scratch/src/sst-elements/src/sst/elements/cscore_sstelem/experiments/replica_count/logs/run_replica007_load040_iter01_bw05p96.out
7,40,82.2166,962.0872499999999,6.36,50.89637999999999,31.320099999999996,iter02,/nethome/kshan9/scratch/src/sst-elements/src/sst/elements/cscore_sstelem/experiments/replica_count/logs/run_replica007_load040_iter02_bw06p36.out
7,40,83.1936,951.747,6.44,51.49536,31.698399999999996,iter04,/nethome/kshan9/scratch/src/sst-elements/src/sst/elements/cscore_sstelem/experiments/replica_count/logs/run_replica007_load040_iter04_bw06p44.out
7,40,83.74,945.5310000000001,6.48,51.83352000000001,31.906560000000006,iter06,/nethome/kshan9/scratch/src/sst-elements/src/sst/elements/cscore_sstelem/experiments/replica_count/logs/run_replica007_load040_iter06_bw06p48.out
7,40,84.04719999999999,942.069,6.5,52.023759999999996,32.023680000000006,iter08,/nethome/kshan9/scratch/src/sst-elements/src/sst/elements/cscore_sstelem/experiments/replica_count/logs/run_replica007_load040_iter08_bw06p50.out
7,40,84.21870000000001,940.1339999999998,6.52,52.130939999999995,32.08802,iter10,/nethome/kshan9/scratch/src/sst-elements/src/sst/elements/cscore_sstelem/experiments/replica_count/logs/run_replica007_load040_iter10_bw06p52.out
7,40,84.6083,935.8071249999999,6.55,52.371869999999994,32.236270000000005,iter11,/nethome/kshan9/scratch/src/sst-elements/src/sst/elements/cscore_sstelem/experiments/replica_count/logs/run_replica007_load040_iter11_bw06p55.out
7,40,84.6779,935.035625,6.55,52.41504,32.26285,iter13,/nethome/kshan9/scratch/src/sst-elements/src/sst/elements/cscore_sstelem/experiments/replica_count/logs/run_replica007_load040_iter13_bw06p55.out
7,40,84.7217,1150.47125,6.56,52.448049999999995,32.273669999999996,iter09,/nethome/kshan9/scratch/src/sst-elements/src/sst/elements/cscore_sstelem/experiments/replica_count/logs/run_replica007_load040_iter09_bw06p56.out
7,40,84.8405,1738.4124999999997,6.56,52.51929999999999,32.32114,iter14,/nethome/kshan9/scratch/src/sst-elements/src/sst/elements/cscore_sstelem/experiments/replica_count/logs/run_replica007_load040_iter14_bw06p56.out
7,40,84.8679,3892.775,6.61,52.53768999999999,32.33015,iter05,/nethome/kshan9/scratch/src/sst-elements/src/sst/elements/cscore_sstelem/experiments/replica_count/logs/run_replica007_load040_iter05_bw06p61.out
7,40,84.89120000000001,2215.8612499999995,6.57,52.55218,32.338840000000005,iter12,/nethome/kshan9/scratch/src/sst-elements/src/sst/elements/cscore_sstelem/experiments/replica_count/logs/run_replica007_load040_iter12_bw06p57.out
7,40,84.91920000000002,3898.05875,6.66,52.56927,32.34999,iter03,/nethome/kshan9/scratch/src/sst-elements/src/sst/elements/cscore_sstelem/experiments/replica_count/logs/run_replica007_load040_iter03_bw06p66.out
7,40,84.9264,3882.9162499999998,7.56,52.57352,32.35275,right,/nethome/kshan9/scratch/src/sst-elements/src/sst/elements/cscore_sstelem/experiments/replica_count/logs/run_replica007_load040_right_bw07p56.out
7,40,84.9471,2681.5675,6.57,52.585840000000005,32.36129,iter07,/nethome/kshan9/scratch/src/sst-elements/src/sst/elements/cscore_sstelem/experiments/replica_count/logs/run_replica007_load040_iter07_bw06p57.out
7,50,4.540608,800.5275,0.3,2.409936,2.130672,base,/nethome/kshan9/scratch/src/sst-elements/src/sst/elements/cscore_sstelem/experiments/replica_count/logs/run_replica007_load050_base_bw00p30.out
7,50,51.307809999999996,848.15725,3.4,27.16296,24.14487,left,/nethome/kshan9/scratch/src/sst-elements/src/sst/elements/cscore_sstelem/experiments/replica_count/logs/run_replica007_load050_left_bw03p40.out
7,50,84.6576,885.0260000000001,5.6,44.81887999999999,39.83895999999999,iter00,/nethome/kshan9/scratch/src/sst-elements/src/sst/elements/cscore_sstelem/experiments/replica_count/logs/run_replica007_load050_iter00_bw05p60.out
7,50,92.99519999999998,812.759,6.15,49.23281,43.762499999999996,iter01,/nethome/kshan9/scratch/src/sst-elements/src/sst/elements/cscore_sstelem/experiments/replica_count/logs/run_replica007_load050_iter01_bw06p15.out
7,50,99.24999999999999,966.7302500000001,6.57,52.54312,46.706579999999995,iter02,/nethome/kshan9/scratch/src/sst-elements/src/sst/elements/cscore_sstelem/experiments/replica_count/logs/run_replica007_load050_iter02_bw06p57.out
7,50,100.422,957.3519999999999,6.65,53.16379,47.25829000000001,iter04,/nethome/kshan9/scratch/src/sst-elements/src/sst/elements/cscore_sstelem/experiments/replica_count/logs/run_replica007_load050_iter04_bw06p65.out
7,50,101.08079999999998,951.0951249999998,6.69,53.51319999999999,47.56727999999999,iter06,/nethome/kshan9/scratch/src/sst-elements/src/sst/elements/cscore_sstelem/experiments/replica_count/logs/run_replica007_load050_iter06_bw06p69.out
7,50,101.45119999999999,947.617,6.71,53.70960000000001,47.74192,iter08,/nethome/kshan9/scratch/src/sst-elements/src/sst/elements/cscore_sstelem/experiments/replica_count/logs/run_replica007_load050_iter08_bw06p71.out
7,50,101.65879999999999,945.670875,6.73,53.82023,47.83858,iter10,/nethome/kshan9/scratch/src/sst-elements/src/sst/elements/cscore_sstelem/experiments/replica_count/logs/run_replica007_load050_iter10_bw06p73.out
7,50,102.1296,941.3174999999999,6.76,54.068639999999995,48.06101,iter11,/nethome/kshan9/scratch/src/sst-elements/src/sst/elements/cscore_sstelem/experiments/replica_count/logs/run_replica007_load050_iter11_bw06p76.out
7,50,102.2148,940.5311249999999,6.76,54.11381999999999,48.10116000000001,iter13,/nethome/kshan9/scratch/src/sst-elements/src/sst/elements/cscore_sstelem/experiments/replica_count/logs/run_replica007_load050_iter13_bw06p76.out
7,50,102.2942,1123.9474999999998,6.77,54.15786,48.13625999999999,iter09,/nethome/kshan9/scratch/src/sst-elements/src/sst/elements/cscore_sstelem/experiments/replica_count/logs/run_replica007_load050_iter09_bw06p77.out
7,50,102.39959999999999,1746.99,6.78,54.22214999999999,48.1775,iter14,/nethome/kshan9/scratch/src/sst-elements/src/sst/elements/cscore_sstelem/experiments/replica_count/logs/run_replica007_load050_iter14_bw06p78.out
7,50,102.44250000000001,2631.545,6.79,54.24228,48.200160000000004,iter07,/nethome/kshan9/scratch/src/sst-elements/src/sst/elements/cscore_sstelem/experiments/replica_count/logs/run_replica007_load050_iter07_bw06p79.out
7,50,102.4621,2301.8362500000003,6.78,54.254009999999994,48.20797999999999,iter12,/nethome/kshan9/scratch/src/sst-elements/src/sst/elements/cscore_sstelem/experiments/replica_count/logs/run_replica007_load050_iter12_bw06p78.out
7,50,102.52040000000001,3920.985,6.88,54.275510000000004,48.24492,iter03,/nethome/kshan9/scratch/src/sst-elements/src/sst/elements/cscore_sstelem/experiments/replica_count/logs/run_replica007_load050_iter03_bw06p88.out
7,50,102.52369999999999,3899.8412500000004,7.81,54.277029999999996,48.2466,right,/nethome/kshan9/scratch/src/sst-elements/src/sst/elements/cscore_sstelem/experiments/replica_count/logs/run_replica007_load050_right_bw07p81.out
7,50,102.5354,3908.67875,6.82,54.28378,48.25169,iter05,/nethome/kshan9/scratch/src/sst-elements/src/sst/elements/cscore_sstelem/experiments/replica_count/logs/run_replica007_load050_iter05_bw06p82.out
7,60,5.426791000000001,802.228375,0.3,2.398152,3.028639,base,/nethome/kshan9/scratch/src/sst-elements/src/sst/elements/cscore_sstelem/experiments/replica_count/logs/run_replica007_load060_base_bw00p30.out
7,60,64.3196,854.6226249999999,3.55,28.423480000000005,35.89614,left,/nethome/kshan9/scratch/src/sst-elements/src/sst/elements/cscore_sstelem/experiments/replica_count/logs/run_replica007_load060_left_bw03p55.out
7,60,106.13869999999999,892.7998749999998,5.86,46.89819000000001,59.24046,iter00,/nethome/kshan9/scratch/src/sst-elements/src/sst/elements/cscore_sstelem/experiments/replica_count/logs/run_replica007_load060_iter00_bw05p86.out
7,60,116.5863,884.0631249999999,6.44,51.51523,65.07114,iter01,/nethome/kshan9/scratch/src/sst-elements/src/sst/elements/cscore_sstelem/experiments/replica_count/logs/run_replica007_load060_iter01_bw06p44.out
7,60,124.43,960.9020000000002,6.87,54.982260000000004,69.44762,iter02,/nethome/kshan9/scratch/src/sst-elements/src/sst/elements/cscore_sstelem/experiments/replica_count/logs/run_replica007_load060_iter02_bw06p87.out
7,60,125.9002,964.3061249999998,6.95,55.63054999999999,70.26966,iter04,/nethome/kshan9/scratch/src/sst-elements/src/sst/elements/cscore_sstelem/experiments/replica_count/logs/run_replica007_load060_iter04_bw06p95.out
7,60,126.7223,959.439625,7.0,55.994049999999994,70.72815,iter06,/nethome/kshan9/scratch/src/sst-elements/src/sst/elements/cscore_sstelem/experiments/replica_count/logs/run_replica007_load060_iter06_bw07p00.out
7,60,127.18999999999998,955.945,7.03,56.20028000000001,70.98983000000001,iter08,/nethome/kshan9/scratch/src/sst-elements/src/sst/elements/cscore_sstelem/experiments/replica_count/logs/run_replica007_load060_iter08_bw07p03.out
7,60,127.45089999999999,953.9817500000001,7.04,56.31624000000001,71.13475,iter10,/nethome/kshan9/scratch/src/sst-elements/src/sst/elements/cscore_sstelem/experiments/replica_count/logs/run_replica007_load060_iter10_bw07p04.out
7,60,128.0416,949.5998750000001,7.07,56.57576,71.46573000000001,iter11,/nethome/kshan9/scratch/src/sst-elements/src/sst/elements/cscore_sstelem/experiments/replica_count/logs/run_replica007_load060_iter11_bw07p07.out
7,60,128.1532,948.80475,7.08,56.62386000000001,71.52921,iter13,/nethome/kshan9/scratch/src/sst-elements/src/sst/elements/cscore_sstelem/experiments/replica_count/logs/run_replica007_load060_iter13_bw07p08.out
7,60,128.23450000000003,1160.55,7.08,56.662479999999995,71.57194,iter09,/nethome/kshan9/scratch/src/sst-elements/src/sst/elements/cscore_sstelem/experiments/replica_count/logs/run_replica007_load060_iter09_bw07p08.out
7,60,128.4133,1748.05875,7.09,56.73425999999999,71.67895999999999,iter14,/nethome/kshan9/scratch/src/sst-elements/src/sst/elements/cscore_sstelem/experiments/replica_count/logs/run_replica007_load060_iter14_bw07p09.out
7,60,128.43540000000002,2256.4549999999995,7.1,56.759510000000006,71.67590999999999,iter12,/nethome/kshan9/scratch/src/sst-elements/src/sst/elements/cscore_sstelem/experiments/replica_count/logs/run_replica007_load060_iter12_bw07p10.out
7,60,128.4554,3548.7749999999996,7.14,56.764,71.69127,iter05,/nethome/kshan9/scratch/src/sst-elements/src/sst/elements/cscore_sstelem/experiments/replica_count/logs/run_replica007_load060_iter05_bw07p14.out
7,60,128.5189,3551.81,8.17,56.78886,71.73002,right,/nethome/kshan9/scratch/src/sst-elements/src/sst/elements/cscore_sstelem/experiments/replica_count/logs/run_replica007_load060_right_bw08p17.out
7,60,128.5262,2832.31875,7.1,56.784600000000005,71.74145,iter07,/nethome/kshan9/scratch/src/sst-elements/src/sst/elements/cscore_sstelem/experiments/replica_count/logs/run_replica007_load060_iter07_bw07p10.out
7,60,128.5267,3547.5099999999998,7.2,56.792300000000004,71.73428999999999,iter03,/nethome/kshan9/scratch/src/sst-elements/src/sst/elements/cscore_sstelem/experiments/replica_count/logs/run_replica007_load060_iter03_bw07p20.out
7,70,6.7309470000000005,801.0097499999998,0.3,2.395565,4.335381,base,/nethome/kshan9/scratch/src/sst-elements/src/sst/elements/cscore_sstelem/experiments/replica_count/logs/run_replica007_load070_base_bw00p30.out
7,70,85.52039999999998,860.1323750000001,3.81,30.473200000000006,55.04714,left,/nethome/kshan9/scratch/src/sst-elements/src/sst/elements/cscore_sstelem/experiments/replica_count/logs/run_replica007_load070_left_bw03p81.out
7,70,141.1173,905.7524999999999,6.29,50.28304,90.83390000000001,iter00,/nethome/kshan9/scratch/src/sst-elements/src/sst/elements/cscore_sstelem/experiments/replica_count/logs/run_replica007_load070_iter00_bw06p29.out
7,70,155.0121,901.365625,6.9,55.23353,99.7786,iter01,/nethome/kshan9/scratch/src/sst-elements/src/sst/elements/cscore_sstelem/experiments/replica_count/logs/run_replica007_load070_iter01_bw06p90.out
7,70,165.4399,943.6376249999998,7.37,58.949639999999995,106.49049999999998,iter02,/nethome/kshan9/scratch/src/sst-elements/src/sst/elements/cscore_sstelem/experiments/replica_count/logs/run_replica007_load070_iter02_bw07p37.out
7,70,167.3848,955.784125,7.46,59.643969999999996,107.74090000000001,iter04,/nethome/kshan9/scratch/src/sst-elements/src/sst/elements/cscore_sstelem/experiments/replica_count/logs/run_replica007_load070_iter04_bw07p46.out
7,70,168.48360000000002,970.5463749999999,7.5,60.03225,108.4511,iter06,/nethome/kshan9/scratch/src/sst-elements/src/sst/elements/cscore_sstelem/experiments/replica_count/logs/run_replica007_load070_iter06_bw07p50.out
7,70,169.1091,967.9235,7.53,60.258430000000004,108.8507,iter08,/nethome/kshan9/scratch/src/sst-elements/src/sst/elements/cscore_sstelem/experiments/replica_count/logs/run_replica007_load070_iter08_bw07p53.out
7,70,169.4568,966.2188749999999,7.55,60.382490000000004,109.07450000000001,iter10,/nethome/kshan9/scratch/src/sst-elements/src/sst/elements/cscore_sstelem/experiments/replica_count/logs/run_replica007_load070_iter10_bw07p55.out
7,70,170.2332,962.92225,7.58,60.65866,109.5746,iter11,/nethome/kshan9/scratch/src/sst-elements/src/sst/elements/cscore_sstelem/experiments/replica_count/logs/run_replica007_load070_iter11_bw07p58.out
7,70,170.384,962.5158750000002,7.59,60.712669999999996,109.6712,iter13,/nethome/kshan9/scratch/src/sst-elements/src/sst/elements/cscore_sstelem/experiments/replica_count/logs/run_replica007_load070_iter13_bw07p59.out
7,70,170.4995,1175.5800000000002,7.59,60.75271000000001,109.747,iter09,/nethome/kshan9/scratch/src/sst-elements/src/sst/elements/cscore_sstelem/experiments/replica_count/logs/run_replica007_load070_iter09_bw07p59.out
7,70,170.71210000000002,1741.47875,7.6,60.82949,109.8824,iter14,/nethome/kshan9/scratch/src/sst-elements/src/sst/elements/cscore_sstelem/experiments/replica_count/logs/run_replica007_load070_iter14_bw07p60.out
7,70,170.7898,2085.5887500000003,7.61,60.86356,109.926,iter12,/nethome/kshan9/scratch/src/sst-elements/src/sst/elements/cscore_sstelem/experiments/replica_count/logs/run_replica007_load070_iter12_bw07p61.out
7,70,170.84509999999997,2678.34625,7.61,60.88404,109.9609,iter07,/nethome/kshan9/scratch/src/sst-elements/src/sst/elements/cscore_sstelem/experiments/replica_count/logs/run_replica007_load070_iter07_bw07p61.out
7,70,170.87630000000001,3577.8812499999995,8.76,60.88684,109.98939999999999,right,/nethome/kshan9/scratch/src/sst-elements/src/sst/elements/cscore_sstelem/experiments/replica_count/logs/run_replica007_load070_right_bw08p76.out
7,70,170.8874,3529.33375,7.72,60.88876,109.9986,iter03,/nethome/kshan9/scratch/src/sst-elements/src/sst/elements/cscore_sstelem/experiments/replica_count/logs/run_replica007_load070_iter03_bw07p72.out
7,70,170.91910000000001,3528.22875,7.65,60.900650000000006,110.0183,iter05,/nethome/kshan9/scratch/src/sst-elements/src/sst/elements/cscore_sstelem/experiments/replica_count/logs/run_replica007_load070_iter05_bw07p65.out
7,80,8.79893,800.7818749999999,0.3,2.393613,6.405321000000001,base,/nethome/kshan9/scratch/src/sst-elements/src/sst/elements/cscore_sstelem/experiments/replica_count/logs/run_replica007_load080_base_bw00p30.out
7,80,126.14009999999999,869.7945,4.3,34.39801,91.7422,left,/nethome/kshan9/scratch/src/sst-elements/src/sst/elements/cscore_sstelem/experiments/replica_count/logs/run_replica007_load080_left_bw04p30.out
7,80,208.15930000000003,931.668125,7.1,56.77078999999999,151.38860000000003,iter00,/nethome/kshan9/scratch/src/sst-elements/src/sst/elements/cscore_sstelem/experiments/replica_count/logs/run_replica007_load080_iter00_bw07p10.out
7,80,228.6577,932.9270000000001,7.8,62.36135,166.2963,iter01,/nethome/kshan9/scratch/src/sst-elements/src/sst/elements/cscore_sstelem/experiments/replica_count/logs/run_replica007_load080_iter01_bw07p80.out
7,80,244.0467,956.9135,8.32,66.55835,177.48839999999998,iter02,/nethome/kshan9/scratch/src/sst-elements/src/sst/elements/cscore_sstelem/experiments/replica_count/logs/run_replica007_load080_iter02_bw08p32.out
7,80,246.91779999999997,962.7017499999998,8.42,67.33873,179.57920000000001,iter04,/nethome/kshan9/scratch/src/sst-elements/src/sst/elements/cscore_sstelem/experiments/replica_count/logs/run_replica007_load080_iter04_bw08p42.out
7,80,248.53599999999997,967.0936249999999,8.47,67.78178000000001,180.75420000000003,iter06,/nethome/kshan9/scratch/src/sst-elements/src/sst/elements/cscore_sstelem/experiments/replica_count/logs/run_replica007_load080_iter06_bw08p47.out
7,80,249.4552,970.1681249999999,8.5,68.03238999999999,181.42270000000002,iter08,/nethome/kshan9/scratch/src/sst-elements/src/sst/elements/cscore_sstelem/experiments/replica_count/logs/run_replica007_load080_iter08_bw08p50.out
7,80,249.96069999999997,968.335125,8.52,68.16936,181.79139999999998,iter10,/nethome/kshan9/scratch/src/sst-elements/src/sst/elements/cscore_sstelem/experiments/replica_count/logs/run_replica007_load080_iter10_bw08p52.out
7,80,251.11900000000003,969.7375,8.56,68.48692,182.6322,iter11,/nethome/kshan9/scratch/src/sst-elements/src/sst/elements/cscore_sstelem/experiments/replica_count/logs/run_replica007_load080_iter11_bw08p56.out
7,80,251.3339,972.194625,8.57,68.54471,182.78910000000002,iter13,/nethome/kshan9/scratch/src/sst-elements/src/sst/elements/cscore_sstelem/experiments/replica_count/logs/run_replica007_load080_iter13_bw08p57.out
7,80,251.49,1115.20125,8.57,68.59033,182.89979999999997,iter09,/nethome/kshan9/scratch/src/sst-elements/src/sst/elements/cscore_sstelem/experiments/replica_count/logs/run_replica007_load080_iter09_bw08p57.out
7,80,251.83670000000004,1739.27,8.58,68.68020000000001,183.1564,iter14,/nethome/kshan9/scratch/src/sst-elements/src/sst/elements/cscore_sstelem/experiments/replica_count/logs/run_replica007_load080_iter14_bw08p58.out
7,80,251.89239999999998,2230.62,8.59,68.70655,183.18580000000003,iter12,/nethome/kshan9/scratch/src/sst-elements/src/sst/elements/cscore_sstelem/experiments/replica_count/logs/run_replica007_load080_iter12_bw08p59.out
7,80,252.0115,3290.1,9.89,68.72965,183.28170000000003,right,/nethome/kshan9/scratch/src/sst-elements/src/sst/elements/cscore_sstelem/experiments/replica_count/logs/run_replica007_load080_right_bw09p89.out
7,80,252.0116,2644.665,8.6,68.73891,183.2728,iter07,/nethome/kshan9/scratch/src/sst-elements/src/sst/elements/cscore_sstelem/experiments/replica_count/logs/run_replica007_load080_iter07_bw08p60.out
7,80,252.14170000000001,3290.1862499999997,8.71,68.76554999999999,183.37619999999998,iter03,/nethome/kshan9/scratch/src/sst-elements/src/sst/elements/cscore_sstelem/experiments/replica_count/logs/run_replica007_load080_iter03_bw08p71.out
7,80,252.32119999999998,3270.32625,8.64,68.8138,183.50719999999998,iter05,/nethome/kshan9/scratch/src/sst-elements/src/sst/elements/cscore_sstelem/experiments/replica_count/logs/run_replica007_load080_iter05_bw08p64.out
7,90,12.57154,798.771625,0.3,2.4075409999999997,10.16399,base,/nethome/kshan9/scratch/src/sst-elements/src/sst/elements/cscore_sstelem/experiments/replica_count/logs/run_replica007_load090_base_bw00p30.out
7,90,212.632,892.5529999999999,5.08,40.61437,172.01780000000002,left,/nethome/kshan9/scratch/src/sst-elements/src/sst/elements/cscore_sstelem/experiments/replica_count/logs/run_replica007_load090_left_bw05p08.out
7,90,350.871,968.903875,8.38,67.02006,283.8509,iter00,/nethome/kshan9/scratch/src/sst-elements/src/sst/elements/cscore_sstelem/experiments/replica_count/logs/run_replica007_load090_iter00_bw08p38.out
7,90,385.4271,982.21275,9.2,73.62019000000001,311.80699999999996,iter01,/nethome/kshan9/scratch/src/sst-elements/src/sst/elements/cscore_sstelem/experiments/replica_count/logs/run_replica007_load090_iter01_bw09p20.out
7,90,405.274,994.294875,9.68,77.41368000000001,327.86019999999996,iter05,/nethome/kshan9/scratch/src/sst-elements/src/sst/elements/cscore_sstelem/experiments/replica_count/logs/run_replica007_load090_iter05_bw09p68.out
7,90,407.32180000000005,993.277375,9.73,77.8064,329.5153,iter07,/nethome/kshan9/scratch/src/sst-elements/src/sst/elements/cscore_sstelem/experiments/replica_count/logs/run_replica007_load090_iter07_bw09p73.out
7,90,410.8523,993.134625,9.81,78.47559,332.3767,iter11,/nethome/kshan9/scratch/src/sst-elements/src/sst/elements/cscore_sstelem/experiments/replica_count/logs/run_replica007_load090_iter11_bw09p81.out
7,90,411.2182,994.9272500000001,9.82,78.54658,332.6715,iter13,/nethome/kshan9/scratch/src/sst-elements/src/sst/elements/cscore_sstelem/experiments/replica_count/logs/run_replica007_load090_iter13_bw09p82.out
7,90,411.34610000000004,995.81775,9.82,78.57103000000001,332.7751,iter02,/nethome/kshan9/scratch/src/sst-elements/src/sst/elements/cscore_sstelem/experiments/replica_count/logs/run_replica007_load090_iter02_bw09p82.out
7,90,411.93240000000003,999.00675,9.84,78.68332000000001,333.2491,iter08,/nethome/kshan9/scratch/src/sst-elements/src/sst/elements/cscore_sstelem/experiments/replica_count/logs/run_replica007_load090_iter08_bw09p84.out
7,90,412.04429999999996,1000.0296250000001,9.84,78.70868,333.3356,iter14,/nethome/kshan9/scratch/src/sst-elements/src/sst/elements/cscore_sstelem/experiments/replica_count/logs/run_replica007_load090_iter14_bw09p84.out
7,90,412.31039999999996,1001.993375,9.84,78.75661,333.5539,iter12,/nethome/kshan9/scratch/src/sst-elements/src/sst/elements/cscore_sstelem/experiments/replica_count/logs/run_replica007_load090_iter12_bw09p84.out
7,90,412.7983,1007.7712499999999,9.86,78.8501,333.9483,iter10,/nethome/kshan9/scratch/src/sst-elements/src/sst/elements/cscore_sstelem/experiments/replica_count/logs/run_replica007_load090_iter10_bw09p86.out
7,90,413.45120000000003,1040.9737499999999,9.87,78.97602,334.47530000000006,iter06,/nethome/kshan9/scratch/src/sst-elements/src/sst/elements/cscore_sstelem/experiments/replica_count/logs/run_replica007_load090_iter06_bw09p87.out
7,90,415.3781,1243.0524999999998,9.92,79.34221,336.036,iter09,/nethome/kshan9/scratch/src/sst-elements/src/sst/elements/cscore_sstelem/experiments/replica_count/logs/run_replica007_load090_iter09_bw09p92.out
7,90,416.1885,1353.605,9.94,79.50025000000001,336.6882,iter04,/nethome/kshan9/scratch/src/sst-elements/src/sst/elements/cscore_sstelem/experiments/replica_count/logs/run_replica007_load090_iter04_bw09p94.out
7,90,421.3649,3284.2749999999996,10.29,80.48669999999998,340.8781,iter03,/nethome/kshan9/scratch/src/sst-elements/src/sst/elements/cscore_sstelem/experiments/replica_count/logs/run_replica007_load090_iter03_bw10p29.out
7,90,421.4096,3283.4775000000004,11.68,80.4937,340.9158,right,/nethome/kshan9/scratch/src/sst-elements/src/sst/elements/cscore_sstelem/experiments/replica_count/logs/run_replica007_load090_right_bw11p68.out
7,100,21.600010000000005,797.289125,0.3,2.400217,19.19981,base,/nethome/kshan9/scratch/src/sst-elements/src/sst/elements/cscore_sstelem/experiments/replica_count/logs/run_replica007_load100_base_bw00p30.out
7,100,193.53590000000003,803.4169999999999,2.69,21.503989999999998,172.0319,left,/nethome/kshan9/scratch/src/sst-elements/src/sst/elements/cscore_sstelem/experiments/replica_count/logs/run_replica007_load100_left_bw02p69.out
7,100,319.3344,813.8978749999999,4.44,35.48160000000001,283.85280000000006,iter00,/nethome/kshan9/scratch/src/sst-elements/src/sst/elements/cscore_sstelem/experiments/replica_count/logs/run_replica007_load100_iter00_bw04p44.out
7,100,350.78420000000006,808.5778750000001,4.87,38.97602,311.8082,iter01,/nethome/kshan9/scratch/src/sst-elements/src/sst/elements/cscore_sstelem/experiments/replica_count/logs/run_replica007_load100_iter01_bw04p87.out
7,100,368.8419,813.07975,5.12,40.98285,327.8591,iter05,/nethome/kshan9/scratch/src/sst-elements/src/sst/elements/cscore_sstelem/experiments/replica_count/logs/run_replica007_load100_iter05_bw05p12.out
7,100,370.70880000000005,809.0383750000001,5.15,41.189859999999996,329.51890000000003,iter07,/nethome/kshan9/scratch/src/sst-elements/src/sst/elements/cscore_sstelem/experiments/replica_count/logs/run_replica007_load100_iter07_bw05p15.out
7,100,374.3473,881.8711250000001,5.2,41.597249999999995,332.7501,iter02,/nethome/kshan9/scratch/src/sst-elements/src/sst/elements/cscore_sstelem/experiments/replica_count/logs/run_replica007_load100_iter02_bw05p20.out
7,100,374.8834,920.8544999999999,5.21,41.65667,333.2267,iter08,/nethome/kshan9/scratch/src/sst-elements/src/sst/elements/cscore_sstelem/experiments/replica_count/logs/run_replica007_load100_iter08_bw05p21.out
7,100,375.1173,938.795,5.21,41.682590000000005,333.43469999999996,iter13,/nethome/kshan9/scratch/src/sst-elements/src/sst/elements/cscore_sstelem/experiments/replica_count/logs/run_replica007_load100_iter13_bw05p21.out
7,100,375.6752,984.886875,5.22,41.74308,333.9321,iter10,/nethome/kshan9/scratch/src/sst-elements/src/sst/elements/cscore_sstelem/experiments/replica_count/logs/run_replica007_load100_iter10_bw05p22.out
7,100,375.8639,1001.4822499999999,5.22,41.765359999999994,334.0983,iter14,/nethome/kshan9/scratch/src/sst-elements/src/sst/elements/cscore_sstelem/experiments/replica_count/logs/run_replica007_load100_iter14_bw05p22.out
7,100,376.11710000000005,1024.47,5.22,41.79327,334.3238,iter12,/nethome/kshan9/scratch/src/sst-elements/src/sst/elements/cscore_sstelem/experiments/replica_count/logs/run_replica007_load100_iter12_bw05p22.out
7,100,376.2869,1040.8925000000002,5.23,41.811,334.4762,iter06,/nethome/kshan9/scratch/src/sst-elements/src/sst/elements/cscore_sstelem/experiments/replica_count/logs/run_replica007_load100_iter06_bw05p23.out
7,100,377.4484,1166.3712500000001,5.24,41.94105,335.50749999999994,iter11,/nethome/kshan9/scratch/src/sst-elements/src/sst/elements/cscore_sstelem/experiments/replica_count/logs/run_replica007_load100_iter11_bw05p24.out
7,100,378.0389,1243.00875,5.25,42.005430000000004,336.0333999999999,iter09,/nethome/kshan9/scratch/src/sst-elements/src/sst/elements/cscore_sstelem/experiments/replica_count/logs/run_replica007_load100_iter09_bw05p25.out
7,100,378.7779,1353.74,5.26,42.08844,336.68949999999995,iter04,/nethome/kshan9/scratch/src/sst-elements/src/sst/elements/cscore_sstelem/experiments/replica_count/logs/run_replica007_load100_iter04_bw05p26.out
7,100,385.6904,8134.919999999999,5.45,42.85464000000001,342.836,iter03,/nethome/kshan9/scratch/src/sst-elements/src/sst/elements/cscore_sstelem/experiments/replica_count/logs/run_replica007_load100_iter03_bw05p45.out
7,100,385.6904,8137.22,6.18,42.85448000000001,342.836,right,/nethome/kshan9/scratch/src/sst-elements/src/sst/elements/cscore_sstelem/experiments/replica_count/logs/run_replica007_load100_right_bw06p18.out
8,0,2.401386,802.2655000000001,0.3,2.401386,0.0,base,/nethome/kshan9/scratch/src/sst-elements/src/sst/elements/cscore_sstelem/experiments/replica_count/logs/run_replica008_load000_base_bw00p30.out
8,0,24.57982,847.622125,3.07,24.57982,0.0,left,/nethome/kshan9/scratch/src/sst-elements/src/sst/elements/cscore_sstelem/experiments/replica_count/logs/run_replica008_load000_left_bw03p07.out
8,0,40.55044,869.4819999999999,5.07,40.55044,0.0,iter00,/nethome/kshan9/scratch/src/sst-elements/src/sst/elements/cscore_sstelem/experiments/replica_count/logs/run_replica008_load000_iter00_bw05p07.out
8,0,44.53962,856.138625,5.57,44.53962,0.0,iter01,/nethome/kshan9/scratch/src/sst-elements/src/sst/elements/cscore_sstelem/experiments/replica_count/logs/run_replica008_load000_iter01_bw05p57.out
8,0,47.5392,951.661,5.94,47.5392,0.0,iter02,/nethome/kshan9/scratch/src/sst-elements/src/sst/elements/cscore_sstelem/experiments/replica_count/logs/run_replica008_load000_iter02_bw05p94.out
8,0,48.1008,940.5379999999998,6.01,48.1008,0.0,iter04,/nethome/kshan9/scratch/src/sst-elements/src/sst/elements/cscore_sstelem/experiments/replica_count/logs/run_replica008_load000_iter04_bw06p01.out
8,0,48.41672,934.394,6.05,48.41672,0.0,iter06,/nethome/kshan9/scratch/src/sst-elements/src/sst/elements/cscore_sstelem/experiments/replica_count/logs/run_replica008_load000_iter06_bw06p05.out
8,0,48.5944,930.9750000000001,6.07,48.5944,0.0,iter08,/nethome/kshan9/scratch/src/sst-elements/src/sst/elements/cscore_sstelem/experiments/replica_count/logs/run_replica008_load000_iter08_bw06p07.out
8,0,48.90048000000001,925.141,6.11,48.90048000000001,0.0,iter12,/nethome/kshan9/scratch/src/sst-elements/src/sst/elements/cscore_sstelem/experiments/replica_count/logs/run_replica008_load000_iter12_bw06p11.out
8,0,48.93207999999999,924.543,6.12,48.93207999999999,0.0,iter14,/nethome/kshan9/scratch/src/sst-elements/src/sst/elements/cscore_sstelem/experiments/replica_count/logs/run_replica008_load000_iter14_bw06p12.out
8,0,48.994170000000004,983.61225,6.12,48.994170000000004,0.0,iter09,/nethome/kshan9/scratch/src/sst-elements/src/sst/elements/cscore_sstelem/experiments/replica_count/logs/run_replica008_load000_iter09_bw06p12.out
8,0,49.02617,1230.5762499999998,6.13,49.02617,0.0,iter13,/nethome/kshan9/scratch/src/sst-elements/src/sst/elements/cscore_sstelem/experiments/replica_count/logs/run_replica008_load000_iter13_bw06p13.out
8,0,49.06829,1739.3475000000003,6.13,49.06829,0.0,iter11,/nethome/kshan9/scratch/src/sst-elements/src/sst/elements/cscore_sstelem/experiments/replica_count/logs/run_replica008_load000_iter11_bw06p13.out
8,0,49.11609,4300.570000000001,6.17,49.11609,0.0,iter05,/nethome/kshan9/scratch/src/sst-elements/src/sst/elements/cscore_sstelem/experiments/replica_count/logs/run_replica008_load000_iter05_bw06p17.out
8,0,49.116989999999994,3370.49375,6.14,49.116989999999994,0.0,iter07,/nethome/kshan9/scratch/src/sst-elements/src/sst/elements/cscore_sstelem/experiments/replica_count/logs/run_replica008_load000_iter07_bw06p14.out
8,0,49.11739000000001,4359.705000000001,7.07,49.11739000000001,0.0,right,/nethome/kshan9/scratch/src/sst-elements/src/sst/elements/cscore_sstelem/experiments/replica_count/logs/run_replica008_load000_right_bw07p07.out
8,0,49.11856,4295.902499999999,6.22,49.11856,0.0,iter03,/nethome/kshan9/scratch/src/sst-elements/src/sst/elements/cscore_sstelem/experiments/replica_count/logs/run_replica008_load000_iter03_bw06p22.out
8,0,49.11872999999999,4288.85,6.16,49.11872999999999,0.0,iter10,/nethome/kshan9/scratch/src/sst-elements/src/sst/elements/cscore_sstelem/experiments/replica_count/logs/run_replica008_load000_iter10_bw06p16.out
8,10,2.655773,804.5530000000001,0.3,2.396488,0.2592859,base,/nethome/kshan9/scratch/src/sst-elements/src/sst/elements/cscore_sstelem/experiments/replica_count/logs/run_replica008_load010_base_bw00p30.out
8,10,27.610929999999996,847.634125,3.11,24.878239999999998,2.73268,left,/nethome/kshan9/scratch/src/sst-elements/src/sst/elements/cscore_sstelem/experiments/replica_count/logs/run_replica008_load010_left_bw03p11.out
8,10,45.53663999999999,870.9927500000001,5.13,41.04192,4.494664,iter00,/nethome/kshan9/scratch/src/sst-elements/src/sst/elements/cscore_sstelem/experiments/replica_count/logs/run_replica008_load010_iter00_bw05p13.out
8,10,50.022149999999996,853.6411250000001,5.64,45.08081,4.94134,iter01,/nethome/kshan9/scratch/src/sst-elements/src/sst/elements/cscore_sstelem/experiments/replica_count/logs/run_replica008_load010_iter01_bw05p64.out
8,10,53.382400000000004,953.315,6.01,48.116640000000004,5.265824000000001,iter02,/nethome/kshan9/scratch/src/sst-elements/src/sst/elements/cscore_sstelem/experiments/replica_count/logs/run_replica008_load010_iter02_bw06p01.out
8,10,54.01312000000001,942.1729999999999,6.09,48.68511999999999,5.3280400000000006,iter04,/nethome/kshan9/scratch/src/sst-elements/src/sst/elements/cscore_sstelem/experiments/replica_count/logs/run_replica008_load010_iter04_bw06p09.out
8,10,54.36784,936.019,6.13,49.004799999999996,5.363024000000001,iter06,/nethome/kshan9/scratch/src/sst-elements/src/sst/elements/cscore_sstelem/experiments/replica_count/logs/run_replica008_load010_iter06_bw06p13.out
8,10,54.56752,932.5920000000002,6.15,49.1848,5.38272,iter08,/nethome/kshan9/scratch/src/sst-elements/src/sst/elements/cscore_sstelem/experiments/replica_count/logs/run_replica008_load010_iter08_bw06p15.out
8,10,54.91127999999999,926.7479999999998,6.19,49.49464,5.41664,iter12,/nethome/kshan9/scratch/src/sst-elements/src/sst/elements/cscore_sstelem/experiments/replica_count/logs/run_replica008_load010_iter12_bw06p19.out
8,10,54.9468,926.149,6.19,49.52663999999999,5.420136,iter14,/nethome/kshan9/scratch/src/sst-elements/src/sst/elements/cscore_sstelem/experiments/replica_count/logs/run_replica008_load010_iter14_bw06p19.out
8,10,55.02066,983.602125,6.2,49.58794,5.432722,iter09,/nethome/kshan9/scratch/src/sst-elements/src/sst/elements/cscore_sstelem/experiments/replica_count/logs/run_replica008_load010_iter09_bw06p20.out
8,10,55.05845,1239.6325000000002,6.2,49.621320000000004,5.437125,iter13,/nethome/kshan9/scratch/src/sst-elements/src/sst/elements/cscore_sstelem/experiments/replica_count/logs/run_replica008_load010_iter13_bw06p20.out
8,10,55.10649000000001,1728.9475,6.21,49.664049999999996,5.4424209999999995,iter11,/nethome/kshan9/scratch/src/sst-elements/src/sst/elements/cscore_sstelem/experiments/replica_count/logs/run_replica008_load010_iter11_bw06p21.out
8,10,55.12603000000001,2644.0275,6.22,49.682159999999996,5.4438699999999995,iter07,/nethome/kshan9/scratch/src/sst-elements/src/sst/elements/cscore_sstelem/experiments/replica_count/logs/run_replica008_load010_iter07_bw06p22.out
8,10,55.13458,3868.98,6.24,49.68935,5.445229,iter10,/nethome/kshan9/scratch/src/sst-elements/src/sst/elements/cscore_sstelem/experiments/replica_count/logs/run_replica008_load010_iter10_bw06p24.out
8,10,55.153119999999994,3970.4537499999997,6.25,49.70634,5.446783999999999,iter05,/nethome/kshan9/scratch/src/sst-elements/src/sst/elements/cscore_sstelem/experiments/replica_count/logs/run_replica008_load010_iter05_bw06p25.out
8,10,55.15397,4003.35,7.15,49.70612,5.447836,right,/nethome/kshan9/scratch/src/sst-elements/src/sst/elements/cscore_sstelem/experiments/replica_count/logs/run_replica008_load010_right_bw07p15.out
8,10,55.174389999999995,4000.37875,6.3,49.72423,5.450166,iter03,/nethome/kshan9/scratch/src/sst-elements/src/sst/elements/cscore_sstelem/experiments/replica_count/logs/run_replica008_load010_iter03_bw06p30.out
8,20,2.9877000000000002,799.8658750000001,0.3,2.4047350000000005,0.582966,base,/nethome/kshan9/scratch/src/sst-elements/src/sst/elements/cscore_sstelem/experiments/replica_count/logs/run_replica008_load020_base_bw00p30.out
8,20,31.368760000000005,847.8832499999999,3.16,25.248029999999996,6.120732,left,/nethome/kshan9/scratch/src/sst-elements/src/sst/elements/cscore_sstelem/experiments/replica_count/logs/run_replica008_load020_left_bw03p16.out
8,20,51.761410000000005,872.8857500000001,5.21,41.65451000000001,10.1069,iter00,/nethome/kshan9/scratch/src/sst-elements/src/sst/elements/cscore_sstelem/experiments/replica_count/logs/run_replica008_load020_iter00_bw05p21.out
8,20,56.84613,847.906,5.72,45.75311,11.09302,iter01,/nethome/kshan9/scratch/src/sst-elements/src/sst/elements/cscore_sstelem/experiments/replica_count/logs/run_replica008_load020_iter01_bw05p72.out
8,20,60.67794,955.38525,6.1,48.83303,11.8449,iter02,/nethome/kshan9/scratch/src/sst-elements/src/sst/elements/cscore_sstelem/experiments/replica_count/logs/run_replica008_load020_iter02_bw06p10.out
8,20,61.39672000000001,944.21,6.18,49.41176000000001,11.984880000000002,iter04,/nethome/kshan9/scratch/src/sst-elements/src/sst/elements/cscore_sstelem/experiments/replica_count/logs/run_replica008_load020_iter04_bw06p18.out
8,20,61.79991999999999,938.044,6.22,49.73624,12.063599999999997,iter06,/nethome/kshan9/scratch/src/sst-elements/src/sst/elements/cscore_sstelem/experiments/replica_count/logs/run_replica008_load020_iter06_bw06p22.out
8,20,62.02656000000001,934.612,6.24,49.91872,12.107839999999998,iter08,/nethome/kshan9/scratch/src/sst-elements/src/sst/elements/cscore_sstelem/experiments/replica_count/logs/run_replica008_load020_iter08_bw06p24.out
8,20,62.41728,928.7559999999999,6.28,50.23311999999999,12.184160000000002,iter12,/nethome/kshan9/scratch/src/sst-elements/src/sst/elements/cscore_sstelem/experiments/replica_count/logs/run_replica008_load020_iter12_bw06p28.out
8,20,62.457600000000006,928.1549999999999,6.28,50.2656,12.192,iter14,/nethome/kshan9/scratch/src/sst-elements/src/sst/elements/cscore_sstelem/experiments/replica_count/logs/run_replica008_load020_iter14_bw06p28.out
8,20,62.52997999999999,983.5595000000002,6.29,50.328399999999995,12.20157,iter09,/nethome/kshan9/scratch/src/sst-elements/src/sst/elements/cscore_sstelem/experiments/replica_count/logs/run_replica008_load020_iter09_bw06p29.out
8,20,62.57016,1251.9275,6.3,50.36354,12.206620000000001,iter13,/nethome/kshan9/scratch/src/sst-elements/src/sst/elements/cscore_sstelem/experiments/replica_count/logs/run_replica008_load020_iter13_bw06p30.out
8,20,62.62266999999999,1723.38875,6.3,50.40604,12.21662,iter11,/nethome/kshan9/scratch/src/sst-elements/src/sst/elements/cscore_sstelem/experiments/replica_count/logs/run_replica008_load020_iter11_bw06p30.out
8,20,62.62752,3886.9574999999995,6.34,50.407270000000004,12.22025,iter05,/nethome/kshan9/scratch/src/sst-elements/src/sst/elements/cscore_sstelem/experiments/replica_count/logs/run_replica008_load020_iter05_bw06p34.out
8,20,62.64486000000001,2624.5562500000005,6.31,50.42374,12.22113,iter07,/nethome/kshan9/scratch/src/sst-elements/src/sst/elements/cscore_sstelem/experiments/replica_count/logs/run_replica008_load020_iter07_bw06p31.out
8,20,62.6696,3909.7400000000002,7.26,50.44076,12.228849999999998,right,/nethome/kshan9/scratch/src/sst-elements/src/sst/elements/cscore_sstelem/experiments/replica_count/logs/run_replica008_load020_right_bw07p26.out
8,20,62.68704,3911.7825000000003,6.39,50.45587999999999,12.23115,iter03,/nethome/kshan9/scratch/src/sst-elements/src/sst/elements/cscore_sstelem/experiments/replica_count/logs/run_replica008_load020_iter03_bw06p39.out
8,20,62.75308999999999,3651.5075,6.33,50.50834,12.244750000000002,iter10,/nethome/kshan9/scratch/src/sst-elements/src/sst/elements/cscore_sstelem/experiments/replica_count/logs/run_replica008_load020_iter10_bw06p33.out
8,30,3.385216,801.0950000000001,0.3,2.404888,0.9803360000000001,base,/nethome/kshan9/scratch/src/sst-elements/src/sst/elements/cscore_sstelem/experiments/replica_count/logs/run_replica008_load030_base_bw00p30.out
8,30,36.184020000000004,849.6186250000001,3.22,25.72216,10.461839999999999,left,/nethome/kshan9/scratch/src/sst-elements/src/sst/elements/cscore_sstelem/experiments/replica_count/logs/run_replica008_load030_left_bw03p22.out
8,30,59.6972,875.279,5.3,42.43808000000001,17.25912,iter00,/nethome/kshan9/scratch/src/sst-elements/src/sst/elements/cscore_sstelem/experiments/replica_count/logs/run_replica008_load030_iter00_bw05p30.out
8,30,65.5831,862.7553750000001,5.83,46.616260000000004,18.966849999999997,iter01,/nethome/kshan9/scratch/src/sst-elements/src/sst/elements/cscore_sstelem/experiments/replica_count/logs/run_replica008_load030_iter01_bw05p83.out
8,30,69.98911000000001,957.9147499999999,6.22,49.75236,20.23672,iter02,/nethome/kshan9/scratch/src/sst-elements/src/sst/elements/cscore_sstelem/experiments/replica_count/logs/run_replica008_load030_iter02_bw06p22.out
8,30,70.82216,946.8439999999999,6.29,50.34096,20.4812,iter04,/nethome/kshan9/scratch/src/sst-elements/src/sst/elements/cscore_sstelem/experiments/replica_count/logs/run_replica008_load030_iter04_bw06p29.out
8,30,71.28728,940.66,6.33,50.671519999999994,20.61568,iter06,/nethome/kshan9/scratch/src/sst-elements/src/sst/elements/cscore_sstelem/experiments/replica_count/logs/run_replica008_load030_iter06_bw06p33.out
8,30,71.54888,937.215,6.36,50.85752000000001,20.69136,iter08,/nethome/kshan9/scratch/src/sst-elements/src/sst/elements/cscore_sstelem/experiments/replica_count/logs/run_replica008_load030_iter08_bw06p36.out
8,30,71.99952,931.3450000000001,6.4,51.17784,20.82168,iter12,/nethome/kshan9/scratch/src/sst-elements/src/sst/elements/cscore_sstelem/experiments/replica_count/logs/run_replica008_load030_iter12_bw06p40.out
8,30,72.04616,930.742,6.4,51.21096,20.8352,iter14,/nethome/kshan9/scratch/src/sst-elements/src/sst/elements/cscore_sstelem/experiments/replica_count/logs/run_replica008_load030_iter14_bw06p40.out
8,30,72.13392,980.9142499999998,6.41,51.27651,20.85742,iter09,/nethome/kshan9/scratch/src/sst-elements/src/sst/elements/cscore_sstelem/experiments/replica_count/logs/run_replica008_load030_iter09_bw06p41.out
8,30,72.17847,1249.8374999999999,6.41,51.30849,20.86998,iter13,/nethome/kshan9/scratch/src/sst-elements/src/sst/elements/cscore_sstelem/experiments/replica_count/logs/run_replica008_load030_iter13_bw06p41.out
8,30,72.23628000000001,1712.06375,6.42,51.353139999999996,20.88313,iter11,/nethome/kshan9/scratch/src/sst-elements/src/sst/elements/cscore_sstelem/experiments/replica_count/logs/run_replica008_load030_iter11_bw06p42.out
8,30,72.27484,3884.3787500000003,6.51,51.37725999999999,20.89759,iter03,/nethome/kshan9/scratch/src/sst-elements/src/sst/elements/cscore_sstelem/experiments/replica_count/logs/run_replica008_load030_iter03_bw06p51.out
8,30,72.31589000000001,3773.0649999999996,6.45,51.40568,20.91019,iter10,/nethome/kshan9/scratch/src/sst-elements/src/sst/elements/cscore_sstelem/experiments/replica_count/logs/run_replica008_load030_iter10_bw06p45.out
8,30,72.31863,3884.6650000000004,7.39,51.40672,20.91192,right,/nethome/kshan9/scratch/src/sst-elements/src/sst/elements/cscore_sstelem/experiments/replica_count/logs/run_replica008_load030_right_bw07p39.out
8,30,72.32651,3843.5950000000003,6.46,51.41429,20.91223,iter05,/nethome/kshan9/scratch/src/sst-elements/src/sst/elements/cscore_sstelem/experiments/replica_count/logs/run_replica008_load030_iter05_bw06p46.out
8,30,72.32721000000001,2676.03375,6.43,51.41424,20.912979999999997,iter07,/nethome/kshan9/scratch/src/sst-elements/src/sst/elements/cscore_sstelem/experiments/replica_count/logs/run_replica008_load030_iter07_bw06p43.out
8,40,3.8786869999999998,800.95625,0.3,2.406019,1.472671,base,/nethome/kshan9/scratch/src/sst-elements/src/sst/elements/cscore_sstelem/experiments/replica_count/logs/run_replica008_load040_base_bw00p30.out
8,40,42.5626,849.750625,3.29,26.350509999999996,16.21209,left,/nethome/kshan9/scratch/src/sst-elements/src/sst/elements/cscore_sstelem/experiments/replica_count/logs/run_replica008_load040_left_bw03p29.out
8,40,70.22878,878.5539999999997,5.43,43.477729999999994,26.751039999999996,iter00,/nethome/kshan9/scratch/src/sst-elements/src/sst/elements/cscore_sstelem/experiments/replica_count/logs/run_replica008_load040_iter00_bw05p43.out
8,40,77.14717,857.5157499999999,5.97,47.75740999999999,29.38975,iter01,/nethome/kshan9/scratch/src/sst-elements/src/sst/elements/cscore_sstelem/experiments/replica_count/logs/run_replica008_load040_iter01_bw05p97.out
8,40,82.3421,960.8957499999999,6.37,50.97089,31.371360000000003,iter02,/nethome/kshan9/scratch/src/sst-elements/src/sst/elements/cscore_sstelem/experiments/replica_count/logs/run_replica008_load040_iter02_bw06p37.out
8,40,83.31600000000002,950.3450000000001,6.45,51.57119999999999,31.745039999999996,iter04,/nethome/kshan9/scratch/src/sst-elements/src/sst/elements/cscore_sstelem/experiments/replica_count/logs/run_replica008_load040_iter04_bw06p45.out
8,40,83.8632,944.1389999999998,6.49,51.90984000000002,31.95352,iter06,/nethome/kshan9/scratch/src/sst-elements/src/sst/elements/cscore_sstelem/experiments/replica_count/logs/run_replica008_load040_iter06_bw06p49.out
8,40,84.1712,940.6830000000001,6.51,52.10032,32.0708,iter08,/nethome/kshan9/scratch/src/sst-elements/src/sst/elements/cscore_sstelem/experiments/replica_count/logs/run_replica008_load040_iter08_bw06p51.out
8,40,84.7016,934.7879999999998,6.55,52.42863999999999,32.272879999999994,iter12,/nethome/kshan9/scratch/src/sst-elements/src/sst/elements/cscore_sstelem/experiments/replica_count/logs/run_replica008_load040_iter12_bw06p55.out
8,40,84.7568,934.1830000000001,6.56,52.46264000000001,32.29376,iter14,/nethome/kshan9/scratch/src/sst-elements/src/sst/elements/cscore_sstelem/experiments/replica_count/logs/run_replica008_load040_iter14_bw06p56.out
8,40,84.8545,979.926875,6.57,52.530829999999995,32.323660000000004,iter09,/nethome/kshan9/scratch/src/sst-elements/src/sst/elements/cscore_sstelem/experiments/replica_count/logs/run_replica008_load040_iter09_bw06p57.out
8,40,84.91120000000001,1259.92875,6.57,52.5653,32.34592,iter13,/nethome/kshan9/scratch/src/sst-elements/src/sst/elements/cscore_sstelem/experiments/replica_count/logs/run_replica008_load040_iter13_bw06p57.out
8,40,84.981,1710.5974999999999,6.58,52.61145,32.36961999999999,iter11,/nethome/kshan9/scratch/src/sst-elements/src/sst/elements/cscore_sstelem/experiments/replica_count/logs/run_replica008_load040_iter11_bw06p58.out
8,40,85.01650000000001,3775.1637499999997,6.62,52.62997,32.38669,iter05,/nethome/kshan9/scratch/src/sst-elements/src/sst/elements/cscore_sstelem/experiments/replica_count/logs/run_replica008_load040_iter05_bw06p62.out
8,40,85.0457,3899.415,6.67,52.647549999999995,32.39816,iter03,/nethome/kshan9/scratch/src/sst-elements/src/sst/elements/cscore_sstelem/experiments/replica_count/logs/run_replica008_load040_iter03_bw06p67.out
8,40,85.054,2658.1,6.58,52.65729,32.39661,iter07,/nethome/kshan9/scratch/src/sst-elements/src/sst/elements/cscore_sstelem/experiments/replica_count/logs/run_replica008_load040_iter07_bw06p58.out
8,40,85.07849999999999,3884.625,7.58,52.66856,32.40981,right,/nethome/kshan9/scratch/src/sst-elements/src/sst/elements/cscore_sstelem/experiments/replica_count/logs/run_replica008_load040_right_bw07p58.out
8,40,85.121,3529.86125,6.61,52.695100000000004,32.42594,iter10,/nethome/kshan9/scratch/src/sst-elements/src/sst/elements/cscore_sstelem/experiments/replica_count/logs/run_replica008_load040_iter10_bw06p61.out
8,50,4.54063,800.5235,0.3,2.409948,2.130682,base,/nethome/kshan9/scratch/src/sst-elements/src/sst/elements/cscore_sstelem/experiments/replica_count/logs/run_replica008_load050_base_bw00p30.out
8,50,51.420570000000005,849.0253749999999,3.4,27.222640000000006,24.197920000000003,left,/nethome/kshan9/scratch/src/sst-elements/src/sst/elements/cscore_sstelem/experiments/replica_count/logs/run_replica008_load050_left_bw03p40.out
8,50,84.844,883.084,5.61,44.91736,39.92648,iter00,/nethome/kshan9/scratch/src/sst-elements/src/sst/elements/cscore_sstelem/experiments/replica_count/logs/run_replica008_load050_iter00_bw05p61.out
8,50,93.20200000000001,816.6807499999999,6.17,49.34235999999999,43.859849999999994,iter01,/nethome/kshan9/scratch/src/sst-elements/src/sst/elements/cscore_sstelem/experiments/replica_count/logs/run_replica008_load050_iter01_bw06p17.out
8,50,99.47,965.1495,6.58,52.658159999999995,46.81199,iter02,/nethome/kshan9/scratch/src/sst-elements/src/sst/elements/cscore_sstelem/experiments/replica_count/logs/run_replica008_load050_iter02_bw06p58.out
8,50,100.64160000000001,955.25,6.66,53.2808,47.36072000000001,iter04,/nethome/kshan9/scratch/src/sst-elements/src/sst/elements/cscore_sstelem/experiments/replica_count/logs/run_replica008_load050_iter04_bw06p66.out
8,50,101.30240000000002,949.0100000000001,6.7,53.63080000000001,47.67184,iter06,/nethome/kshan9/scratch/src/sst-elements/src/sst/elements/cscore_sstelem/experiments/replica_count/logs/run_replica008_load050_iter06_bw06p70.out
8,50,101.6744,945.5370000000001,6.73,53.827679999999994,47.8468,iter08,/nethome/kshan9/scratch/src/sst-elements/src/sst/elements/cscore_sstelem/experiments/replica_count/logs/run_replica008_load050_iter08_bw06p73.out
8,50,102.3152,939.612,6.77,54.166640000000015,48.148160000000004,iter12,/nethome/kshan9/scratch/src/sst-elements/src/sst/elements/cscore_sstelem/experiments/replica_count/logs/run_replica008_load050_iter12_bw06p77.out
8,50,102.38080000000001,939.004,6.78,54.20175999999999,48.17936,iter14,/nethome/kshan9/scratch/src/sst-elements/src/sst/elements/cscore_sstelem/experiments/replica_count/logs/run_replica008_load050_iter14_bw06p78.out
8,50,102.51140000000001,974.9482500000003,6.78,54.27074,48.24064,iter09,/nethome/kshan9/scratch/src/sst-elements/src/sst/elements/cscore_sstelem/experiments/replica_count/logs/run_replica008_load050_iter09_bw06p78.out
8,50,102.5798,1275.9337500000001,6.79,54.306270000000005,48.273430000000005,iter13,/nethome/kshan9/scratch/src/sst-elements/src/sst/elements/cscore_sstelem/experiments/replica_count/logs/run_replica008_load050_iter13_bw06p79.out
8,50,102.6643,1723.36,6.79,54.352230000000006,48.31213,iter11,/nethome/kshan9/scratch/src/sst-elements/src/sst/elements/cscore_sstelem/experiments/replica_count/logs/run_replica008_load050_iter11_bw06p79.out
8,50,102.7234,2789.7775,6.8,54.38978,48.33364,iter07,/nethome/kshan9/scratch/src/sst-elements/src/sst/elements/cscore_sstelem/experiments/replica_count/logs/run_replica008_load050_iter07_bw06p80.out
8,50,102.7506,3896.91,6.84,54.39585,48.35461,iter05,/nethome/kshan9/scratch/src/sst-elements/src/sst/elements/cscore_sstelem/experiments/replica_count/logs/run_replica008_load050_iter05_bw06p84.out
8,50,102.75539999999998,3903.37125,6.89,54.39941,48.35580999999999,iter03,/nethome/kshan9/scratch/src/sst-elements/src/sst/elements/cscore_sstelem/experiments/replica_count/logs/run_replica008_load050_iter03_bw06p89.out
8,50,102.7578,3896.46125,7.83,54.40119000000001,48.35655,right,/nethome/kshan9/scratch/src/sst-elements/src/sst/elements/cscore_sstelem/experiments/replica_count/logs/run_replica008_load050_right_bw07p83.out
8,50,102.78349999999999,3893.76,6.83,54.41658,48.36701,iter10,/nethome/kshan9/scratch/src/sst-elements/src/sst/elements/cscore_sstelem/experiments/replica_count/logs/run_replica008_load050_iter10_bw06p83.out
8,60,5.427532,802.1188750000001,0.3,2.398479,3.029053,base,/nethome/kshan9/scratch/src/sst-elements/src/sst/elements/cscore_sstelem/experiments/replica_count/logs/run_replica008_load060_base_bw00p30.out
8,60,64.53020000000001,853.7630000000001,3.56,28.515369999999997,36.014849999999996,left,/nethome/kshan9/scratch/src/sst-elements/src/sst/elements/cscore_sstelem/experiments/replica_count/logs/run_replica008_load060_left_bw03p56.out
8,60,106.4852,889.8909999999998,5.88,47.051320000000004,59.4339,iter00,/nethome/kshan9/scratch/src/sst-elements/src/sst/elements/cscore_sstelem/experiments/replica_count/logs/run_replica008_load060_iter00_bw05p88.out
8,60,116.96700000000001,884.2083749999999,6.46,51.68271000000001,65.2843,iter01,/nethome/kshan9/scratch/src/sst-elements/src/sst/elements/cscore_sstelem/experiments/replica_count/logs/run_replica008_load060_iter01_bw06p46.out
8,60,124.8383,970.410125,6.89,55.159499999999994,69.67858999999999,iter02,/nethome/kshan9/scratch/src/sst-elements/src/sst/elements/cscore_sstelem/experiments/replica_count/logs/run_replica008_load060_iter02_bw06p89.out
8,60,126.3089,962.273875,6.98,55.809099999999994,70.49982,iter04,/nethome/kshan9/scratch/src/sst-elements/src/sst/elements/cscore_sstelem/experiments/replica_count/logs/run_replica008_load060_iter04_bw06p98.out
8,60,127.14,956.31875,7.02,56.17816,70.96192,iter06,/nethome/kshan9/scratch/src/sst-elements/src/sst/elements/cscore_sstelem/experiments/replica_count/logs/run_replica008_load060_iter06_bw07p02.out
8,60,127.6087,952.8332499999999,7.05,56.38394000000001,71.22501,iter08,/nethome/kshan9/scratch/src/sst-elements/src/sst/elements/cscore_sstelem/experiments/replica_count/logs/run_replica008_load060_iter08_bw07p05.out
8,60,128.4126,946.8575000000001,7.09,56.739059999999995,71.67368,iter12,/nethome/kshan9/scratch/src/sst-elements/src/sst/elements/cscore_sstelem/experiments/replica_count/logs/run_replica008_load060_iter12_bw07p09.out
8,60,128.4941,946.252625,7.1,56.77646,71.71764,iter14,/nethome/kshan9/scratch/src/sst-elements/src/sst/elements/cscore_sstelem/experiments/replica_count/logs/run_replica008_load060_iter14_bw07p10.out
8,60,128.64800000000002,989.76025,7.11,56.84404,71.80383,iter09,/nethome/kshan9/scratch/src/sst-elements/src/sst/elements/cscore_sstelem/experiments/replica_count/logs/run_replica008_load060_iter09_bw07p11.out
8,60,128.73970000000003,1231.72875,7.11,56.88952000000001,71.85016,iter13,/nethome/kshan9/scratch/src/sst-elements/src/sst/elements/cscore_sstelem/experiments/replica_count/logs/run_replica008_load060_iter13_bw07p11.out
8,60,128.8362,1716.0599999999997,7.12,56.93462,71.9016,iter11,/nethome/kshan9/scratch/src/sst-elements/src/sst/elements/cscore_sstelem/experiments/replica_count/logs/run_replica008_load060_iter11_bw07p12.out
8,60,128.8924,2702.7312500000003,7.13,56.96465,71.92773000000001,iter07,/nethome/kshan9/scratch/src/sst-elements/src/sst/elements/cscore_sstelem/experiments/replica_count/logs/run_replica008_load060_iter07_bw07p13.out
8,60,128.9146,3518.975,7.15,56.9659,71.94885000000001,iter10,/nethome/kshan9/scratch/src/sst-elements/src/sst/elements/cscore_sstelem/experiments/replica_count/logs/run_replica008_load060_iter10_bw07p15.out
8,60,128.94650000000001,3695.94125,7.22,56.976820000000004,71.96956999999999,iter03,/nethome/kshan9/scratch/src/sst-elements/src/sst/elements/cscore_sstelem/experiments/replica_count/logs/run_replica008_load060_iter03_bw07p22.out
8,60,128.9543,3740.6425,8.2,56.97706,71.97729,right,/nethome/kshan9/scratch/src/sst-elements/src/sst/elements/cscore_sstelem/experiments/replica_count/logs/run_replica008_load060_right_bw08p20.out
8,60,128.9554,3592.925,7.16,56.982,71.9733,iter05,/nethome/kshan9/scratch/src/sst-elements/src/sst/elements/cscore_sstelem/experiments/replica_count/logs/run_replica008_load060_iter05_bw07p16.out
8,70,6.731445000000001,800.950125,0.3,2.395741,4.335700999999999,base,/nethome/kshan9/scratch/src/sst-elements/src/sst/elements/cscore_sstelem/experiments/replica_count/logs/run_replica008_load070_base_bw00p30.out
8,70,85.95319999999998,858.808625,3.83,30.628389999999996,55.32478999999999,left,/nethome/kshan9/scratch/src/sst-elements/src/sst/elements/cscore_sstelem/experiments/replica_count/logs/run_replica008_load070_left_bw03p83.out
8,70,141.8278,901.23375,6.32,50.53506000000001,91.29279999999999,iter00,/nethome/kshan9/scratch/src/sst-elements/src/sst/elements/cscore_sstelem/experiments/replica_count/logs/run_replica008_load070_iter00_bw06p32.out
8,70,155.797,900.565375,6.94,55.508039999999994,100.289,iter01,/nethome/kshan9/scratch/src/sst-elements/src/sst/elements/cscore_sstelem/experiments/replica_count/logs/run_replica008_load070_iter01_bw06p94.out
8,70,166.2772,947.6668749999999,7.41,59.24992,107.02709999999999,iter02,/nethome/kshan9/scratch/src/sst-elements/src/sst/elements/cscore_sstelem/experiments/replica_count/logs/run_replica008_load070_iter02_bw07p41.out
8,70,168.22729999999999,969.2565,7.49,59.94357,108.28370000000001,iter04,/nethome/kshan9/scratch/src/sst-elements/src/sst/elements/cscore_sstelem/experiments/replica_count/logs/run_replica008_load070_iter04_bw07p49.out
8,70,169.33520000000001,967.2967500000001,7.54,60.34081,108.99439999999998,iter06,/nethome/kshan9/scratch/src/sst-elements/src/sst/elements/cscore_sstelem/experiments/replica_count/logs/run_replica008_load070_iter06_bw07p54.out
8,70,169.95530000000002,963.9275000000001,7.57,60.55829,109.39689999999999,iter08,/nethome/kshan9/scratch/src/sst-elements/src/sst/elements/cscore_sstelem/experiments/replica_count/logs/run_replica008_load070_iter08_bw07p57.out
8,70,171.02839999999998,958.8857500000001,7.62,60.942260000000005,110.08630000000001,iter12,/nethome/kshan9/scratch/src/sst-elements/src/sst/elements/cscore_sstelem/experiments/replica_count/logs/run_replica008_load070_iter12_bw07p62.out
8,70,171.1425,958.2737500000001,7.62,60.981269999999995,110.1609,iter14,/nethome/kshan9/scratch/src/sst-elements/src/sst/elements/cscore_sstelem/experiments/replica_count/logs/run_replica008_load070_iter14_bw07p62.out
8,70,171.3439,965.07575,7.63,61.05538,110.28850000000001,iter09,/nethome/kshan9/scratch/src/sst-elements/src/sst/elements/cscore_sstelem/experiments/replica_count/logs/run_replica008_load070_iter09_bw07p63.out
8,70,171.46720000000002,1229.96,7.64,61.09779999999999,110.36949999999999,iter13,/nethome/kshan9/scratch/src/sst-elements/src/sst/elements/cscore_sstelem/experiments/replica_count/logs/run_replica008_load070_iter13_bw07p64.out
8,70,171.5586,1719.84125,7.64,61.144439999999996,110.41409999999999,iter11,/nethome/kshan9/scratch/src/sst-elements/src/sst/elements/cscore_sstelem/experiments/replica_count/logs/run_replica008_load070_iter11_bw07p64.out
8,70,171.7299,2549.0187499999997,7.65,61.195730000000005,110.53419999999997,iter07,/nethome/kshan9/scratch/src/sst-elements/src/sst/elements/cscore_sstelem/experiments/replica_count/logs/run_replica008_load070_iter07_bw07p65.out
8,70,171.7558,3533.74125,8.81,61.2026,110.55330000000002,right,/nethome/kshan9/scratch/src/sst-elements/src/sst/elements/cscore_sstelem/experiments/replica_count/logs/run_replica008_load070_right_bw08p81.out
8,70,171.7574,3525.0687500000004,7.76,61.200900000000004,110.5565,iter03,/nethome/kshan9/scratch/src/sst-elements/src/sst/elements/cscore_sstelem/experiments/replica_count/logs/run_replica008_load070_iter03_bw07p76.out
8,70,171.77419999999998,3528.4962499999997,7.69,61.207100000000004,110.5671,iter05,/nethome/kshan9/scratch/src/sst-elements/src/sst/elements/cscore_sstelem/experiments/replica_count/logs/run_replica008_load070_iter05_bw07p69.out
8,70,171.831,3413.535,7.68,61.22542000000001,110.60560000000002,iter10,/nethome/kshan9/scratch/src/sst-elements/src/sst/elements/cscore_sstelem/experiments/replica_count/logs/run_replica008_load070_iter10_bw07p68.out
8,80,8.79766,800.919125,0.3,2.3934450000000003,6.404230000000001,base,/nethome/kshan9/scratch/src/sst-elements/src/sst/elements/cscore_sstelem/experiments/replica_count/logs/run_replica008_load080_base_bw00p30.out
8,80,127.20440000000002,867.669375,4.34,34.69265,92.5119,left,/nethome/kshan9/scratch/src/sst-elements/src/sst/elements/cscore_sstelem/experiments/replica_count/logs/run_replica008_load080_left_bw04p34.out
8,80,209.90789999999998,923.89225,7.16,57.247569999999996,152.6599,iter00,/nethome/kshan9/scratch/src/sst-elements/src/sst/elements/cscore_sstelem/experiments/replica_count/logs/run_replica008_load080_iter00_bw07p16.out
8,80,230.5868,926.183875,7.86,62.88439,167.7024,iter01,/nethome/kshan9/scratch/src/sst-elements/src/sst/elements/cscore_sstelem/experiments/replica_count/logs/run_replica008_load080_iter01_bw07p86.out
8,80,246.07719999999998,959.815,8.39,67.10844999999999,178.96869999999998,iter02,/nethome/kshan9/scratch/src/sst-elements/src/sst/elements/cscore_sstelem/experiments/replica_count/logs/run_replica008_load080_iter02_bw08p39.out
8,80,248.9869,968.292875,8.49,67.90557,181.08119999999997,iter04,/nethome/kshan9/scratch/src/sst-elements/src/sst/elements/cscore_sstelem/experiments/replica_count/logs/run_replica008_load080_iter04_bw08p49.out
8,80,250.62899999999996,966.5988750000001,8.54,68.35264,182.27630000000002,iter06,/nethome/kshan9/scratch/src/sst-elements/src/sst/elements/cscore_sstelem/experiments/replica_count/logs/run_replica008_load080_iter06_bw08p54.out
8,80,251.5524,965.7211250000001,8.58,68.60473,182.94769999999997,iter08,/nethome/kshan9/scratch/src/sst-elements/src/sst/elements/cscore_sstelem/experiments/replica_count/logs/run_replica008_load080_iter08_bw08p58.out
8,80,253.1322,973.4558750000001,8.63,69.03792,184.0943,iter12,/nethome/kshan9/scratch/src/sst-elements/src/sst/elements/cscore_sstelem/experiments/replica_count/logs/run_replica008_load080_iter12_bw08p63.out
8,80,253.29310000000004,973.9275,8.64,69.08238,184.2108,iter14,/nethome/kshan9/scratch/src/sst-elements/src/sst/elements/cscore_sstelem/experiments/replica_count/logs/run_replica008_load080_iter14_bw08p64.out
8,80,253.61230000000003,979.5085,8.65,69.16671,184.44560000000004,iter09,/nethome/kshan9/scratch/src/sst-elements/src/sst/elements/cscore_sstelem/experiments/replica_count/logs/run_replica008_load080_iter09_bw08p65.out
8,80,253.78220000000002,1205.7549999999999,8.65,69.21303999999999,184.56939999999997,iter13,/nethome/kshan9/scratch/src/sst-elements/src/sst/elements/cscore_sstelem/experiments/replica_count/logs/run_replica008_load080_iter13_bw08p65.out
8,80,253.9977,1729.6225,8.66,69.27354,184.7242,iter11,/nethome/kshan9/scratch/src/sst-elements/src/sst/elements/cscore_sstelem/experiments/replica_count/logs/run_replica008_load080_iter11_bw08p66.out
8,80,254.06989999999996,3267.6074999999996,8.71,69.29359,184.77620000000002,iter05,/nethome/kshan9/scratch/src/sst-elements/src/sst/elements/cscore_sstelem/experiments/replica_count/logs/run_replica008_load080_iter05_bw08p71.out
8,80,254.1793,3275.1025,9.97,69.32288,184.85629999999998,right,/nethome/kshan9/scratch/src/sst-elements/src/sst/elements/cscore_sstelem/experiments/replica_count/logs/run_replica008_load080_right_bw09p97.out
8,80,254.21559999999997,3242.0762499999996,8.7,69.32912999999999,184.8863,iter10,/nethome/kshan9/scratch/src/sst-elements/src/sst/elements/cscore_sstelem/experiments/replica_count/logs/run_replica008_load080_iter10_bw08p70.out
8,80,254.23979999999997,3263.5600000000004,8.79,69.33374,184.90609999999998,iter03,/nethome/kshan9/scratch/src/sst-elements/src/sst/elements/cscore_sstelem/experiments/replica_count/logs/run_replica008_load080_iter03_bw08p79.out
8,80,254.2608,2523.78125,8.67,69.35272,184.90800000000002,iter07,/nethome/kshan9/scratch/src/sst-elements/src/sst/elements/cscore_sstelem/experiments/replica_count/logs/run_replica008_load080_iter07_bw08p67.out
8,90,12.57179,798.7554999999999,0.3,2.4075889999999998,10.16418,base,/nethome/kshan9/scratch/src/sst-elements/src/sst/elements/cscore_sstelem/experiments/replica_count/logs/run_replica008_load090_base_bw00p30.out
8,90,239.71210000000002,898.4629999999999,5.72,45.78771999999999,193.92430000000002,left,/nethome/kshan9/scratch/src/sst-elements/src/sst/elements/cscore_sstelem/experiments/replica_count/logs/run_replica008_load090_left_bw05p72.out
8,90,395.5069,977.248375,9.44,75.54539,319.96139999999997,iter00,/nethome/kshan9/scratch/src/sst-elements/src/sst/elements/cscore_sstelem/experiments/replica_count/logs/run_replica008_load090_iter00_bw09p44.out
8,90,425.3259,982.4054999999997,10.16,81.2415,344.0846,iter04,/nethome/kshan9/scratch/src/sst-elements/src/sst/elements/cscore_sstelem/experiments/replica_count/logs/run_replica008_load090_iter04_bw10p16.out
8,90,434.4537000000001,986.1604999999998,10.37,82.9844,351.4694,iter01,/nethome/kshan9/scratch/src/sst-elements/src/sst/elements/cscore_sstelem/experiments/replica_count/logs/run_replica008_load090_iter01_bw10p37.out
8,90,437.6549999999999,990.8896250000001,10.45,83.59710000000001,354.0578,iter05,/nethome/kshan9/scratch/src/sst-elements/src/sst/elements/cscore_sstelem/experiments/replica_count/logs/run_replica008_load090_iter05_bw10p45.out
8,90,438.3324,989.6676249999998,10.47,83.72809999999998,354.6048,iter10,/nethome/kshan9/scratch/src/sst-elements/src/sst/elements/cscore_sstelem/experiments/replica_count/logs/run_replica008_load090_iter10_bw10p47.out
8,90,439.9605,996.3303750000002,10.5,84.0367,355.9236,iter07,/nethome/kshan9/scratch/src/sst-elements/src/sst/elements/cscore_sstelem/experiments/replica_count/logs/run_replica008_load090_iter07_bw10p50.out
8,90,440.01939999999996,997.897375,10.51,84.04990000000001,355.9694,iter14,/nethome/kshan9/scratch/src/sst-elements/src/sst/elements/cscore_sstelem/experiments/replica_count/logs/run_replica008_load090_iter14_bw10p51.out
8,90,440.52840000000003,999.1828749999999,10.52,84.14720000000001,356.38129999999995,iter11,/nethome/kshan9/scratch/src/sst-elements/src/sst/elements/cscore_sstelem/experiments/replica_count/logs/run_replica008_load090_iter11_bw10p52.out
8,90,440.93919999999997,1002.097,10.53,84.2237,356.71529999999996,iter13,/nethome/kshan9/scratch/src/sst-elements/src/sst/elements/cscore_sstelem/experiments/replica_count/logs/run_replica008_load090_iter13_bw10p53.out
8,90,441.25939999999997,1002.3273749999998,10.54,84.28560000000002,356.9738,iter09,/nethome/kshan9/scratch/src/sst-elements/src/sst/elements/cscore_sstelem/experiments/replica_count/logs/run_replica008_load090_iter09_bw10p54.out
8,90,441.75149999999996,1003.207875,10.55,84.3798,357.37170000000003,iter03,/nethome/kshan9/scratch/src/sst-elements/src/sst/elements/cscore_sstelem/experiments/replica_count/logs/run_replica008_load090_iter03_bw10p55.out
8,90,442.1731,1004.690625,10.56,84.4613,357.7117,iter12,/nethome/kshan9/scratch/src/sst-elements/src/sst/elements/cscore_sstelem/experiments/replica_count/logs/run_replica008_load090_iter12_bw10p56.out
8,90,445.16110000000003,1011.8850000000001,10.63,85.03099999999999,360.13,iter08,/nethome/kshan9/scratch/src/sst-elements/src/sst/elements/cscore_sstelem/experiments/replica_count/logs/run_replica008_load090_iter08_bw10p63.out
8,90,446.8916,1021.9987500000001,10.67,85.363,361.52849999999995,iter06,/nethome/kshan9/scratch/src/sst-elements/src/sst/elements/cscore_sstelem/experiments/replica_count/logs/run_replica008_load090_iter06_bw10p67.out
8,90,463.6791,1337.7200000000003,11.07,88.5679,375.1112,iter02,/nethome/kshan9/scratch/src/sst-elements/src/sst/elements/cscore_sstelem/experiments/replica_count/logs/run_replica008_load090_iter02_bw11p07.out
8,90,466.14200000000005,3074.4837500000003,13.16,89.0407,377.1014,right,/nethome/kshan9/scratch/src/sst-elements/src/sst/elements/cscore_sstelem/experiments/replica_count/logs/run_replica008_load090_right_bw13p16.out
8,100,21.59593,797.216125,0.3,2.400193,19.19575,base,/nethome/kshan9/scratch/src/sst-elements/src/sst/elements/cscore_sstelem/experiments/replica_count/logs/run_replica008_load100_base_bw00p30.out
8,100,221.192,804.487,3.07,24.576879999999996,196.6152,left,/nethome/kshan9/scratch/src/sst-elements/src/sst/elements/cscore_sstelem/experiments/replica_count/logs/run_replica008_load100_left_bw03p07.out
8,100,364.9538,809.2130000000001,5.07,40.55042,324.4032,iter00,/nethome/kshan9/scratch/src/sst-elements/src/sst/elements/cscore_sstelem/experiments/replica_count/logs/run_replica008_load100_iter00_bw05p07.out
8,100,400.8960000000001,806.354,5.57,44.54399999999999,356.3519999999999,iter01,/nethome/kshan9/scratch/src/sst-elements/src/sst/elements/cscore_sstelem/experiments/replica_count/logs/run_replica008_load100_iter01_bw05p57.out
8,100,421.53430000000003,805.5415,5.85,46.83697,374.6977,iter05,/nethome/kshan9/scratch/src/sst-elements/src/sst/elements/cscore_sstelem/experiments/replica_count/logs/run_replica008_load100_iter05_bw05p85.out
8,100,427.8512,819.377125,5.94,47.53902,380.31219999999996,iter02,/nethome/kshan9/scratch/src/sst-elements/src/sst/elements/cscore_sstelem/experiments/replica_count/logs/run_replica008_load100_iter02_bw05p94.out
8,100,428.0614,819.56925,5.95,47.562380000000005,380.499,iter09,/nethome/kshan9/scratch/src/sst-elements/src/sst/elements/cscore_sstelem/experiments/replica_count/logs/run_replica008_load100_iter09_bw05p95.out
8,100,430.03839999999997,910.2020000000001,5.97,47.785039999999995,382.2536,iter06,/nethome/kshan9/scratch/src/sst-elements/src/sst/elements/cscore_sstelem/experiments/replica_count/logs/run_replica008_load100_iter06_bw05p97.out
8,100,430.10330000000005,915.055,5.97,47.792249999999996,382.31120000000004,iter13,/nethome/kshan9/scratch/src/sst-elements/src/sst/elements/cscore_sstelem/experiments/replica_count/logs/run_replica008_load100_iter13_bw05p97.out
8,100,430.7376,965.008375,5.98,47.86256,382.8752,iter10,/nethome/kshan9/scratch/src/sst-elements/src/sst/elements/cscore_sstelem/experiments/replica_count/logs/run_replica008_load100_iter10_bw05p98.out
8,100,430.96239999999995,984.044,5.99,47.88752,383.0752,iter14,/nethome/kshan9/scratch/src/sst-elements/src/sst/elements/cscore_sstelem/experiments/replica_count/logs/run_replica008_load100_iter14_bw05p99.out
8,100,431.2471999999999,1009.29,5.99,47.91912000000001,383.3288,iter12,/nethome/kshan9/scratch/src/sst-elements/src/sst/elements/cscore_sstelem/experiments/replica_count/logs/run_replica008_load100_iter12_bw05p99.out
8,100,431.6394,1046.2275000000002,6.0,47.96256,383.67680000000007,iter08,/nethome/kshan9/scratch/src/sst-elements/src/sst/elements/cscore_sstelem/experiments/replica_count/logs/run_replica008_load100_iter08_bw06p00.out
8,100,432.7664,1169.12,6.01,48.08744000000001,384.6784,iter11,/nethome/kshan9/scratch/src/sst-elements/src/sst/elements/cscore_sstelem/experiments/replica_count/logs/run_replica008_load100_iter11_bw06p01.out
8,100,432.88769999999994,1184.1550000000002,6.01,48.10048999999999,384.7872,iter04,/nethome/kshan9/scratch/src/sst-elements/src/sst/elements/cscore_sstelem/experiments/replica_count/logs/run_replica008_load100_iter04_bw06p01.out
8,100,436.4479999999999,1896.91125,6.06,48.49568,387.9528,iter07,/nethome/kshan9/scratch/src/sst-elements/src/sst/elements/cscore_sstelem/experiments/replica_count/logs/run_replica008_load100_iter07_bw06p06.out
8,100,440.8979,7643.587500000001,7.07,48.98858,391.90909999999997,right,/nethome/kshan9/scratch/src/sst-elements/src/sst/elements/cscore_sstelem/experiments/replica_count/logs/run_replica008_load100_right_bw07p07.out
8,100,440.899,7649.1125,6.22,48.98875999999999,391.90999999999997,iter03,/nethome/kshan9/scratch/src/sst-elements/src/sst/elements/cscore_sstelem/experiments/replica_count/logs/run_replica008_load100_iter03_bw06p22.out
