stat.node.0.llc.pool_accesses = 19852
stat.node.0.llc.pool_completed = 19852
stat.node.0.llc.avg_pool_roundtrip_lat = 662.385
stat.node.0.llc.cxl_miss = 19833
stat.node.0.llc.total_miss = 19834
stat.node.0.llc.avg_miss_lat = 663.382
stat.node.0.llc.avg_cxl_lat = 663.384
stat.node.0.llc.miss_lat_hist_bin_ns = 10
stat.node.0.llc.miss_lat_hist = [0,0,0,0,0,0,0,0,0,0,0,0,0,0,0,0,0,0,0,0,0,0,0,0,0,0,8435,4569,3427,1839,882,379,161,74,30,20,9,3,2,4]
stat.node.0.util.dram_avg = 5.17128e-06
stat.node.0.fabric.ingress_wait_avg_cycles = 145
stat.node.0.fabric.egress_wait_avg_cycles = 1
stat.node.0.fabric.ingress_wait_max_cycles = 145
stat.node.0.fabric.egress_wait_max_cycles = 1
stat.node.0.fabric.ingress_queue_wait_avg_cycles = 0
stat.node.0.fabric.ingress_queue_wait_max_cycles = 0
stat.node.0.fabric.egress_occ_avg_bytes = 0
stat.node.0.fabric.egress_occ_stddev_bytes = 0
stat.node.0.fabric.egress_occ_max_bytes = 0
stat.node.0.fabric.egress_occ_nonempty_frac = 0
stat.node.0.fabric.egress_blocked_cycles = 0
stat.node.0.fabric.egress_blocked_nonempty_frac = 0
stat.node.0.fabric.egress_blocked_avg_occ_bytes = 0
stat.node.0.fabric.egress_blocked_max_occ_bytes = 0
stat.node.1.llc.pool_accesses = 19852
stat.node.1.llc.pool_completed = 19852
stat.node.1.llc.avg_pool_roundtrip_lat = 662.385
stat.node.1.llc.cxl_miss = 19833
stat.node.1.llc.total_miss = 19834
stat.node.1.llc.avg_miss_lat = 663.382
stat.node.1.llc.avg_cxl_lat = 663.384
stat.node.1.llc.miss_lat_hist_bin_ns = 10
stat.node.1.llc.miss_lat_hist = [0,0,0,0,0,0,0,0,0,0,0,0,0,0,0,0,0,0,0,0,0,0,0,0,0,0,8435,4569,3427,1839,882,379,161,74,30,20,9,3,2,4]
stat.node.1.util.dram_avg = 5.17128e-06
stat.node.1.fabric.ingress_wait_avg_cycles = 145
stat.node.1.fabric.egress_wait_avg_cycles = 1
stat.node.1.fabric.ingress_wait_max_cycles = 145
stat.node.1.fabric.egress_wait_max_cycles = 1
stat.node.1.fabric.ingress_queue_wait_avg_cycles = 0
stat.node.1.fabric.ingress_queue_wait_max_cycles = 0
stat.node.1.fabric.egress_occ_avg_bytes = 0
stat.node.1.fabric.egress_occ_stddev_bytes = 0
stat.node.1.fabric.egress_occ_max_bytes = 0
stat.node.1.fabric.egress_occ_nonempty_frac = 0
stat.node.1.fabric.egress_blocked_cycles = 0
stat.node.1.fabric.egress_blocked_nonempty_frac = 0
stat.node.1.fabric.egress_blocked_avg_occ_bytes = 0
stat.node.1.fabric.egress_blocked_max_occ_bytes = 0
stat.node.1.fabric.egress_send_burst_max_pkts = 2
stat.node.1.fabric.egress_send_burst_max_bytes = 72
stat.node.0.fabric.egress_send_burst_max_pkts = 2
stat.node.0.fabric.egress_send_burst_max_bytes = 72
stat.node.0.fabric.egress_send_burst_avg_pkts = 1.00111
stat.node.0.fabric.egress_send_burst_avg_bytes = 19.2743
stat.node.1.fabric.egress_send_burst_avg_pkts = 1.00111
stat.node.1.fabric.egress_send_burst_avg_bytes = 19.2743
stat.node.1.fabric.egress_send_burst_stddev_pkts = 0.0332531
stat.node.1.fabric.egress_send_burst_stddev_bytes = 22.4681
stat.node.1.fabric.egress_send_nonempty_frac = 0.00564467
stat.node.1.fabric.ingress_occ_bytes = 0
stat.node.1.fabric.ready_wait_avg_cycles = 0
stat.node.1.fabric.ready_wait_max_cycles = 0
stat.node.1.fabric.ready_occ_avg_pkts = 0.00451539
stat.node.1.fabric.ready_occ_pkts = 0
stat.node.1.fabric.ready_occ_max_pkts = 1
stat.node.1.fabric.ready_retry_count = 0
stat.node.1.fabric.ingress_arrival_burst_max_pkts = 1
stat.node.1.fabric.ingress_arrival_burst_max_bytes = 64
stat.node.1.fabric.ingress_arrival_burst_avg_pkts = 1
stat.node.1.fabric.ingress_arrival_burst_avg_bytes = 64
stat.node.1.fabric.ingress_arrival_burst_stddev_pkts = 0
stat.node.1.fabric.ingress_arrival_burst_stddev_bytes = 0
stat.node.1.fabric.ingress_arrival_nonempty_frac = 0.00451539
stat.node.0.fabric.egress_send_burst_stddev_pkts = 0.0332531
stat.node.0.fabric.egress_send_burst_stddev_bytes = 22.4681
stat.node.0.fabric.egress_send_nonempty_frac = 0.00564467
stat.node.0.fabric.ingress_occ_bytes = 0
stat.node.0.fabric.ready_wait_avg_cycles = 0
stat.node.0.fabric.ready_wait_max_cycles = 0
stat.node.0.fabric.ready_occ_avg_pkts = 0.00451539
stat.node.0.fabric.ready_occ_pkts = 0
stat.node.0.fabric.ready_occ_max_pkts = 1
stat.node.0.fabric.ready_retry_count = 0
stat.node.0.fabric.ingress_arrival_burst_max_pkts = 1
stat.node.0.fabric.ingress_arrival_burst_max_bytes = 64
stat.node.0.fabric.ingress_arrival_burst_avg_pkts = 1
stat.node.0.fabric.ingress_arrival_burst_avg_bytes = 64
stat.node.0.fabric.ingress_arrival_burst_stddev_pkts = 0
stat.node.0.fabric.ingress_arrival_burst_stddev_bytes = 0
stat.node.0.fabric.ingress_arrival_nonempty_frac = 0.00451539
stat.node.0.fabric.ingress_arrival_run_max_cycles = 1
stat.node.0.fabric.ingress_arrival_run_avg_cycles = 1
stat.node.0.fabric.ingress_arrival_run_stddev_cycles = 0
stat.node.0.fabric.ingress_arrival_gap_max_cycles = 858
stat.node.0.fabric.ingress_arrival_gap_avg_cycles = 196.282
stat.node.0.fabric.ingress_arrival_gap_stddev_cycles = 279.919
stat.node.0.fabric.ingress_release_burst_max_pkts = 1
stat.node.0.fabric.ingress_release_burst_max_bytes = 64
stat.node.0.fabric.ingress_release_burst_avg_pkts = 1
stat.node.0.fabric.ingress_release_burst_avg_bytes = 64
stat.node.0.fabric.ingress_release_burst_stddev_pkts = 0
stat.node.0.fabric.ingress_release_burst_stddev_bytes = 0
stat.node.0.fabric.ingress_release_nonempty_frac = 0.00451539
stat.node.0.fabric.ingress_release_run_max_cycles = 1
stat.node.0.fabric.ingress_release_run_avg_cycles = 1
stat.node.0.fabric.ingress_release_run_stddev_cycles = 0
stat.node.1.fabric.ingress_arrival_run_max_cycles = 1
stat.node.1.fabric.ingress_arrival_run_avg_cycles = 1
stat.node.1.fabric.ingress_arrival_run_stddev_cycles = 0
stat.node.1.fabric.ingress_arrival_gap_max_cycles = 858
stat.node.1.fabric.ingress_arrival_gap_avg_cycles = 196.282
stat.node.1.fabric.ingress_arrival_gap_stddev_cycles = 279.919
stat.node.1.fabric.ingress_release_burst_max_pkts = 1
stat.node.1.fabric.ingress_release_burst_max_bytes = 64
stat.node.0.fabric.ingress_release_gap_max_cycles = 858
stat.node.0.fabric.ingress_release_gap_avg_cycles = 196.273
stat.node.0.fabric.ingress_release_gap_stddev_cycles = 279.915
stat.node.0.fabric.ingress_occ_avg_bytes = 41.6138
stat.node.0.fabric.ingress_occ_stddev_bytes = 80.3974
stat.node.0.fabric.ingress_occ_max_bytes = 384
stat.node.0.fabric.ingress_occ_nonempty_frac = 0.272626
stat.node.0.fabric.ingress_occ_run_max_cycles = 1669
stat.node.1.fabric.ingress_release_burst_avg_pkts = 1
stat.node.1.fabric.ingress_release_burst_avg_bytes = 64
stat.node.1.fabric.ingress_release_burst_stddev_pkts = 0
stat.node.1.fabric.ingress_release_burst_stddev_bytes = 0
stat.node.1.fabric.ingress_release_nonempty_frac = 0.00451539
stat.node.1.fabric.ingress_release_run_max_cycles = 1
stat.node.1.fabric.ingress_release_run_avg_cycles = 1
stat.node.1.fabric.ingress_release_run_stddev_cycles = 0
stat.node.1.fabric.ingress_release_gap_max_cycles = 858
stat.node.1.fabric.ingress_release_gap_avg_cycles = 196.273
stat.node.1.fabric.ingress_release_gap_stddev_cycles = 279.915
stat.node.0.fabric.ingress_occ_run_avg_cycles = 227.156
stat.node.0.fabric.ingress_occ_run_stddev_cycles = 54.305
stat.node.0.fabric.ingress_occ_gap_max_cycles = 715
stat.node.0.fabric.ingress_occ_gap_avg_cycles = 515.07
stat.node.0.fabric.ingress_occ_gap_stddev_cycles = 60.8385
stat.node.0.fabric.ingress_wait_avg_cycles.demand_req = 0
stat.node.0.fabric.ingress_wait_max_cycles.demand_req = 0
stat.node.0.fabric.ingress_queue_wait_avg_cycles.demand_req = 0
stat.node.0.fabric.ingress_queue_wait_max_cycles.demand_req = 0
stat.node.1.fabric.ingress_occ_avg_bytes = 41.6138
stat.node.1.fabric.ingress_occ_stddev_bytes = 80.3974
stat.node.1.fabric.ingress_occ_max_bytes = 384
stat.node.1.fabric.ingress_occ_nonempty_frac = 0.272626
stat.node.1.fabric.ingress_occ_run_max_cycles = 1669
stat.node.1.fabric.ingress_occ_run_avg_cycles = 227.156
stat.node.1.fabric.ingress_occ_run_stddev_cycles = 54.305
stat.node.1.fabric.ingress_occ_gap_max_cycles = 715
stat.node.0.fabric.egress_wait_avg_cycles.demand_req = 1
stat.node.0.fabric.egress_wait_max_cycles.demand_req = 1
stat.node.0.fabric.egress_occ_avg_bytes.demand_req = 0
stat.node.0.fabric.egress_occ_max_bytes.demand_req = 0
stat.node.0.fabric.egress_blocked_cycles.demand_req = 0
stat.node.0.fabric.ingress_arrival_empty_packets.demand_req = 0
stat.node.0.fabric.ingress_arrival_nonempty_packets.demand_req = 0
stat.node.0.fabric.ingress_arrival_nonempty_packet_frac.demand_req = 0
stat.node.0.fabric.ingress_nonempty_arrival_pre_occ_avg_bytes.demand_req = 0
stat.node.0.fabric.ingress_nonempty_arrival_pre_occ_max_bytes.demand_req = 0
stat.node.0.fabric.ingress_release_after_empty_arrival_packets.demand_req = 0
stat.node.0.fabric.ingress_release_after_nonempty_arrival_packets.demand_req = 0
stat.node.0.fabric.ingress_wait_after_empty_arrival_avg_cycles.demand_req = 0
stat.node.0.fabric.ingress_wait_after_nonempty_arrival_avg_cycles.demand_req = 0
stat.node.0.fabric.ingress_queue_wait_after_empty_arrival_avg_cycles.demand_req = 0
stat.node.0.fabric.ingress_queue_wait_after_nonempty_arrival_avg_cycles.demand_req = 0
stat.node.0.fabric.ingress_queue_wait_after_empty_arrival_max_cycles.demand_req = 0
stat.node.0.fabric.ingress_queue_wait_after_nonempty_arrival_max_cycles.demand_req = 0
stat.node.0.fabric.rx_bytes.demand_req = 0
stat.node.0.fabric.tx_bytes.demand_req = 167488
stat.node.0.fabric.rx_pkts.demand_req = 0
stat.node.0.fabric.tx_pkts.demand_req = 20936
stat.node.0.fabric.ingress_wait_avg_cycles.write_req = 0
stat.node.0.fabric.ingress_wait_max_cycles.write_req = 0
stat.node.0.fabric.ingress_queue_wait_avg_cycles.write_req = 0
stat.node.0.fabric.ingress_queue_wait_max_cycles.write_req = 0
stat.node.0.fabric.egress_wait_avg_cycles.write_req = 1
stat.node.0.fabric.egress_wait_max_cycles.write_req = 1
stat.node.0.fabric.egress_occ_avg_bytes.write_req = 0
stat.node.0.fabric.egress_occ_max_bytes.write_req = 0
stat.node.0.fabric.egress_blocked_cycles.write_req = 0
stat.node.0.fabric.ingress_arrival_empty_packets.write_req = 0
stat.node.0.fabric.ingress_arrival_nonempty_packets.write_req = 0
stat.node.0.fabric.ingress_arrival_nonempty_packet_frac.write_req = 0
stat.node.0.fabric.ingress_nonempty_arrival_pre_occ_avg_bytes.write_req = 0
stat.node.0.fabric.ingress_nonempty_arrival_pre_occ_max_bytes.write_req = 0
stat.node.0.fabric.ingress_release_after_empty_arrival_packets.write_req = 0
stat.node.0.fabric.ingress_release_after_nonempty_arrival_packets.write_req = 0
stat.node.0.fabric.ingress_wait_after_empty_arrival_avg_cycles.write_req = 0
stat.node.0.fabric.ingress_wait_after_nonempty_arrival_avg_cycles.write_req = 0
stat.node.0.fabric.ingress_queue_wait_after_empty_arrival_avg_cycles.write_req = 0
stat.node.0.fabric.ingress_queue_wait_after_nonempty_arrival_avg_cycles.write_req = 0
stat.node.0.fabric.ingress_queue_wait_after_empty_arrival_max_cycles.write_req = 0
stat.node.0.fabric.ingress_queue_wait_after_nonempty_arrival_max_cycles.write_req = 0
stat.node.0.fabric.rx_bytes.write_req = 0
stat.node.0.fabric.tx_bytes.write_req = 337280
stat.node.0.fabric.rx_pkts.write_req = 0
stat.node.0.fabric.tx_pkts.write_req = 5270
stat.node.0.fabric.ingress_wait_avg_cycles.response = 145
stat.node.0.fabric.ingress_wait_max_cycles.response = 145
stat.node.0.fabric.ingress_queue_wait_avg_cycles.response = 0
stat.node.0.fabric.ingress_queue_wait_max_cycles.response = 0
stat.node.0.fabric.egress_wait_avg_cycles.response = 0
stat.node.0.fabric.egress_wait_max_cycles.response = 0
stat.node.0.fabric.egress_occ_avg_bytes.response = 0
stat.node.0.fabric.egress_occ_max_bytes.response = 0
stat.node.0.fabric.egress_blocked_cycles.response = 0
stat.node.0.fabric.ingress_arrival_empty_packets.response = 5570
stat.node.0.fabric.ingress_arrival_nonempty_packets.response = 15386
stat.node.0.fabric.ingress_arrival_nonempty_packet_frac.response = 0.734205
stat.node.0.fabric.ingress_nonempty_arrival_pre_occ_avg_bytes.response = 146.498
stat.node.0.fabric.ingress_nonempty_arrival_pre_occ_max_bytes.response = 320
stat.node.0.fabric.ingress_release_after_empty_arrival_packets.response = 5570
stat.node.0.fabric.ingress_release_after_nonempty_arrival_packets.response = 15386
stat.node.0.fabric.ingress_wait_after_empty_arrival_avg_cycles.response = 145
stat.node.0.fabric.ingress_wait_after_nonempty_arrival_avg_cycles.response = 145
stat.node.0.fabric.ingress_queue_wait_after_empty_arrival_avg_cycles.response = 0
stat.node.0.fabric.ingress_queue_wait_after_nonempty_arrival_avg_cycles.response = 0
stat.node.0.fabric.ingress_queue_wait_after_estat.node.1.fabric.ingress_occ_gap_avg_cycles = 515.07
stat.node.1.fabric.ingress_occ_gap_stddev_cycles = 60.8385
stat.node.1.fabric.ingress_wait_avg_cycles.demand_req = 0
stat.node.1.fabric.ingress_wait_max_cycles.demand_req = 0
stat.node.1.fabric.ingress_queue_wait_avg_cycles.demand_req = 0
stat.node.1.fabric.ingress_queue_wait_max_cycles.demand_req = 0
stat.node.1.fabric.egress_wait_avg_cycles.demand_req = 1
stat.node.1.fabric.egress_wait_max_cycles.demand_req = 1
stat.node.1.fabric.egress_occ_avg_bytes.demand_req = 0
stat.node.1.fabric.egress_occ_max_bytes.demand_req = 0
stat.node.1.fabric.egress_blocked_cycles.demand_req = 0
stat.node.1.fabric.ingress_arrival_empty_packets.demand_req = 0
stat.node.1.fabric.ingress_arrival_nonempty_packets.demand_req = 0
stat.node.1.fabric.ingress_arrival_nonempty_packet_frac.demand_req = 0
stat.node.1.fabric.ingress_nonempty_arrival_pre_occ_avg_bytes.demand_req = 0
stat.node.1.fabric.ingress_nonempty_arrival_pre_occ_max_bytes.demand_req = 0
stat.node.1.fabric.ingress_release_after_empty_arrival_packets.demand_req = 0
stat.node.1.fabric.ingress_release_after_nonempty_arrival_packets.demand_req = 0
stat.node.1.fabric.ingress_wait_after_empty_arrival_avg_cycles.demand_req = 0
stat.node.1.fabric.ingress_wait_after_nonempty_arrival_avg_cycles.demand_req = 0
stat.node.1.fabric.ingress_queue_wait_after_empty_arrival_avg_cycles.demand_req = 0
stat.node.1.fabric.ingress_queue_wait_after_nonempty_arrival_avg_cycles.demand_req = 0
stat.node.1.fabric.ingress_queue_wait_after_empty_arrival_max_cycles.demand_req = 0
stat.node.1.fabric.ingress_queue_wait_after_nonempty_arrival_max_cycles.demand_req = 0
stat.node.1.fabric.rx_bytes.demand_req = 0
stat.node.1.fabric.tx_bytes.demand_req = 167488
stat.node.1.fabric.rx_pkts.demand_req = 0
stat.node.1.fabric.tx_pkts.demand_req = 20936
stat.node.1.fabric.ingress_wait_avg_cycles.write_req = 0
stat.node.1.fabric.ingress_wait_max_cycles.write_req = 0
stat.node.1.fabric.ingress_queue_wait_avg_cycles.write_req = 0
stat.node.1.fabric.ingress_queue_wait_max_cycles.write_req = 0
stat.node.1.fabric.egress_wait_avg_cycles.write_req = 1
stat.node.1.fabric.egress_wait_max_cycles.write_req = 1
stat.node.1.fabric.egress_occ_avg_bytes.write_req = 0
stat.node.1.fabric.egress_occ_max_bytes.write_req = 0
stat.node.1.fabric.egress_blocked_cycles.write_req = 0
stat.node.1.fabric.ingress_arrival_empty_packets.write_req = 0
stat.node.1.fabric.ingress_arrival_nonempty_packets.write_req = 0
stat.node.1.fabric.ingress_arrival_nonempty_packet_frac.write_req = 0
stat.node.1.fabric.ingress_nonempty_arrival_pre_occ_avg_bytes.write_req = 0
stat.node.1.fabric.ingress_nonempty_arrival_pre_occ_max_bytes.write_req = 0
stat.node.1.fabric.ingress_release_after_empty_arrival_packets.write_req = 0
stat.node.1.fabric.ingress_release_after_nonempty_arrival_packets.write_req = 0
stat.node.1.fabric.ingress_wait_after_empty_arrival_avg_cycles.write_req = 0
stat.node.1.fabric.ingress_wait_after_nonempty_arrival_avg_cycles.write_req = 0
stat.node.1.fabric.ingress_queue_wait_after_empty_arrival_avg_cycles.write_req = 0
stat.node.1.fabric.ingress_queue_wait_after_nonempty_arrival_avg_cycles.write_req = 0
stat.node.1.fabric.ingress_queue_wait_after_empty_arrival_max_cycles.write_req = 0
stat.node.1.fabric.ingress_queue_wait_after_nonempty_arrival_max_cycles.write_req = 0
stat.node.1.fabric.rx_bytes.write_req = 0
stat.node.1.fabric.tx_bytes.write_req = 337280
stat.node.1.fabric.rx_pkts.write_req = 0
stat.node.1.fabric.tx_pkts.write_req = 5270
stat.node.1.fabric.ingress_wait_avg_cycles.response = 145
stat.node.1.fabric.ingress_wait_max_cycles.response = 145
stat.node.1.fabric.ingress_queue_wait_avg_cycles.response = 0
stat.node.1.fabric.ingress_queue_wait_max_cycles.response = 0
stat.node.1.fabric.egress_wait_avg_cycles.response = 0
stat.node.1.fabric.egress_wait_max_cycles.response = 0
stat.node.1.fabric.egress_occ_avg_bytes.response = 0
stat.node.1.fabric.egress_occ_max_bytes.response = 0
stat.node.1.fabric.egress_blocked_cycles.response = 0
stat.node.1.fabric.ingress_arrival_empty_packets.response = 5570
stat.node.1.fabric.ingress_arrival_nonempty_packets.response = 15386
stat.node.1.fabric.ingress_arrival_nonempty_packet_frac.response = 0.734205
stat.node.1.fabric.ingress_nonempty_arrival_pre_occ_avg_bytes.response = 146.498
stat.node.1.fabric.ingress_nonempty_arrival_pre_occ_max_bytes.response = 320
stat.node.1.fabric.ingress_release_after_empty_arrival_packets.response = 5570
stat.node.1.fabric.ingress_release_after_nonempty_arrival_packets.response = 15386
stat.node.1.fabric.ingress_wait_after_empty_arrival_avg_cycles.response = 145
stat.node.1.fabric.ingress_wait_after_nonempty_arrival_avg_cycles.response = 145
stat.node.1.fabric.ingress_queue_wait_after_empty_arrival_avg_cycles.response = 0
stat.node.1.fabric.ingress_queue_wait_after_nonempty_arrival_avg_cycles.response = 0
stat.node.1.fabric.ingress_queue_wait_after_empty_arrival_max_cycles.response = 0
stat.node.1.fabric.ingress_queue_wait_after_nonempty_arrival_max_cycles.response = 0
stat.node.1.fabric.rx_bytes.response = 1341184
stat.node.1.fabric.tx_bytes.response = 0
stat.node.1.fabric.rx_pkts.response = 20956
stat.node.1.fabric.tx_pkts.response = 0
stat.node.1.fabric.ingress_wait_avg_cycles.other_req = 0
stat.node.1.fabric.ingress_wait_max_cycles.other_req = 0
stat.node.1.fabric.ingress_queue_wait_avg_cycles.other_req = 0
stat.node.1.fabric.ingress_queue_wait_max_cycles.other_req = 0
stat.node.1.fabric.egress_wait_avg_cycles.other_req = 1
stat.node.1.fabric.egress_wait_max_cycles.other_req = 1
stat.node.1.fabric.egress_occ_avg_bytes.other_req = 0
stat.node.1.fabric.egress_occ_max_bytes.other_req = 0
stat.node.1.fabric.egress_blocked_cycles.other_req = 0
stat.node.1.fabric.ingress_arrival_empty_packets.other_req = 0
stat.node.1.fabric.ingress_arrival_nonempty_packets.other_req = 0
stat.node.1.fabric.ingress_arrival_nonempty_packet_frac.other_req = 0
stat.node.1.fabric.ingress_nonempty_arrival_pre_occ_avg_bytes.other_req = 0
stat.node.1.fabric.ingress_nonempty_arrival_pre_occ_max_bytes.other_req = 0
stat.node.1.fabric.ingress_release_after_empty_arrival_packets.other_req = 0
stat.node.1.fabric.ingress_release_after_nonempty_arrival_packets.other_req = 0
stat.node.1.fabric.ingress_wait_after_empty_arrival_avg_cycles.other_req = 0
stat.node.1.fabric.ingress_wait_after_nonempty_arrival_avg_cycles.other_req = 0
stat.node.1.fabric.ingress_queue_wait_after_empty_arrival_avg_cycles.other_req = 0
stat.node.1.fabric.ingress_queue_wait_after_nonempty_arrival_avg_cycles.other_req = 0
stat.node.1.fabric.ingress_queue_wait_after_empty_arrival_max_cycles.other_req = 0
stat.node.1.fabric.ingress_queue_wait_after_nonempty_arrival_max_cycles.other_req = 0
stat.node.1.fabric.rx_bytes.other_req = 0
stat.node.1.fabric.tx_bytes.other_req = 160
stat.node.1.fabric.rx_pkts.other_req = 0
stat.node.1.fabric.tx_pkts.other_req = 20
stat.node.1.fabric.ingress_occ_bucket_bytes.0 = 3375758
stat.node.1.fabric.ready_occ_bucket_bytes.0 = 4620063
stat.node.1.fabric.ingress_occ_bucket_bytes.1_64 = 395106
stat.node.1.fabric.ready_occ_bucket_bytes.1_64 = 20956
stat.node.1.fabric.ingress_occ_bucket_bytes.65_256 = 777202
stat.node.1.fabric.ready_occ_bucket_bytes.65_256 = 0
stat.node.1.fabric.ingress_occ_bucket_bytes.257_1024 = 92953
stat.node.1.fabric.ready_occ_bucket_bytes.257_1024 = 0
stat.node.1.fabric.ingress_occ_bucket_bytes.1025_4096 = 0
stat.node.1.fabric.ready_occ_bucket_bytes.1025_4096 = 0
stat.node.1.fabric.ingress_occ_bucket_bytes.4097_plus = 0
stat.node.1.fabric.ready_occ_bucket_bytes.4097_plus = 0
stat.node.1.fabric.ingress_pre_occ_bucket.demand_req.0 = 0
stat.node.1.fabric.ingress_queue_wait_bucket.demand_req.0 = 0
stat.node.1.fabric.ingress_pre_occ_bucket.demand_req.1_64 = 0
stat.node.1.fabric.ingress_queue_wait_bucket.demand_req.1_63 = 0
stat.node.1.fabric.ingress_pre_occ_bucket.demand_req.65_256 = 0
stat.node.1.fabric.ingress_queue_wait_bucket.demand_req.64_255 = 0
stat.node.1.fabric.ingress_pre_occ_bucket.demand_req.257_1024 = 0
stat.node.1.fabric.ingress_queue_wait_bucket.demand_req.256_1023 = 0
stat.node.1.fabric.ingress_pre_occ_bucket.demand_req.1025_4096 = 0
stat.node.1.fampty_arrival_max_cycles.response = 0
stat.node.0.fabric.ingress_queue_wait_after_nonempty_arrival_max_cycles.response = 0
stat.node.0.fabric.rx_bytes.response = 1341184
stat.node.0.fabric.tx_bytes.response = 0
stat.node.0.fabric.rx_pkts.response = 20956
stat.node.0.fabric.tx_pkts.response = 0
stat.node.0.fabric.ingress_wait_avg_cycles.other_req = 0
stat.node.0.fabric.ingress_wait_max_cycles.other_req = 0
stat.node.0.fabric.ingress_queue_wait_avg_cycles.other_req = 0
stat.node.0.fabric.ingress_queue_wait_max_cycles.other_req = 0
stat.node.0.fabric.egress_wait_avg_cycles.other_req = 1
stat.node.0.fabric.egress_wait_max_cycles.other_req = 1
stat.node.0.fabric.egress_occ_avg_bytes.other_req = 0
stat.node.0.fabric.egress_occ_max_bytes.other_req = 0
stat.node.0.fabric.egress_blocked_cycles.other_req = 0
stat.node.0.fabric.ingress_arrival_empty_packets.other_req = 0
stat.node.0.fabric.ingress_arrival_nonempty_packets.other_req = 0
stat.node.0.fabric.ingress_arrival_nonempty_packet_frac.other_req = 0
stat.node.0.fabric.ingress_nonempty_arrival_pre_occ_avg_bytes.other_req = 0
stat.node.0.fabric.ingress_nonempty_arrival_pre_occ_max_bytes.other_req = 0
stat.node.0.fabric.ingress_release_after_empty_arrival_packets.other_req = 0
stat.node.0.fabric.ingress_release_after_nonempty_arrival_packets.other_req = 0
stat.node.0.fabric.ingress_wait_after_empty_arrival_avg_cycles.other_req = 0
stat.node.0.fabric.ingress_wait_after_nonempty_arrival_avg_cycles.other_req = 0
stat.node.0.fabric.ingress_queue_wait_after_empty_arrival_avg_cycles.other_req = 0
stat.node.0.fabric.ingress_queue_wait_after_nonempty_arrival_avg_cycles.other_req = 0
stat.node.0.fabric.ingress_queue_wait_after_empty_arrival_max_cycles.other_req = 0
stat.node.0.fabric.ingress_queue_wait_after_nonempty_arrival_max_cycles.other_req = 0
stat.node.0.fabric.rx_bytes.other_req = 0
stat.node.0.fabric.tx_bytes.other_req = 160
stat.node.0.fabric.rx_pkts.other_req = 0
stat.node.0.fabric.tx_pkts.other_req = 20
stat.node.0.fabric.ingress_occ_bucket_bytes.0 = 3375758
stat.node.0.fabric.ready_occ_bucket_bytes.0 = 4620063
stat.node.0.fabric.ingress_occ_bucket_bytes.1_64 = 395106
stat.node.0.fabric.ready_occ_bucket_bytes.1_64 = 20956
stat.node.0.fabric.ingress_occ_bucket_bytes.65_256 = 777202
stat.node.0.fabric.ready_occ_bucket_bytes.65_256 = 0
stat.node.0.fabric.ingress_occ_bucket_bytes.257_1024 = 92953
stat.node.0.fabric.ready_occ_bucket_bytes.257_1024 = 0
stat.node.0.fabric.ingress_occ_bucket_bytes.1025_4096 = 0
stat.node.0.fabric.ready_occ_bucket_bytes.1025_4096 = 0
stat.node.0.fabric.ingress_occ_bucket_bytes.4097_plus = 0
stat.node.0.fabric.ready_occ_bucket_bytes.4097_plus = 0
stat.node.0.fabric.ingress_pre_occ_bucket.demand_req.0 = 0
stat.node.0.fabric.ingress_queue_wait_bucket.demand_req.0 = 0
stat.node.0.fabric.ingress_pre_occ_bucket.demand_req.1_64 = 0
stat.node.0.fabric.ingress_queue_wait_bucket.demand_req.1_63 = 0
stat.node.0.fabric.ingress_pre_occ_bucket.demand_req.65_256 = 0
stat.node.0.fabric.ingress_queue_wait_bucket.demand_req.64_255 = 0
stat.node.0.fabric.ingress_pre_occ_bucket.demand_req.257_1024 = 0
stat.node.0.fabric.ingress_queue_wait_bucket.demand_req.256_1023 = 0
stat.node.0.fabric.ingress_pre_occ_bucket.demand_req.1025_4096 = 0
stat.node.0.fabric.ingress_queue_wait_bucket.demand_req.1024_4095 = 0
stat.node.0.fabric.ingress_pre_occ_bucket.demand_req.4097_plus = 0
stat.node.0.fabric.ingress_queue_wait_bucket.demand_req.4096_plus = 0
stat.node.0.fabric.ingress_pre_occ_bucket.write_req.0 = 0
stat.node.0.fabric.ingress_queue_wait_bucket.write_req.0 = 0
stat.node.0.fabric.ingress_pre_occ_bucket.write_req.1_64 = 0
stat.node.0.fabric.ingress_queue_wait_bucket.write_req.1_63 = 0
stat.node.0.fabric.ingress_pre_occ_bucket.write_req.65_256 = 0
stat.node.0.fabric.ingress_queue_wait_bucket.write_req.64_255 = 0
stat.node.0.fabric.ingress_pre_occ_bucket.write_req.257_1024 = 0
stat.node.0.fabric.ingress_queue_wait_bucket.write_req.256_1023 = 0
stat.node.0.fabric.ingress_pre_occ_bucket.write_req.1025_4096 = 0
stat.node.0.fabric.ingress_queue_wait_bucket.write_req.1024_4095 = 0
stat.node.0.fabric.ingress_pre_occ_bucket.write_req.4097_plus = 0
stat.node.0.fabric.ingress_queue_wait_bucket.write_req.4096_plus = 0
stat.node.0.fabric.ingress_pre_occ_bucket.response.0 = 5570
stat.node.0.fabric.ingress_queue_wait_bucket.response.0 = 20956
stat.node.0.fabric.ingress_pre_occ_bucket.response.1_64 = 5288
stat.node.0.fabric.ingress_queue_wait_bucket.response.1_63 = 0
stat.node.0.fabric.ingress_pre_occ_bucket.response.65_256 = 8961
stat.node.0.fabric.ingress_queue_wait_bucket.response.64_255 = 0
stat.node.0.fabric.ingress_pre_occ_bucket.response.257_1024 = 1137
stat.node.0.fabric.ingress_queue_wait_bucket.response.256_1023 = 0
stat.node.0.fabric.ingress_pre_occ_bucket.response.1025_4096 = 0
stat.node.0.fabric.ingress_queue_wait_bucket.response.1024_4095 = 0
stat.node.0.fabric.ingress_pre_occ_bucket.response.4097_plus = 0
stat.node.0.fabric.ingress_queue_wait_bucket.response.4096_plus = 0
stat.node.0.fabric.ingress_pre_occ_bucket.other_req.0 = 0
stat.node.0.fabric.ingress_queue_wait_bucket.other_req.0 = 0
stat.node.0.fabric.ingress_pre_occ_bucket.other_req.1_64 = 0
stat.node.0.fabric.ingress_queue_wait_bucket.other_req.1_63 = 0
stat.node.0.fabric.ingress_pre_occ_bucket.other_req.65_256 = 0
stat.node.0.fabric.ingress_queue_wait_bucket.other_req.64_255 = 0
stat.node.0.fabric.ingress_pre_occ_bucket.other_req.257_1024 = 0
stat.node.0.fabric.ingress_queue_wait_bucket.other_req.256_1023 = 0
stat.node.0.fabric.ingress_pre_occ_bucket.other_req.1025_4096 = 0
stat.node.0.fabric.ingress_queue_wait_bucket.other_req.1024_4095 = 0
stat.node.0.fabric.ingress_pre_occ_bucket.other_req.4097_plus = 0
stat.node.0.fabric.ingress_queue_wait_bucket.other_req.4096_plus = 0
stat.node.0.fabric.peer_src.100.rx_bytes.response = 1341184
stat.node.0.fabric.peer_src.100.rx_pkts.response = 20956
stat.node.0.fabric.peer_src.100.tx_bytes.response = 0
stat.node.0.fabric.peer_src.100.tx_pkts.response = 0
stat.node.0.fabric.peer_src.100.ingress_arrivals.response = 20956
stat.node.0.fabric.peer_src.100.ingress_arrival_nonempty_packet_frac.response = 0.734205
stat.node.0.fabric.peer_src.100.ingress_nonempty_arrival_pre_occ_avg_bytes.response = 146.498
stat.node.0.fabric.peer_src.100.ingress_nonempty_arrival_pre_occ_max_bytes.response = 320
stat.node.0.fabric.peer_src.100.ingress_wait_avg_cycles.response = 145
stat.node.0.fabric.peer_src.100.ingress_queue_wait_avg_cycles.response = 0
stat.node.0.fabric.peer_src.100.ingress_queue_wait_after_nonempty_arrival_avg_cycles.response = 0
stat.node.0.fabric.peer_src.100.ingress_pre_occ_bucket.response.0 = 5570
stat.node.0.fabric.peer_src.100.ingress_queue_wait_bucket.response.0 = 20956
stat.node.0.fabric.peer_src.100.ingress_pre_occ_bucket.response.1_64 = 5288
stat.node.0.fabric.peer_src.100.ingress_queue_wait_bucket.response.1_63 = 0
stat.node.0.fabric.peer_src.100.ingress_pre_occ_bucket.response.65_256 = 8961
stat.node.0.fabric.peer_src.100.ingress_queue_wait_bucket.response.64_255 = 0
stat.node.0.fabric.peer_src.100.ingress_pre_occ_bucket.response.257_1024 = 1137
stat.node.0.fabric.peer_src.100.ingress_queue_wait_bucket.response.256_1023 = 0
stat.node.0.fabric.peer_src.100.ingress_pre_occ_bucket.response.1025_4096 = 0
stat.node.0.fabric.peer_src.100.ingress_queue_wait_bucket.response.1024_4095 = 0
stat.node.0.fabric.peer_src.100.ingress_pre_occ_bucket.response.4097_plus = 0
stat.node.0.fabric.peer_src.100.ingress_queue_wait_bucket.response.4096_plus = 0
stat.node.0.fabric.peer_dst.0.rx_bytes.response = 1341184
stat.node.0.fabric.peer_dst.0.rx_pkts.response = 20956
stat.node.0.fabric.peer_dst.0.tx_bytes.response = 0
stat.node.0.fabric.peer_dst.0.tx_pkts.response = 0
stat.node.0.fabric.peer_dst.0.ingress_arrivals.response = 20956
stat.node.0.fabric.peer_dst.0.ingress_arrival_nonempty_packet_frac.response = 0.734205
stat.node.0.fabric.peer_dst.0.ingress_nonempty_arrival_pre_occ_avg_bytes.response = 146.498
stat.node.0.fabric.peer_dst.0.ingress_nonempty_arrival_pre_occ_max_bytes.response = 320
stat.node.0.fabric.peer_dst.0.ingress_wait_avg_cycles.response = 145
stat.node.0.fabric.peer_dst.0.ingress_queue_wait_avgbric.ingress_queue_wait_bucket.demand_req.1024_4095 = 0
stat.node.1.fabric.ingress_pre_occ_bucket.demand_req.4097_plus = 0
stat.node.1.fabric.ingress_queue_wait_bucket.demand_req.4096_plus = 0
stat.node.1.fabric.ingress_pre_occ_bucket.write_req.0 = 0
stat.node.1.fabric.ingress_queue_wait_bucket.write_req.0 = 0
stat.node.1.fabric.ingress_pre_occ_bucket.write_req.1_64 = 0
stat.node.1.fabric.ingress_queue_wait_bucket.write_req.1_63 = 0
stat.node.1.fabric.ingress_pre_occ_bucket.write_req.65_256 = 0
stat.node.1.fabric.ingress_queue_wait_bucket.write_req.64_255 = 0
stat.node.1.fabric.ingress_pre_occ_bucket.write_req.257_1024 = 0
stat.node.1.fabric.ingress_queue_wait_bucket.write_req.256_1023 = 0
stat.node.1.fabric.ingress_pre_occ_bucket.write_req.1025_4096 = 0
stat.node.1.fabric.ingress_queue_wait_bucket.write_req.1024_4095 = 0
stat.node.1.fabric.ingress_pre_occ_bucket.write_req.4097_plus = 0
stat.node.1.fabric.ingress_queue_wait_bucket.write_req.4096_plus = 0
stat.node.1.fabric.ingress_pre_occ_bucket.response.0 = 5570
stat.node.1.fabric.ingress_queue_wait_bucket.response.0 = 20956
stat.node.1.fabric.ingress_pre_occ_bucket.response.1_64 = 5288
stat.node.1.fabric.ingress_queue_wait_bucket.response.1_63 = 0
stat.node.1.fabric.ingress_pre_occ_bucket.response.65_256 = 8961
stat.node.1.fabric.ingress_queue_wait_bucket.response.64_255 = 0
stat.node.1.fabric.ingress_pre_occ_bucket.response.257_1024 = 1137
stat.node.1.fabric.ingress_queue_wait_bucket.response.256_1023 = 0
stat.node.1.fabric.ingress_pre_occ_bucket.response.1025_4096 = 0
stat.node.1.fabric.ingress_queue_wait_bucket.response.1024_4095 = 0
stat.node.1.fabric.ingress_pre_occ_bucket.response.4097_plus = 0
stat.node.1.fabric.ingress_queue_wait_bucket.response.4096_plus = 0
stat.node.1.fabric.ingress_pre_occ_bucket.other_req.0 = 0
stat.node.1.fabric.ingress_queue_wait_bucket.other_req.0 = 0
stat.node.1.fabric.ingress_pre_occ_bucket.other_req.1_64 = 0
stat.node.1.fabric.ingress_queue_wait_bucket.other_req.1_63 = 0
stat.node.1.fabric.ingress_pre_occ_bucket.other_req.65_256 = 0
stat.node.1.fabric.ingress_queue_wait_bucket.other_req.64_255 = 0
stat.node.1.fabric.ingress_pre_occ_bucket.other_req.257_1024 = 0
stat.node.1.fabric.ingress_queue_wait_bucket.other_req.256_1023 = 0
stat.node.1.fabric.ingress_pre_occ_bucket.other_req.1025_4096 = 0
stat.node.1.fabric.ingress_queue_wait_bucket.other_req.1024_4095 = 0
stat.node.1.fabric.ingress_pre_occ_bucket.other_req.4097_plus = 0
stat.node.1.fabric.ingress_queue_wait_bucket.other_req.4096_plus = 0
stat.node.1.fabric.peer_src.101.rx_bytes.response = 1341184
stat.node.1.fabric.peer_src.101.rx_pkts.response = 20956
stat.node.1.fabric.peer_src.101.tx_bytes.response = 0
stat.node.1.fabric.peer_src.101.tx_pkts.response = 0
stat.node.1.fabric.peer_src.101.ingress_arrivals.response = 20956
stat.node.1.fabric.peer_src.101.ingress_arrival_nonempty_packet_frac.response = 0.734205
stat.node.1.fabric.peer_src.101.ingress_nonempty_arrival_pre_occ_avg_bytes.response = 146.498
stat.node.1.fabric.peer_src.101.ingress_nonempty_arrival_pre_occ_max_bytes.response = 320
stat.node.1.fabric.peer_src.101.ingress_wait_avg_cycles.response = 145
stat.node.1.fabric.peer_src.101.ingress_queue_wait_avg_cycles.response = 0
stat.node.1.fabric.peer_src.101.ingress_queue_wait_after_nonempty_arrival_avg_cycles.response = 0
stat.node.1.fabric.peer_src.101.ingress_pre_occ_bucket.response.0 = 5570
stat.node.1.fabric.peer_src.101.ingress_queue_wait_bucket.response.0 = 20956
stat.node.1.fabric.peer_src.101.ingress_pre_occ_bucket.response.1_64 = 5288
stat.node.1.fabric.peer_src.101.ingress_queue_wait_bucket.response.1_63 = 0
stat.node.1.fabric.peer_src.101.ingress_pre_occ_bucket.response.65_256 = 8961
stat.node.1.fabric.peer_src.101.ingress_queue_wait_bucket.response.64_255 = 0
stat.node.1.fabric.peer_src.101.ingress_pre_occ_bucket.response.257_1024 = 1137
stat.node.1.fabric.peer_src.101.ingress_queue_wait_bucket.response.256_1023 = 0
stat.node.1.fabric.peer_src.101.ingress_pre_occ_bucket.response.1025_4096 = 0
stat.node.1.fabric.peer_src.101.ingress_queue_wait_bucket.response.1_cycles.response = 0
stat.node.0.fabric.peer_dst.0.ingress_queue_wait_after_nonempty_arrival_avg_cycles.response = 0
stat.node.0.fabric.peer_dst.0.ingress_pre_occ_bucket.response.0 = 5570
stat.node.0.fabric.peer_dst.0.ingress_queue_wait_bucket.response.0 = 20956
stat.node.0.fabric.peer_dst.0.ingress_pre_occ_bucket.response.1_64 = 5288
stat.node.0.fabric.peer_dst.0.ingress_queue_wait_bucket.response.1_63 = 0
stat.node.0.fabric.peer_dst.0.ingress_pre_occ_bucket.response.65_256 = 8961
stat.node.0.fabric.peer_dst.0.ingress_queue_wait_bucket.response.64_255 = 0
stat.node.0.fabric.peer_dst.0.ingress_pre_occ_bucket.response.257_1024 = 1137
stat.node.0.fabric.peer_dst.0.ingress_queue_wait_bucket.response.256_1023 = 0
stat.node.0.fabric.peer_dst.0.ingress_pre_occ_bucket.response.1025_4096 = 0
stat.node.0.fabric.peer_dst.0.ingress_queue_wait_bucket.response.1024_4095 = 0
stat.node.0.fabric.peer_dst.0.ingress_pre_occ_bucket.response.4097_plus = 0
stat.node.0.fabric.peer_dst.0.ingress_queue_wait_bucket.response.4096_plus = 0
stat.node.0.fabric.tx_src.0.rx_bytes.demand_req = 0
stat.node.0.fabric.tx_src.0.rx_pkts.demand_req = 0
stat.node.0.fabric.tx_src.0.tx_bytes.demand_req = 167488
stat.node.0.fabric.tx_src.0.tx_pkts.demand_req = 20936
stat.node.0.fabric.tx_src.0.ingress_arrivals.demand_req = 0
stat.node.0.fabric.tx_src.0.ingress_arrival_nonempty_packet_frac.demand_req = 0
stat.node.0.fabric.tx_src.0.ingress_nonempty_arrival_pre_occ_avg_bytes.demand_req = 0
stat.node.0.fabric.tx_src.0.ingress_nonempty_arrival_pre_occ_max_bytes.demand_req = 0
stat.node.0.fabric.tx_src.0.ingress_wait_avg_cycles.demand_req = 0
stat.node.0.fabric.tx_src.0.ingress_queue_wait_avg_cycles.demand_req = 0
stat.node.0.fabric.tx_src.0.ingress_queue_wait_after_nonempty_arrival_avg_cycles.demand_req = 0
stat.node.0.fabric.tx_src.0.ingress_pre_occ_bucket.demand_req.0 = 0
stat.node.0.fabric.tx_src.0.ingress_queue_wait_bucket.demand_req.0 = 0
stat.node.0.fabric.tx_src.0.ingress_pre_occ_bucket.demand_req.1_64 = 0
stat.node.0.fabric.tx_src.0.ingress_queue_wait_bucket.demand_req.1_63 = 0
stat.node.0.fabric.tx_src.0.ingress_pre_occ_bucket.demand_req.65_256 = 0
stat.node.0.fabric.tx_src.0.ingress_queue_wait_bucket.demand_req.64_255 = 0
stat.node.0.fabric.tx_src.0.ingress_pre_occ_bucket.demand_req.257_1024 = 0
stat.node.0.fabric.tx_src.0.ingress_queue_wait_bucket.demand_req.256_1023 = 0
stat.node.0.fabric.tx_src.0.ingress_pre_occ_bucket.demand_req.1025_4096 = 0
stat.node.0.fabric.tx_src.0.ingress_queue_wait_bucket.demand_req.1024_4095 = 0
stat.node.0.fabric.tx_src.0.ingress_pre_occ_bucket.demand_req.4097_plus = 0
stat.node.0.fabric.tx_src.0.ingress_queue_wait_bucket.demand_req.4096_plus = 0
stat.node.0.fabric.tx_src.0.rx_bytes.write_req = 0
stat.node.0.fabric.tx_src.0.rx_pkts.write_req = 0
stat.node.0.fabric.tx_src.0.tx_bytes.write_req = 337280
stat.node.0.fabric.tx_src.0.tx_pkts.write_req = 5270
stat.node.0.fabric.tx_src.0.ingress_arrivals.write_req = 0
stat.node.0.fabric.tx_src.0.ingress_arrival_nonempty_packet_frac.write_req = 0
stat.node.0.fabric.tx_src.0.ingress_nonempty_arrival_pre_occ_avg_bytes.write_req = 0
stat.node.0.fabric.tx_src.0.ingress_nonempty_arrival_pre_occ_max_bytes.write_req = 0
stat.node.0.fabric.tx_src.0.ingress_wait_avg_cycles.write_req = 0
stat.node.0.fabric.tx_src.0.ingress_queue_wait_avg_cycles.write_req = 0
stat.node.0.fabric.tx_src.0.ingress_queue_wait_after_nonempty_arrival_avg_cycles.write_req = 0
stat.node.0.fabric.tx_src.0.ingress_pre_occ_bucket.write_req.0 = 0
stat.node.0.fabric.tx_src.0.ingress_queue_wait_bucket.write_req.0 = 0
stat.node.0.fabric.tx_src.0.ingress_pre_occ_bucket.write_req.1_64 = 0
stat.node.0.fabric.tx_src.0.ingress_queue_wait_bucket.write_req.1_63 = 0
stat.node.0.fabric.tx_src.0.ingress_pre_occ_bucket.write_req.65_256 = 0
stat.node.0.fabric.tx_src.0.ingress_queue_wait_bucket.write_req.64_255 = 0
stat.node.0.fabric.tx_src.0.ingress_pre_occ_bucket.write_req.257_1024 = 0
stat.node.0.fabric.tx_src.0.ingress_queue_wait_bucket.write_req.256_1023 = 0
stat.node.0.fabric.tx_src.0.ingress_pre_occ_bucket.write_req.1025_4096 = 0
stat024_4095 = 0
stat.node.1.fabric.peer_src.101.ingress_pre_occ_bucket.response.4097_plus = 0
stat.node.1.fabric.peer_src.101.ingress_queue_wait_bucket.response.4096_plus = 0
stat.node.1.fabric.peer_dst.1.rx_bytes.response = 1341184
stat.node.1.fabric.peer_dst.1.rx_pkts.response = 20956
stat.node.1.fabric.peer_dst.1.tx_bytes.response = 0
stat.node.1.fabric.peer_dst.1.tx_pkts.response = 0
stat.node.1.fabric.peer_dst.1.ingress_arrivals.response = 20956
stat.node.1.fabric.peer_dst.1.ingress_arrival_nonempty_packet_frac.response = 0.734205
stat.node.1.fabric.peer_dst.1.ingress_nonempty_arrival_pre_occ_avg_bytes.response = 146.498
stat.node.1.fabric.peer_dst.1.ingress_nonempty_arrival_pre_occ_max_bytes.response = 320
stat.node.1.fabric.peer_dst.1.ingress_wait_avg_cycles.response = 145
stat.node.1.fabric.peer_dst.1.ingress_queue_wait_avg_cycles.response = 0
stat.node.1.fabric.peer_dst.1.ingress_queue_wait_after_nonempty_arrival_avg_cycles.response = 0
stat.node.1.fabric.peer_dst.1.ingress_pre_occ_bucket.response.0 = 5570
stat.node.1.fabric.peer_dst.1.ingress_queue_wait_bucket.response.0 = 20956
stat.node.1.fabric.peer_dst.1.ingress_pre_occ_bucket.response.1_64 = 5288
stat.node.1.fabric.peer_dst.1.ingress_queue_wait_bucket.response.1_63 = 0
stat.node.1.fabric.peer_dst.1.ingress_pre_occ_bucket.response.65_256 = 8961
stat.node.1.fabric.peer_dst.1.ingress_queue_wait_bucket.response.64_255 = 0
stat.node.1.fabric.peer_dst.1.ingress_pre_occ_bucket.response.257_1024 = 1137
stat.node.1.fabric.peer_dst.1.ingress_queue_wait_bucket.response.256_1023 = 0
stat.node.1.fabric.peer_dst.1.ingress_pre_occ_bucket.response.1025_4096 = 0
stat.node.1.fabric.peer_dst.1.ingress_queue_wait_bucket.response.1024_4095 = 0
stat.node.1.fabric.peer_dst.1.ingress_pre_occ_bucket.response.4097_plus = 0
stat.node.1.fabric.peer_dst.1.ingress_queue_wait_bucket.response.4096_plus = 0
stat.node.1.fabric.tx_src.1.rx_bytes.demand_req = 0
stat.node.1.fabric.tx_src.1.rx_pkts.demand_req = 0
stat.node.1.fabric.tx_src.1.tx_bytes.demand_req = 167488
stat.node.1.fabric.tx_src.1.tx_pkts.demand_req = 20936
stat.node.1.fabric.tx_src.1.ingress_arrivals.demand_req = 0
stat.node.1.fabric.tx_src.1.ingress_arrival_nonempty_packet_frac.demand_req = 0
stat.node.1.fabric.tx_src.1.ingress_nonempty_arrival_pre_occ_avg_bytes.demand_req = 0
stat.node.1.fabric.tx_src.1.ingress_nonempty_arrival_pre_occ_max_bytes.demand_req = 0
stat.node.1.fabric.tx_src.1.ingress_wait_avg_cycles.demand_req = 0
stat.node.1.fabric.tx_src.1.ingress_queue_wait_avg_cycles.demand_req = 0
stat.node.1.fabric.tx_src.1.ingress_queue_wait_after_nonempty_arrival_avg_cycles.demand_req = 0
stat.node.1.fabric.tx_src.1.ingress_pre_occ_bucket.demand_req.0 = 0
stat.node.1.fabric.tx_src.1.ingress_queue_wait_bucket.demand_req.0 = 0
stat.node.1.fabric.tx_src.1.ingress_pre_occ_bucket.demand_req.1_64 = 0
stat.node.1.fabric.tx_src.1.ingress_queue_wait_bucket.demand_req.1_63 = 0
stat.node.1.fabric.tx_src.1.ingress_pre_occ_bucket.demand_req.65_256 = 0
stat.node.1.fabric.tx_src.1.ingress_queue_wait_bucket.demand_req.64_255 = 0
stat.node.1.fabric.tx_src.1.ingress_pre_occ_bucket.demand_req.257_1024 = 0
stat.node.1.fabric.tx_src.1.ingress_queue_wait_bucket.demand_req.256_1023 = 0
stat.node.1.fabric.tx_src.1.ingress_pre_occ_bucket.demand_req.1025_4096 = 0
stat.node.1.fabric.tx_src.1.ingress_queue_wait_bucket.demand_req.1024_4095 = 0
stat.node.1.fabric.tx_src.1.ingress_pre_occ_bucket.demand_req.4097_plus = 0
stat.node.1.fabric.tx_src.1.ingress_queue_wait_bucket.demand_req.4096_plus = 0
stat.node.1.fabric.tx_src.1.rx_bytes.write_req = 0
stat.node.1.fabric.tx_src.1.rx_pkts.write_req = 0
stat.node.1.fabric.tx_src.1.tx_bytes.write_req = 337280
stat.node.1.fabric.tx_src.1.tx_pkts.write_req = 5270
stat.node.1.fabric.tx_src.1.ingress_arrivals.write_req = 0
stat.node.1.fabric.tx_src.1.ingress_arrival_nonempty_packet_frac.write_req = 0
stat.node.1.fabric.tx_src.1.ingress_nonempty_arrival_pre_occ_avg_bytes.write_req = 0
stat.node.1.fabric.tx_src.1.ingress_nonempty_arrival_pre_occ_max_bytes.write_req = 0
stat.node.1.fabric.tx_src.1.ingress_wait_avg_cycle.node.0.fabric.tx_src.0.ingress_queue_wait_bucket.write_req.1024_4095 = 0
stat.node.0.fabric.tx_src.0.ingress_pre_occ_bucket.write_req.4097_plus = 0
stat.node.0.fabric.tx_src.0.ingress_queue_wait_bucket.write_req.4096_plus = 0
stat.node.0.fabric.tx_src.0.rx_bytes.other_req = 0
stat.node.0.fabric.tx_src.0.rx_pkts.other_req = 0
stat.node.0.fabric.tx_src.0.tx_bytes.other_req = 160
stat.node.0.fabric.tx_src.0.tx_pkts.other_req = 20
stat.node.0.fabric.tx_src.0.ingress_arrivals.other_req = 0
stat.node.0.fabric.tx_src.0.ingress_arrival_nonempty_packet_frac.other_req = 0
stat.node.0.fabric.tx_src.0.ingress_nonempty_arrival_pre_occ_avg_bytes.other_req = 0
stat.node.0.fabric.tx_src.0.ingress_nonempty_arrival_pre_occ_max_bytes.other_req = 0
stat.node.0.fabric.tx_src.0.ingress_wait_avg_cycles.other_req = 0
stat.node.0.fabric.tx_src.0.ingress_queue_wait_avg_cycles.other_req = 0
stat.node.0.fabric.tx_src.0.ingress_queue_wait_after_nonempty_arrival_avg_cycles.other_req = 0
stat.node.0.fabric.tx_src.0.ingress_pre_occ_bucket.other_req.0 = 0
stat.node.0.fabric.tx_src.0.ingress_queue_wait_bucket.other_req.0 = 0
stat.node.0.fabric.tx_src.0.ingress_pre_occ_bucket.other_req.1_64 = 0
stat.node.0.fabric.tx_src.0.ingress_queue_wait_bucket.other_req.1_63 = 0
stat.node.0.fabric.tx_src.0.ingress_pre_occ_bucket.other_req.65_256 = 0
stat.node.0.fabric.tx_src.0.ingress_queue_wait_bucket.other_req.64_255 = 0
stat.node.0.fabric.tx_src.0.ingress_pre_occ_bucket.other_req.257_1024 = 0
stat.node.0.fabric.tx_src.0.ingress_queue_wait_bucket.other_req.256_1023 = 0
stat.node.0.fabric.tx_src.0.ingress_pre_occ_bucket.other_req.1025_4096 = 0
stat.node.0.fabric.tx_src.0.ingress_queue_wait_bucket.other_req.1024_4095 = 0
stat.node.0.fabric.tx_src.0.ingress_pre_occ_bucket.other_req.4097_plus = 0
stat.node.0.fabric.tx_src.0.ingress_queue_wait_bucket.other_req.4096_plus = 0
stat.node.0.fabric.tx_dst.100.rx_bytes.demand_req = 0
stat.node.0.fabric.tx_dst.100.rx_pkts.demand_req = 0
stat.node.0.fabric.tx_dst.100.tx_bytes.demand_req = 167488
stat.node.0.fabric.tx_dst.100.tx_pkts.demand_req = 20936
stat.node.0.fabric.tx_dst.100.ingress_arrivals.demand_req = 0
stat.node.0.fabric.tx_dst.100.ingress_arrival_nonempty_packet_frac.demand_req = 0
stat.node.0.fabric.tx_dst.100.ingress_nonempty_arrival_pre_occ_avg_bytes.demand_req = 0
stat.node.0.fabric.tx_dst.100.ingress_nonempty_arrival_pre_occ_max_bytes.demand_req = 0
stat.node.0.fabric.tx_dst.100.ingress_wait_avg_cycles.demand_req = 0
stat.node.0.fabric.tx_dst.100.ingress_queue_wait_avg_cycles.demand_req = 0
stat.node.0.fabric.tx_dst.100.ingress_queue_wait_after_nonempty_arrival_avg_cycles.demand_req = 0
stat.node.0.fabric.tx_dst.100.ingress_pre_occ_bucket.demand_req.0 = 0
stat.node.0.fabric.tx_dst.100.ingress_queue_wait_bucket.demand_req.0 = 0
stat.node.0.fabric.tx_dst.100.ingress_pre_occ_bucket.demand_req.1_64 = 0
stat.node.0.fabric.tx_dst.100.ingress_queue_wait_bucket.demand_req.1_63 = 0
stat.node.0.fabric.tx_dst.100.ingress_pre_occ_bucket.demand_req.65_256 = 0
stat.node.0.fabric.tx_dst.100.ingress_queue_wait_bucket.demand_req.64_255 = 0
stat.node.0.fabric.tx_dst.100.ingress_pre_occ_bucket.demand_req.257_1024 = 0
stat.node.0.fabric.tx_dst.100.ingress_queue_wait_bucket.demand_req.256_1023 = 0
stat.node.0.fabric.tx_dst.100.ingress_pre_occ_bucket.demand_req.1025_4096 = 0
stat.node.0.fabric.tx_dst.100.ingress_queue_wait_bucket.demand_req.1024_4095 = 0
stat.node.0.fabric.tx_dst.100.ingress_pre_occ_bucket.demand_req.4097_plus = 0
stat.node.0.fabric.tx_dst.100.ingress_queue_wait_bucket.demand_req.4096_plus = 0
stat.node.0.fabric.tx_dst.100.rx_bytes.write_req = 0
stat.node.0.fabric.tx_dst.100.rx_pkts.write_req = 0
stat.node.0.fabric.tx_dst.100.tx_bytes.write_req = 337280
stat.node.0.fabric.tx_dst.100.tx_pkts.write_req = 5270
stat.node.0.fabric.tx_dst.100.ingress_arrivals.write_req = 0
stat.node.0.fabric.tx_dst.100.ingress_arrival_nonempty_packet_frac.write_req = 0
stat.node.0.fabric.tx_dst.100.ingress_nonempty_arrival_pre_occ_avg_bytes.write_req = 0
stat.node.0.fabric.tx_dst.100.ingress_nonempty_arrival_pre_occ_max_bytes.write_req = 0s.write_req = 0
stat.node.1.fabric.tx_src.1.ingress_queue_wait_avg_cycles.write_req = 0
stat.node.1.fabric.tx_src.1.ingress_queue_wait_after_nonempty_arrival_avg_cycles.write_req = 0
stat.node.1.fabric.tx_src.1.ingress_pre_occ_bucket.write_req.0 = 0
stat.node.1.fabric.tx_src.1.ingress_queue_wait_bucket.write_req.0 = 0
stat.node.1.fabric.tx_src.1.ingress_pre_occ_bucket.write_req.1_64 = 0
stat.node.1.fabric.tx_src.1.ingress_queue_wait_bucket.write_req.1_63 = 0
stat.node.1.fabric.tx_src.1.ingress_pre_occ_bucket.write_req.65_256 = 0
stat.node.1.fabric.tx_src.1.ingress_queue_wait_bucket.write_req.64_255 = 0
stat.node.1.fabric.tx_src.1.ingress_pre_occ_bucket.write_req.257_1024 = 0
stat.node.1.fabric.tx_src.1.ingress_queue_wait_bucket.write_req.256_1023 = 0
stat.node.1.fabric.tx_src.1.ingress_pre_occ_bucket.write_req.1025_4096 = 0
stat.node.1.fabric.tx_src.1.ingress_queue_wait_bucket.write_req.1024_4095 = 0
stat.node.1.fabric.tx_src.1.ingress_pre_occ_bucket.write_req.4097_plus = 0
stat.node.1.fabric.tx_src.1.ingress_queue_wait_bucket.write_req.4096_plus = 0
stat.node.1.fabric.tx_src.1.rx_bytes.other_req = 0
stat.node.1.fabric.tx_src.1.rx_pkts.other_req = 0
stat.node.1.fabric.tx_src.1.tx_bytes.other_req = 160
stat.node.1.fabric.tx_src.1.tx_pkts.other_req = 20
stat.node.1.fabric.tx_src.1.ingress_arrivals.other_req = 0
stat.node.1.fabric.tx_src.1.ingress_arrival_nonempty_packet_frac.other_req = 0
stat.node.1.fabric.tx_src.1.ingress_nonempty_arrival_pre_occ_avg_bytes.other_req = 0
stat.node.1.fabric.tx_src.1.ingress_nonempty_arrival_pre_occ_max_bytes.other_req = 0
stat.node.1.fabric.tx_src.1.ingress_wait_avg_cycles.other_req = 0
stat.node.1.fabric.tx_src.1.ingress_queue_wait_avg_cycles.other_req = 0
stat.node.1.fabric.tx_src.1.ingress_queue_wait_after_nonempty_arrival_avg_cycles.other_req = 0
stat.node.1.fabric.tx_src.1.ingress_pre_occ_bucket.other_req.0 = 0
stat.node.1.fabric.tx_src.1.ingress_queue_wait_bucket.other_req.0 = 0
stat.node.1.fabric.tx_src.1.ingress_pre_occ_bucket.other_req.1_64 = 0
stat.node.1.fabric.tx_src.1.ingress_queue_wait_bucket.other_req.1_63 = 0
stat.node.1.fabric.tx_src.1.ingress_pre_occ_bucket.other_req.65_256 = 0
stat.node.1.fabric.tx_src.1.ingress_queue_wait_bucket.other_req.64_255 = 0
stat.node.1.fabric.tx_src.1.ingress_pre_occ_bucket.other_req.257_1024 = 0
stat.node.1.fabric.tx_src.1.ingress_queue_wait_bucket.other_req.256_1023 = 0
stat.node.1.fabric.tx_src.1.ingress_pre_occ_bucket.other_req.1025_4096 = 0
stat.node.1.fabric.tx_src.1.ingress_queue_wait_bucket.other_req.1024_4095 = 0
stat.node.1.fabric.tx_src.1.ingress_pre_occ_bucket.other_req.4097_plus = 0
stat.node.1.fabric.tx_src.1.ingress_queue_wait_bucket.other_req.4096_plus = 0
stat.node.1.fabric.tx_dst.100.rx_bytes.demand_req = 0
stat.node.1.fabric.tx_dst.100.rx_pkts.demand_req = 0
stat.node.1.fabric.tx_dst.100.tx_bytes.demand_req = 167488
stat.node.1.fabric.tx_dst.100.tx_pkts.demand_req = 20936
stat.node.1.fabric.tx_dst.100.ingress_arrivals.demand_req = 0
stat.node.1.fabric.tx_dst.100.ingress_arrival_nonempty_packet_frac.demand_req = 0
stat.node.1.fabric.tx_dst.100.ingress_nonempty_arrival_pre_occ_avg_bytes.demand_req = 0
stat.node.1.fabric.tx_dst.100.ingress_nonempty_arrival_pre_occ_max_bytes.demand_req = 0
stat.node.1.fabric.tx_dst.100.ingress_wait_avg_cycles.demand_req = 0
stat.node.1.fabric.tx_dst.100.ingress_queue_wait_avg_cycles.demand_req = 0
stat.node.1.fabric.tx_dst.100.ingress_queue_wait_after_nonempty_arrival_avg_cycles.demand_req = 0
stat.node.1.fabric.tx_dst.100.ingress_pre_occ_bucket.demand_req.0 = 0
stat.node.1.fabric.tx_dst.100.ingress_queue_wait_bucket.demand_req.0 = 0
stat.node.1.fabric.tx_dst.100.ingress_pre_occ_bucket.demand_req.1_64 = 0
stat.node.1.fabric.tx_dst.100.ingress_queue_wait_bucket.demand_req.1_63 = 0
stat.node.1.fabric.tx_dst.100.ingress_pre_occ_bucket.demand_req.65_256 = 0
stat.node.1.fabric.tx_dst.100.ingress_queue_wait_bucket.demand_req.64_255 = 0
stat.node.1.fabric.tx_dst.100.ingress_pre_occ_bucket.demand_req.257_1024 = 0
stat.node.1.fabric.tx_dst.100.ingress_queue_wait_bucket.demand_req.256_1023 = 0
stat.node.1.fabric.tx_dst.100.ingress_pre_occ_bucket.demand_req.1025_4096 = 0
stat.node.1.fabric.tx_dst.100.ingress_queue_wait_bucket.demand_req.1024_4095 = 0
stat.node.1.fabric.tx_dst.100.ingress_pre_occ_bucket.demand_req.4097_plus = 0
stat.node.1.fabric.tx_dst.100.ingress_queue_wait_bucket.demand_req.4096_plus = 0
stat.node.1.fabric.tx_dst.100.rx_bytes.write_req = 0
stat.node.1.fabric.tx_dst.100.rx_pkts.write_req = 0
stat.node.1.fabric.tx_dst.100.tx_bytes.write_req = 337280
stat.node.1.fabric.tx_dst.100.tx_pkts.write_req = 5270
stat.node.1.fabric.tx_dst.100.ingress_arrivals.write_req = 0
stat.node.1.fabric.tx_dst.100.ingress_arrival_nonempty_packet_frac.write_req = 0
stat.node.1.fabric.tx_dst.100.ingress_nonempty_arrival_pre_occ_avg_bytes.write_req = 0
stat.node.1.fabric.tx_dst.100.ingress_nonempty_arrival_pre_occ_max_bytes.write_req = 0
stat.node.1.fabric.tx_dst.100.ingress_wait_avg_cycles.write_req = 0
stat.node.1.fabric.tx_dst.100.ingress_queue_wait_avg_cycles.write_req = 0
stat.node.1.fabric.tx_dst.100.ingress_queue_wait_after_nonempty_arrival_avg_cycles.write_req = 0
stat.node.1.fabric.tx_dst.100.ingress_pre_occ_bucket.write_req.0 = 0
stat.node.1.fabric.tx_dst.100.ingress_queue_wait_bucket.write_req.0 = 0
stat.node.1.fabric.tx_dst.100.ingress_pre_occ_bucket.write_req.1_64 = 0
stat.node.1.fabric.tx_dst.100.ingress_queue_wait_bucket.write_req.1_63 = 0
stat.node.1.fabric.tx_dst.100.ingress_pre_occ_bucket.write_req.65_256 = 0
stat.node.1.fabric.tx_dst.100.ingress_queue_wait_bucket.write_req.64_255 = 0
stat.node.1.fabric.tx_dst.100.ingress_pre_occ_bucket.write_req.257_1024 = 0
stat.node.1.fabric.tx_dst.100.ingress_queue_wait_bucket.write_req.256_1023 = 0
stat.node.1.fabric.tx_dst.100.ingress_pre_occ_bucket.write_req.1025_4096 = 0
stat.node.1.fabric.tx_dst.100.ingress_queue_wait_bucket.write_req.1024_4095 = 0
stat.node.1.fabric.tx_dst.100.ingress_pre_occ_bucket.write_req.4097_plus = 0
stat.node.1.fabric.tx_dst.100.ingress_queue_wait_bucket.write_req.4096_plus = 0
stat.node.1.fabric.tx_dst.100.rx_bytes.other_req = 0
stat.node.1.fabric.tx_dst.100.rx_pkts.other_req = 0
stat.node.1.fabric.tx_dst.100.tx_bytes.other_req = 160
stat.node.1.fabric.tx_dst.100.tx_pkts.other_req = 20
stat.node.1.fabric.tx_dst.100.ingress_arrivals.other_req = 0
stat.node.1.fabric.tx_dst.100.ingress_arrival_nonempty_packet_frac.other_req = 0
stat.node.1.fabric.tx_dst.100.ingress_nonempty_arrival_pre_occ_avg_bytes.other_req = 0
stat.node.1.fabric.tx_dst.100.ingress_nonempty_arrival_pre_occ_max_bytes.other_req = 0
stat.node.1.fabric.tx_dst.100.ingress_wait_avg_cycles.other_req = 0
stat.node.1.fabric.tx_dst.100.ingress_queue_wait_avg_cycles.other_req = 0
stat.node.1.fabric.tx_dst.100.ingress_queue_wait_after_nonempty_arrival_avg_cycles.other_req = 0
stat.node.1.fabric.tx_dst.100.ingress_pre_occ_bucket.other_req.0 = 0
stat.node.1.fabric.tx_dst.100.ingress_queue_wait_bucket.other_req.0 = 0
stat.node.1.fabric.tx_dst.100.ingress_pre_occ_bucket.other_req.1_64 = 0
stat.node.1.fabric.tx_dst.100.ingress_queue_wait_bucket.other_req.1_63 = 0
stat.node.1.fabric.tx_dst.100.ingress_pre_occ_bucket.other_req.65_256 = 0
stat.node.1.fabric.tx_dst.100.ingress_queue_wait_bucket.other_req.64_255 = 0
stat.node.1.fabric.tx_dst.100.ingress_pre_occ_bucket.other_req.257_1024 = 0
stat.node.1.fabric.tx_dst.100.ingress_queue_wait_bucket.other_req.256_1023 = 0
stat.node.1.fabric.tx_dst.100.ingress_pre_occ_bucket.other_req.1025_4096 = 0
stat.node.1.fabric.tx_dst.100.ingress_queue_wait_bucket.other_req.1024_4095 = 0
stat.node.1.fabric.tx_dst.100.ingress_pre_occ_bucket.other_req.4097_plus = 0
stat.node.1.fabric.tx_dst.100.ingress_queue_wait_bucket.other_req.4096_plus = 0
stat.node.1.walltime_s = 109.186
stat.node.1.active_time_s = 48.2876

stat.node.0.fabric.tx_dst.100.ingress_wait_avg_cycles.write_req = 0
stat.node.0.fabric.tx_dst.100.ingress_queue_wait_avg_cycles.write_req = 0
stat.node.0.fabric.tx_dst.100.ingress_queue_wait_after_nonempty_arrival_avg_cycles.write_req = 0
stat.node.0.fabric.tx_dst.100.ingress_pre_occ_bucket.write_req.0 = 0
stat.node.0.fabric.tx_dst.100.ingress_queue_wait_bucket.write_req.0 = 0
stat.node.0.fabric.tx_dst.100.ingress_pre_occ_bucket.write_req.1_64 = 0
stat.node.0.fabric.tx_dst.100.ingress_queue_wait_bucket.write_req.1_63 = 0
stat.node.0.fabric.tx_dst.100.ingress_pre_occ_bucket.write_req.65_256 = 0
stat.node.0.fabric.tx_dst.100.ingress_queue_wait_bucket.write_req.64_255 = 0
stat.node.0.fabric.tx_dst.100.ingress_pre_occ_bucket.write_req.257_1024 = 0
stat.node.0.fabric.tx_dst.100.ingress_queue_wait_bucket.write_req.256_1023 = 0
stat.node.0.fabric.tx_dst.100.ingress_pre_occ_bucket.write_req.1025_4096 = 0
stat.node.0.fabric.tx_dst.100.ingress_queue_wait_bucket.write_req.1024_4095 = 0
stat.node.0.fabric.tx_dst.100.ingress_pre_occ_bucket.write_req.4097_plus = 0
stat.node.0.fabric.tx_dst.100.ingress_queue_wait_bucket.write_req.4096_plus = 0
stat.node.0.fabric.tx_dst.100.rx_bytes.other_req = 0
stat.node.0.fabric.tx_dst.100.rx_pkts.other_req = 0
stat.node.0.fabric.tx_dst.100.tx_bytes.other_req = 160
stat.node.0.fabric.tx_dst.100.tx_pkts.other_req = 20
stat.node.0.fabric.tx_dst.100.ingress_arrivals.other_req = 0
stat.node.0.fabric.tx_dst.100.ingress_arrival_nonempty_packet_frac.other_req = 0
stat.node.0.fabric.tx_dst.100.ingress_nonempty_arrival_pre_occ_avg_bytes.other_req = 0
stat.node.0.fabric.tx_dst.100.ingress_nonempty_arrival_pre_occ_max_bytes.other_req = 0
stat.node.0.fabric.tx_dst.100.ingress_wait_avg_cycles.other_req = 0
stat.node.0.fabric.tx_dst.100.ingress_queue_wait_avg_cycles.other_req = 0
stat.node.0.fabric.tx_dst.100.ingress_queue_wait_after_nonempty_arrival_avg_cycles.other_req = 0
stat.node.0.fabric.tx_dst.100.ingress_pre_occ_bucket.other_req.0 = 0
stat.node.0.fabric.tx_dst.100.ingress_queue_wait_bucket.other_req.0 = 0
stat.node.0.fabric.tx_dst.100.ingress_pre_occ_bucket.other_req.1_64 = 0
stat.node.0.fabric.tx_dst.100.ingress_queue_wait_bucket.other_req.1_63 = 0
stat.node.0.fabric.tx_dst.100.ingress_pre_occ_bucket.other_req.65_256 = 0
stat.node.0.fabric.tx_dst.100.ingress_queue_wait_bucket.other_req.64_255 = 0
stat.node.0.fabric.tx_dst.100.ingress_pre_occ_bucket.other_req.257_1024 = 0
stat.node.0.fabric.tx_dst.100.ingress_queue_wait_bucket.other_req.256_1023 = 0
stat.node.0.fabric.tx_dst.100.ingress_pre_occ_bucket.other_req.1025_4096 = 0
stat.node.0.fabric.tx_dst.100.ingress_queue_wait_bucket.other_req.1024_4095 = 0
stat.node.0.fabric.tx_dst.100.ingress_pre_occ_bucket.other_req.4097_plus = 0
stat.node.0.fabric.tx_dst.100.ingress_queue_wait_bucket.other_req.4096_plus = 0
stat.node.0.walltime_s = 109.186
stat.node.0.active_time_s = 46.5635
stat.node.2.llc.pool_accesses = 19852
stat.node.2.llc.pool_completed = 19852
stat.node.2.llc.avg_pool_roundtrip_lat = 664.717
stat.node.2.llc.cxl_miss = 19833
stat.node.2.llc.total_miss = 19834
stat.node.2.llc.avg_miss_lat = 665.713
stat.node.2.llc.avg_cxl_lat = 665.715
stat.node.2.llc.miss_lat_hist_bin_ns = 10
stat.node.2.llc.miss_lat_hist = [0,0,0,0,0,0,0,0,0,0,0,0,0,0,0,0,0,0,0,0,0,0,0,0,0,0,8402,4409,3231,1828,929,468,253,153,79,45,23,8,6]
stat.node.2.util.dram_avg = 5.17099e-06
stat.node.2.fabric.ingress_wait_avg_cycles = 145
stat.node.2.fabric.egress_wait_avg_cycles = 1
stat.node.2.fabric.ingress_wait_max_cycles = 145
stat.node.2.fabric.egress_wait_max_cycles = 1
stat.node.2.fabric.ingress_queue_wait_avg_cycles = 0
stat.node.2.fabric.ingress_queue_wait_max_cycles = 0
stat.node.2.fabric.egress_occ_avg_bytes = 0
stat.node.2.fabric.egress_occ_stddev_bytes = 0
stat.node.2.fabric.egress_occ_max_bytes = 0
stat.node.2.fabric.egress_occ_nonempty_frac = 0
stat.node.2.fabric.egress_blocked_cycles = 0
stat.node.2.fabric.egress_blocked_nonempty_frac = 0
stat.node.2.fabric.egress_blocked_avg_occ_bytes = 0
stat.node.2.fabric.egress_blocked_max_occ_bytes = 0
stat.node.2.fabric.egress_send_burst_max_pkts = 2
stat.node.2.fabric.egress_send_burst_max_bytes = 72
stat.node.2.fabric.egress_send_burst_avg_pkts = 1.00103
stat.node.2.fabric.egress_send_burst_avg_bytes = 19.2728
stat.node.2.fabric.egress_send_burst_stddev_pkts = 0.032086
stat.node.2.fabric.egress_send_burst_stddev_bytes = 22.4662
stat.node.2.fabric.egress_send_nonempty_frac = 0.00564478
stat.node.2.fabric.ingress_occ_bytes = 0
stat.node.2.fabric.ready_wait_avg_cycles = 0
stat.node.2.fabric.ready_wait_max_cycles = 0
stat.node.3.llc.pool_accesses = 19852
stat.node.3.llc.pool_completed = 19852
stat.node.3.llc.avg_pool_roundtrip_lat = 664.717
stat.node.3.llc.cxl_miss = 19833
stat.node.3.llc.total_miss = 19834
stat.node.3.llc.avg_miss_lat = 665.713
stat.node.3.llc.avg_cxl_lat = 665.715
stat.node.3.llc.miss_lat_hist_bin_ns = 10
stat.node.3.llc.miss_lat_hist = [0,0,0,0,0,0,0,0,0,0,0,0,0,0,0,0,0,0,0,0,0,0,0,0,0,0,8402,4409,3231,1828,929,468,253,153,79,45,23,8,6]
stat.node.3.util.dram_avg = 5.17099e-06
stat.node.3.fabric.ingress_wait_avg_cycles = 145
stat.node.3.fabric.egress_wait_avg_cycles = 1
stat.node.3.fabric.ingress_wait_max_cycles = 145
stat.node.3.fabric.egress_wait_max_cycles = 1
stat.node.3.fabric.ingress_queue_wait_avg_cycles = 0
stat.node.3.fabric.ingress_queue_wait_max_cycles = 0
stat.node.3.fabric.egress_occ_avg_bytes = 0
stat.node.3.fabric.egress_occ_stddev_bytes = 0
stat.node.3.fabric.egress_occ_max_bytes = 0
stat.node.3.fabric.egress_occ_nonempty_frac = 0
stat.node.3.fabric.egress_blocked_cycles = 0
stat.node.3.fabric.egress_blocked_nonempty_frac = 0
stat.node.3.fabric.egress_blocked_avg_occ_bytes = 0
stat.node.3.fabric.egress_blocked_max_occ_bytes = 0
stat.node.3.fabric.egress_send_burst_max_pkts = 2
stat.node.3.fabric.egress_send_burst_max_bytes = 72
stat.node.3.fabric.egress_send_burst_avg_pkts = 1.00103
stat.node.3.fabric.egress_send_burst_avg_bytes = 19.2728
stat.node.3.fabric.egress_send_burst_stddev_pkts = 0.032086
stat.node.3.fabric.egress_send_burst_stddev_bytes = 22.4662
stat.node.3.fabric.egress_send_nonempty_frac = 0.00564478
stat.node.3.fabric.ingress_occ_bytes = 0
stat.node.3.fabric.ready_wait_avg_cycles = 0
stat.node.3.fabric.ready_wait_max_cycles = 0
stat.node.3.fabric.ready_occ_avg_pkts = 0.00451513
stat.node.3.fabric.ready_occ_pkts = 0
stat.node.3.fabric.ready_occ_max_pkts = 1
stat.node.3.fabric.ready_retry_count = 0
stat.node.3.fabric.ingress_arrival_burst_max_pkts = 1
stat.node.3.fabric.ingress_arrival_burst_max_bytes = 64
stat.node.3.fabric.ingress_arrival_burst_avg_pkts = 1
stat.node.3.fabric.ingress_arrival_burst_avg_bytes = 64
stat.node.3.fabric.ingress_arrival_burst_stddev_pkts = 0
stat.node.3.fabric.ingress_arrival_burst_stddev_bytes = 0
stat.node.3.fabric.ingress_arrival_nonempty_frac = 0.00451513
stat.node.3.fabric.ingress_arrival_run_max_cycles = 1
stat.node.3.fabric.ingress_arrival_run_avg_cycles = 1
stat.node.3.fabric.ingress_arrival_run_stddev_cycles = 0
stat.node.3.fabric.ingress_arrival_gap_max_cycles = 920
stat.node.3.fabric.ingress_arrival_gap_avg_cycles = 196.293
stat.node.3.fabric.ingress_arrival_gap_stddev_cycles = 280.266
stat.node.2.fabric.ready_occ_avg_pkts = 0.00451513
stat.node.2.fabric.ready_occ_pkts = 0
stat.node.2.fabric.ready_occ_max_pkts = 1
stat.node.2.fabric.ready_retry_count = 0
stat.node.2.fabric.ingress_arrival_burst_max_pkts = 1
stat.node.2.fabric.ingress_arrival_burst_max_bytes = 64
stat.node.2.fabric.ingress_arrival_burst_avg_pkts = 1
stat.node.2.fabric.ingress_arrival_burst_avg_bytes = 64
stat.node.2.fabric.ingress_arrival_burst_stddev_pkts = 0
stat.node.2.fabric.ingress_arrival_burst_stddev_bytes = 0
stat.node.2.fabric.ingress_arrival_nonempty_frac = 0.00451513
stat.node.2.fabric.ingress_arrival_run_max_cycles = 1
stat.node.2.fabric.ingress_arrival_run_avg_cycles = 1
stat.node.2.fabric.ingress_arrival_run_stddev_cycles = 0
stat.node.2.fabric.ingress_arrival_gap_max_cycles = 920
stat.node.2.fabric.ingress_arrival_gap_avg_cycles = 196.293
stat.node.2.fabric.ingress_arrival_gap_stddev_cycles = 280.266
stat.node.2.fabric.ingress_release_burst_max_pkts = 1
stat.node.2.fabric.ingress_release_burst_max_bytes = 64
stat.node.2.fabric.ingress_release_burst_avg_pkts = 1
stat.node.2.fabric.ingress_release_burst_avg_bytes = 64
stat.node.2.fabric.ingress_release_burst_stddev_pkts = 0
stat.node.2.fabric.ingress_release_burst_stddev_bytes = 0
stat.node.2.fabric.ingress_release_nonempty_frac = 0.00451513
stat.node.2.fabric.ingress_release_run_max_cycles = 1
stat.node.2.fabric.ingress_release_run_avg_cycles = 1
stat.node.2.fabric.ingress_release_run_stddev_cycles = 0
stat.node.2.fabric.ingress_release_gap_max_cycles = 920
stat.node.2.fabric.ingress_release_gap_avg_cycles = 196.285
stat.node.2.fabric.ingress_release_gap_stddev_cycles = 280.262
stat.node.2.fabric.ingress_occ_avg_bytes = 41.6115
stat.node.2.fabric.ingress_occ_stddev_bytes = 80.5868
stat.node.2.fabric.ingress_occ_max_bytes = 384
stat.node.2.fabric.ingress_occ_nonempty_frac = 0.272325
stat.node.2.fabric.ingress_occ_run_max_cycles = 2344
stat.node.2.fabric.ingress_occ_run_avg_cycles = 227.082
stat.node.2.fabric.ingress_occ_run_stddev_cycles = 56.2144
stat.node.2.fabric.ingress_occ_gap_max_cycles = 777
stat.node.2.fabric.ingress_occ_gap_avg_cycles = 515.721
stat.node.2.fabric.ingress_occ_gap_stddev_cycles = 62.5788
stat.node.2.fabric.ingress_wait_avg_cycles.demand_req = 0
stat.node.2.fabric.ingress_wait_max_cycles.demand_req = 0
stat.node.2.fabric.ingress_queue_wait_avg_cycles.demand_req = 0
stat.node.2.fabric.ingress_queue_wait_max_cycles.demand_req = 0
stat.node.2.fabric.egress_wait_avg_cycles.demand_req = 1
stat.node.2.fabric.egress_wait_max_cycles.demand_req = 1
stat.node.2.fabric.egress_occ_avg_bytes.demand_req = 0
stat.node.2.fabric.egress_occ_max_bytes.demand_req = 0
stat.node.2.fabric.egress_blocked_cycles.demand_req = 0
stat.node.2.fabric.ingress_arrival_empty_packets.demand_req = 0
stat.node.2.fabric.ingress_arrival_nonempty_packets.demand_req = 0
stat.node.2.fabric.ingress_arrival_nonempty_packet_frac.demand_req = 0
stat.node.2.fabric.ingress_nonempty_arrival_pre_occ_avg_bytes.demand_req = 0
stat.node.2.fabric.ingress_nonempty_arrival_pre_occ_max_bytes.demand_req = 0
stat.node.2.fabric.ingress_release_after_empty_arrival_packets.demand_req = 0
stat.node.2.fabric.ingress_release_after_nonempty_arrival_packets.demand_req = 0
stat.node.2.fabric.ingress_wait_after_empty_arrival_avg_cycles.demand_req = 0
stat.node.2.fabric.ingress_wait_after_nonempty_arrival_avg_cycles.demand_req = 0
stat.node.2.fabric.ingress_queue_wait_after_empty_arrival_avg_cycles.demand_req = 0
stat.node.2.fabric.ingress_queue_wait_after_nonempty_arrival_avg_cycles.demand_req = 0
stat.node.2.fabric.ingress_queue_wait_after_empty_arrival_max_cycles.demand_req = 0
stat.node.2.fabric.ingress_queue_wait_after_nonempty_arrival_max_cycles.demand_req = 0
stat.node.2.fabric.rx_bytes.demand_req = 0
stat.node.2.fabric.tx_bytes.demand_req = 167488
stat.node.2.fabric.rx_pkts.demand_req = 0
stat.node.2.fabric.tx_pkts.demand_req = 20936
stat.node.2.fabric.ingress_wait_avg_cycles.write_req = 0
stat.node.2.fabric.ingress_wait_max_cycles.write_req = 0
stat.node.2.fabric.ingress_queue_wait_avg_cycles.write_req = 0
stastat.node.3.fabric.ingress_release_burst_max_pkts = 1
stat.node.3.fabric.ingress_release_burst_max_bytes = 64
stat.node.3.fabric.ingress_release_burst_avg_pkts = 1
stat.node.3.fabric.ingress_release_burst_avg_bytes = 64
stat.node.3.fabric.ingress_release_burst_stddev_pkts = 0
stat.node.3.fabric.ingress_release_burst_stddev_bytes = 0
stat.node.3.fabric.ingress_release_nonempty_frac = 0.00451513
stat.node.3.fabric.ingress_release_run_max_cycles = 1
stat.node.3.fabric.ingress_release_run_avg_cycles = 1
stat.node.3.fabric.ingress_release_run_stddev_cycles = 0
stat.node.3.fabric.ingress_release_gap_max_cycles = 920
stat.node.3.fabric.ingress_release_gap_avg_cycles = 196.285
stat.node.3.fabric.ingress_release_gap_stddev_cycles = 280.262
t.node.2.fabric.ingress_queue_wait_max_cycles.write_req = 0
stat.node.2.fabric.egress_wait_avg_cycles.write_req = 1
stat.node.2.fabric.egress_wait_max_cycles.write_req = 1
stat.node.2.fabric.egress_occ_avg_bytes.write_req = 0
stat.node.2.fabric.egress_occ_max_bytes.write_req = 0
stat.node.2.fabric.egress_blocked_cycles.write_req = 0
stat.node.2.fabric.ingress_arrival_empty_packets.write_req = 0
stat.node.2.fabric.ingress_arrival_nonempty_packets.write_req = 0
stat.node.2.fabric.ingress_arrival_nonempty_packet_frac.write_req = 0
stat.node.2.fabric.ingress_nonempty_arrival_pre_occ_avg_bytes.write_req = 0
stat.node.2.fabric.ingress_nonempty_arrival_pre_occ_max_bytes.write_req = 0
stat.node.2.fabric.ingress_release_after_empty_arrival_packets.write_req = 0
stat.node.2.fabric.ingress_release_after_nonempty_arrival_packets.write_req = 0
stat.node.2.fabric.ingress_wait_after_empty_arrival_avg_cycles.write_req = 0
stat.node.2.fabric.ingress_wait_after_nonempty_arrival_avg_cycles.write_req = 0
stat.node.2.fabric.ingress_queue_wait_after_empty_arrival_avg_cycles.write_req = 0
stat.node.2.fabric.ingress_queue_wait_after_nonempty_arrival_avg_cycles.write_req = 0
stat.node.2.fabric.ingress_queue_wait_after_empty_arrival_max_cycles.write_req = 0
stat.node.2.fabric.ingress_queue_wait_after_nonempty_arrival_max_cycles.write_req = 0
stat.node.2.fabric.rx_bytes.write_req = 0
stat.node.2.fabric.tx_bytes.write_req = 337280
stat.node.2.fabric.rx_pkts.write_req = 0
stat.node.2.fabric.tx_pkts.write_req = 5270
stat.node.2.fabric.ingress_wait_avg_cycles.response = 145
stat.node.2.fabric.ingress_wait_max_cycles.response = 145
stat.node.2.fabric.ingress_queue_wait_avg_cycles.response = 0
stat.node.2.fabric.ingress_queue_wait_max_cycles.response = 0
stat.node.2.fabric.egress_wait_avg_cycles.response = 0
stat.node.2.fabric.egress_wait_max_cycles.response = 0
stat.node.2.fabric.egress_occ_avg_bytes.response = 0
stat.node.2.fabric.egress_occ_max_bytes.response = 0
stat.node.2.fabric.egress_blocked_cycles.response = 0
stat.node.2.fabric.ingress_arrival_empty_packets.response = 5566
stat.node.2.fabric.ingress_arrival_nonempty_packets.response = 15390
stat.node.2.fabric.ingress_arrival_nonempty_packet_frac.response = 0.734396
stat.node.2.fabric.ingress_nonempty_arrival_pre_occ_avg_bytes.response = 147.479
stat.node.2.fabric.ingress_nonempty_arrival_pre_occ_max_bytes.response = 320
stat.node.2.fabric.ingress_release_after_empty_arrival_packets.response = 5566
stat.node.2.fabric.ingress_release_after_nonempty_arrival_packets.response = 15390
stat.node.2.fabric.ingress_wait_after_empty_arrival_avg_cycles.response = 145
stat.node.2.fabric.ingress_wait_after_nonempty_arrival_avg_cycles.response = 145
stat.node.2.fabric.ingress_queue_wait_after_empty_arrival_avg_cycles.response = 0
stat.node.2.fabric.ingress_queue_wait_after_nonempty_arrival_avg_cycles.response = 0
stat.node.2.fabric.ingress_queue_wait_after_empty_arrival_max_cycles.response = 0
stat.node.2.fabric.ingress_queue_wait_after_nonempty_arrival_max_cycles.response = 0
stat.node.2.fabric.rx_bytes.response = 1341184
stat.node.2.fabric.tx_bytes.response = 0
stat.node.2.fabric.rx_pkts.response = 20956
stat.node.2.fabric.tx_pkts.response = 0
stat.node.2.fabric.ingress_wait_avg_cycles.other_req = 0
stat.node.2.fabric.ingress_wait_max_cycles.other_req = 0
stat.node.2.fabric.ingress_queue_wait_avg_cycles.other_req = 0
stat.node.2.fabric.ingress_queue_wait_max_cycles.other_req = 0
stat.node.2.fabric.egress_wait_avg_cycles.other_req = 1
stat.node.2.fabric.egress_wait_max_cycles.other_req = 1
stat.node.2.fabric.egress_occ_avg_bytes.other_req = 0
stat.node.2.fabric.egress_occ_max_bytes.other_req = 0
stat.node.2.fabric.egress_blocked_cycles.other_req = 0
stat.node.2.fabric.ingress_arrival_empty_packets.other_req = 0
stat.node.2.fabric.ingress_arrival_nonempty_packets.other_req = 0
stat.node.2.fabric.ingress_arrival_nonempty_packet_frac.other_req = 0
stat.node.2.fabric.ingress_nonempty_arrival_pre_occ_avg_bytes.other_req = 0
stat.node.2.fabric.ingress_nonempty_arrival_pre_occ_max_bytes.other_req = 0
stat.node.2.fabric.ingress_release_after_empty_arrival_packets.other_req = 0
stat.node.2.fabric.ingress_release_after_nonempty_arrival_packets.other_req = 0
stat.node.2.fabric.ingress_wait_after_empty_arrival_avg_cycles.other_req = 0
stat.node.2.fabric.ingress_wait_after_nonempty_arrival_avg_cycles.other_req = 0
stat.node.2.fabric.ingress_queue_wait_after_empty_arrival_avg_cycles.other_req = 0
stat.node.2.fabric.ingress_queue_wait_after_nonempty_arrival_avg_cycles.other_req = 0
stat.node.2.fabric.ingress_queue_wait_after_empty_arrival_max_cycles.other_req = 0
stat.node.2.fabric.ingress_queue_wait_after_nonempty_arrival_max_cycles.other_req = 0
stat.node.2.fabric.rx_bytes.other_req = 0
stat.node.2.fabric.tx_bytes.other_req = 160
stat.node.2.fabric.rx_pkts.other_req = 0
stat.node.2.fabric.tx_pkts.other_req = 20
stat.node.2.fabric.ingress_occ_bucket_bytes.0 = 3377342
stat.node.2.fabric.ready_occ_bucket_bytes.0 = 4620323
stat.node.2.fabric.ingress_occ_bucket_bytes.1_64 = 396423
stat.node.2.fabric.ready_occ_bucket_bytes.1_64 = 20956
stat.node.2.fabric.ingress_occ_bucket_bytes.65_256 = 771873
stat.node.3.fabric.ingress_occ_avg_bytes = 41.6115
stat.node.3.fabric.ingress_occ_stddev_bytes = 80.5868
stat.node.3.fabric.ingress_occ_max_bytes = 384
stat.node.3.fabric.ingress_occ_nonempty_frac = 0.272325
stat.node.3.fabric.ingress_occ_run_max_cycles = 2344
stat.node.3.fabric.ingress_occ_run_avg_cycles = 227.082
stat.node.3.fabric.ingress_occ_run_stddev_cycles = 56.2144
stat.node.3.fabric.ingress_occ_gap_max_cycles = 777
stat.node.3.fabric.ingress_occ_gap_avg_cycles = 515.721
stat.node.3.fabric.ingress_occ_gap_stddev_cycles = 62.5788
stat.node.2.fabric.ready_occ_bucket_bytes.65_256 = 0
stat.node.2.fabric.ingress_occ_bucket_bytes.257_1024 = 95641
stat.node.2.fabric.ready_occ_bucket_bytes.257_1024 = 0
stat.node.2.fabric.ingress_occ_bucket_bytes.1025_4096 = 0
stat.node.2.fabric.ready_occ_bucket_bytes.1025_4096 = 0
stat.node.2.fabric.ingress_occ_bucket_bytes.4097_plus = 0
stat.node.2.fabric.ready_occ_bucket_bytes.4097_plus = 0
stat.node.2.fabric.ingress_pre_occ_bucket.demand_req.0 = 0
stat.node.2.fabric.ingress_queue_wait_bucket.demand_req.0 = 0
stat.node.2.fabric.ingress_pre_occ_bucket.demand_req.1_64 = 0
stat.node.2.fabric.ingress_queue_wait_bucket.demand_req.1_63 = 0
stat.node.2.fabric.ingress_pre_occ_bucket.demand_req.65_256 = 0
stat.node.2.fabric.ingress_queue_wait_bucket.demand_req.64_255 = 0
stat.node.2.fabric.ingress_pre_occ_bucket.demand_req.257_1024 = 0
stat.node.2.fabric.ingress_queue_wait_bucket.demand_req.256_1023 = 0
stat.node.2.fabric.ingress_pre_occ_bucket.demand_req.1025_4096 = 0
stat.node.2.fabric.ingress_queue_wait_bucket.demand_req.1024_4095 = 0
stat.node.2.fabric.ingress_pre_occ_bucket.demand_req.4097_plus = 0
stat.node.2.fabric.ingress_queue_wait_bucket.demand_req.4096_plus = 0
stat.node.2.fabric.ingress_pre_occ_bucket.write_req.0 = 0
stat.node.2.fabric.ingress_queue_wait_bucket.write_req.0 = 0
stat.node.2.fabric.ingress_pre_occ_bucket.write_req.1_64 = 0
stat.node.2.fabric.ingress_queue_wait_bucket.write_req.1_63 = 0
stat.node.2.fabric.ingress_pre_occ_bucket.write_req.65_256 = 0
stat.node.2.fabric.ingress_queue_wait_bucket.write_req.64_255 = 0
stat.node.2.fabric.ingress_pre_occ_bucket.write_req.257_1024 = 0
stat.node.2.fabric.ingress_queue_wait_bucket.write_req.256_1023 = 0
stat.node.2.fabric.ingress_pre_occ_bucket.write_req.1025_4096 = 0
stat.node.2.fabric.ingress_queue_wait_bucket.write_req.1024_4095 = 0
stat.node.2.fabric.ingress_pre_occ_bucket.write_req.4097_plus = 0
stat.node.2.fabric.ingress_queue_wait_bucket.write_req.4096_plus = 0
stat.node.2.fabric.ingress_pre_occ_bucket.response.0 = 5566
stat.node.2.fabric.ingress_queue_wait_bucket.response.0 = 20956
stat.node.2.fabric.ingress_pre_occ_bucket.response.1_64 = 5275
stat.node.2.fabric.ingress_queue_wait_bucket.response.1_63 = 0
stat.node.2.fabric.ingress_pre_occ_bucket.response.65_256 = 8897
stat.node.2.fabric.ingress_queue_wait_bucket.response.64_255 = 0
stat.node.2.fabric.ingress_pre_occ_bucket.response.257_1024 = 1218
stat.node.2.fabric.ingress_queue_wait_bucket.response.256_1023 = 0
stat.node.2.fabric.ingress_pre_occ_bucket.response.1025_4096 = 0
stat.node.2.fabric.ingress_queue_wait_bucket.response.1024_4095 = 0
stat.node.2.fabric.ingress_pre_occ_bucket.response.4097_plus = 0
stat.node.2.fabric.ingress_queue_wait_bucket.response.4096_plus = 0
stat.node.2.fabric.ingress_pre_occ_bucket.other_req.0 = 0
stat.node.2.fabric.ingress_queue_wait_bucket.other_req.0 = 0
stat.node.2.fabric.ingress_pre_occ_bucket.other_req.1_64 = 0
stat.node.2.fabric.ingress_queue_wait_bucket.other_req.1_63 = 0
stat.node.2.fabric.ingress_pre_occ_bucket.other_req.65_256 = 0
stat.node.2.fabric.ingress_queue_wait_bucket.other_req.64_255 = 0
stat.node.2.fabric.ingress_pre_occ_bucket.other_req.257_1024 = 0
stat.node.2.fabric.ingress_queue_wait_bucket.other_req.256_1023 = 0
stat.node.2.fabric.ingress_pre_occ_bucket.other_req.1025_4096 = 0
stat.node.2.fabric.ingress_queue_wait_bucket.other_req.1024_4095 = 0
stat.node.2.fabric.ingress_pre_occ_bucket.other_req.4097_plus = 0
stat.node.2.fabric.ingress_queue_wait_bucket.other_req.4096_plus = 0
stat.node.2.fabric.peer_src.100.rx_bytes.response = 1341184
stat.node.2.fabric.peer_src.100.rx_pkts.response = 20956
stat.node.2.fabric.peer_src.100.tx_bytes.response = 0
stat.node.2.fabric.peer_src.100.tx_pkts.response = 0
stat.node.2.fabric.peer_src.100.ingress_arrivals.response = 20956
stat.node.2.fabric.peer_src.100.ingress_arrival_nonempty_packet_frac.response = 0.734396
stat.node.2.fabric.peer_src.100.ingress_nonempty_arrival_pre_occ_avg_bytes.response = 147.479
stat.node.2.fabric.peer_src.100.ingress_nonempty_arrival_pre_occ_max_bytes.response = 320
stat.node.2.fabrstat.node.3.fabric.ingress_wait_avg_cycles.demand_req = 0
stat.node.3.fabric.ingress_wait_max_cycles.demand_req = 0
stat.node.3.fabric.ingress_queue_wait_avg_cycles.demand_req = 0
stat.node.3.fabric.ingress_queue_wait_max_cycles.demand_req = 0
stat.node.3.fabric.egress_wait_avg_cycles.demand_req = 1
stat.node.3.fabric.egress_wait_max_cycles.demand_req = 1
stat.node.3.fabric.egress_occ_avg_bytes.demand_req = 0
stat.node.3.fabric.egress_occ_max_bytes.demand_req = 0
stat.node.3.fabric.egress_blocked_cycles.demand_req = 0
stat.node.3.fabric.ingress_arrival_empty_packets.demand_req = 0
stat.node.3.fabric.ingress_arrival_nonempty_packets.demand_req = 0
stat.node.3.fabric.ingress_arrival_nonempty_packet_frac.demand_req = 0
stat.node.3.fabric.ingress_nonempty_arrival_pre_occ_avg_bytes.demand_req = 0
stat.node.3.fabric.ingress_nonempty_arrival_pre_occ_max_bytes.demand_req = 0
stat.node.3.fabric.ingress_release_after_empty_arrival_packets.demand_req = 0
stat.node.3.fabric.ingress_release_after_nonempty_arrival_packets.demand_req = 0
stat.node.3.fabric.ingress_wait_after_empty_arrival_avg_cycles.demand_req = 0
stat.node.3.fabric.ingress_wait_after_nonempty_arrival_avg_cycles.demand_req = 0
stat.node.3.fabric.ingress_queue_wait_after_empty_arrival_avg_cycles.demand_req = 0
stat.node.3.fabric.ingress_queue_wait_after_nonempty_arrival_avg_cycles.demand_req = 0
stat.node.3.fabric.ingress_queue_wait_after_empty_arrival_max_cycles.demand_req = 0
stat.node.3.fabric.ingress_queue_wait_after_nonempty_arrival_max_cycles.demand_req = 0
stat.node.3.fabric.rx_bytes.demand_req = 0
stat.node.3.fabric.tx_bytes.demand_req = 167488
stat.node.3.fabric.rx_pkts.demand_req = 0
stat.node.3.fabric.tx_pkts.demand_req = 20936
stat.node.3.fabric.ingress_wait_avg_cycles.write_req = 0
stat.node.3.fabric.ingress_wait_max_cycles.write_req = 0
stat.node.3.fabric.ingress_queue_wait_avg_cycles.write_req = 0
stat.node.3.fabric.ingress_queue_wait_max_cycles.write_req = 0
stat.node.3.fabric.egress_wait_avg_cycles.write_req = 1
stat.node.3.fabric.egress_wait_max_cycles.write_req = 1
stat.node.3.fabric.egress_occ_avg_bytes.write_req = 0
stat.node.3.fabric.egress_occ_max_bytes.write_req = 0
stat.node.3.fabric.egress_blocked_cycles.write_req = 0
stat.node.3.fabric.ingress_arrival_empty_packets.write_req = 0
stat.node.3.fabric.ingress_arrival_nonempty_packets.write_req = 0
stat.node.3.fabric.ingress_arrival_nonempty_packet_frac.write_req = 0
stat.node.3.fabric.ingress_nonempty_arrival_pre_occ_avg_bytes.write_req = 0
stat.node.3.fabric.ingress_nonempty_arrival_pre_occ_max_bytes.write_req = 0
stat.node.3.fabric.ingress_release_after_empty_arrival_packets.write_req = 0
stat.node.3.fabric.ingress_release_after_nonempty_arrival_packets.write_req = 0
stat.node.3.fabric.ingress_wait_after_empty_arrival_avg_cycles.write_req = 0
stat.node.3.fabric.ingress_wait_after_nonempty_arrival_avg_cycles.write_req = 0
stat.node.3.fabric.ingress_queue_wait_after_empty_arrival_avg_cycles.write_req = 0
stat.node.3.fabric.ingress_queue_wait_after_nonempty_arrival_avg_cycles.write_req = 0
stat.node.3.fabric.ingress_queue_wait_after_empty_arrival_max_cycles.write_req = 0
stat.node.3.fabric.ingress_queue_wait_after_nonempty_arrival_max_cycles.write_req = 0
stat.node.3.fabric.rx_bytes.write_req = 0
stat.node.3.fabric.tx_bytes.write_req = 337280
stat.node.3.fabric.rx_pkts.write_req = 0
ic.peer_src.100.ingress_wait_avg_cycles.response = 145
stat.node.2.fabric.peer_src.100.ingress_queue_wait_avg_cycles.response = 0
stat.node.2.fabric.peer_src.100.ingress_queue_wait_after_nonempty_arrival_avg_cycles.response = 0
stat.node.2.fabric.peer_src.100.ingress_pre_occ_bucket.response.0 = 5566
stat.node.2.fabric.peer_src.100.ingress_queue_wait_bucket.response.0 = 20956
stat.node.2.fabric.peer_src.100.ingress_pre_occ_bucket.response.1_64 = 5275
stat.node.2.fabric.peer_src.100.ingress_queue_wait_bucket.response.1_63 = 0
stat.node.2.fabric.peer_src.100.ingress_pre_occ_bucket.response.65_256 = 8897
stat.node.2.fabric.peer_src.100.ingress_queue_wait_bucket.response.64_255 = 0
stat.node.2.fabric.peer_src.100.ingress_pre_occ_bucket.response.257_1024 = 1218
stat.node.2.fabric.peer_src.100.ingress_queue_wait_bucket.response.256_1023 = 0
stat.node.2.fabric.peer_src.100.ingress_pre_occ_bucket.response.1025_4096 = 0
stat.node.2.fabric.peer_src.100.ingress_queue_wait_bucket.response.1024_4095 = 0
stat.node.2.fabric.peer_src.100.ingress_pre_occ_bucket.response.4097_plus = 0
stat.node.2.fabric.peer_src.100.ingress_queue_wait_bucket.response.4096_plus = 0
stat.node.2.fabric.peer_dst.2.rx_bytes.response = 1341184
stat.node.2.fabric.peer_dst.2.rx_pkts.response = 20956
stat.node.2.fabric.peer_dst.2.tx_bytes.response = 0
stat.node.2.fabric.peer_dst.2.tx_pkts.response = 0
stat.node.2.fabric.peer_dst.2.ingress_arrivals.response = 20956
stat.node.2.fabric.peer_dst.2.ingress_arrival_nonempty_packet_frac.response = 0.734396
stat.node.2.fabric.peer_dst.2.ingress_nonempty_arrival_pre_occ_avg_bytes.response = 147.479
stat.node.2.fabric.peer_dst.2.ingress_nonempty_arrival_pre_occ_max_bytes.response = 320
stat.node.2.fabric.peer_dst.2.ingress_wait_avg_cycles.response = 145
stat.node.2.fabric.peer_dst.2.ingress_queue_wait_avg_cycles.response = 0
stat.node.3.fabric.tx_pkts.write_req = 5270
stat.node.3.fabric.ingress_wait_avg_cycles.response = 145
stat.node.3.fabric.ingress_wait_max_cycles.response = 145
stat.node.3.fabric.ingress_queue_wait_avg_cycles.response = 0
stat.node.3.fabric.ingress_queue_wait_max_cycles.response = 0
stat.node.3.fabric.egress_wait_avg_cycles.response = 0
stat.node.3.fabric.egress_wait_max_cycles.response = 0
stat.node.3.fabric.egress_occ_avg_bytes.response = 0
stat.node.3.fabric.egress_occ_max_bytes.response = 0
stat.node.3.fabric.egress_blocked_cycles.response = 0
stat.node.3.fabric.ingress_arrival_empty_packets.response = 5566
stat.node.3.fabric.ingress_arrival_nonempty_packets.response = 15390
stat.node.2.fabric.peer_dst.2.ingress_queue_wait_after_nonempty_arrival_avg_cycles.response = 0
stat.node.2.fabric.peer_dst.2.ingress_pre_occ_bucket.response.0 = 5566
stat.node.2.fabric.peer_dst.2.ingress_queue_wait_bucket.response.0 = 20956
stat.node.2.fabric.peer_dst.2.ingress_pre_occ_bucket.response.1_64 = 5275
stat.node.2.fabric.peer_dst.2.ingress_queue_wait_bucket.response.1_63 = 0
stat.node.2.fabric.peer_dst.2.ingress_pre_occ_bucket.response.65_256 = 8897
stat.node.2.fabric.peer_dst.2.ingress_queue_wait_bucket.response.64_255 = 0
stat.node.2.fabric.peer_dst.2.ingress_pre_occ_bucket.response.257_1024 = 1218
stat.node.2.fabric.peer_dst.2.ingress_queue_wait_bucket.response.256_1023 = 0
stat.node.2.fabric.peer_dst.2.ingress_pre_occ_bucket.response.1025_4096 = 0
stat.node.2.fabric.peer_dst.2.ingress_queue_wait_bucket.response.1024_4095 = 0
stat.node.2.fabric.peer_dst.2.ingress_pre_occ_bucket.response.4097_plus = 0
stat.node.3.fabric.ingress_arrival_nonempty_packet_frac.response = 0.734396
stat.node.3.fabric.ingress_nonempty_arrival_pre_occ_avg_bytes.response = 147.479
stat.node.3.fabric.ingress_nonempty_arrival_pre_occ_max_bytes.response = 320
stat.node.3.fabric.ingress_release_after_empty_arrival_packets.response = 5566
stat.node.3.fabric.ingress_release_after_nonempty_arrival_packets.response = 15390
stat.node.3.fabric.ingress_wait_after_empty_arrival_avg_cycles.response = 145
stat.node.3.fabric.ingress_wait_after_nonempty_arrival_avg_cycles.response = 145
stat.node.3.fabric.ingress_queue_wait_after_empty_arrival_avg_cycles.response = 0
stat.node.3.fabric.ingress_queue_wait_after_nonempty_arrival_avg_cycles.response = 0
stat.node.3.fabric.ingress_queue_wait_after_empty_arrival_max_cycles.response = 0
stat.node.3.fabric.ingress_queue_wait_after_nonempty_arrival_max_cycles.response = 0
stat.node.3.fabric.rx_bytes.response = 1341184
stat.node.2.fabric.peer_dst.2.ingress_queue_wait_bucket.response.4096_plus = 0
stat.node.2.fabric.tx_src.2.rx_bytes.demand_req = 0
stat.node.2.fabric.tx_src.2.rx_pkts.demand_req = 0
stat.node.2.fabric.tx_src.2.tx_bytes.demand_req = 167488
stat.node.2.fabric.tx_src.2.tx_pkts.demand_req = 20936
stat.node.2.fabric.tx_src.2.ingress_arrivals.demand_req = 0
stat.node.2.fabric.tx_src.2.ingress_arrival_nonempty_packet_frac.demand_req = 0
stat.node.2.fabric.tx_src.2.ingress_nonempty_arrival_pre_occ_avg_bytes.demand_req = 0
stat.node.2.fabric.tx_src.2.ingress_nonempty_arrival_pre_occ_max_bytes.demand_req = 0
stat.node.2.fabric.tx_src.2.ingress_wait_avg_cycles.demand_req = 0
stat.node.2.fabric.tx_src.2.ingress_queue_wait_avg_cycles.demand_req = 0
stat.node.2.fabric.tx_src.2.ingress_queue_wait_after_nonempty_arrival_avg_cycles.demand_req = 0
stat.node.2.fabric.tx_src.2.ingress_pre_occ_bucket.demand_req.0 = 0
stat.node.2.fabric.tx_src.2.ingress_queue_wait_bucket.demand_req.0 = 0
stat.node.2.fabric.tx_src.2.ingress_pre_occ_bucket.demand_req.1_64 = 0
stat.node.2.fabric.tx_src.2.ingress_queue_wait_bucket.demand_req.1_63 = 0
stat.node.2.fabric.tx_src.2.ingress_pre_occ_bucket.demand_req.65_256 = 0
stat.node.2.fabric.tx_src.2.ingress_queue_wait_bucket.demand_req.64_255 = 0
stat.node.2.fabric.tx_src.2.ingress_pre_occ_bucket.demand_req.257_1024 = 0
stat.node.2.fabric.tx_src.2.ingress_queue_wait_bucket.demand_req.256_1023 = 0
stat.node.2.fabric.tx_src.2.ingress_pre_occ_bucket.demand_req.1025_4096 = 0
stat.node.2.fabric.tx_src.2.ingress_queue_wait_bucket.demand_req.1024_4095 = 0
stat.node.2.fabric.tx_src.2.ingress_pre_occ_bucket.demand_req.4097_plus = 0
stat.node.2.fabric.tx_src.2.ingress_queue_wait_bucket.demand_req.4096_plus = 0
stat.node.2.fabric.tx_src.2.rx_bytes.write_req = 0
stat.node.2.fabric.tx_src.2.rx_pkts.write_req = 0
stat.node.2.fabric.tx_src.2.tx_bytes.write_req = 337280
stat.node.2.fabric.tx_src.2.tx_pkts.write_req = 5270
stat.node.2.fabric.tx_src.2.ingress_arrivals.write_req = 0
stat.node.2.fabric.tx_src.2.ingress_arrival_nonempty_packet_frac.write_req = 0
stat.node.2.fabric.tx_src.2.ingress_nonempty_arrival_pre_occ_avg_bytes.write_req = 0
stat.node.2.fabric.tx_src.2.ingress_nonempty_arrival_pre_occ_max_bytes.write_req = 0
stat.node.2.fabric.tx_src.2.ingress_wait_avg_cycles.write_req = 0
stat.node.2.fabric.tx_src.2.ingress_queue_wait_avg_cycles.write_req = 0
stat.node.2.fabric.tx_src.2.ingress_queue_wait_after_nonempty_arrival_avg_cycles.write_req = 0
stat.node.2.fabric.tx_src.2.ingress_pre_occ_bucket.write_req.0 = 0
stat.node.2.fabric.tx_src.2.ingress_queue_wait_bucket.write_req.0 = 0
stat.node.2.fabric.tx_src.2.ingress_pre_occ_bucket.write_req.1_64 = 0
stat.node.2.fabric.tx_src.2.ingress_queue_wait_bucket.write_req.1_63 = 0
stat.node.2.fabric.tx_src.2.ingress_pre_occ_bucket.write_req.65_256 = 0
stat.node.2.fabric.tx_src.2.ingress_queue_wait_bucket.write_req.64_255 = 0
stat.node.2.fabric.tx_src.2.ingress_pre_occ_bucket.write_req.257_1024 = 0
stat.node.2.fabric.tx_src.2.ingress_queue_wait_bucket.write_req.256_1023 = 0
stat.node.2.fabric.tx_src.2.ingress_pre_occ_bucket.write_req.1025_4096 = 0
stat.node.2.fabric.tx_src.2.ingress_queue_wait_bucket.write_req.1024_4095 = 0
stat.node.2.fabric.tx_src.2.ingress_pre_occ_bucket.write_req.4097_plus = 0
stat.node.2.fabric.tx_src.2.ingress_queue_wait_bucket.write_req.4096_plus = 0
stat.node.2.fabric.tx_src.2.rx_bytes.other_req = 0
stat.node.2.fabric.tx_src.2.rx_pkts.other_req = 0
stat.node.2.fabric.tx_src.2.tx_bytes.other_req = 160
stat.node.2.fabric.tx_src.2.tx_pkts.other_req = 20
stat.node.2.fabric.tx_src.2.ingress_arrivals.other_req = 0
stat.node.2.fabric.tx_src.2.ingress_arrival_nonempty_packet_frac.other_req = 0
stat.node.2.fabric.tx_src.2.ingress_nonempty_arrival_pre_occ_avg_bytes.other_req = 0
stat.node.2.fabric.tx_src.2.ingress_nonempty_arrival_pre_occ_max_bytes.other_req = 0
stat.node.2.fabric.tx_src.2.ingress_wait_avg_cycles.other_req = 0
stat.node.2.fabric.tx_src.2.ingress_queue_wait_avg_cycles.other_req = 0
stat.node.2.fabric.tx_src.2.ingress_queue_wait_after_nonempty_arrival_avstat.node.3.fabric.tx_bytes.response = 0
stat.node.3.fabric.rx_pkts.response = 20956
stat.node.3.fabric.tx_pkts.response = 0
stat.node.3.fabric.ingress_wait_avg_cycles.other_req = 0
stat.node.3.fabric.ingress_wait_max_cycles.other_req = 0
stat.node.3.fabric.ingress_queue_wait_avg_cycles.other_req = 0
stat.node.3.fabric.ingress_queue_wait_max_cycles.other_req = 0
stat.node.3.fabric.egress_wait_avg_cycles.other_req = 1
stat.node.3.fabric.egress_wait_max_cycles.other_req = 1
stat.node.3.fabric.egress_occ_avg_bytes.other_req = 0
stat.node.3.fabric.egress_occ_max_bytes.other_req = 0
stat.node.3.fabric.egress_blocked_cycles.other_req = 0
stat.node.3.fabric.ingress_arrival_empty_packets.other_req = 0
stat.node.3.fabric.ingress_arrival_nonempty_packets.other_req = 0
stat.node.3.fabric.ingress_arrival_nonempty_packet_frac.other_req = 0
stat.node.3.fabric.ingress_nonempty_arrival_pre_occ_avg_bytes.other_req = 0
stat.node.3.fabric.ingress_nonempty_arrival_pre_occ_max_bytes.other_req = 0
stat.node.3.fabric.ingress_release_after_empty_arrival_packets.other_req = 0
stat.node.3.fabric.ingress_release_after_nonempty_arrival_packets.other_req = 0
stat.node.3.fabric.ingress_wait_after_empty_arrival_avg_cycles.other_req = 0
stat.node.3.fabric.ingress_wait_after_nonempty_arrival_avg_cycles.other_req = 0
stat.node.3.fabric.ingress_queue_wait_after_empty_arrival_avg_cycles.other_req = 0
stat.node.3.fabric.ingress_queue_wait_after_nonempty_arrival_avg_cycles.other_req = 0
stat.node.3.fabric.ingress_queue_wait_after_empty_arrival_max_cycles.other_req = 0
stat.node.3.fabric.ingress_queue_wait_after_nonempty_arrival_max_cycles.other_req = 0
stat.node.3.fabric.rx_bytes.other_req = 0
stat.node.3.fabric.tx_bytes.other_req = 160
stat.node.3.fabric.rx_pkts.other_req = 0
stat.node.3.fabric.tx_pkts.other_req = 20
stat.node.3.fabric.ingress_occ_bucket_bytes.0 = 3377342
stat.node.3.fabric.ready_occ_bucket_bytes.0 = 4620323
stat.node.3.fabric.ingress_occ_bucket_bytes.1_64 = 396423
stat.node.3.fabric.ready_occ_bucket_bytes.1_64 = 20956
stat.node.3.fabric.ingress_occ_bucket_bytes.65_256 = 771873
stat.node.3.fabric.ready_occ_bucket_bytes.65_256 = 0
stat.node.3.fabric.ingress_occ_bucket_bytes.257_1024 = 95641
stat.node.3.fabric.ready_occ_bucket_bytes.257_1024 = 0
stat.node.3.fabric.ingress_occ_bucket_bytes.1025_4096 = 0
stat.node.3.fabric.ready_occ_bucket_bytes.1025_4096 = 0
stat.node.3.fabric.ingress_occ_bucket_bytes.4097_plus = 0
stat.node.3.fabric.ready_occ_bucket_bytes.4097_plus = 0
stat.node.3.fabric.ingress_pre_occ_bucket.demand_req.0 = 0
stat.node.3.fabric.ingress_queue_wait_bucket.demand_req.0 = 0
stat.node.3.fabric.ingress_pre_occ_bucket.demand_req.1_64 = 0
stat.node.3.fabric.ingress_queue_wait_bucket.demand_req.1_63 = 0
stat.node.3.fabric.ingress_pre_occ_bucket.demand_req.65_256 = 0
stat.node.3.fabric.ingress_queue_wait_bucket.demand_req.64_255 = 0
stat.node.3.fabric.ingress_pre_occ_bucket.demand_req.257_1024 = 0
stat.node.3.fabric.ingress_queue_wait_bucket.demand_req.256_1023 = 0
stat.node.3.fabric.ingress_pre_occ_bucket.demand_req.1025_4096 = 0
stat.node.3.fabric.ingress_queue_wait_bucket.demand_req.1024_4095 = 0
stat.node.3.fabric.ingress_pre_occ_bucket.demand_req.4097_plus = 0
stat.node.3.fabric.ingress_queue_wait_bucket.demand_req.4096_plus = 0
stat.node.3.fabric.ingress_pre_occ_bucket.write_req.0 = 0
stat.node.3.fabric.ingress_queue_wait_bucket.write_req.0 = 0
stat.node.3.fabric.ingress_pre_occ_bucket.write_req.1_64 = 0
stat.node.3.fabric.ingress_queue_wait_bucket.write_req.1_63 = 0
stat.node.3.fabric.ingress_pre_occ_bucket.write_req.65_256 = 0
stat.node.3.fabric.ingress_queue_wait_bucket.write_req.64_255 = 0
stat.node.3.fabric.ingress_pre_occ_bucket.write_req.257_1024 = 0
stat.node.3.fabric.ingress_queue_wait_bucket.write_req.256_1023 = 0
stat.node.3.fabric.ingress_pre_occ_bucket.write_req.1025_4096 = 0
stat.node.3.fabric.ingress_queue_wait_bucket.write_req.1024_4095 = 0
stat.node.3.fabric.ingress_pre_occ_bucket.write_req.4097_plus = 0
stat.node.3.fabric.ingress_queue_wait_bucket.write_req.4096_plus = 0
stat.node.3.fabric.ingress_pre_occ_bucket.response.0 = 5566
stat.node.3.fabric.ingress_queue_wait_bucket.response.0 = 20956
stat.node.3.fabric.ingress_pre_occ_bucket.response.1_64 = 5275
stat.node.3.fabric.ingress_queue_wait_bucket.response.1_63 = 0
stat.node.3.fabric.ingress_pre_occ_bucket.response.65_256 = 8897
stat.node.3.fabric.ingress_queue_wait_bucket.response.64_255 = 0
stat.node.3.fabric.ingress_pre_occ_bucket.response.257_1024 = 1218
stat.node.3.fabric.ingress_queue_wait_bucket.response.256_1023 = 0
stat.node.3.fabric.ingress_pre_occ_bucket.response.1025_4096 = 0
stat.node.3.fabric.ingress_queue_wait_bucket.response.1024_4095 = 0
stat.node.3.fabric.ingress_pre_occ_bucket.response.4097_plus = 0
stat.node.3.fabric.ingress_queue_wait_bucket.response.4096_plus = 0
stat.node.3.fabric.ingress_pre_occ_bucket.other_req.0 = 0
stat.node.3.fabric.ingress_queue_wait_bucket.other_req.0 = 0
stat.node.3.fabric.ingress_pre_occ_bucket.other_req.1_64 = 0
stat.node.3.fabric.ingress_queue_wait_bucket.other_req.1_63 = 0
stat.node.3.fabric.ingress_pre_occ_bucket.other_req.65_256 = 0
stat.node.3.fabric.ingress_queue_wait_bucket.other_req.64_255 = 0
stat.node.3.fabric.ingress_pre_occ_bucket.other_req.257_1024 = 0
stat.node.3.fabric.ingress_queue_wait_bucket.other_req.256_1023 = 0
stat.node.3.fabric.ingress_pre_occ_bucket.other_req.1025_4096 = 0
stat.node.3.fabric.ingress_queue_wait_bucket.other_req.1024_4095 = 0
stat.node.3.fabric.ingress_pre_occ_bucket.other_req.4097_plus = 0
stat.node.3.fabric.ingress_queue_wait_bucket.other_req.4096_plus = 0
g_cycles.other_req = 0
stat.node.2.fabric.tx_src.2.ingress_pre_occ_bucket.other_req.0 = 0
stat.node.2.fabric.tx_src.2.ingress_queue_wait_bucket.other_req.0 = 0
stat.node.2.fabric.tx_src.2.ingress_pre_occ_bucket.other_req.1_64 = 0
stat.node.2.fabric.tx_src.2.ingress_queue_wait_bucket.other_req.1_63 = 0
stat.node.2.fabric.tx_src.2.ingress_pre_occ_bucket.other_req.65_256 = 0
stat.node.2.fabric.tx_src.2.ingress_queue_wait_bucket.other_req.64_255 = 0
stat.node.2.fabric.tx_src.2.ingress_pre_occ_bucket.other_req.257_1024 = 0
stat.node.2.fabric.tx_src.2.ingress_queue_wait_bucket.other_req.256_1023 = 0
stat.node.2.fabric.tx_src.2.ingress_pre_occ_bucket.other_req.1025_4096 = 0
stat.node.2.fabric.tx_src.2.ingress_queue_wait_bucket.other_req.1024_4095 = 0
stat.node.2.fabric.tx_src.2.ingress_pre_occ_bucket.other_req.4097_plus = 0
stat.node.2.fabric.tx_src.2.ingress_queue_wait_bucket.other_req.4096_plus = 0
stat.node.2.fabric.tx_dst.100.rx_bytes.demand_req = 0
stat.node.2.fabric.tx_dst.100.rx_pkts.demand_req = 0
stat.node.2.fabric.tx_dst.100.tx_bytes.demand_req = 167488
stat.node.2.fabric.tx_dst.100.tx_pkts.demand_req = 20936
stat.node.2.fabric.tx_dst.100.ingress_arrivals.demand_req = 0
stat.node.2.fabric.tx_dst.100.ingress_arrival_nonempty_packet_frac.demand_req = 0
stat.node.2.fabric.tx_dst.100.ingress_nonempty_arrival_pre_occ_avg_bytes.demand_req = 0
stat.node.2.fabric.tx_dst.100.ingress_nonempty_arrival_pre_occ_max_bytes.demand_req = 0
stat.node.2.fabric.tx_dst.100.ingress_wait_avg_cycles.demand_req = 0
stat.node.2.fabric.tx_dst.100.ingress_queue_wait_avg_cycles.demand_req = 0
stat.node.2.fabric.tx_dst.100.ingress_queue_wait_after_nonempty_arrival_avg_cycles.demand_req = 0
stat.node.2.fabric.tx_dst.100.ingress_pre_occ_bucket.demand_req.0 = 0
stat.node.2.fabric.tx_dst.100.ingress_queue_wait_bucket.demand_req.0 = 0
stat.node.2.fabric.tx_dst.100.ingress_pre_occ_bucket.demand_req.1_64 = 0
stat.node.2.fabric.tx_dst.100.ingress_queue_wait_bucket.demand_req.1_63 = 0
stat.node.2.fabric.tx_dst.100.ingress_pre_occ_bucket.demand_req.65_256 = 0
stat.node.2.fabric.tx_dst.100.ingress_queue_wait_bucket.demand_req.64_255 = 0
stat.node.2.fabric.tx_dst.100.ingress_pre_occ_bucket.demand_req.257_1024 = 0
stat.node.2.fabric.tx_dst.100.ingress_queue_wait_bucket.demand_req.256_1023 = 0
stat.node.2.fabric.tx_dst.100.ingress_pre_occ_bucket.demand_req.1025_4096 = 0
stat.node.2.fabric.tx_dst.100.ingress_queue_wait_bucket.demand_req.1024_4095 = 0
stat.node.2.fabric.tx_dst.100.ingress_pre_occ_bucket.demand_req.4097_plus = 0
stat.node.2.fabric.tx_dst.100.ingress_queue_wait_bucket.demand_req.4096_plus = 0
stat.node.2.fabric.tx_dst.100.rx_bytes.write_req = 0
stat.node.2.fabric.tx_dst.100.rx_pkts.write_req = 0
stat.node.2.fabric.tx_dst.100.tx_bytes.write_req = 337280
stat.node.2.fabric.tx_dst.100.tx_pkts.write_req = 5270
stat.node.2.fabric.tx_dst.100.ingress_arrivals.write_req = 0
stat.node.2.fabric.tx_dst.100.ingress_arrival_nonempty_packet_frac.write_req = 0
stat.node.2.fabric.tx_dst.100.ingress_nonempty_arrival_pre_occ_avg_bytes.write_req = 0
stat.node.2.fabric.tx_dst.100.ingress_nonempty_arrival_pre_occ_max_bytes.write_req = 0
stat.node.2.fabric.tx_dst.100.ingress_wait_avg_cycles.write_req = 0
stat.node.2.fabric.tx_dst.100.ingress_queue_wait_avg_cycles.write_req = 0
stat.node.2.fabric.tx_dst.100.ingress_queue_wait_after_nonempty_arrival_avg_cycles.write_req = 0
stat.node.2.fabric.tx_dst.100.ingress_pre_occ_bucket.write_req.0 = 0
stat.node.2.fabric.tx_dst.100.ingress_queue_wait_bucket.write_req.0 = 0
stat.node.2.fabric.tx_dst.100.ingress_pre_occ_bucket.write_req.1_64 = 0
stat.node.2.fabric.tx_dst.100.ingress_queue_wait_bucket.write_req.1_63 = 0
stat.node.2.fabric.tx_dst.100.ingress_pre_occ_bucket.write_req.65_256 = 0
stat.node.2.fabric.tx_dst.100.ingress_queue_wait_bucket.write_req.64_255 = 0
stat.node.2.fabric.tx_dst.100.ingress_pre_occ_bucket.write_req.257_1024 = 0
stat.node.3.fabric.peer_src.101.rx_bytes.response = 1341184
stat.node.3.fabric.peer_src.101.rx_pkts.response = 20956
stat.node.3.fabric.peer_src.101.tx_bytes.response = 0
stat.node.3.fabric.peer_src.101.tx_pkts.response = 0
stat.node.3.fabric.peer_src.101.ingress_arrivals.response = 20956
stat.node.3.fabric.peer_src.101.ingress_arrival_nonempty_packet_frac.response = 0.734396
stat.node.3.fabric.peer_src.101.ingress_nonempty_arrival_pre_occ_avg_bytes.response = 147.479
stat.node.3.fabric.peer_src.101.ingress_nonempty_arrival_pre_occ_max_bytes.response = 320
stat.node.3.fabric.peer_src.101.ingress_wait_avg_cycles.response = 145
stat.node.3.fabric.peer_src.101.ingress_queue_wait_avg_cycles.response = 0
stat.node.3.fabric.peer_src.101.ingress_queue_wait_after_nonempty_arrival_avg_cycles.response = 0
stat.node.3.fabric.peer_src.101.ingress_pre_occ_bucket.response.0 = 5566
stat.node.3.fabric.peer_src.101.ingress_queue_wait_bucket.response.0 = 20956
stat.node.3.fabric.peer_src.101.ingress_pre_occ_bucket.response.1_64 = 5275
stat.node.3.fabric.peer_src.101.ingress_queue_wait_bucket.response.1_63 = 0
stat.node.3.fabric.peer_src.101.ingress_pre_occ_bucket.response.65_256 = 8897
stat.node.3.fabric.peer_src.101.ingress_queue_wait_bucket.response.64_255 = 0
stat.node.3.fabric.peer_src.101.ingress_pre_occ_bucket.response.257_1024 = 1218
stat.node.3.fabric.peer_src.101.ingress_queue_wait_bucket.response.256_1023 = 0
stat.node.3.fabric.peer_src.101.ingress_pre_occ_bucket.response.1025_4096 = 0
stat.node.2.fabric.tx_dst.100.ingress_queue_wait_bucket.write_req.256_1023 = 0
stat.node.2.fabric.tx_dst.100.ingress_pre_occ_bucket.write_req.1025_4096 = 0
stat.node.2.fabric.tx_dst.100.ingress_queue_wait_bucket.write_req.1024_4095 = 0
stat.node.2.fabric.tx_dst.100.ingress_pre_occ_bucket.write_req.4097_plus = 0
stat.node.2.fabric.tx_dst.100.ingress_queue_wait_bucket.write_req.4096_plus = 0
stat.node.2.fabric.tx_dst.100.rx_bytes.other_req = 0
stat.node.2.fabric.tx_dst.100.rx_pkts.other_req = 0
stat.node.2.fabric.tx_dst.100.tx_bytes.other_req = 160
stat.node.2.fabric.tx_dst.100.tx_pkts.other_req = 20
stat.node.2.fabric.tx_dst.100.ingress_arrivals.other_req = 0
stat.node.2.fabric.tx_dst.100.ingress_arrival_nonempty_packet_frac.other_req = 0
stat.node.2.fabric.tx_dst.100.ingress_nonempty_arrival_pre_occ_avg_bytes.other_req = 0
stat.node.2.fabric.tx_dst.100.ingress_nonempty_arrival_pre_occ_max_bytes.other_req = 0
stat.node.2.fabric.tx_dst.100.ingress_wait_avg_cycles.other_req = 0
stat.node.2.fabric.tx_dst.100.ingress_queue_wait_avg_cycles.other_req = 0
stat.node.2.fabric.tx_dst.100.ingress_queue_wait_after_nonempty_arrival_avg_cycles.other_req = 0
stat.node.2.fabric.tx_dst.100.ingress_pre_occ_bucket.other_req.0 = 0
stat.node.2.fabric.tx_dst.100.ingress_queue_wait_bucket.other_req.0 = 0
stat.node.2.fabric.tx_dst.100.ingress_pre_occ_bucket.other_req.1_64 = 0
stat.node.2.fabric.tx_dst.100.ingress_queue_wait_bucket.other_req.1_63 = 0
stat.node.2.fabric.tx_dst.100.ingress_pre_occ_bucket.other_req.65_256 = 0
stat.node.2.fabric.tx_dst.100.ingress_queue_wait_bucket.other_req.64_255 = 0
stat.node.2.fabric.tx_dst.100.ingress_pre_occ_bucket.other_req.257_1024 = 0
stat.node.2.fabric.tx_dst.100.ingress_queue_wait_bucket.other_req.256_1023 = 0
stat.node.2.fabric.tx_dst.100.ingress_pre_occ_bucket.other_req.1025_4096 = 0
stat.node.2.fabric.tx_dst.100.ingress_queue_wait_bucket.other_req.1024_4095 = 0
stat.node.2.fabric.tx_dst.100.ingress_pre_occ_bucket.other_req.4097_plus = 0
stat.node.2.fabric.tx_dst.100.ingress_queue_wait_bucket.other_req.4096_plus = 0
stat.node.2.walltime_s = 109.191
stat.node.2.active_time_s = 47.51
stat.node.3.fabric.peer_src.101.ingress_queue_wait_bucket.response.1024_4095 = 0
stat.node.3.fabric.peer_src.101.ingress_pre_occ_bucket.response.4097_plus = 0
stat.node.3.fabric.peer_src.101.ingress_queue_wait_bucket.response.4096_plus = 0
stat.node.3.fabric.peer_dst.3.rx_bytes.response = 1341184
stat.node.3.fabric.peer_dst.3.rx_pkts.response = 20956
stat.node.3.fabric.peer_dst.3.tx_bytes.response = 0
stat.node.3.fabric.peer_dst.3.tx_pkts.response = 0
stat.node.3.fabric.peer_dst.3.ingress_arrivals.response = 20956
stat.node.3.fabric.peer_dst.3.ingress_arrival_nonempty_packet_frac.response = 0.734396
stat.node.3.fabric.peer_dst.3.ingress_nonempty_arrival_pre_occ_avg_bytes.response = 147.479
stat.node.3.fabric.peer_dst.3.ingress_nonempty_arrival_pre_occ_max_bytes.response = 320
stat.node.3.fabric.peer_dst.3.ingress_wait_avg_cycles.response = 145
stat.node.3.fabric.peer_dst.3.ingress_queue_wait_avg_cycles.response = 0
stat.node.3.fabric.peer_dst.3.ingress_queue_wait_after_nonempty_arrival_avg_cycles.response = 0
stat.node.3.fabric.peer_dst.3.ingress_pre_occ_bucket.response.0 = 5566
stat.node.3.fabric.peer_dst.3.ingress_queue_wait_bucket.response.0 = 20956
stat.node.3.fabric.peer_dst.3.ingress_pre_occ_bucket.response.1_64 = 5275
stat.node.3.fabric.peer_dst.3.ingress_queue_wait_bucket.response.1_63 = 0
stat.node.3.fabric.peer_dst.3.ingress_pre_occ_bucket.response.65_256 = 8897
stat.node.3.fabric.peer_dst.3.ingress_queue_wait_bucket.response.64_255 = 0
stat.node.3.fabric.peer_dst.3.ingress_pre_occ_bucket.response.257_1024 = 1218
stat.node.3.fabric.peer_dst.3.ingress_queue_wait_bucket.response.256_1023 = 0
stat.node.3.fabric.peer_dst.3.ingress_pre_occ_bucket.response.1025_4096 = 0
stat.node.3.fabric.peer_dst.3.ingress_queue_wait_bucket.response.1024_4095 = 0
stat.node.3.fabric.peer_dst.3.ingress_pre_occ_bucket.response.4097_plus = 0
stat.node.3.fabric.peer_dst.3.ingress_queue_wait_bucket.response.4096_plus = 0
stat.node.3.fabric.tx_src.3.rx_bytes.demand_req = 0
stat.node.3.fabric.tx_src.3.rx_pkts.demand_req = 0
stat.node.3.fabric.tx_src.3.tx_bytes.demand_req = 167488
stat.node.3.fabric.tx_src.3.tx_pkts.demand_req = 20936
stat.node.3.fabric.tx_src.3.ingress_arrivals.demand_req = 0
stat.node.3.fabric.tx_src.3.ingress_arrival_nonempty_packet_frac.demand_req = 0
stat.node.3.fabric.tx_src.3.ingress_nonempty_arrival_pre_occ_avg_bytes.demand_req = 0
stat.node.3.fabric.tx_src.3.ingress_nonempty_arrival_pre_occ_max_bytes.demand_req = 0
stat.node.3.fabric.tx_src.3.ingress_wait_avg_cycles.demand_req = 0
stat.node.3.fabric.tx_src.3.ingress_queue_wait_avg_cycles.demand_req = 0
stat.node.3.fabric.tx_src.3.ingress_queue_wait_after_nonempty_arrival_avg_cycles.demand_req = 0
stat.node.3.fabric.tx_src.3.ingress_pre_occ_bucket.demand_req.0 = 0
stat.node.3.fabric.tx_src.3.ingress_queue_wait_bucket.demand_req.0 = 0
stat.node.3.fabric.tx_src.3.ingress_pre_occ_bucket.demand_req.1_64 = 0
stat.node.3.fabric.tx_src.3.ingress_queue_wait_bucket.demand_req.1_63 = 0
stat.node.3.fabric.tx_src.3.ingress_pre_occ_bucket.demand_req.65_256 = 0
stat.node.3.fabric.tx_src.3.ingress_queue_wait_bucket.demand_req.64_255 = 0
stat.node.3.fabric.tx_src.3.ingress_pre_occ_bucket.demand_req.257_1024 = 0
stat.node.3.fabric.tx_src.3.ingress_queue_wait_bucket.demand_req.256_1023 = 0
stat.node.3.fabric.tx_src.3.ingress_pre_occ_bucket.demand_req.1025_4096 = 0
stat.node.3.fabric.tx_src.3.ingress_queue_wait_bucket.demand_req.1024_4095 = 0
stat.node.3.fabric.tx_src.3.ingress_pre_occ_bucket.demand_req.4097_plus = 0
stat.node.3.fabric.tx_src.3.ingress_queue_wait_bucket.demand_req.4096_plus = 0
stat.node.3.fabric.tx_src.3.rx_bytes.write_req = 0
stat.node.3.fabric.tx_src.3.rx_pkts.write_req = 0
stat.node.3.fabric.tx_src.3.tx_bytes.write_req = 337280
stat.node.3.fabric.tx_src.3.tx_pkts.write_req = 5270
stat.node.3.fabric.tx_src.3.ingress_arrivals.write_req = 0
stat.node.3.fabric.tx_src.3.ingress_arrival_nonempty_packet_frac.write_req = 0
stat.node.3.fabric.tx_src.3.ingress_nonempty_arrival_pre_occ_avg_bytes.write_req = 0
stat.node.3.fabric.tx_src.3.ingress_nonempty_arrival_pre_occ_max_bytes.write_req = 0
stat.node.3.fabric.tx_src.3.ingress_wait_avg_cycles.write_req = 0
stat.node.3.fabric.tx_src.3.ingress_queue_wait_avg_cycles.write_req = 0
stat.node.3.fabric.tx_src.3.ingress_queue_wait_after_nonempty_arrival_avg_cycles.write_req = 0
stat.node.3.fabric.tx_src.3.ingress_pre_occ_bucket.write_req.0 = 0
stat.node.3.fabric.tx_src.3.ingress_queue_wait_bucket.write_req.0 = 0
stat.node.3.fabric.tx_src.3.ingress_pre_occ_bucket.write_req.1_64 = 0
stat.node.3.fabric.tx_src.3.ingress_queue_wait_bucket.write_req.1_63 = 0
stat.node.3.fabric.tx_src.3.ingress_pre_occ_bucket.write_req.65_256 = 0
stat.node.3.fabric.tx_src.3.ingress_queue_wait_bucket.write_req.64_255 = 0
stat.node.3.fabric.tx_src.3.ingress_pre_occ_bucket.write_req.257_1024 = 0
stat.node.3.fabric.tx_src.3.ingress_queue_wait_bucket.write_req.256_1023 = 0
stat.node.3.fabric.tx_src.3.ingress_pre_occ_bucket.write_req.1025_4096 = 0
stat.node.3.fabric.tx_src.3.ingress_queue_wait_bucket.write_req.1024_4095 = 0
stat.node.3.fabric.tx_src.3.ingress_pre_occ_bucket.write_req.4097_plus = 0
stat.node.3.fabric.tx_src.3.ingress_queue_wait_bucket.write_req.4096_plus = 0
stat.node.3.fabric.tx_src.3.rx_bytes.other_req = 0
stat.node.3.fabric.tx_src.3.rx_pkts.other_req = 0
stat.node.3.fabric.tx_src.3.tx_bytes.other_req = 160
stat.node.3.fabric.tx_src.3.tx_pkts.other_req = 20
stat.node.3.fabric.tx_src.3.ingress_arrivals.other_req = 0
stat.node.3.fabric.tx_src.3.ingress_arrival_nonempty_packet_frac.other_req = 0
stat.node.3.fabric.tx_src.3.ingress_nonempty_arrival_pre_occ_avg_bytes.other_req = 0
stat.node.3.fabric.tx_src.3.ingress_nonempty_arrival_pre_occ_max_bytes.other_req = 0
stat.node.3.fabric.tx_src.3.ingress_wait_avg_cycles.other_req = 0
stat.node.3.fabric.tx_src.3.ingress_queue_wait_avg_cycles.other_req = 0
stat.node.3.fabric.tx_src.3.ingress_queue_wait_after_nonempty_arrival_avg_cycles.other_req = 0
stat.node.3.fabric.tx_src.3.ingress_pre_occ_bucket.other_req.0 = 0
stat.node.3.fabric.tx_src.3.ingress_queue_wait_bucket.other_req.0 = 0
stat.node.3.fabric.tx_src.3.ingress_pre_occ_bucket.other_req.1_64 = 0
stat.node.3.fabric.tx_src.3.ingress_queue_wait_bucket.other_req.1_63 = 0
stat.node.3.fabric.tx_src.3.ingress_pre_occ_bucket.other_req.65_256 = 0
stat.node.3.fabric.tx_src.3.ingress_queue_wait_bucket.other_req.64_255 = 0
stat.node.3.fabric.tx_src.3.ingress_pre_occ_bucket.other_req.257_1024 = 0
stat.node.3.fabric.tx_src.3.ingress_queue_wait_bucket.other_req.256_1023 = 0
stat.node.3.fabric.tx_src.3.ingress_pre_occ_bucket.other_req.1025_4096 = 0
stat.node.3.fabric.tx_src.3.ingress_queue_wait_bucket.other_req.1024_4095 = 0
stat.node.3.fabric.tx_src.3.ingress_pre_occ_bucket.other_req.4097_plus = 0
stat.node.3.fabric.tx_src.3.ingress_queue_wait_bucket.other_req.4096_plus = 0
stat.node.3.fabric.tx_dst.100.rx_bytes.demand_req = 0
stat.node.3.fabric.tx_dst.100.rx_pkts.demand_req = 0
stat.node.3.fabric.tx_dst.100.tx_bytes.demand_req = 167488
stat.node.3.fabric.tx_dst.100.tx_pkts.demand_req = 20936
stat.node.3.fabric.tx_dst.100.ingress_arrivals.demand_req = 0
stat.node.3.fabric.tx_dst.100.ingress_arrival_nonempty_packet_frac.demand_req = 0
stat.node.3.fabric.tx_dst.100.ingress_nonempty_arrival_pre_occ_avg_bytes.demand_req = 0
stat.node.3.fabric.tx_dst.100.ingress_nonempty_arrival_pre_occ_max_bytes.demand_req = 0
stat.node.3.fabric.tx_dst.100.ingress_wait_avg_cycles.demand_req = 0
stat.node.3.fabric.tx_dst.100.ingress_queue_wait_avg_cycles.demand_req = 0
stat.node.3.fabric.tx_dst.100.ingress_queue_wait_after_nonempty_arrival_avg_cycles.demand_req = 0
stat.node.3.fabric.tx_dst.100.ingress_pre_occ_bucket.demand_req.0 = 0
stat.node.3.fabric.tx_dst.100.ingress_queue_wait_bucket.demand_req.0 = 0
stat.node.3.fabric.tx_dst.100.ingress_pre_occ_bucket.demand_req.1_64 = 0
stat.node.3.fabric.tx_dst.100.ingress_queue_wait_bucket.demand_req.1_63 = 0
stat.node.3.fabric.tx_dst.100.ingress_pre_occ_bucket.demand_req.65_256 = 0
stat.node.3.fabric.tx_dst.100.ingress_queue_wait_bucket.demand_req.64_255 = 0
stat.node.3.fabric.tx_dst.100.ingress_pre_occ_bucket.demand_req.257_1024 = 0
stat.node.3.fabric.tx_dst.100.ingress_queue_wait_bucket.demand_req.256_1023 = 0
stat.node.3.fabric.tx_dst.100.ingress_pre_occ_bucket.demand_req.1025_4096 = 0
stat.node.3.fabric.tx_dst.100.ingress_queue_wait_bucket.demand_req.1024_4095 = 0
stat.node.3.fabric.tx_dst.100.ingress_pre_occ_bucket.demand_req.4097_plus = 0
stat.node.3.fabric.tx_dst.100.ingress_queue_wait_bucket.demand_req.4096_plus = 0
stat.node.3.fabric.tx_dst.100.rx_bytes.write_req = 0
stat.node.3.fabric.tx_dst.100.rx_pkts.write_req = 0
stat.node.3.fabric.tx_dst.100.tx_bytes.write_req = 337280
stat.node.3.fabric.tx_dst.100.tx_pkts.write_req = 5270
stat.node.3.fabric.tx_dst.100.ingress_arrivals.write_req = 0
stat.node.3.fabric.tx_dst.100.ingress_arrival_nonempty_packet_frac.write_req = 0
stat.node.3.fabric.tx_dst.100.ingress_nonempty_arrival_pre_occ_avg_bytes.write_req = 0
stat.node.3.fabric.tx_dst.100.ingress_nonempty_arrival_pre_occ_max_bytes.write_req = 0
stat.node.3.fabric.tx_dst.100.ingress_wait_avg_cycles.write_req = 0
stat.node.3.fabric.tx_dst.100.ingress_queue_wait_avg_cycles.write_req = 0
stat.node.3.fabric.tx_dst.100.ingress_queue_wait_after_nonempty_arrival_avg_cycles.write_req = 0
stat.node.3.fabric.tx_dst.100.ingress_pre_occ_bucket.write_req.0 = 0
stat.node.3.fabric.tx_dst.100.ingress_queue_wait_bucket.write_req.0 = 0
stat.node.3.fabric.tx_dst.100.ingress_pre_occ_bucket.write_req.1_64 = 0
stat.node.3.fabric.tx_dst.100.ingress_queue_wait_bucket.write_req.1_63 = 0
stat.node.3.fabric.tx_dst.100.ingress_pre_occ_bucket.write_req.65_256 = 0
stat.node.3.fabric.tx_dst.100.ingress_queue_wait_bucket.write_req.64_255 = 0
stat.node.3.fabric.tx_dst.100.ingress_pre_occ_bucket.write_req.257_1024 = 0
stat.node.3.fabric.tx_dst.100.ingress_queue_wait_bucket.write_req.256_1023 = 0
stat.node.3.fabric.tx_dst.100.ingress_pre_occ_bucket.write_req.1025_4096 = 0
stat.node.3.fabric.tx_dst.100.ingress_queue_wait_bucket.write_req.1024_4095 = 0
stat.node.3.fabric.tx_dst.100.ingress_pre_occ_bucket.write_req.4097_plus = 0
stat.node.3.fabric.tx_dst.100.ingress_queue_wait_bucket.write_req.4096_plus = 0
stat.node.3.fabric.tx_dst.100.rx_bytes.other_req = 0
stat.node.3.fabric.tx_dst.100.rx_pkts.other_req = 0
stat.node.3.fabric.tx_dst.100.tx_bytes.other_req = 160
stat.node.3.fabric.tx_dst.100.tx_pkts.other_req = 20
stat.node.3.fabric.tx_dst.100.ingress_arrivals.other_req = 0
stat.node.3.fabric.tx_dst.100.ingress_arrival_nonempty_packet_frac.other_req = 0
stat.node.3.fabric.tx_dst.100.ingress_nonempty_arrival_pre_occ_avg_bytes.other_req = 0
stat.node.3.fabric.tx_dst.100.ingress_nonempty_arrival_pre_occ_max_bytes.other_req = 0
stat.node.3.fabric.tx_dst.100.ingress_wait_avg_cycles.other_req = 0
stat.node.3.fabric.tx_dst.100.ingress_queue_wait_avg_cycles.other_req = 0
stat.node.3.fabric.tx_dst.100.ingress_queue_wait_after_nonempty_arrival_avg_cycles.other_req = 0
stat.node.3.fabric.tx_dst.100.ingress_pre_occ_bucket.other_req.0 = 0
stat.node.3.fabric.tx_dst.100.ingress_queue_wait_bucket.other_req.0 = 0
stat.node.3.fabric.tx_dst.100.ingress_pre_occ_bucket.other_req.1_64 = 0
stat.node.3.fabric.tx_dst.100.ingress_queue_wait_bucket.other_req.1_63 = 0
stat.node.3.fabric.tx_dst.100.ingress_pre_occ_bucket.other_req.65_256 = 0
stat.node.3.fabric.tx_dst.100.ingress_queue_wait_bucket.other_req.64_255 = 0
stat.node.3.fabric.tx_dst.100.ingress_pre_occ_bucket.other_req.257_1024 = 0
stat.node.3.fabric.tx_dst.100.ingress_queue_wait_bucket.other_req.256_1023 = 0
stat.node.3.fabric.tx_dst.100.ingress_pre_occ_bucket.other_req.1025_4096 = 0
stat.node.3.fabric.tx_dst.100.ingress_queue_wait_bucket.other_req.1024_4095 = 0
stat.node.3.fabric.tx_dst.100.ingress_pre_occ_bucket.other_req.4097_plus = 0
stat.node.3.fabric.tx_dst.100.ingress_queue_wait_bucket.other_req.4096_plus = 0
stat.node.3.walltime_s = 109.191
stat.node.3.active_time_s = 48.1401
stat.node.4.llc.pool_accesses = 19852
stat.node.4.llc.pool_completed = 19852
stat.node.5.llc.pool_accesses = 19852
stat.node.5.llc.pool_completed = 19852
stat.node.5.llc.avg_pool_roundtrip_lat = 665.67
stat.node.5.llc.cxl_miss = 19833
stat.node.5.llc.total_miss = 19834
stat.node.4.llc.avg_pool_roundtrip_lat = 665.67
stat.node.4.llc.cxl_miss = 19833
stat.node.4.llc.total_miss = 19834
stat.node.5.llc.avg_miss_lat = 666.662
stat.node.5.llc.avg_cxl_lat = 666.664
stat.node.5.llc.miss_lat_hist_bin_ns = 10
stat.node.5.llc.miss_lat_hist = [0,0,0,0,0,0,0,0,0,0,0,0,0,0,0,0,0,0,0,0,0,0,0,0,0,0,8592,4358,3091,1680,882,454,282,183,120,66,52,32,17,14,6,4,1]
stat.node.5.util.dram_avg = 5.17061e-06
stat.node.5.fabric.ingress_wait_avg_cycles = 145
stat.node.4.llc.avg_miss_lat = 666.662
stat.node.4.llc.avg_cxl_lat = 666.664
stat.node.4.llc.miss_lat_hist_bin_ns = 10
stat.node.4.llc.miss_lat_hist = [0,0,0,0,0,0,0,0,0,0,0,0,0,0,0,0,0,0,0,0,0,0,0,0,0,0,8592,4358,3091,1680,882,454,282,183,120,66,52,32,17,14,6,4,1]
stat.node.4.util.dram_avg = 5.17061e-06
stat.node.5.fabric.egress_wait_avg_cycles = 1
stat.node.5.fabric.ingress_wait_max_cycles = 145
stat.node.5.fabric.egress_wait_max_cycles = 1
stat.node.5.fabric.ingress_queue_wait_avg_cycles = 0
stat.node.4.fabric.ingress_wait_avg_cycles = 145
stat.node.4.fabric.egress_wait_avg_cycles = 1
stat.node.4.fabric.ingress_wait_max_cycles = 145
stat.node.5.fabric.ingress_queue_wait_max_cycles = 0
stat.node.5.fabric.egress_occ_avg_bytes = 0
stat.node.5.fabric.egress_occ_stddev_bytes = 0
stat.node.5.fabric.egress_occ_max_bytes = 0
stat.node.4.fabric.egress_wait_max_cycles = 1
stat.node.4.fabric.ingress_queue_wait_avg_cycles = 0
stat.node.4.fabric.ingress_queue_wait_max_cycles = 0
stat.node.4.fabric.egress_occ_avg_bytes = 0
stat.node.5.fabric.egress_occ_nonempty_frac = 0
stat.node.4.fabric.egress_occ_stddev_bytes = 0
stat.node.4.fabric.egress_occ_max_bytes = 0
stat.node.5.fabric.egress_blocked_cycles = 0
stat.node.5.fabric.egress_blocked_nonempty_frac = 0
stat.node.5.fabric.egress_blocked_avg_occ_bytes = 0
stat.node.5.fabric.egress_blocked_max_occ_bytes = 0
stat.node.5.fabric.egress_send_burst_max_pkts = 2
stat.node.5.fabric.egress_send_burst_max_bytes = 72
stat.node.5.fabric.egress_send_burst_avg_pkts = 1.00149
stat.node.5.fabric.egress_send_burst_avg_bytes = 19.2816
stat.node.5.fabric.egress_send_burst_stddev_pkts = 0.0385626
stat.node.5.fabric.egress_send_burst_stddev_bytes = 22.478
stat.node.5.fabric.egress_send_nonempty_frac = 0.00564178
stat.node.5.fabric.ingress_occ_bytes = 0
stat.node.5.fabric.ready_wait_avg_cycles = 0
stat.node.5.fabric.ready_wait_max_cycles = 0
stat.node.5.fabric.ready_occ_avg_pkts = 0.00451481
stat.node.5.fabric.ready_occ_pkts = 0
stat.node.5.fabric.ready_occ_max_pkts = 1
stat.node.5.fabric.ready_retry_count = 0
stat.node.5.fabric.ingress_arrival_burst_max_pkts = 1
stat.node.5.fabric.ingress_arrival_burst_max_bytes = 64
stat.node.5.fabric.ingress_arrival_burst_avg_pkts = 1
stat.node.5.fabric.ingress_arrival_burst_avg_bytes = 64
stat.node.5.fabric.ingress_arrival_burst_stddev_pkts = 0
stat.node.5.fabric.ingress_arrival_burst_stddev_bytes = 0
stat.node.5.fabric.ingress_arrival_nonempty_frac = 0.00451481
stat.node.5.fabric.ingress_arrival_run_max_cycles = 1
stat.node.5.fabric.ingress_arrival_run_avg_cycles = 1
stat.node.5.fabric.ingress_arrival_run_stddev_cycles = 0
stat.node.5.fabric.ingress_arrival_gap_max_cycles = 997
stat.node.5.fabric.ingress_arrival_gap_avg_cycles = 196.308
stat.node.5.fabric.ingress_arrival_gap_stddev_cycles = 280.163
stat.node.5.fabric.ingress_release_burst_max_pkts = 1
stat.node.5.fabric.ingress_release_burst_max_bytes = 64
stat.node.5.fabric.ingress_release_burst_avg_pkts = 1
stat.node.5.fabric.ingress_release_burst_avg_bytes = 64
stat.node.5.fabric.ingress_release_burst_stddev_pkts = 0
stat.node.5.fabric.ingress_release_burst_stddev_bytes = 0
stat.node.5.fabric.ingress_release_nonempty_frac = 0.00451481
stat.node.5.fabric.ingress_release_run_max_cycles = 1
stat.node.5.fabric.ingress_release_run_avg_cycles = 1
stat.node.5.fabric.ingress_release_run_stddev_cycles = 0
stat.node.5.fabric.ingress_release_gap_max_cycles = 997
stat.node.5.fabric.ingress_release_gap_avg_cycles = 196.299
stat.node.5.fabric.ingress_release_gap_stddev_cycles = 280.159
stat.node.5.fabric.ingress_occ_avg_bytes = 41.6085
stat.node.5.fabric.ingress_occ_stddev_bytes = 80.5256
stat.node.5.fabric.ingress_occ_max_bytes = 384
stat.node.5.fabric.ingress_occ_nonempty_frac = 0.272852
stat.node.5.fabric.ingress_occ_run_max_cycles = 2344
stat.node.5.fabric.ingress_occ_run_avg_cycles = 226.926
stat.node.5.fabric.ingress_occ_run_stddev_cycles = 56.3823
stat.node.4.fabric.egress_occ_nonempty_frac = 0
stat.node.4.fabric.egress_blocked_cycles = 0
stat.node.4.fabric.egress_blocked_nonempty_frac = 0
stat.node.4.fabric.egress_blocked_avg_occ_bytes = 0
stat.node.4.fabric.egress_blocked_max_occ_bytes = 0
stat.node.4.fabric.egress_send_burst_max_pkts = 2
stat.node.4.fabric.egress_send_burst_max_bytes = 72
stat.node.4.fabric.egress_send_burst_avg_pkts = 1.00149
stat.node.4.fabric.egress_send_burst_avg_bytes = 19.2816
stat.node.4.fabric.egress_send_burst_stddev_pkts = 0.0385626
stat.node.4.fabric.egress_send_burst_stddev_bytes = 22.478
stat.node.4.fabric.egress_send_nonempty_frac = 0.00564178
stat.node.4.fabric.ingress_occ_bytes = 0
stat.node.4.fabric.ready_wait_avg_cycles = 0
stat.node.4.fabric.ready_wait_max_cycles = 0
stat.node.4.fabric.ready_occ_avg_pkts = 0.00451481
stat.node.4.fabric.ready_occ_pkts = 0
stat.node.4.fabric.ready_occ_max_pkts = 1
stat.node.4.fabric.ready_retry_count = 0
stat.node.4.fabric.ingress_arrival_burst_max_pkts = 1
stat.node.4.fabric.ingress_arrival_burst_max_bytes = 64
stat.node.4.fabric.ingress_arrival_burst_avg_pkts = 1
stat.node.4.fabric.ingress_arrival_burst_avg_bytes = 64
stat.node.4.fabric.ingress_arrival_burst_stddev_pkts = 0
stat.node.4.fabric.ingress_arrival_burst_stddev_bytes = 0
stat.node.4.fabric.ingress_arrival_nonempty_frac = 0.00451481
stat.node.4.fabric.ingress_arrival_run_max_cycles = 1
stat.node.4.fabric.ingress_arrival_run_avg_cycles = 1
stat.node.4.fabric.ingress_arrival_run_stddev_cycles = 0
stat.node.4.fabric.ingress_arrival_gap_max_cycles = 997
stat.node.4.fabric.ingress_arrival_gap_avg_cycles = 196.308
stat.node.4.fabric.ingress_arrival_gap_stddev_cycles = 280.163
stat.node.4.fabric.ingress_release_burst_max_pkts = 1
stat.node.4.fabric.ingress_release_burst_max_bytes = 64
stat.node.4.fabric.ingress_release_burst_avg_pkts = 1
stat.node.4.fabric.ingress_release_burst_avg_bytes = 64
stat.node.4.fabric.ingress_release_burst_stddev_pkts = 0
stat.node.4.fabric.ingress_release_burst_stddev_bytes = 0
stat.node.4.fabric.ingress_release_nonempty_frac = 0.00451481
stat.node.4.fabric.ingress_release_run_max_cycles = 1
stat.node.4.fabric.ingress_release_run_avg_cycles = 1
stat.node.4.fabric.ingress_release_run_stddev_cycles = 0
stat.node.4.fabric.ingress_release_gap_max_cycles = 997
stat.node.4.fabric.ingress_release_gap_avg_cycles = 196.299
stat.node.4.fabric.ingress_release_gap_stddev_cycles = 280.159
stat.node.4.fabric.ingress_occ_avg_bytes = 41.6085
stat.node.4.fabric.ingress_occ_stddev_bytes = 80.5256
stat.node.4.fabric.ingress_occ_max_bytes = 384
stat.node.4.fabric.ingress_occ_nonempty_frac = 0.272852
stat.node.4.fabric.ingress_occ_run_max_cycles = 2344
stat.node.4.fabric.ingress_occ_run_avg_cycles = 226.926
stat.node.4.fabric.ingress_occ_run_stddev_cycles = 56.3823
stat.node.4.fabric.ingress_occ_gap_max_cycles = 854
stat.node.5.fabric.ingress_occ_gap_max_cycles = 854
stat.node.5.fabric.ingress_occ_gap_avg_cycles = 513.936
stat.node.5.fabric.ingress_occ_gap_stddev_cycles = 69.6624
stat.node.4.fabric.ingress_occ_gap_avg_cycles = 513.936
stat.node.4.fabric.ingress_occ_gap_stddev_cycles = 69.6624
stat.node.5.fabric.ingress_wait_avg_cycles.demand_req = 0
stat.node.5.fabric.ingress_wait_max_cycles.demand_req = 0
stat.node.4.fabric.ingress_wait_avg_cycles.demand_req = 0
stat.node.4.fabric.ingress_wait_max_cycles.demand_req = 0
stat.node.4.fabric.ingress_queue_wait_avg_cycles.demand_req = 0
stat.node.5.fabric.ingress_queue_wait_avg_cycles.demand_req = 0
stat.node.5.fabric.ingress_queue_wait_max_cycles.demand_req = 0
stat.node.5.fabric.egress_wait_avg_cycles.demand_req = 1
stat.node.4.fabric.ingress_queue_wait_max_cycles.demand_req = 0
stat.node.4.fabric.egress_wait_avg_cycles.demand_req = 1
stat.node.4.fabric.egress_wait_max_cycles.demand_req = 1
stat.node.4.fabric.egress_occ_avg_bytes.demand_req = 0
stat.node.4.fabric.egress_occ_max_bytes.demand_req = 0
stat.node.4.fabric.egress_blocked_cycles.demand_req = 0
stat.node.4.fabric.ingress_arrival_empty_packets.demand_req = 0
stat.node.4.fabric.ingress_arrival_nonempty_packets.demand_req = 0
stat.node.4.fabric.ingress_arrival_nonempty_packet_frac.demand_req = 0
stat.node.5.fabric.egress_wait_max_cycles.demand_req = 1
stat.node.5.fabric.egress_occ_avg_bytes.demand_req = 0
stat.node.5.fabric.egress_occ_max_bytes.demand_req = 0
stat.node.5.fabric.egress_blocked_cycles.demand_req = 0
stat.node.5.fabric.ingress_arrival_empty_packets.demand_req = 0
stat.node.5.fabric.ingress_arrival_nonempty_packets.demand_req = 0
stat.node.5.fabric.ingress_arrival_nonempty_packet_frac.demand_req = 0
stat.node.5.fabric.ingress_nonempty_arrival_pre_occ_avg_bytes.demand_req = 0
stat.node.5.fabric.ingress_nonempty_arrival_pre_occ_max_bytes.demand_req = 0
stat.node.4.fabric.ingress_nonempty_arrival_pre_occ_avg_bytes.demand_req = 0
stat.node.4.fabric.ingress_nonempty_arrival_pre_occ_max_bytes.demand_req = 0
stat.node.4.fabric.ingress_release_after_empty_arrival_packets.demand_req = 0
stat.node.4.fabric.ingress_release_after_nonempty_arrival_packets.demand_req = 0
stat.node.4.fabric.ingress_wait_after_empty_arrival_avg_cycles.demand_req = 0
stat.node.4.fabric.ingress_wait_after_nonempty_arrival_avg_cycles.demand_req = 0
stat.node.5.fabric.ingress_release_after_empty_arrival_packets.demand_req = 0
stat.node.5.fabric.ingress_release_after_nonempty_arrival_packets.demand_req = 0
stat.node.5.fabric.ingress_wait_after_empty_arrival_avg_cycles.demand_req = 0
stat.node.5.fabric.ingress_wait_after_nonempty_arrival_avg_cycles.demand_req = 0
stat.node.5.fabric.ingress_queue_wait_after_empty_arrival_avg_cycles.demand_req = 0
stat.node.5.fabric.ingress_queue_wait_after_nonempty_arrival_avg_cycles.demand_req = 0
stat.node.4.fabric.ingress_queue_wait_after_empty_arrival_avg_cycles.demand_req = 0
stat.node.4.fabric.ingress_queue_wait_after_nonempty_arrival_avg_cycles.demand_req = 0
stat.node.4.fabric.ingress_queue_wait_after_empty_arrival_max_cycles.demand_req = 0
stat.node.4.fabric.ingress_queue_wait_after_nonempty_arrival_max_cycles.demand_req = 0
stat.node.5.fabric.ingress_queue_wait_after_empty_arrival_max_cycles.demand_req = 0
stat.node.5.fabric.ingress_queue_wait_after_nonempty_arrival_max_cycles.demand_req = 0
stat.node.4.fabric.rx_bytes.demand_req = 0
stat.node.4.fabric.tx_bytes.demand_req = 167488
stat.node.5.fabric.rx_bytes.demand_req = 0
stat.node.5.fabric.tx_bytes.demand_req = 167488
stat.node.4.fabric.rx_pkts.demand_req = 0
stat.node.4.fabric.tx_pkts.demand_req = 20936
stat.node.4.fabric.ingress_wait_avg_cycles.write_req = 0
stat.node.4.fabric.ingress_wait_max_cycles.write_req = 0
stat.node.4.fabric.ingress_queue_wait_avg_cycles.write_req = 0
stat.node.4.fabric.ingress_queue_wait_max_cycles.write_req = 0
stat.node.4.fabric.egress_wait_avg_cycles.write_req = 1
stat.node.4.fabric.egress_wait_max_cycles.write_req = 1
stat.node.5.fabric.rx_pkts.demand_req = 0
stat.node.5.fabric.tx_pkts.demand_req = 20936
stat.node.5.fabric.ingress_wait_avg_cycles.write_req = 0
stat.node.5.fabric.ingress_wait_max_cycles.write_req = 0
stat.node.5.fabric.ingress_queue_wait_avg_cycles.write_req = 0
stat.node.5.fabric.ingress_queue_wait_max_cycles.write_req = 0
stat.node.5.fabric.egress_wait_avg_cycles.write_req = 1
stat.node.5.fabric.egress_wait_max_cycles.write_req = 1
stat.node.5.fabric.egress_occ_avg_bytes.write_req = 0
stat.node.5.fabric.egress_occ_max_bytes.write_req = 0
stat.node.5.fabric.egress_blocked_cycles.write_req = 0
stat.node.4.fabric.egress_occ_avg_bytes.write_req = 0
stat.node.4.fabric.egress_occ_max_bytes.write_req = 0
stat.node.4.fabric.egress_blocked_cycles.write_req = 0
stat.node.4.fabric.ingress_arrival_empty_packets.write_req = 0
stat.node.4.fabric.ingress_arrival_nonempty_packets.write_req = 0
stat.node.4.fabric.ingress_arrival_nonempty_packet_frac.write_req = 0
stat.node.4.fabric.ingress_nonempty_arrival_pre_occ_avg_bytes.write_req = 0
stat.node.4.fabric.ingress_nonempty_arrival_pre_occ_max_bytes.write_req = 0
stat.node.4.fabric.ingress_release_after_empty_arrival_packets.write_req = 0
stat.node.4.fabric.ingress_release_after_nonempty_arrival_packets.write_req = 0
stat.node.5.fabric.ingress_arrival_empty_packets.write_req = 0
stat.node.5.fabric.ingress_arrival_nonempty_packets.write_req = 0
stat.node.5.fabric.ingress_arrival_nonempty_packet_frac.write_req = 0
stat.node.5.fabric.ingress_nonempty_arrival_pre_occ_avg_bytes.write_req = 0
stat.node.5.fabric.ingress_nonempty_arrival_pre_occ_max_bytes.write_req = 0
stat.node.5.fabric.ingress_release_after_empty_arrival_packets.write_req = 0
stat.node.5.fabric.ingress_release_after_nonempty_arrival_packets.write_req = 0
stat.node.5.fabric.ingress_wait_after_empty_arrival_avg_cycles.write_req = 0
stat.node.5.fabric.ingress_wait_after_nonempty_arrival_avg_cycles.write_req = 0
stat.node.4.fabric.ingress_wait_after_empty_arrival_avg_cycles.write_req = 0
stat.node.4.fabric.ingress_wait_after_nonempty_arrival_avg_cycles.write_req = 0
stat.node.4.fabric.ingress_queue_wait_after_empty_arrival_avg_cycles.write_req = 0
stat.node.4.fabric.ingress_queue_wait_after_nonempty_arrival_avg_cycles.write_req = 0
stat.node.4.fabric.ingress_queue_wait_after_empty_arrival_max_cycles.write_req = 0
stat.node.4.fabric.ingress_queue_wait_after_nonempty_arrival_max_cycles.write_req = 0
stat.node.4.fabric.rx_bytes.write_req = 0
stat.node.5.fabric.ingress_queue_wait_after_empty_arrival_avg_cycles.write_req = 0
stat.node.5.fabric.ingress_queue_wait_after_nonempty_arrival_avg_cycles.write_req = 0
stat.node.5.fabric.ingress_queue_wait_after_empty_arrival_max_cycles.write_req = 0
stat.node.5.fabric.ingress_queue_wait_after_nonempty_arrival_max_cycles.write_req = 0
stat.node.5.fabric.rx_bytes.write_req = 0
stat.node.4.fabric.tx_bytes.write_req = 337280
stat.node.4.fabric.rx_pkts.write_req = 0
stat.node.4.fabric.tx_pkts.write_req = 5270
stat.node.4.fabric.ingress_wait_avg_cycles.response = 145
stat.node.4.fabric.ingress_wait_max_cycles.response = 145
stat.node.4.fabric.ingress_queue_wait_avg_cycles.response = 0
stat.node.4.fabric.ingress_queue_wait_max_cycles.response = 0
stat.node.4.fabric.egress_wait_avg_cycles.response = 0
stat.node.4.fabric.egress_wait_max_cycles.response = 0
stat.node.4.fabric.egress_occ_avg_bytes.response = 0
stat.node.4.fabric.egress_occ_max_bytes.response = 0
stat.node.4.fabric.egress_blocked_cycles.response = 0
stat.node.4.fabric.ingress_arrival_empty_packets.response = 5581
stat.node.4.fabric.ingress_arrival_nonempty_packets.response = 15375
stat.node.4.fabric.ingress_arrival_nonempty_packet_frac.response = 0.73368
stat.node.4.fabric.ingress_nonempty_arrival_pre_occ_avg_bytes.response = 147.41
stat.node.4.fabric.ingress_nonempty_arrival_pre_occ_max_bytes.response = 320
stat.node.4.fabric.ingress_release_after_empty_arrival_packets.response = 5581
stat.node.4.fabric.ingress_release_after_nonempty_arrival_packets.response = 15375
stat.node.4.fabric.ingress_wait_after_empty_arrival_avg_cycles.response = 145
stat.node.4.fabric.ingress_wait_after_nonempty_arrival_avg_cycles.response = 145
stat.node.4.fabric.ingress_queue_wait_after_empty_arrival_avg_cycles.response = 0
stat.node.4.fabric.ingress_queue_wait_after_nonempty_arrival_avg_cycles.response = 0
stat.node.4.fabric.ingress_queue_wait_after_empty_arrival_max_cycles.response = 0
stat.node.4.fabric.ingress_queue_wait_after_nonempty_arrival_max_cycles.response = 0
stat.node.4.fabric.rx_bytes.response = 1341184
stat.node.4.fabric.tx_bytes.response = 0
stat.node.4.fabric.rx_pkts.response = 20956
stat.node.4.fabric.tx_pkts.response = 0
stat.node.4.fabric.ingress_wait_avg_cycles.other_req = 0
stat.node.4.fabric.ingress_wait_max_cycles.other_req = 0
stat.node.4.fabric.ingress_queue_wait_avg_cycles.other_req = 0
stat.node.4.fabric.ingress_queue_wait_max_cycles.other_req = 0
stat.node.4.fabric.egress_wait_avg_cycles.other_req = 1
stat.node.4.fabric.egress_wait_max_cycles.other_req = 1
stat.node.4.fabric.egress_occ_avg_bytes.other_req = 0
stat.node.4.fabric.egress_occ_max_bytes.other_req = 0
stat.node.4.fabric.egress_blocked_cycles.other_req = 0
stat.node.4.fabric.ingress_arrival_empty_packets.other_req = 0
stat.node.4.fabric.ingress_arrival_nonempty_packets.other_req = 0
stat.node.4.fabric.ingress_arrival_nonempty_packet_frac.other_req = 0
stat.node.4.fabric.ingress_nonempty_arrival_pre_occ_avg_bytes.other_req = 0
stat.node.4.fabric.ingress_nonempty_arrival_pre_occ_max_bytes.other_req = 0
stat.node.4.fabric.ingress_release_after_empty_arrival_packets.other_req = 0
stat.node.4.fabric.ingress_release_after_nonempty_arrival_packets.other_req = 0
stat.node.4.fabric.ingress_wait_after_empty_arrival_avg_cycles.other_req = 0
stat.node.4.fabric.ingress_wait_after_nonempty_arrival_avg_cycles.other_req = 0
stat.node.4.fabric.ingress_queue_wait_after_empty_arrival_avg_cycles.other_req = 0
stat.node.4.fabric.ingress_queue_wait_after_nonempty_arrival_avg_cycles.other_req = 0
stat.node.4.fabric.ingress_queue_wait_after_empty_arrival_max_cycles.other_req = 0
stat.node.4.fabric.ingress_queue_wait_after_nonempty_arrival_max_cycles.other_req = 0
stat.node.4.fabric.rx_bytes.other_req = 0
stat.node.4.fabric.tx_bytes.other_req = 160
stat.node.4.fabric.rx_pkts.other_req = 0
stat.node.4.fabric.tx_pkts.other_req = 20
stat.node.4.fabric.ingress_occ_bucket_bytes.0 = 3375144
stat.node.4.fabric.ready_occ_bucket_bytes.0 = 4620661
stat.node.4.fabric.ingress_occ_bucket_bytes.1_64 = 399540
stat.node.4.fabric.ready_occ_bucket_bytes.1_64 = 20956
stat.node.4.fabric.ingress_occ_bucket_bytes.65_256 = 771605
stat.node.4.fabric.ready_occ_bucket_bytes.65_256 = 0
stat.node.4.fabric.ingress_occ_bucket_bytes.257_1024 = 95328
stat.node.4.fabric.ready_occ_bucket_bytes.257_1024 = 0
stat.node.4.fabric.ingress_occ_bucket_bytes.1025_4096 = 0
stat.node.4.fabric.ready_occ_bucket_bytes.1025_4096 = 0
stat.nodstat.node.5.fabric.tx_bytes.write_req = 337280
stat.node.5.fabric.rx_pkts.write_req = 0
stat.node.5.fabric.tx_pkts.write_req = 5270
stat.node.5.fabric.ingress_wait_avg_cycles.response = 145
stat.node.5.fabric.ingress_wait_max_cycles.response = 145
stat.node.5.fabric.ingress_queue_wait_avg_cycles.response = 0
stat.node.5.fabric.ingress_queue_wait_max_cycles.response = 0
stat.node.5.fabric.egress_wait_avg_cycles.response = 0
stat.node.5.fabric.egress_wait_max_cycles.response = 0
stat.node.5.fabric.egress_occ_avg_bytes.response = 0
stat.node.5.fabric.egress_occ_max_bytes.response = 0
stat.node.5.fabric.egress_blocked_cycles.response = 0
stat.node.5.fabric.ingress_arrival_empty_packets.response = 5581
stat.node.5.fabric.ingress_arrival_nonempty_packets.response = 15375
stat.node.5.fabric.ingress_arrival_nonempty_packet_frac.response = 0.73368
stat.node.5.fabric.ingress_nonempty_arrival_pre_occ_avg_bytes.response = 147.41
stat.node.5.fabric.ingress_nonempty_arrival_pre_occ_max_bytes.response = 320
stat.node.5.fabric.ingress_release_after_empty_arrival_packets.response = 5581
stat.node.5.fabric.ingress_release_after_nonempty_arrival_packets.response = 15375
stat.node.5.fabric.ingress_wait_after_empty_arrival_avg_cycles.response = 145
stat.node.5.fabric.ingress_wait_after_nonempty_arrival_avg_cycles.response = 145
stat.node.5.fabric.ingress_queue_wait_after_empty_arrival_avg_cycles.response = 0
stat.node.5.fabric.ingress_queue_wait_after_nonempty_arrival_avg_cycles.response = 0
stat.node.5.fabric.ingress_queue_wait_after_empty_arrival_max_cycles.response = 0
stat.node.5.fabric.ingress_queue_wait_after_nonempty_arrival_max_cycles.response = 0
stat.node.5.fabric.rx_bytes.response = 1341184
stat.node.5.fabric.tx_bytes.response = 0
stat.node.5.fabric.rx_pkts.response = 20956
stat.node.5.fabric.tx_pkts.response = 0
stat.node.5.fabric.ingress_wait_avg_cycles.other_req = 0
stat.node.5.fabric.ingress_wait_max_cycles.other_req = 0
stat.node.5.fabric.ingress_queue_wait_avg_cycles.other_req = 0
stat.node.5.fabric.ingress_queue_wait_max_cycles.other_req = 0
stat.node.5.fabric.egress_wait_avg_cycles.other_req = 1
stat.node.5.fabric.egress_wait_max_cycles.other_req = 1
stat.node.5.fabric.egress_occ_avg_bytes.other_req = 0
stat.node.5.fabric.egress_occ_max_bytes.other_req = 0
stat.node.5.fabric.egress_blocked_cycles.other_req = 0
stat.node.5.fabric.ingress_arrival_empty_packets.other_req = 0
stat.node.5.fabric.ingress_arrival_nonempty_packets.other_req = 0
stat.node.5.fabric.ingress_arrival_nonempty_packet_frac.other_req = 0
stat.node.5.fabric.ingress_nonempty_arrival_pre_occ_avg_bytes.other_req = 0
stat.node.5.fabric.ingress_nonempty_arrival_pre_occ_max_bytes.other_req = 0
stat.node.5.fabric.ingress_release_after_empty_arrival_packets.other_req = 0
stat.node.5.fabric.ingress_release_after_nonempty_arrival_packets.other_req = 0
stat.node.5.fabric.ingress_wait_after_empty_arrival_avg_cycles.other_req = 0
stat.node.5.fabric.ingress_wait_after_nonempty_arrival_avg_cycles.other_req = 0
stat.node.5.fabric.ingress_queue_wait_after_empty_arrival_avg_cycles.other_req = 0
stat.node.5.fabric.ingress_queue_wait_after_nonempty_arrival_avg_cycles.other_req = 0
stat.node.5.fabric.ingress_queue_wait_after_empty_arrival_max_cycles.other_req = 0
stat.node.5.fabric.ingress_queue_wait_after_nonempty_arrival_max_cycles.other_req = 0
stat.node.5.fabric.rx_bytes.other_req = 0
stat.node.5.fabric.tx_bytes.other_req = 160
stat.node.5.fabric.rx_pkts.other_req = 0
stat.node.5.fabric.tx_pkts.other_req = 20
stat.node.5.fabric.ingress_occ_bucket_bytes.0 = 3375144
stat.node.5.fabric.ready_occ_bucket_bytes.0 = 4620661
stat.node.5.fabric.ingress_occ_bucket_bytes.1_64 = 399540
stat.node.5.fabric.ready_occ_bucket_bytes.1_64 = 20956
stat.node.5.fabric.ingress_occ_bucket_bytes.65_256 = 771605
stat.node.5.fabric.ready_occ_bucket_bytes.65_256 = 0
stat.node.5.fabric.ingress_occ_bucket_bytes.257_1024 = 95328
stat.node.5.fabric.ready_occ_bucket_bytes.257_1024 = 0
stat.node.5.fabric.ingress_occ_bucket_bytes.1025_4096 = 0
stat.node.5.fabric.ready_occ_bucket_bytes.1025_4096 = 0
stat.noe.4.fabric.ingress_occ_bucket_bytes.4097_plus = 0
stat.node.4.fabric.ready_occ_bucket_bytes.4097_plus = 0
stat.node.4.fabric.ingress_pre_occ_bucket.demand_req.0 = 0
stat.node.4.fabric.ingress_queue_wait_bucket.demand_req.0 = 0
stat.node.4.fabric.ingress_pre_occ_bucket.demand_req.1_64 = 0
stat.node.4.fabric.ingress_queue_wait_bucket.demand_req.1_63 = 0
stat.node.4.fabric.ingress_pre_occ_bucket.demand_req.65_256 = 0
stat.node.4.fabric.ingress_queue_wait_bucket.demand_req.64_255 = 0
stat.node.4.fabric.ingress_pre_occ_bucket.demand_req.257_1024 = 0
stat.node.4.fabric.ingress_queue_wait_bucket.demand_req.256_1023 = 0
stat.node.4.fabric.ingress_pre_occ_bucket.demand_req.1025_4096 = 0
stat.node.4.fabric.ingress_queue_wait_bucket.demand_req.1024_4095 = 0
stat.node.4.fabric.ingress_pre_occ_bucket.demand_req.4097_plus = 0
stat.node.4.fabric.ingress_queue_wait_bucket.demand_req.4096_plus = 0
stat.node.4.fabric.ingress_pre_occ_bucket.write_req.0 = 0
stat.node.4.fabric.ingress_queue_wait_bucket.write_req.0 = 0
stat.node.4.fabric.ingress_pre_occ_bucket.write_req.1_64 = 0
stat.node.4.fabric.ingress_queue_wait_bucket.write_req.1_63 = 0
stat.node.4.fabric.ingress_pre_occ_bucket.write_req.65_256 = 0
stat.node.4.fabric.ingress_queue_wait_bucket.write_req.64_255 = 0
stat.node.4.fabric.ingress_pre_occ_bucket.write_req.257_1024 = 0
stat.node.4.fabric.ingress_queue_wait_bucket.write_req.256_1023 = 0
stat.node.4.fabric.ingress_pre_occ_bucket.write_req.1025_4096 = 0
stat.node.4.fabric.ingress_queue_wait_bucket.write_req.1024_4095 = 0
stat.node.4.fabric.ingress_pre_occ_bucket.write_req.4097_plus = 0
stat.node.4.fabric.ingress_queue_wait_bucket.write_req.4096_plus = 0
stat.node.4.fabric.ingress_pre_occ_bucket.response.0 = 5581
stat.node.4.fabric.ingress_queue_wait_bucket.response.0 = 20956
stat.node.4.fabric.ingress_pre_occ_bucket.response.1_64 = 5288
stat.node.4.fabric.ingress_queue_wait_bucket.response.1_63 = 0
stat.node.4.fabric.ingress_pre_occ_bucket.response.65_256 = 8846
stat.node.4.fabric.ingress_queue_wait_bucket.response.64_255 = 0
stat.node.4.fabric.ingress_pre_occ_bucket.response.257_1024 = 1241
stat.node.4.fabric.ingress_queue_wait_bucket.response.256_1023 = 0
stat.node.4.fabric.ingress_pre_occ_bucket.response.1025_4096 = 0
stat.node.4.fabric.ingress_queue_wait_bucket.response.1024_4095 = 0
stat.node.4.fabric.ingress_pre_occ_bucket.response.4097_plus = 0
stat.node.4.fabric.ingress_queue_wait_bucket.response.4096_plus = 0
stat.node.4.fabric.ingress_pre_occ_bucket.other_req.0 = 0
stat.node.4.fabric.ingress_queue_wait_bucket.other_req.0 = 0
stat.node.4.fabric.ingress_pre_occ_bucket.other_req.1_64 = 0
stat.node.4.fabric.ingress_queue_wait_bucket.other_req.1_63 = 0
stat.node.4.fabric.ingress_pre_occ_bucket.other_req.65_256 = 0
stat.node.4.fabric.ingress_queue_wait_bucket.other_req.64_255 = 0
stat.node.4.fabric.ingress_pre_occ_bucket.other_req.257_1024 = 0
stat.node.4.fabric.ingress_queue_wait_bucket.other_req.256_1023 = 0
stat.node.4.fabric.ingress_pre_occ_bucket.other_req.1025_4096 = 0
stat.node.4.fabric.ingress_queue_wait_bucket.other_req.1024_4095 = 0
stat.node.4.fabric.ingress_pre_occ_bucket.other_req.4097_plus = 0
stat.node.4.fabric.ingress_queue_wait_bucket.other_req.4096_plus = 0
de.5.fabric.ingress_occ_bucket_bytes.4097_plus = 0
stat.node.5.fabric.ready_occ_bucket_bytes.4097_plus = 0
stat.node.5.fabric.ingress_pre_occ_bucket.demand_req.0 = 0
stat.node.5.fabric.ingress_queue_wait_bucket.demand_req.0 = 0
stat.node.5.fabric.ingress_pre_occ_bucket.demand_req.1_64 = 0
stat.node.5.fabric.ingress_queue_wait_bucket.demand_req.1_63 = 0
stat.node.5.fabric.ingress_pre_occ_bucket.demand_req.65_256 = 0
stat.node.5.fabric.ingress_queue_wait_bucket.demand_req.64_255 = 0
stat.node.5.fabric.ingress_pre_occ_bucket.demand_req.257_1024 = 0
stat.node.5.fabric.ingress_queue_wait_bucket.demand_req.256_1023 = 0
stat.node.5.fabric.ingress_pre_occ_bucket.demand_req.1025_4096 = 0
stat.node.5.fabric.ingress_queue_wait_bucket.demand_req.1024_4095 = 0
stat.node.5.fabric.ingress_pre_occ_bucket.demand_req.4097_plus = 0
stat.node.5.fabric.ingress_queue_wait_bucket.demand_req.4096_plus = 0
stat.node.5.fabric.ingress_pre_occ_bucket.write_req.0 = 0
stat.node.5.fabric.ingress_queue_wait_bucket.write_req.0 = 0
stat.node.5.fabric.ingress_pre_occ_bucket.write_req.1_64 = 0
stat.node.5.fabric.ingress_queue_wait_bucket.write_req.1_63 = 0
stat.node.5.fabric.ingress_pre_occ_bucket.write_req.65_256 = 0
stat.node.5.fabric.ingress_queue_wait_bucket.write_req.64_255 = 0
stat.node.5.fabric.ingress_pre_occ_bucket.write_req.257_1024 = 0
stat.node.5.fabric.ingress_queue_wait_bucket.write_req.256_1023 = 0
stat.node.5.fabric.ingress_pre_occ_bucket.write_req.1025_4096 = 0
stat.node.5.fabric.ingress_queue_wait_bucket.write_req.1024_4095 = 0
stat.node.5.fabric.ingress_pre_occ_bucket.write_req.4097_plus = 0
stat.node.5.fabric.ingress_queue_wait_bucket.write_req.4096_plus = 0
stat.node.5.fabric.ingress_pre_occ_bucket.response.0 = 5581
stat.node.5.fabric.ingress_queue_wait_bucket.response.0 = 20956
stat.node.5.fabric.ingress_pre_occ_bucket.response.1_64 = 5288
stat.node.5.fabric.ingress_queue_wait_bucket.response.1_63 = 0
stat.node.5.fabric.ingress_pre_occ_bucket.response.65_256 = 8846
stat.node.5.fabric.ingress_queue_wait_bucket.response.64_255 = 0
stat.node.5.fabric.ingress_pre_occ_bucket.response.257_1024 = 1241
stat.node.5.fabric.ingress_queue_wait_bucket.response.256_1023 = 0
stat.node.5.fabric.ingress_pre_occ_bucket.response.1025_4096 = 0
stat.node.5.fabric.ingress_queue_wait_bucket.response.1024_4095 = 0
stat.node.5.fabric.ingress_pre_occ_bucket.response.4097_plus = 0
stat.node.5.fabric.ingress_queue_wait_bucket.response.4096_plus = 0
stat.node.5.fabric.ingress_pre_occ_bucket.other_req.0 = 0
stat.node.5.fabric.ingress_queue_wait_bucket.other_req.0 = 0
stat.node.5.fabric.ingress_pre_occ_bucket.other_req.1_64 = 0
stat.node.5.fabric.ingress_queue_wait_bucket.other_req.1_63 = 0
stat.node.5.fabric.ingress_pre_occ_bucket.other_req.65_256 = 0
stat.node.4.fabric.peer_src.100.rx_bytes.response = 1341184
stat.node.4.fabric.peer_src.100.rx_pkts.response = 20956
stat.node.4.fabric.peer_src.100.tx_bytes.response = 0
stat.node.4.fabric.peer_src.100.tx_pkts.response = 0
stat.node.4.fabric.peer_src.100.ingress_arrivals.response = 20956
stat.node.4.fabric.peer_src.100.ingress_arrival_nonempty_packet_frac.response = 0.73368
stat.node.5.fabric.ingress_queue_wait_bucket.other_req.64_255 = 0
stat.node.5.fabric.ingress_pre_occ_bucket.other_req.257_1024 = 0
stat.node.5.fabric.ingress_queue_wait_bucket.other_req.256_1023 = 0
stat.node.5.fabric.ingress_pre_occ_bucket.other_req.1025_4096 = 0
stat.node.5.fabric.ingress_queue_wait_bucket.other_req.1024_4095 = 0
stat.node.5.fabric.ingress_pre_occ_bucket.other_req.4097_plus = 0
stat.node.5.fabric.ingress_queue_wait_bucket.other_req.4096_plus = 0
stat.node.4.fabric.peer_src.100.ingress_nonempty_arrival_pre_occ_avg_bytes.response = 147.41
stat.node.4.fabric.peer_src.100.ingress_nonempty_arrival_pre_occ_max_bytes.response = 320
stat.node.4.fabric.peer_src.100.ingress_wait_avg_cycles.response = 145
stat.node.4.fabric.peer_src.100.ingress_queue_wait_avg_cycles.response = 0
stat.node.4.fabric.peer_src.100.ingress_queue_wait_after_nonempty_arrival_avg_cycles.response = 0
stat.node.4.fabric.peer_src.100.ingress_pre_occ_bucket.response.0 = 5581
stat.node.4.fabric.peer_src.100.ingress_queue_wait_bucket.response.0 = 20956
stat.node.5.fabric.peer_src.101.rx_bytes.response = 1341184
stat.node.5.fabric.peer_src.101.rx_pkts.response = 20956
stat.node.5.fabric.peer_src.101.tx_bytes.response = 0
stat.node.5.fabric.peer_src.101.tx_pkts.response = 0
stat.node.5.fabric.peer_src.101.ingress_arrivals.response = 20956
stat.node.4.fabric.peer_src.100.ingress_pre_occ_bucket.response.1_64 = 5288
stat.node.4.fabric.peer_src.100.ingress_queue_wait_bucket.response.1_63 = 0
stat.node.4.fabric.peer_src.100.ingress_pre_occ_bucket.response.65_256 = 8846
stat.node.5.fabric.peer_src.101.ingress_arrival_nonempty_packet_frac.response = 0.73368
stat.node.5.fabric.peer_src.101.ingress_nonempty_arrival_pre_occ_avg_bytes.response = 147.41
stat.node.5.fabric.peer_src.101.ingress_nonempty_arrival_pre_occ_max_bytes.response = 320
stat.node.5.fabric.peer_src.101.ingress_wait_avg_cycles.response = 145
stat.node.4.fabric.peer_src.100.ingress_queue_wait_bucket.response.64_255 = 0
stat.node.4.fabric.peer_src.100.ingress_pre_occ_bucket.response.257_1024 = 1241
stat.node.4.fabric.peer_src.100.ingress_queue_wait_bucket.response.256_1023 = 0
stat.node.4.fabric.peer_src.100.ingress_pre_occ_bucket.response.1025_4096 = 0
stat.node.4.fabric.peer_src.100.ingress_queue_wait_bucket.response.1024_4095 = 0
stat.node.4.fabric.peer_src.100.ingress_pre_occ_bucket.response.4097_plus = 0
stat.node.5.fabric.peer_src.101.ingress_queue_wait_avg_cycles.response = 0
stat.node.5.fabric.peer_src.101.ingress_queue_wait_after_nonempty_arrival_avg_cycles.response = 0
stat.node.5.fabric.peer_src.101.ingress_pre_occ_bucket.response.0 = 5581
stat.node.5.fabric.peer_src.101.ingress_queue_wait_bucket.response.0 = 20956
stat.node.5.fabric.peer_src.101.ingress_pre_occ_bucket.response.1_64 = 5288
stat.node.5.fabric.peer_src.101.ingress_queue_wait_bucket.response.1_63 = 0
stat.node.4.fabric.peer_src.100.ingress_queue_wait_bucket.response.4096_plus = 0
stat.node.4.fabric.peer_dst.4.rx_bytes.response = 1341184
stat.node.4.fabric.peer_dst.4.rx_pkts.response = 20956
stat.node.4.fabric.peer_dst.4.tx_bytes.response = 0
stat.node.4.fabric.peer_dst.4.tx_pkts.response = 0
stat.node.4.fabric.peer_dst.4.ingress_arrivals.response = 20956
stat.node.4.fabric.peer_dst.4.ingress_arrival_nonempty_packet_frac.response = 0.73368
stat.node.4.fabric.peer_dst.4.ingress_nonempty_arrival_pre_occ_avg_bytes.response = 147.41
stat.node.4.fabric.peer_dst.4.ingress_nonempty_arrival_pre_occ_max_bytes.response = 320
stat.node.4.fabric.peer_dst.4.ingress_wait_avg_cycles.response = 145
stat.node.4.fabric.peer_dst.4.ingress_queue_wait_avg_cycles.response = 0
stat.node.4.fabric.peer_dst.4.ingress_queue_wait_after_nonempty_arrival_avg_cycles.response = 0
stat.node.4.fabric.peer_dst.4.ingress_pre_occ_bucket.response.0 = 5581
stat.node.4.fabric.peer_dst.4.ingress_queue_wait_bucket.response.0 = 20956
stat.node.4.fabric.peer_dst.4.ingress_pre_occ_bucket.response.1_64 = 5288
stat.node.4.fabric.peer_dst.4.ingress_queue_wait_bucket.response.1_63 = 0
stat.node.4.fabric.peer_dst.4.ingress_pre_occ_bucket.response.65_256 = 8846
stat.node.4.fabric.peer_dst.4.ingress_queue_wait_bucket.response.64_255 = 0
stat.node.4.fabric.peer_dst.4.ingress_pre_occ_bucket.response.257_1024 = 1241
stat.node.4.fabric.peer_dst.4.ingress_queue_wait_bucket.response.256_1023 = 0
stat.node.4.fabric.peer_dst.4.ingress_pre_occ_bucket.response.1025_4096 = 0
stat.node.4.fabric.peer_dst.4.ingress_queue_wait_bucket.response.1024_4095 = 0
stat.node.4.fabric.peer_dst.4.ingress_pre_occ_bucket.response.4097_plus = 0
stat.node.4.fabric.peer_dst.4.ingress_queue_wait_bucket.response.4096_plus = 0
stat.node.4.fabric.tx_src.4.rx_bytes.demand_req = 0
stat.node.4.fabric.tx_src.4.rx_pkts.demand_req = 0
stat.node.4.fabric.tx_src.4.tx_bytes.demand_req = 167488
stat.node.4.fabric.tx_src.4.tx_pkts.demand_req = 20936
stat.node.4.fabric.tx_src.4.ingress_arrivals.demand_req = 0
stat.node.4.fabric.tx_src.4.ingress_arrival_nonempty_packet_frac.demand_req = 0
stat.node.4.fabric.tx_src.4.ingress_nonempty_arrival_pre_occ_avg_bytes.demand_req = 0
stat.node.4.fabric.tx_src.4.ingress_nonempty_arrival_pre_occ_max_bytes.demand_req = 0
stat.node.4.fabric.tx_src.4.ingress_wait_avg_cycles.demand_req = 0
stat.node.4.fabric.tx_src.4.ingress_queue_wait_avg_cycles.demand_req = 0
stat.node.4.fabric.tx_src.4.ingress_queue_wait_after_nonempty_arrival_avg_cycles.demand_req = 0
stat.node.4.fabric.tx_src.4.ingress_pre_occ_bucket.demand_req.0 = 0
stat.node.4.fabric.tx_src.4.ingress_queue_wait_bucket.demand_req.0 = 0
stat.node.4.fabric.tx_src.4.ingress_pre_occ_bucket.demand_req.1_64 = 0
stat.node.4.fabric.tx_src.4.ingress_queue_wait_bucket.demand_req.1_63 = 0
stat.node.4.fabric.tx_src.4.ingress_pre_occ_bucket.demand_req.65_256 = 0
stat.node.4.fabric.tx_src.4.ingress_queue_wait_bucket.demand_req.64_255 = 0
stat.node.4.fabric.tx_src.4.ingress_pre_occ_bucket.demand_req.257_1024 = 0
stat.node.4.fabric.tx_src.4.ingress_queue_wait_bucket.demand_req.256_1023 = 0
stat.node.4.fabric.tx_src.4.ingress_pre_occ_bucket.demand_req.1025_4096 = 0
stat.node.4.fabric.tx_src.4.ingress_queue_wait_bucket.demand_req.1024_4095 = 0
stat.node.4.fabric.tx_src.4.ingress_pre_occ_bucket.demand_req.4097_plus = 0
stat.node.4.fabric.tx_src.4.ingress_queue_wait_bucket.demand_req.4096_plus = 0
stat.node.4.fabric.tx_src.4.rx_bytes.write_req = 0
stat.node.4.fabric.tx_src.4.rx_pkts.write_req = 0
stat.node.4.fabric.tx_src.4.tx_bytes.write_req = 337280
stat.node.4.fabric.tx_src.4.tx_pkts.write_req = 5270
stat.node.4.fabric.tx_src.4.ingress_arrivals.write_req = 0
stat.node.4.fabric.tx_src.4.ingress_arrival_nonempty_packet_frac.write_req = 0
stat.node.4.fabric.tx_src.4.ingress_nonempty_arrival_pre_occ_avg_bytes.write_req = 0
stat.node.4.fabric.tx_src.4.ingress_nonempty_arrival_pre_occ_max_bytes.write_req = 0
stat.node.4.fabric.tx_src.4.ingress_wait_avg_cycles.write_req = 0
stat.node.4.fabric.tx_src.4.ingress_queue_wait_avg_cycles.write_req = 0
stat.stat.node.5.fabric.peer_src.101.ingress_pre_occ_bucket.response.65_256 = 8846
stat.node.5.fabric.peer_src.101.ingress_queue_wait_bucket.response.64_255 = 0
stat.node.5.fabric.peer_src.101.ingress_pre_occ_bucket.response.257_1024 = 1241
stat.node.5.fabric.peer_src.101.ingress_queue_wait_bucket.response.256_1023 = 0
stat.node.5.fabric.peer_src.101.ingress_pre_occ_bucket.response.1025_4096 = 0
stat.node.5.fabric.peer_src.101.ingress_queue_wait_bucket.response.1024_4095 = 0
stat.node.5.fabric.peer_src.101.ingress_pre_occ_bucket.response.4097_plus = 0
stat.node.5.fabric.peer_src.101.ingress_queue_wait_bucket.response.4096_plus = 0
stat.node.5.fabric.peer_dst.5.rx_bytes.response = 1341184
stat.node.5.fabric.peer_dst.5.rx_pkts.response = 20956
stat.node.5.fabric.peer_dst.5.tx_bytes.response = 0
stat.node.5.fabric.peer_dst.5.tx_pkts.response = 0
stat.node.5.fabric.peer_dst.5.ingress_arrivals.response = 20956
stat.node.5.fabric.peer_dst.5.ingress_arrival_nonempty_packet_frac.response = 0.73368
stat.node.5.fabric.peer_dst.5.ingress_nonempty_arrival_pre_occ_avg_bytes.response = 147.41
stat.node.5.fabric.peer_dst.5.ingress_nonempty_arrival_pre_occ_max_bytes.response = 320
stat.node.5.fabric.peer_dst.5.ingress_wait_avg_cycles.response = 145
stat.node.5.fabric.peer_dst.5.ingress_queue_wait_avg_cycles.response = 0
stat.node.5.fabric.peer_dst.5.ingress_queue_wait_after_nonempty_arrival_avg_cycles.response = 0
stat.node.5.fabric.peer_dst.5.ingress_pre_occ_bucket.response.0 = 5581
stat.node.5.fabric.peer_dst.5.ingress_queue_wait_bucket.response.0 = 20956
stat.node.5.fabric.peer_dst.5.ingress_pre_occ_bucket.response.1_64 = 5288
stat.node.5.fabric.peer_dst.5.ingress_queue_wait_bucket.response.1_63 = 0
stat.node.5.fabric.peer_dst.5.ingress_pre_occ_bucket.response.65_256 = 8846
stat.node.5.fabric.peer_dst.5.ingress_queue_wait_bucket.response.64_255 = 0
stat.node.5.fabric.peer_dst.5.ingress_pre_occ_bucket.response.257_1024 = 1241
stat.node.5.fabric.peer_dst.5.ingress_queue_wait_bucket.response.256_1023 = 0
stat.node.5.fabric.peer_dst.5.ingress_pre_occ_bucket.response.1025_4096 = 0
stat.node.5.fabric.peer_dst.5.ingress_queue_wait_bucket.response.1024_4095 = 0
stat.node.5.fabric.peer_dst.5.ingress_pre_occ_bucket.response.4097_plus = 0
stat.node.5.fabric.peer_dst.5.ingress_queue_wait_bucket.response.4096_plus = 0
stat.node.5.fabric.tx_src.5.rx_bytes.demand_req = 0
stat.node.5.fabric.tx_src.5.rx_pkts.demand_req = 0
stat.node.5.fabric.tx_src.5.tx_bytes.demand_req = 167488
stat.node.5.fabric.tx_src.5.tx_pkts.demand_req = 20936
stat.node.5.fabric.tx_src.5.ingress_arrivals.demand_req = 0
stat.node.5.fabric.tx_src.5.ingress_arrival_nonempty_packet_frac.demand_req = 0
stat.node.5.fabric.tx_src.5.ingress_nonempty_arrival_pre_occ_avg_bytes.demand_req = 0
stat.node.5.fabric.tx_src.5.ingress_nonempty_arrival_pre_occ_max_bytes.demand_req = 0
stat.node.5.fabric.tx_src.5.ingress_wait_avg_cycles.demand_req = 0
stat.node.5.fabric.tx_src.5.ingress_queue_wait_avg_cycles.demand_req = 0
stat.node.5.fabric.tx_src.5.ingress_queue_wait_after_nonempty_arrival_avg_cycles.demand_req = 0
stat.node.5.fabric.tx_src.5.ingress_pre_occ_bucket.demand_req.0 = 0
stat.node.5.fabric.tx_src.5.ingress_queue_wait_bucket.demand_req.0 = 0
stat.node.5.fabric.tx_src.5.ingress_pre_occ_bucket.demand_req.1_64 = 0
stat.node.5.fabric.tx_src.5.ingress_queue_wait_bucket.demand_req.1_63 = 0
stat.node.5.fabric.tx_src.5.ingress_pre_occ_bucket.demand_req.65_256 = 0
stat.node.5.fabric.tx_src.5.ingress_queue_wait_bucket.demand_req.64_255 = 0
stat.node.5.fabric.tx_src.5.ingress_pre_occ_bucket.demand_req.257_1024 = 0
stat.node.5.fabric.tx_src.5.ingress_queue_wait_bucket.demand_req.256_1023 = 0
stat.node.5.fabric.tx_src.5.ingress_pre_occ_bucket.demand_req.1025_4096 = 0
stat.node.5.fabric.tx_src.5.ingress_queue_wait_bucket.demand_req.1024_4095 = 0
stat.node.5.fabric.tx_src.5.ingress_pre_occ_bucket.demand_req.4097_plus = 0
stat.node.5.fabric.tx_src.5.ingress_queue_wait_bucket.demand_req.4096_plus = 0
stat.node.5.fabric.tx_src.5.rx_bytes.write_req = 0
stat.node.5.fabric.tx_src.5.rx_pkts.write_req = 0
stat.nonode.4.fabric.tx_src.4.ingress_queue_wait_after_nonempty_arrival_avg_cycles.write_req = 0
stat.node.4.fabric.tx_src.4.ingress_pre_occ_bucket.write_req.0 = 0
stat.node.4.fabric.tx_src.4.ingress_queue_wait_bucket.write_req.0 = 0
stat.node.4.fabric.tx_src.4.ingress_pre_occ_bucket.write_req.1_64 = 0
stat.node.4.fabric.tx_src.4.ingress_queue_wait_bucket.write_req.1_63 = 0
stat.node.4.fabric.tx_src.4.ingress_pre_occ_bucket.write_req.65_256 = 0
stat.node.4.fabric.tx_src.4.ingress_queue_wait_bucket.write_req.64_255 = 0
stat.node.4.fabric.tx_src.4.ingress_pre_occ_bucket.write_req.257_1024 = 0
stat.node.4.fabric.tx_src.4.ingress_queue_wait_bucket.write_req.256_1023 = 0
stat.node.4.fabric.tx_src.4.ingress_pre_occ_bucket.write_req.1025_4096 = 0
stat.node.4.fabric.tx_src.4.ingress_queue_wait_bucket.write_req.1024_4095 = 0
stat.node.4.fabric.tx_src.4.ingress_pre_occ_bucket.write_req.4097_plus = 0
stat.node.4.fabric.tx_src.4.ingress_queue_wait_bucket.write_req.4096_plus = 0
stat.node.4.fabric.tx_src.4.rx_bytes.other_req = 0
stat.node.4.fabric.tx_src.4.rx_pkts.other_req = 0
stat.node.4.fabric.tx_src.4.tx_bytes.other_req = 160
stat.node.4.fabric.tx_src.4.tx_pkts.other_req = 20
stat.node.4.fabric.tx_src.4.ingress_arrivals.other_req = 0
stat.node.4.fabric.tx_src.4.ingress_arrival_nonempty_packet_frac.other_req = 0
stat.node.4.fabric.tx_src.4.ingress_nonempty_arrival_pre_occ_avg_bytes.other_req = 0
stat.node.4.fabric.tx_src.4.ingress_nonempty_arrival_pre_occ_max_bytes.other_req = 0
stat.node.4.fabric.tx_src.4.ingress_wait_avg_cycles.other_req = 0
stat.node.4.fabric.tx_src.4.ingress_queue_wait_avg_cycles.other_req = 0
stat.node.4.fabric.tx_src.4.ingress_queue_wait_after_nonempty_arrival_avg_cycles.other_req = 0
stat.node.4.fabric.tx_src.4.ingress_pre_occ_bucket.other_req.0 = 0
stat.node.4.fabric.tx_src.4.ingress_queue_wait_bucket.other_req.0 = 0
stat.node.4.fabric.tx_src.4.ingress_pre_occ_bucket.other_req.1_64 = 0
stat.node.4.fabric.tx_src.4.ingress_queue_wait_bucket.other_req.1_63 = 0
stat.node.4.fabric.tx_src.4.ingress_pre_occ_bucket.other_req.65_256 = 0
stat.node.4.fabric.tx_src.4.ingress_queue_wait_bucket.other_req.64_255 = 0
stat.node.4.fabric.tx_src.4.ingress_pre_occ_bucket.other_req.257_1024 = 0
stat.node.4.fabric.tx_src.4.ingress_queue_wait_bucket.other_req.256_1023 = 0
stat.node.4.fabric.tx_src.4.ingress_pre_occ_bucket.other_req.1025_4096 = 0
stat.node.4.fabric.tx_src.4.ingress_queue_wait_bucket.other_req.1024_4095 = 0
stat.node.4.fabric.tx_src.4.ingress_pre_occ_bucket.other_req.4097_plus = 0
stat.node.4.fabric.tx_src.4.ingress_queue_wait_bucket.other_req.4096_plus = 0
stat.node.4.fabric.tx_dst.100.rx_bytes.demand_req = 0
stat.node.4.fabric.tx_dst.100.rx_pkts.demand_req = 0
stat.node.4.fabric.tx_dst.100.tx_bytes.demand_req = 167488
stat.node.4.fabric.tx_dst.100.tx_pkts.demand_req = 20936
stat.node.4.fabric.tx_dst.100.ingress_arrivals.demand_req = 0
stat.node.4.fabric.tx_dst.100.ingress_arrival_nonempty_packet_frac.demand_req = 0
stat.node.4.fabric.tx_dst.100.ingress_nonempty_arrival_pre_occ_avg_bytes.demand_req = 0
stat.node.4.fabric.tx_dst.100.ingress_nonempty_arrival_pre_occ_max_bytes.demand_req = 0
de.5.fabric.tx_src.5.tx_bytes.write_req = 337280
stat.node.5.fabric.tx_src.5.tx_pkts.write_req = 5270
stat.node.5.fabric.tx_src.5.ingress_arrivals.write_req = 0
stat.node.5.fabric.tx_src.5.ingress_arrival_nonempty_packet_frac.write_req = 0
stat.node.5.fabric.tx_src.5.ingress_nonempty_arrival_pre_occ_avg_bytes.write_req = 0
stat.node.5.fabric.tx_src.5.ingress_nonempty_arrival_pre_occ_max_bytes.write_req = 0
stat.node.5.fabric.tx_src.5.ingress_wait_avg_cycles.write_req = 0
stat.node.5.fabric.tx_src.5.ingress_queue_wait_avg_cycles.write_req = 0
stat.node.5.fabric.tx_src.5.ingress_queue_wait_after_nonempty_arrival_avg_cycles.write_req = 0
stat.node.5.fabric.tx_src.5.ingress_pre_occ_bucket.write_req.0 = 0
stat.node.5.fabric.tx_src.5.ingress_queue_wait_bucket.write_req.0 = 0
stat.node.5.fabric.tx_src.5.ingress_pre_occ_bucket.write_req.1_64 = 0
stat.node.5.fabric.tx_src.5.ingress_queue_wait_bucket.write_req.1_63 = 0
stat.node.5.fabric.tx_src.5.ingress_pre_occ_bucket.write_req.65_256 = 0
stat.node.5.fabric.tx_src.5.ingress_queue_wait_bucket.write_req.64_255 = 0
stat.node.5.fabric.tx_src.5.ingress_pre_occ_bucket.write_req.257_1024 = 0
stat.node.5.fabric.tx_src.5.ingress_queue_wait_bucket.write_req.256_1023 = 0
stat.node.5.fabric.tx_src.5.ingress_pre_occ_bucket.write_req.1025_4096 = 0
stat.node.5.fabric.tx_src.5.ingress_queue_wait_bucket.write_req.1024_4095 = 0
stat.node.5.fabric.tx_src.5.ingress_pre_occ_bucket.write_req.4097_plus = 0
stat.node.5.fabric.tx_src.5.ingress_queue_wait_bucket.write_req.4096_plus = 0
stat.node.5.fabric.tx_src.5.rx_bytes.other_req = 0
stat.node.5.fabric.tx_src.5.rx_pkts.other_req = 0
stat.node.5.fabric.tx_src.5.tx_bytes.other_req = 160
stat.node.5.fabric.tx_src.5.tx_pkts.other_req = 20
stat.node.5.fabric.tx_src.5.ingress_arrivals.other_req = 0
stat.node.5.fabric.tx_src.5.ingress_arrival_nonempty_packet_frac.other_req = 0
stat.node.5.fabric.tx_src.5.ingress_nonempty_arrival_pre_occ_avg_bytes.other_req = 0
stat.node.5.fabric.tx_src.5.ingress_nonempty_arrival_pre_occ_max_bytes.other_req = 0
stat.node.5.fabric.tx_src.5.ingress_wait_avg_cycles.other_req = 0
stat.node.5.fabric.tx_src.5.ingress_queue_wait_avg_cycles.other_req = 0
stat.node.5.fabric.tx_src.5.ingress_queue_wait_after_nonempty_arrival_avg_cycles.other_req = 0
stat.node.5.fabric.tx_src.5.ingress_pre_occ_bucket.other_req.0 = 0
stat.node.5.fabric.tx_src.5.ingress_queue_wait_bucket.other_req.0 = 0
stat.node.5.fabric.tx_src.5.ingress_pre_occ_bucket.other_req.1_64 = 0
stat.node.5.fabric.tx_src.5.ingress_queue_wait_bucket.other_req.1_63 = 0
stat.node.5.fabric.tx_src.5.ingress_pre_occ_bucket.other_req.65_256 = 0
stat.node.5.fabric.tx_src.5.ingress_queue_wait_bucket.other_req.64_255 = 0
stat.node.5.fabric.tx_src.5.ingress_pre_occ_bucket.other_req.257_1024 = 0
stat.node.5.fabric.tx_src.5.ingress_queue_wait_bucket.other_req.256_1023 = 0
stat.node.5.fabric.tx_src.5.ingress_pre_occ_bucket.other_req.1025_4096 = 0
stat.node.5.fabric.tx_src.5.ingress_queue_wait_bucket.other_req.1024_4095 = 0
stat.node.5.fabric.tx_src.5.ingress_pre_occ_bucket.other_req.4097_plus = 0
stat.node.5.fabric.tx_src.5.ingress_queue_wait_bucket.other_req.4096_plus = 0
stat.node.5.fabric.tx_dst.100.rx_bytes.demand_req = 0
stat.node.5.fabric.tx_dst.100.rx_pkts.demand_req = 0
stat.node.4.fabric.tx_dst.100.ingress_wait_avg_cycles.demand_req = 0
stat.node.4.fabric.tx_dst.100.ingress_queue_wait_avg_cycles.demand_req = 0
stat.node.4.fabric.tx_dst.100.ingress_queue_wait_after_nonempty_arrival_avg_cycles.demand_req = 0
stat.node.4.fabric.tx_dst.100.ingress_pre_occ_bucket.demand_req.0 = 0
stat.node.4.fabric.tx_dst.100.ingress_queue_wait_bucket.demand_req.0 = 0
stat.node.4.fabric.tx_dst.100.ingress_pre_occ_bucket.demand_req.1_64 = 0
stat.node.4.fabric.tx_dst.100.ingress_queue_wait_bucket.demand_req.1_63 = 0
stat.node.4.fabric.tx_dst.100.ingress_pre_occ_bucket.demand_req.65_256 = 0
stat.node.4.fabric.tx_dst.100.ingress_queue_wait_bucket.demand_req.64_255 = 0
stat.node.4.fabric.tx_dst.100.ingress_pre_occ_bucket.demand_req.257_1024 = 0
stat.node.4.fabric.tx_dst.100.ingress_queue_wait_bucket.demand_req.256_1023 = 0
stat.node.5.fabric.tx_dst.100.tx_bytes.demand_req = 167488
stat.node.5.fabric.tx_dst.100.tx_pkts.demand_req = 20936
stat.node.5.fabric.tx_dst.100.ingress_arrivals.demand_req = 0
stat.node.5.fabric.tx_dst.100.ingress_arrival_nonempty_packet_frac.demand_req = 0
stat.node.5.fabric.tx_dst.100.ingress_nonempty_arrival_pre_occ_avg_bytes.demand_req = 0
stat.node.5.fabric.tx_dst.100.ingress_nonempty_arrival_pre_occ_max_bytes.demand_req = 0
stat.node.5.fabric.tx_dst.100.ingress_wait_avg_cycles.demand_req = 0
stat.node.5.fabric.tx_dst.100.ingress_queue_wait_avg_cycles.demand_req = 0
stat.node.5.fabric.tx_dst.100.ingress_queue_wait_after_nonempty_arrival_avg_cycles.demand_req = 0
stat.node.4.fabric.tx_dst.100.ingress_pre_occ_bucket.demand_req.1025_4096 = 0
stat.node.4.fabric.tx_dst.100.ingress_queue_wait_bucket.demand_req.1024_4095 = 0
stat.node.4.fabric.tx_dst.100.ingress_pre_occ_bucket.demand_req.4097_plus = 0
stat.node.4.fabric.tx_dst.100.ingress_queue_wait_bucket.demand_req.4096_plus = 0
stat.node.4.fabric.tx_dst.100.rx_bytes.write_req = 0
stat.node.4.fabric.tx_dst.100.rx_pkts.write_req = 0
stat.node.4.fabric.tx_dst.100.tx_bytes.write_req = 337280
stat.node.4.fabric.tx_dst.100.tx_pkts.write_req = 5270
stat.node.5.fabric.tx_dst.100.ingress_pre_occ_bucket.demand_req.0 = 0
stat.node.5.fabric.tx_dst.100.ingress_queue_wait_bucket.demand_req.0 = 0
stat.node.5.fabric.tx_dst.100.ingress_pre_occ_bucket.demand_req.1_64 = 0
stat.node.5.fabric.tx_dst.100.ingress_queue_wait_bucket.demand_req.1_63 = 0
stat.node.5.fabric.tx_dst.100.ingress_pre_occ_bucket.demand_req.65_256 = 0
stat.node.5.fabric.tx_dst.100.ingress_queue_wait_bucket.demand_req.64_255 = 0
stat.node.4.fabric.tx_dst.100.ingress_arrivals.write_req = 0
stat.node.4.fabric.tx_dst.100.ingress_arrival_nonempty_packet_frac.write_req = 0
stat.node.4.fabric.tx_dst.100.ingress_nonempty_arrival_pre_occ_avg_bytes.write_req = 0
stat.node.4.fabric.tx_dst.100.ingress_nonempty_arrival_pre_occ_max_bytes.write_req = 0
stat.node.4.fabric.tx_dst.100.ingress_wait_avg_cycles.write_req = 0
stat.node.5.fabric.tx_dst.100.ingress_pre_occ_bucket.demand_req.257_1024 = 0
stat.node.5.fabric.tx_dst.100.ingress_queue_wait_bucket.demand_req.256_1023 = 0
stat.node.5.fabric.tx_dst.100.ingress_pre_occ_bucket.demand_req.1025_4096 = 0
stat.node.5.fabric.tx_dst.100.ingress_queue_wait_bucket.demand_req.1024_4095 = 0
stat.node.5.fabric.tx_dst.100.ingress_pre_occ_bucket.demand_req.4097_plus = 0
stat.node.5.fabric.tx_dst.100.ingress_queue_wait_bucket.demand_req.4096_plus = 0
stat.node.5.fabric.tx_dst.100.rx_bytes.write_req = 0
stat.node.5.fabric.tx_dst.100.rx_pkts.write_req = 0
stat.node.4.fabric.tx_dst.100.ingress_queue_wait_avg_cycles.write_req = 0
stat.node.4.fabric.tx_dst.100.ingress_queue_wait_after_nonempty_arrival_avg_cycles.write_req = 0
stat.node.4.fabric.tx_dst.100.ingress_pre_occ_bucket.write_req.0 = 0
stat.node.4.fabric.tx_dst.100.ingress_queue_wait_bucket.write_req.0 = 0
stat.node.4.fabric.tx_dst.100.ingress_pre_occ_bucket.write_req.1_64 = 0
stat.node.4.fabric.tx_dst.100.ingress_queue_wait_bucket.write_req.1_63 = 0
stat.node.5.fabric.tx_dst.100.tx_bytes.write_req = 337280
stat.node.5.fabric.tx_dst.100.tx_pkts.write_req = 5270
stat.node.5.fabric.tx_dst.100.ingress_arrivals.write_req = 0
stat.node.5.fabric.tx_dst.100.ingress_arrival_nonempty_packet_frac.write_req = 0
stat.node.5.fabric.tx_dst.100.ingress_nonempty_arrival_pre_occ_avg_bytes.write_req = 0
stat.node.5.fabric.tx_dst.100.ingress_nonempty_arrival_pre_occ_max_bytes.write_req = 0
stat.node.5.fabric.tx_dst.100.ingress_wait_avg_cycles.write_req = 0
stat.node.5.fabric.tx_dst.100.ingress_queue_wait_avg_cycles.write_req = 0
stat.node.5.fabric.tx_dst.100.ingress_queue_wait_after_nonempty_arrival_avg_cycles.write_req = 0
stat.node.4.fabric.tx_dst.100.ingress_pre_occ_bucket.write_req.65_256 = 0
stat.node.4.fabric.tx_dst.100.ingress_queue_wait_bucket.write_req.64_255 = 0
stat.node.4.fabric.tx_dst.100.ingress_pre_occ_bucket.write_req.257_1024 = 0
stat.node.4.fabric.tx_dst.100.ingress_queue_wait_bucket.write_req.256_1023 = 0
stat.node.4.fabric.tx_dst.100.ingress_pre_occ_bucket.write_req.1025_4096 = 0
stat.node.4.fabric.tx_dst.100.ingress_queue_wait_bucket.write_req.1024_4095 = 0
stat.node.4.fabric.tx_dst.100.ingress_pre_occ_bucket.write_req.4097_plus = 0
stat.node.5.fabric.tx_dst.100.ingress_pre_occ_bucket.write_req.0 = 0
stat.node.5.fabric.tx_dst.100.ingress_queue_wait_bucket.write_req.0 = 0
stat.node.5.fabric.tx_dst.100.ingress_pre_occ_bucket.write_req.1_64 = 0
stat.node.5.fabric.tx_dst.100.ingress_queue_wait_bucket.write_req.1_63 = 0
stat.node.5.fabric.tx_dst.100.ingress_pre_occ_bucket.write_req.65_256 = 0
stat.node.5.fabric.tx_dst.100.ingress_queue_wait_bucket.write_req.64_255 = 0
stat.node.5.fabric.tx_dst.100.ingress_pre_occ_bucket.write_req.257_1024 = 0
stat.node.4.fabric.tx_dst.100.ingress_queue_wait_bucket.write_req.4096_plus = 0
stat.node.4.fabric.tx_dst.100.rx_bytes.other_req = 0
stat.node.4.fabric.tx_dst.100.rx_pkts.other_req = 0
stat.node.4.fabric.tx_dst.100.tx_bytes.other_req = 160
stat.node.4.fabric.tx_dst.100.tx_pkts.other_req = 20
stat.node.4.fabric.tx_dst.100.ingress_arrivals.other_req = 0
stat.node.4.fabric.tx_dst.100.ingress_arrival_nonempty_packet_frac.other_req = 0
stat.node.4.fabric.tx_dst.100.ingress_nonempty_arrival_pre_occ_avg_bytes.other_req = 0
stat.node.4.fabric.tx_dst.100.ingress_nonempty_arrival_pre_occ_max_bytes.other_req = 0
stat.node.5.fabric.tx_dst.100.ingress_queue_wait_bucket.write_req.256_1023 = 0
stat.node.5.fabric.tx_dst.100.ingress_pre_occ_bucket.write_req.1025_4096 = 0
stat.node.5.fabric.tx_dst.100.ingress_queue_wait_bucket.write_req.1024_4095 = 0
stat.node.5.fabric.tx_dst.100.ingress_pre_occ_bucket.write_req.4097_plus = 0
stat.node.5.fabric.tx_dst.100.ingress_queue_wait_bucket.write_req.4096_plus = 0
stat.node.5.fabric.tx_dst.100.rx_bytes.other_req = 0
stat.node.5.fabric.tx_dst.100.rx_pkts.other_req = 0
stat.node.4.fabric.tx_dst.100.ingress_wait_avg_cycles.other_req = 0
stat.node.4.fabric.tx_dst.100.ingress_queue_wait_avg_cycles.other_req = 0
stat.node.4.fabric.tx_dst.100.ingress_queue_wait_after_nonempty_arrival_avg_cycles.other_req = 0
stat.node.4.fabric.tx_dst.100.ingress_pre_occ_bucket.other_req.0 = 0
stat.node.4.fabric.tx_dst.100.ingress_queue_wait_bucket.other_req.0 = 0
stat.node.4.fabric.tx_dst.100.ingress_pre_occ_bucket.other_req.1_64 = 0
stat.node.5.fabric.tx_dst.100.tx_bytes.other_req = 160
stat.node.5.fabric.tx_dst.100.tx_pkts.other_req = 20
stat.node.5.fabric.tx_dst.100.ingress_arrivals.other_req = 0
stat.node.5.fabric.tx_dst.100.ingress_arrival_nonempty_packet_frac.other_req = 0
stat.node.4.fabric.tx_dst.100.ingress_queue_wait_bucket.other_req.1_63 = 0
stat.node.4.fabric.tx_dst.100.ingress_pre_occ_bucket.other_req.65_256 = 0
stat.node.4.fabric.tx_dst.100.ingress_queue_wait_bucket.other_req.64_255 = 0
stat.node.4.fabric.tx_dst.100.ingress_pre_occ_bucket.other_req.257_1024 = 0
stat.node.4.fabric.tx_dst.100.ingress_queue_wait_bucket.other_req.256_1023 = 0
stat.node.4.fabric.tx_dst.100.ingress_pre_occ_bucket.other_req.1025_4096 = 0
stat.node.4.fabric.tx_dst.100.ingress_queue_wait_bucket.other_req.1024_4095 = 0
stat.node.4.fabric.tx_dst.100.ingress_pre_occ_bucket.other_req.4097_plus = 0
stat.node.4.fabric.tx_dst.100.ingress_queue_wait_bucket.other_req.4096_plus = 0
stat.node.4.walltime_s = 109.197
stat.node.4.active_time_s = 47.1577
stat.node.5.fabric.tx_dst.100.ingress_nonempty_arrival_pre_occ_avg_bytes.other_req = 0
stat.node.5.fabric.tx_dst.100.ingress_nonempty_arrival_pre_occ_max_bytes.other_req = 0
stat.node.5.fabric.tx_dst.100.ingress_wait_avg_cycles.other_req = 0
stat.node.5.fabric.tx_dst.100.ingress_queue_wait_avg_cycles.other_req = 0
stat.node.5.fabric.tx_dst.100.ingress_queue_wait_after_nonempty_arrival_avg_cycles.other_req = 0
stat.node.5.fabric.tx_dst.100.ingress_pre_occ_bucket.other_req.0 = 0
stat.node.5.fabric.tx_dst.100.ingress_queue_wait_bucket.other_req.0 = 0
stat.node.5.fabric.tx_dst.100.ingress_pre_occ_bucket.other_req.1_64 = 0
stat.node.5.fabric.tx_dst.100.ingress_queue_wait_bucket.other_req.1_63 = 0
stat.node.5.fabric.tx_dst.100.ingress_pre_occ_bucket.other_req.65_256 = 0
stat.node.5.fabric.tx_dst.100.ingress_queue_wait_bucket.other_req.64_255 = 0
stat.node.5.fabric.tx_dst.100.ingress_pre_occ_bucket.other_req.257_1024 = 0
stat.node.5.fabric.tx_dst.100.ingress_queue_wait_bucket.other_req.256_1023 = 0
stat.node.5.fabric.tx_dst.100.ingress_pre_occ_bucket.other_req.1025_4096 = 0
stat.node.5.fabric.tx_dst.100.ingress_queue_wait_bucket.other_req.1024_4095 = 0
stat.node.5.fabric.tx_dst.100.ingress_pre_occ_bucket.other_req.4097_plus = 0
stat.node.5.fabric.tx_dst.100.ingress_queue_wait_bucket.other_req.4096_plus = 0
stat.node.5.walltime_s = 109.197
stat.node.5.active_time_s = 47.8368
stat.node.6.llc.pool_accesses = 19852
stat.node.6.llc.pool_completed = 19852
stat.node.6.llc.avg_pool_roundtrip_lat = 665.686
stat.node.6.llc.cxl_miss = 19833
stat.node.6.llc.total_miss = 19834
stat.node.6.llc.avg_miss_lat = 666.678
stat.node.6.llc.avg_cxl_lat = 666.68
stat.node.6.llc.miss_lat_hist_bin_ns = 10
stat.node.6.llc.miss_lat_hist = [0,0,0,0,0,0,0,0,0,0,0,0,0,0,0,0,0,0,0,0,0,0,0,0,0,0,8680,4427,3060,1619,814,417,265,183,112,83,57,40,27,13,12,12,9,3,1]
stat.node.6.util.dram_avg = 5.17028e-06
stat.node.6.fabric.ingress_wait_avg_cycles = 145
stat.node.7.llc.pool_accesses = 19852
stat.node.7.llc.pool_completed = 19852
stat.node.7.llc.avg_pool_roundtrip_lat = 665.686
stat.node.7.llc.cxl_miss = 19833
stat.node.7.llc.total_miss = 19834
stat.node.7.llc.avg_miss_lat = 666.678
stat.node.7.llc.avg_cxl_lat = 666.68
stat.node.6.fabric.egress_wait_avg_cycles = 1
stat.node.6.fabric.ingress_wait_max_cycles = 145
stat.node.7.llc.miss_lat_hist_bin_ns = 10
stat.node.7.llc.miss_lat_hist = [0,0,0,0,0,0,0,0,0,0,0,0,0,0,0,0,0,0,0,0,0,0,0,0,0,0,8680,4427,3060,1619,814,417,265,183,112,83,57,40,27,13,12,12,9,3,1]
stat.node.7.util.dram_avg = 5.17028e-06
stat.node.7.fabric.ingress_wait_avg_cycles = 145
stat.node.7.fabric.egress_wait_avg_cycles = 1
stat.node.7.fabric.ingress_wait_max_cycles = 145
stat.node.7.fabric.egress_wait_max_cycles = 1
stat.node.7.fabric.ingress_queue_wait_avg_cycles = 0
stat.node.6.fabric.egress_wait_max_cycles = 1
stat.node.6.fabric.ingress_queue_wait_avg_cycles = 0
stat.node.6.fabric.ingress_queue_wait_max_cycles = 0
stat.node.6.fabric.egress_occ_avg_bytes = 0
stat.node.6.fabric.egress_occ_stddev_bytes = 0
stat.node.6.fabric.egress_occ_max_bytes = 0
stat.node.6.fabric.egress_occ_nonempty_frac = 0
stat.node.6.fabric.egress_blocked_cycles = 0
stat.node.6.fabric.egress_blocked_nonempty_frac = 0
stat.node.6.fabric.egress_blocked_avg_occ_bytes = 0
stat.node.7.fabric.ingress_queue_wait_max_cycles = 0
stat.node.7.fabric.egress_occ_avg_bytes = 0
stat.node.7.fabric.egress_occ_stddev_bytes = 0
stat.node.7.fabric.egress_occ_max_bytes = 0
stat.node.6.fabric.egress_blocked_max_occ_bytes = 0
stat.node.6.fabric.egress_send_burst_max_pkts = 2
stat.node.6.fabric.egress_send_burst_max_bytes = 72
stat.node.6.fabric.egress_send_burst_avg_pkts = 1.00134
stat.node.7.fabric.egress_occ_nonempty_frac = 0
stat.node.6.fabric.egress_send_burst_avg_bytes = 19.2787
stat.node.6.fabric.egress_send_burst_stddev_pkts = 0.0365315
stat.node.7.fabric.egress_blocked_cycles = 0
stat.node.7.fabric.egress_blocked_nonempty_frac = 0
stat.node.7.fabric.egress_blocked_avg_occ_bytes = 0
stat.node.7.fabric.egress_blocked_max_occ_bytes = 0
stat.node.7.fabric.egress_send_burst_max_pkts = 2
stat.node.7.fabric.egress_send_burst_max_bytes = 72
stat.node.6.fabric.egress_send_burst_stddev_bytes = 22.474
stat.node.6.fabric.egress_send_nonempty_frac = 0.00564228
stat.node.6.fabric.ingress_occ_bytes = 0
stat.node.6.fabric.ready_wait_avg_cycles = 0
stat.node.6.fabric.ready_wait_max_cycles = 0
stat.node.6.fabric.ready_occ_avg_pkts = 0.00451451
stat.node.6.fabric.ready_occ_pkts = 0
stat.node.7.fabric.egress_send_burst_avg_pkts = 1.00134
stat.node.7.fabric.egress_send_burst_avg_bytes = 19.2787
stat.node.7.fabric.egress_send_burst_stddev_pkts = 0.0365315
stat.node.6.fabric.ready_occ_max_pkts = 1
stat.node.6.fabric.ready_retry_count = 0
stat.node.7.fabric.egress_send_burst_stddev_bytes = 22.474
stat.node.7.fabric.egress_send_nonempty_frac = 0.00564228
stat.node.7.fabric.ingress_occ_bytes = 0
stat.node.7.fabric.ready_wait_avg_cycles = 0
stat.node.7.fabric.ready_wait_max_cycles = 0
stat.node.7.fabric.ready_occ_avg_pkts = 0.00451451
stat.node.7.fabric.ready_occ_pkts = 0
stat.node.7.fabric.ready_occ_max_pkts = 1
stat.node.7.fabric.ready_retry_count = 0
stat.node.7.fabric.ingress_arrival_burst_max_pkts = 1
stat.node.7.fabric.ingress_arrival_burst_max_bytes = 64
stat.node.7.fabric.ingress_arrival_burst_avg_pkts = 1
stat.node.7.fabric.ingress_arrival_burst_avg_bytes = 64
stat.node.7.fabric.ingress_arrival_burst_stddev_pkts = 0
stat.node.7.fabric.ingress_arrival_burst_stddev_bytes = 0
stat.node.7.fabric.ingress_arrival_nonempty_frac = 0.00451451
stat.node.7.fabric.ingress_arrival_run_max_cycles = 1
stat.node.7.fabric.ingress_arrival_run_avg_cycles = 1
stat.node.7.fabric.ingress_arrival_run_stddev_cycles = 0
stat.node.7.fabric.ingress_arrival_gap_max_cycles = 998
stat.node.7.fabric.ingress_arrival_gap_avg_cycles = 196.321
stat.node.7.fabric.ingress_arrival_gap_stddev_cycles = 279.64
stat.node.7.fabric.ingress_release_burst_max_pkts = 1
stat.node.7.fabric.ingress_release_burst_max_bytes = 64
stat.node.7.fabric.ingress_release_burst_avg_pkts = 1
stat.node.7.fabric.ingress_release_burst_avg_bytes = 64
stat.node.7.fabric.ingress_release_burst_stddev_pkts = 0
stat.node.7.fabric.ingress_release_burst_stddev_bytes = 0
stat.node.7.fabric.ingress_release_nonempty_frac = 0.00451451
stat.node.7.fabric.ingress_release_run_max_cycles = 1
stat.node.7.fabric.ingress_release_run_avg_cycles = 1
stat.node.7.fabric.ingress_release_run_stddev_cycles = 0
stat.node.7.fabric.ingress_release_gap_max_cycles = 998
stat.node.7.fabric.ingress_release_gap_avg_cycles = 196.313
stat.node.7.fabric.ingress_release_gap_stddev_cycles = 279.636
stat.node.7.fabric.ingress_occ_avg_bytes = 41.6058
stat.node.7.fabric.ingress_occ_stddev_bytes = 80.3311
stat.node.7.fabric.ingress_occ_max_bytes = 384
stat.node.7.fabric.ingress_occ_nonempty_frac = 0.27421
stat.node.7.fabric.ingress_occ_run_max_cycles = 2344
stat.node.7.fabric.ingress_occ_run_avg_cycles = 226.891
stat.node.7.fabric.ingress_occ_run_stddev_cycles = 57.4207
stat.node.7.fabric.ingress_occ_gap_max_cycles = 855
stat.node.7.fabric.ingress_occ_gap_avg_cycles = 510.19
stat.node.6.fabric.ingress_arrival_burst_max_pkts = 1
stat.node.6.fabric.ingress_arrival_burst_max_bytes = 64
stat.node.6.fabric.ingress_arrival_burst_avg_pkts = 1
stat.node.6.fabric.ingress_arrival_burst_avg_bytes = 64
stat.node.6.fabric.ingress_arrival_burst_stddev_pkts = 0
stat.node.6.fabric.ingress_arrival_burst_stddev_bytes = 0
stat.node.6.fabric.ingress_arrival_nonempty_frac = 0.00451451
stat.node.6.fabric.ingress_arrival_run_max_cycles = 1
stat.node.6.fabric.ingress_arrival_run_avg_cycles = 1
stat.node.6.fabric.ingress_arrival_run_stddev_cycles = 0
stat.node.6.fabric.ingress_arrival_gap_max_cycles = 998
stat.node.6.fabric.ingress_arrival_gap_avg_cycles = 196.321
stat.node.6.fabric.ingress_arrival_gap_stddev_cycles = 279.64
stat.node.6.fabric.ingress_release_burst_max_pkts = 1
stat.node.6.fabric.ingress_release_burst_max_bytes = 64
stat.node.6.fabric.ingress_release_burst_avg_pkts = 1
stat.node.6.fabric.ingress_release_burst_avg_bytes = 64
stat.node.6.fabric.ingress_release_burst_stddev_pkts = 0
stat.node.6.fabric.ingress_release_burst_stddev_bytes = 0
stat.node.6.fabric.ingress_release_nonempty_frac = 0.00451451
stat.node.6.fabric.ingress_release_run_max_cycles = 1
stat.node.6.fabric.ingress_release_run_avg_cycles = 1
stat.node.6.fabric.ingress_release_run_stddev_cycles = 0
stat.node.6.fabric.ingress_release_gap_max_cycles = 998
stat.node.6.fabric.ingress_release_gap_avg_cycles = 196.313
stat.node.6.fabric.ingress_release_gap_stddev_cycles = 279.636
stat.node.6.fabric.ingress_occ_avg_bytes = 41.6058
stat.node.6.fabric.ingress_occ_stddev_bytes = 80.3311
stat.node.6.fabric.ingress_occ_max_bytes = 384
stat.node.6.fabric.ingress_occ_nonempty_frac = 0.27421
stat.node.6.fabric.ingress_occ_run_max_cycles = 2344
stat.node.6.fabric.ingress_occ_run_avg_cycles = 226.891
stat.node.6.fabric.ingress_occ_run_stddev_cycles = 57.4207
stat.node.6.fabric.ingress_occ_gap_max_cycles = 855
stat.node.6.fabric.ingress_occ_gap_avg_cycles = 510.19
stat.node.6.fabric.ingress_occ_gap_stddev_cycles = 79.6909
stat.node.6.fabric.ingress_wait_avg_cycles.demand_req = 0
stat.node.6.fabric.ingress_wait_max_cycles.demand_req = 0
stat.node.6.fabric.ingress_queue_wait_avg_cycles.demand_req = 0
stat.node.6.fabric.ingress_queue_wait_max_cycles.demand_req = 0
stat.node.6.fabric.egress_wait_avg_cycles.demand_req = 1
stat.node.6.fabric.egress_wait_max_cycles.demand_req = 1
stat.node.6.fabric.egress_occ_avg_bytes.demand_req = 0
stat.node.6.fabric.egress_occ_max_bytes.demand_req = 0
stat.node.6.fabric.egress_blocked_cycles.demand_req = 0
stat.node.6.fabric.ingress_arrival_empty_packets.demand_req = 0
stat.node.6.fabric.ingress_arrival_nonempty_packets.demand_req = 0
stat.node.6.fabric.ingress_arrival_nonempty_packet_frac.demand_req = 0
stat.node.6.fabric.ingress_nonempty_arrival_pre_occ_avg_bytes.demand_req = 0
stat.node.6.fabric.ingress_nonempty_arrival_pre_occ_max_bytes.demand_req = 0
stat.node.6.fabric.ingress_release_after_empty_arrival_packets.demand_req = 0
stat.node.6.fabric.ingress_release_after_nonempty_arrival_packets.demand_req = 0
stat.node.6.fabric.ingress_wait_after_empty_arrival_avg_cycles.demand_req = 0
stat.node.6.fabric.ingress_wait_after_nonempty_arrival_avg_cycles.demand_req = 0
stat.node.7.fabric.ingress_occ_gap_stddev_cycles = 79.6909
stat.node.7.fabric.ingress_wait_avg_cycles.demand_req = 0
stat.node.7.fabric.ingress_wait_max_cycles.demand_req = 0
stat.node.7.fabric.ingress_queue_wait_avg_cycles.demand_req = 0
stat.node.6.fabric.ingress_queue_wait_after_empty_arrival_avg_cycles.demand_req = 0
stat.node.6.fabric.ingress_queue_wait_after_nonempty_arrival_avg_cycles.demand_req = 0
stat.node.6.fabric.ingress_queue_wait_after_empty_arrival_max_cycles.demand_req = 0
stat.node.6.fabric.ingress_queue_wait_after_nonempty_arrival_max_cycles.demand_req = 0
stat.node.7.fabric.ingress_queue_wait_max_cycles.demand_req = 0
stat.node.7.fabric.egress_wait_avg_cycles.demand_req = 1
stat.node.7.fabric.egress_wait_max_cycles.demand_req = 1
stat.node.7.fabric.egress_occ_avg_bytes.demand_req = 0
stat.node.6.fabric.rx_bytes.demand_req = 0
stat.node.6.fabric.tx_bytes.demand_req = 167488
stat.node.6.fabric.rx_pkts.demand_req = 0
stat.node.6.fabric.tx_pkts.demand_req = 20936
stat.node.6.fabric.ingress_wait_avg_cycles.write_req = 0
stat.node.7.fabric.egress_occ_max_bytes.demand_req = 0
stat.node.7.fabric.egress_blocked_cycles.demand_req = 0
stat.node.7.fabric.ingress_arrival_empty_packets.demand_req = 0
stat.node.7.fabric.ingress_arrival_nonempty_packets.demand_req = 0
stat.node.6.fabric.ingress_wait_max_cycles.write_req = 0
stat.node.6.fabric.ingress_queue_wait_avg_cycles.write_req = 0
stat.node.6.fabric.ingress_queue_wait_max_cycles.write_req = 0
stat.node.6.fabric.egress_wait_avg_cycles.write_req = 1
stat.node.6.fabric.egress_wait_max_cycles.write_req = 1
stat.node.6.fabric.egress_occ_avg_bytes.write_req = 0
stat.node.6.fabric.egress_occ_max_bytes.write_req = 0
stat.node.6.fabric.egress_blocked_cycles.write_req = 0
stat.node.6.fabric.ingress_arrival_empty_packets.write_req = 0
stat.node.6.fabric.ingress_arrival_nonempty_packets.write_req = 0
stat.node.6.fabric.ingress_arrival_nonempty_packet_frac.write_req = 0
stat.node.7.fabric.ingress_arrival_nonempty_packet_frac.demand_req = 0
stat.node.7.fabric.ingress_nonempty_arrival_pre_occ_avg_bytes.demand_req = 0
stat.node.7.fabric.ingress_nonempty_arrival_pre_occ_max_bytes.demand_req = 0
stat.node.7.fabric.ingress_release_after_empty_arrival_packets.demand_req = 0
stat.node.7.fabric.ingress_release_after_nonempty_arrival_packets.demand_req = 0
stat.node.7.fabric.ingress_wait_after_empty_arrival_avg_cycles.demand_req = 0
stat.node.6.fabric.ingress_nonempty_arrival_pre_occ_avg_bytes.write_req = 0
stat.node.6.fabric.ingress_nonempty_arrival_pre_occ_max_bytes.write_req = 0
stat.node.6.fabric.ingress_release_after_empty_arrival_packets.write_req = 0
stat.node.6.fabric.ingress_release_after_nonempty_arrival_packets.write_req = 0
stat.node.6.fabric.ingress_wait_after_empty_arrival_avg_cycles.write_req = 0
stat.node.7.fabric.ingress_wait_after_nonempty_arrival_avg_cycles.demand_req = 0
stat.node.7.fabric.ingress_queue_wait_after_empty_arrival_avg_cycles.demand_req = 0
stat.node.7.fabric.ingress_queue_wait_after_nonempty_arrival_avg_cycles.demand_req = 0
stat.node.7.fabric.ingress_queue_wait_after_empty_arrival_max_cycles.demand_req = 0
stat.node.6.fabric.ingress_wait_after_nonempty_arrival_avg_cycles.write_req = 0
stat.node.6.fabric.ingress_queue_wait_after_empty_arrival_avg_cycles.write_req = 0
stat.node.6.fabric.ingress_queue_wait_after_nonempty_arrival_avg_cycles.write_req = 0
stat.node.6.fabric.ingress_queue_wait_after_empty_arrival_max_cycles.write_req = 0
stat.node.6.fabric.ingress_queue_wait_after_nonempty_arrival_max_cycles.write_req = 0
stat.node.6.fabric.rx_bytes.write_req = 0
stat.node.6.fabric.tx_bytes.write_req = 337280
stat.node.6.fabric.rx_pkts.write_req = 0
stat.node.7.fabric.ingress_queue_wait_after_nonempty_arrival_max_cycles.demand_req = 0
stat.node.7.fabric.rx_bytes.demand_req = 0
stat.node.7.fabric.tx_bytes.demand_req = 167488
stat.node.7.fabric.rx_pkts.demand_req = 0
stat.node.6.fabric.tx_pkts.write_req = 5270
stat.node.6.fabric.ingress_wait_avg_cycles.response = 145
stat.node.6.fabric.ingress_wait_max_cycles.response = 145
stat.node.7.fabric.tx_pkts.demand_req = 20936
stat.node.7.fabric.ingress_wait_avg_cycles.write_req = 0
stat.node.7.fabric.ingress_wait_max_cycles.write_req = 0
stat.node.6.fabric.ingress_queue_wait_avg_cycles.response = 0
stat.node.6.fabric.ingress_queue_wait_max_cycles.response = 0
stat.node.6.fabric.egress_wait_avg_cycles.response = 0
stat.node.6.fabric.egress_wait_max_cycles.response = 0
stat.node.6.fabric.egress_occ_avg_bytes.response = 0
stat.node.6.fabric.egress_occ_max_bytes.response = 0
stat.node.6.fabric.egress_blocked_cycles.response = 0
stat.node.6.fabric.ingress_arrival_empty_packets.response = 5610
stat.node.6.fabric.ingress_arrival_nonempty_packets.response = 15346
stat.node.6.fabric.ingress_arrival_nonempty_packet_frac.response = 0.732296
stat.node.6.fabric.ingress_nonempty_arrival_pre_occ_avg_bytes.response = 146.838
stat.node.6.fabric.ingress_nonempty_arrival_pre_occ_max_bytes.response = 320
stat.node.6.fabric.ingress_release_after_empty_arrival_packets.response = 5610
stat.node.6.fabric.ingress_release_after_nonempty_arrival_packets.response = 15346
stat.node.6.fabric.ingress_wait_after_empty_arrival_avg_cycles.response = 145
stat.node.6.fabric.ingress_wait_after_nonempty_arrival_avg_cycles.response = 145
stat.node.6.fabric.ingress_queue_wait_after_empty_arrival_avg_cycles.response = 0
stat.node.6.fabric.ingress_queue_wait_after_nonempty_arrival_avg_cycles.response = 0
stat.node.6.fabric.ingress_queue_wait_after_empty_arrival_max_cycles.response = 0
stat.node.6.fabric.ingress_queue_wait_after_nonempty_arrival_max_cycles.response = 0
stat.node.6.fabric.rx_bytes.response = 1341184
stat.node.6.fabric.tx_bytes.response = 0
stat.node.6.fabric.rx_pkts.response = 20956
stat.node.6.fabric.tx_pkts.response = 0
stat.node.6.fabric.ingress_wait_avg_cycles.other_req = 0
stat.node.6.fabric.ingress_wait_max_cycles.other_req = 0
stat.node.6.fabric.ingress_queue_wait_avg_cycles.other_req = 0
stat.node.6.fabric.ingress_queue_wait_max_cycles.other_req = 0
stat.node.6.fabric.egress_wait_avg_cycles.other_req = 1
stat.node.6.fabric.egress_wait_max_cycles.other_req = 1
stat.node.6.fabric.egress_occ_avg_bytes.other_req = 0
stat.node.6.fabric.egress_occ_max_bytes.other_req = 0
stat.node.6.fabric.egress_blocked_cycles.other_req = 0
stat.node.6.fabric.ingress_arrival_empty_packets.other_req = 0
stat.node.6.fabric.ingress_arrival_nonempty_packets.other_req = 0
stat.node.6.fabric.ingress_arrival_nonempty_packet_frac.other_req = 0
stat.node.6.fabric.ingress_nonempty_arrival_pre_occ_avg_bytes.other_req = 0
stat.node.6.fabric.ingress_nonempty_arrival_pre_occ_max_bytes.other_req = 0
stat.node.6.fabric.ingress_release_after_empty_arrival_packets.other_req = 0
stat.node.6.fabric.ingress_release_after_nonempty_arrival_packets.other_req = 0
stat.node.6.fabric.ingress_wait_after_empty_arrival_avg_cycles.other_req = 0
stat.node.6.fabric.ingress_wait_after_nonempty_arrival_avg_cycles.other_req = 0
stat.node.6.fabric.ingress_queue_wait_after_empty_arrival_avg_cycles.other_req = 0
stat.node.6.fabric.ingress_queue_wait_after_nonempty_arrival_avg_cycles.other_req = 0
stat.node.6.fabric.ingress_queue_wait_after_empty_arrival_max_cycles.other_req = 0
stat.node.6.fabric.ingress_queue_wait_after_nonempty_arrival_max_cycles.other_req = 0
stat.node.6.fabric.rx_bytes.other_req = 0
stat.node.6.fabric.tx_bytes.other_req = 160
stat.node.6.fabric.rx_pkts.other_req = 0
stat.node.6.fabric.tx_pkts.other_req = 20
stat.node.6.fabric.ingress_occ_bucket_bytes.0 = 3369058
stat.node.6.fabric.ready_occ_bucket_bytes.0 = 4620962
stat.node.7.fabric.ingress_queue_wait_avg_cycles.write_req = 0
stat.node.7.fabric.ingress_queue_wait_max_cycles.write_req = 0
stat.node.7.fabric.egress_wait_avg_cycles.write_req = 1
stat.node.7.fabric.egress_wait_max_cycles.write_req = 1
stat.node.7.fabric.egress_occ_avg_bytes.write_req = 0
stat.node.7.fabric.egress_occ_max_bytes.write_req = 0
stat.node.7.fabric.egress_blocked_cycles.write_req = 0
stat.node.7.fabric.ingress_arrival_empty_packets.write_req = 0
stat.node.7.fabric.ingress_arrival_nonempty_packets.write_req = 0
stat.node.7.fabric.ingress_arrival_nonempty_packet_frac.write_req = 0
stat.node.7.fabric.ingress_nonempty_arrival_pre_occ_avg_bytes.write_req = 0
stat.node.7.fabric.ingress_nonempty_arrival_pre_occ_max_bytes.write_req = 0
stat.node.7.fabric.ingress_release_after_empty_arrival_packets.write_req = 0
stat.node.7.fabric.ingress_release_after_nonempty_arrival_packets.write_req = 0
stat.node.7.fabric.ingress_wait_after_empty_arrival_avg_cycles.write_req = 0
stat.node.7.fabric.ingress_wait_after_nonempty_arrival_avg_cycles.write_req = 0
stat.node.7.fabric.ingress_queue_wait_after_empty_arrival_avg_cycles.write_req = 0
stat.node.7.fabric.ingress_queue_wait_after_nonempty_arrival_avg_cycles.write_req = 0
stat.node.7.fabric.ingress_queue_wait_after_empty_arrival_max_cycles.write_req = 0
stat.node.7.fabric.ingress_queue_wait_after_nonempty_arrival_max_cycles.write_req = 0
stat.node.7.fabric.rx_bytes.write_req = 0
stat.node.7.fabric.tx_bytes.write_req = 337280
stat.node.7.fabric.rx_pkts.write_req = 0
stat.node.7.fabric.tx_pkts.write_req = 5270
stat.node.7.fabric.ingress_wait_avg_cycles.response = 145
stat.node.7.fabric.ingress_wait_max_cycles.response = 145
stat.node.7.fabric.ingress_queue_wait_avg_cycles.response = 0
stat.node.7.fabric.ingress_queue_wait_max_cycles.response = 0
stat.node.7.fabric.egress_wait_avg_cycles.response = 0
stat.node.7.fabric.egress_wait_max_cycles.response = 0
stat.node.7.fabric.egress_occ_avg_bytes.response = 0
stat.node.7.fabric.egress_occ_max_bytes.response = 0
stat.node.7.fabric.egress_blocked_cycles.response = 0
stat.node.7.fabric.ingress_arrival_empty_packets.response = 5610
stat.node.7.fabric.ingress_arrival_nonempty_packets.response = 15346
stat.node.7.fabric.ingress_arrival_nonempty_packet_frac.response = 0.732296
stat.node.7.fabric.ingress_nonempty_arrival_pre_occ_avg_bytes.response = 146.838
stat.node.7.fabric.ingress_nonempty_arrival_pre_occ_max_bytes.response = 320
stat.node.7.fabric.ingress_release_after_empty_arrival_packets.response = 5610
stat.node.7.fabric.ingress_release_after_nonempty_arrival_packets.response = 15346
stat.node.7.fabric.ingress_wait_after_empty_arrival_avg_cycles.response = 145
stat.node.7.fabric.ingress_wait_after_nonempty_arrival_avg_cycles.response = 145
stat.node.7.fabric.ingress_queue_wait_after_empty_arrival_avg_cycles.response = 0
stat.node.7.fabric.ingress_queue_wait_after_nonempty_arrival_avg_cycles.response = 0
stat.node.7.fabric.ingress_queue_wait_after_empty_arrival_max_cycles.response = 0
stat.node.7.fabric.ingress_queue_wait_after_nonempty_arrival_max_cycles.response = 0
stat.node.7.fabric.rx_bytes.response = 1341184
stat.node.7.fabric.tx_bytes.response = 0
stat.node.7.fabric.rx_pkts.response = 20956
stat.node.7.fabric.tx_pkts.response = 0
stat.node.7.fabric.ingress_wait_avg_cycles.other_req = 0
stat.node.7.fabric.ingress_wait_max_cycles.other_req = 0
stat.node.7.fabric.ingress_queue_wait_avg_cycles.other_req = 0
stat.node.7.fabric.ingress_queue_wait_max_cycles.other_req = 0
stat.node.7.fabric.egress_wait_avg_cycles.other_req = 1
stat.node.7.fabric.egress_wait_max_cycles.other_req = 1
stat.node.7.fabric.egress_occ_avg_bytes.other_req = 0
stat.node.7.fabric.egress_occ_max_bytes.other_req = 0
stat.node.7.fabric.egress_blocked_cycles.other_req = 0
stat.node.7.fabric.ingress_arrival_empty_packets.other_req = 0
stat.node.7.fabric.ingress_arrival_nonempty_packets.other_req = 0
stat.node.7.fabric.ingress_arrival_nonempty_packet_frac.other_req = 0
stat.node.7.fabric.ingress_nonempty_arrival_pre_occ_avg_bytes.other_req = 0
stat.node.6.fabric.ingress_occ_bucket_bytes.1_64 = 406770
stat.node.6.fabric.ready_occ_bucket_bytes.1_64 = 20956
stat.node.6.fabric.ingress_occ_bucket_bytes.65_256 = 771804
stat.node.6.fabric.ready_occ_bucket_bytes.65_256 = 0
stat.node.6.fabric.ingress_occ_bucket_bytes.257_1024 = 94286
stat.node.6.fabric.ready_occ_bucket_bytes.257_1024 = 0
stat.node.6.fabric.ingress_occ_bucket_bytes.1025_4096 = 0
stat.node.6.fabric.ready_occ_bucket_bytes.1025_4096 = 0
stat.node.6.fabric.ingress_occ_bucket_bytes.4097_plus = 0
stat.node.6.fabric.ready_occ_bucket_bytes.4097_plus = 0
stat.node.7.fabric.ingress_nonempty_arrival_pre_occ_max_bytes.other_req = 0
stat.node.7.fabric.ingress_release_after_empty_arrival_packets.other_req = 0
stat.node.7.fabric.ingress_release_after_nonempty_arrival_packets.other_req = 0
stat.node.7.fabric.ingress_wait_after_empty_arrival_avg_cycles.other_req = 0
stat.node.7.fabric.ingress_wait_after_nonempty_arrival_avg_cycles.other_req = 0
stat.node.7.fabric.ingress_queue_wait_after_empty_arrival_avg_cycles.other_req = 0
stat.node.6.fabric.ingress_pre_occ_bucket.demand_req.0 = 0
stat.node.6.fabric.ingress_queue_wait_bucket.demand_req.0 = 0
stat.node.6.fabric.ingress_pre_occ_bucket.demand_req.1_64 = 0
stat.node.6.fabric.ingress_queue_wait_bucket.demand_req.1_63 = 0
stat.node.7.fabric.ingress_queue_wait_after_nonempty_arrival_avg_cycles.other_req = 0
stat.node.7.fabric.ingress_queue_wait_after_empty_arrival_max_cycles.other_req = 0
stat.node.7.fabric.ingress_queue_wait_after_nonempty_arrival_max_cycles.other_req = 0
stat.node.7.fabric.rx_bytes.other_req = 0
stat.node.7.fabric.tx_bytes.other_req = 160
stat.node.7.fabric.rx_pkts.other_req = 0
stat.node.7.fabric.tx_pkts.other_req = 20
stat.node.6.fabric.ingress_pre_occ_bucket.demand_req.65_256 = 0
stat.node.6.fabric.ingress_queue_wait_bucket.demand_req.64_255 = 0
stat.node.6.fabric.ingress_pre_occ_bucket.demand_req.257_1024 = 0
stat.node.6.fabric.ingress_queue_wait_bucket.demand_req.256_1023 = 0
stat.node.6.fabric.ingress_pre_occ_bucket.demand_req.1025_4096 = 0
stat.node.6.fabric.ingress_queue_wait_bucket.demand_req.1024_4095 = 0
stat.node.6.fabric.ingress_pre_occ_bucket.demand_req.4097_plus = 0
stat.node.6.fabric.ingress_queue_wait_bucket.demand_req.4096_plus = 0
stat.node.6.fabric.ingress_pre_occ_bucket.write_req.0 = 0
stat.node.7.fabric.ingress_occ_bucket_bytes.0 = 3369058
stat.node.7.fabric.ready_occ_bucket_bytes.0 = 4620962
stat.node.7.fabric.ingress_occ_bucket_bytes.1_64 = 406770
stat.node.7.fabric.ready_occ_bucket_bytes.1_64 = 20956
stat.node.7.fabric.ingress_occ_bucket_bytes.65_256 = 771804
stat.node.7.fabric.ready_occ_bucket_bytes.65_256 = 0
stat.node.6.fabric.ingress_queue_wait_bucket.write_req.0 = 0
stat.node.6.fabric.ingress_pre_occ_bucket.write_req.1_64 = 0
stat.node.6.fabric.ingress_queue_wait_bucket.write_req.1_63 = 0
stat.node.6.fabric.ingress_pre_occ_bucket.write_req.65_256 = 0
stat.node.6.fabric.ingress_queue_wait_bucket.write_req.64_255 = 0
stat.node.6.fabric.ingress_pre_occ_bucket.write_req.257_1024 = 0
stat.node.6.fabric.ingress_queue_wait_bucket.write_req.256_1023 = 0
stat.node.7.fabric.ingress_occ_bucket_bytes.257_1024 = 94286
stat.node.7.fabric.ready_occ_bucket_bytes.257_1024 = 0
stat.node.7.fabric.ingress_occ_bucket_bytes.1025_4096 = 0
stat.node.7.fabric.ready_occ_bucket_bytes.1025_4096 = 0
stat.node.7.fabric.ingress_occ_bucket_bytes.4097_plus = 0
stat.node.7.fabric.ready_occ_bucket_bytes.4097_plus = 0
stat.node.7.fabric.ingress_pre_occ_bucket.demand_req.0 = 0
stat.node.6.fabric.ingress_pre_occ_bucket.write_req.1025_4096 = 0
stat.node.6.fabric.ingress_queue_wait_bucket.write_req.1024_4095 = 0
stat.node.6.fabric.ingress_pre_occ_bucket.write_req.4097_plus = 0
stat.node.6.fabric.ingress_queue_wait_bucket.write_req.4096_plus = 0
stat.node.6.fabric.ingress_pre_occ_bucket.response.0 = 5610
stat.node.6.fabric.ingress_queue_wait_bucket.response.0 = 20956
stat.node.6.fabric.ingress_pre_occ_bucket.response.1_64 = 5307
stat.node.7.fabric.ingress_queue_wait_bucket.demand_req.0 = 0
stat.node.7.fabric.ingress_pre_occ_bucket.demand_req.1_64 = 0
stat.node.7.fabric.ingress_queue_wait_bucket.demand_req.1_63 = 0
stat.node.7.fabric.ingress_pre_occ_bucket.demand_req.65_256 = 0
stat.node.6.fabric.ingress_queue_wait_bucket.response.1_63 = 0
stat.node.6.fabric.ingress_pre_occ_bucket.response.65_256 = 8825
stat.node.6.fabric.ingress_queue_wait_bucket.response.64_255 = 0
stat.node.6.fabric.ingress_pre_occ_bucket.response.257_1024 = 1214
stat.node.6.fabric.ingress_queue_wait_bucket.response.256_1023 = 0
stat.node.6.fabric.ingress_pre_occ_bucket.response.1025_4096 = 0
stat.node.6.fabric.ingress_queue_wait_bucket.response.1024_4095 = 0
stat.node.6.fabric.ingress_pre_occ_bucket.response.4097_plus = 0
stat.node.6.fabric.ingress_queue_wait_bucket.response.4096_plus = 0
stat.node.6.fabric.ingress_pre_occ_bucket.other_req.0 = 0
stat.node.6.fabric.ingress_queue_wait_bucket.other_req.0 = 0
stat.node.6.fabric.ingress_pre_occ_bucket.other_req.1_64 = 0
stat.node.6.fabric.ingress_queue_wait_bucket.other_req.1_63 = 0
stat.node.6.fabric.ingress_pre_occ_bucket.other_req.65_256 = 0
stat.node.6.fabric.ingress_queue_wait_bucket.other_req.64_255 = 0
stat.node.6.fabric.ingress_pre_occ_bucket.other_req.257_1024 = 0
stat.node.6.fabric.ingress_queue_wait_bucket.other_req.256_1023 = 0
stat.node.6.fabric.ingress_pre_occ_bucket.other_req.1025_4096 = 0
stat.node.6.fabric.ingress_queue_wait_bucket.other_req.1024_4095 = 0
stat.node.6.fabric.ingress_pre_occ_bucket.other_req.4097_plus = 0
stat.node.6.fabric.ingress_queue_wait_bucket.other_req.4096_plus = 0
stat.node.6.fabric.peer_src.100.rx_bytes.response = 1341184
stat.node.6.fabric.peer_src.100.rx_pkts.response = 20956
stat.node.6.fabric.peer_src.100.tx_bytes.response = 0
stat.node.6.fabric.peer_src.100.tx_pkts.response = 0
stat.node.6.fabric.peer_src.100.ingress_arrivals.response = 20956
stat.node.6.fabric.peer_src.100.ingress_arrival_nonempty_packet_frac.response = 0.732296
stat.node.6.fabric.peer_src.100.ingress_nonempty_arrival_pre_occ_avg_bytes.response = 146.838
stat.node.6.fabric.peer_src.100.ingress_nonempty_arrival_pre_occ_max_bytes.response = 320
stat.node.6.fabric.peer_src.100.ingress_wait_avg_cycles.response = 145
stat.node.6.fabric.peer_src.100.ingress_queue_wait_avg_cycles.response = 0
stat.node.6.fabric.peer_src.100.ingress_queue_wait_after_nonempty_arrival_avg_cycles.response = 0
stat.node.6.fabric.peer_src.100.ingress_pre_occ_bucket.response.0 = 5610
stat.node.6.fabric.peer_src.100.ingress_queue_wait_bucket.response.0 = 20956
stat.node.6.fabric.peer_src.100.ingress_pre_occ_bucket.response.1_64 = 5307
stat.node.6.fabric.peer_src.100.ingress_queue_wait_bucket.response.1_63 = 0
stat.node.6.fabric.peer_src.100.ingress_pre_occ_bucket.response.65_256 = 8825
stat.node.6.fabric.peer_src.100.ingress_queue_wait_bucket.response.64_255 = 0
stat.node.6.fabric.peer_src.100.ingress_pre_occ_bucket.response.257_1024 = 1214
stat.node.6.fabric.peer_src.100.ingress_queue_wait_bucket.response.256_1023 = 0
stat.node.6.fabric.peer_src.100.ingress_pre_occ_bucket.response.1025_4096 = 0
stat.node.6.fabric.peer_src.100.ingress_queue_wait_bucket.response.1024_4095 = 0
stat.node.6.fabric.peer_src.100.ingress_pre_occ_bucket.response.4097_plus = 0
stat.node.6.fabric.peer_src.100.ingress_queue_wait_bucket.response.4096_plus = 0
stat.node.6.fabric.peer_dst.6.rx_bytes.response = 1341184
stat.node.6.fabric.peer_dst.6.rx_pkts.response = 20956
stat.node.6.fabric.peer_dst.6.tx_bytes.response = 0
stat.node.6.fabric.peer_dst.6.tx_pkts.response = 0
stat.node.6.fabric.peer_dst.6.ingress_arrivals.response = 20956
stat.node.6.fabric.peer_dst.6.ingress_arrival_nonempty_packet_frac.response = 0.732296
stat.node.6.fabric.peer_dst.6.ingress_nonempty_arrival_pre_occ_avg_bytes.response = 146.838
stat.node.6.fabric.peer_dst.6.ingress_nonempty_arrival_pre_occ_max_bytes.response = 320
stat.node.6.fabric.peer_dst.6.ingress_wait_avg_cycles.response = 145
stat.node.6.fabric.peer_dst.6.ingress_queue_wait_avg_cycles.response = 0
stat.node.6.fabric.peer_dst.6.ingress_queue_wait_after_nonempty_arrival_avg_cycles.response = 0
stat.node.6.fabric.peer_dst.6.ingress_pre_occ_bucket.response.0 = 5610
stat.node.6.fabric.peer_dst.6.ingress_queue_wait_bucket.response.0 = 20956
stat.node.6.fabric.peer_dst.6.ingress_pre_occ_bucket.response.1_64 = 5307
stat.node.6.fabric.peer_dst.6.ingress_queue_wait_bucket.response.1_63 = 0
stat.node.6.fabric.peer_dst.6.ingress_pre_occ_bucket.response.65_256 = 8825
stat.node.6.fabric.peer_dst.6.ingress_queue_wait_bucket.response.64_255 = 0
stat.node.6.fabric.peer_dst.6.ingress_pre_occ_bucket.response.257_1024 = 1214
ststat.node.7.fabric.ingress_queue_wait_bucket.demand_req.64_255 = 0
stat.node.7.fabric.ingress_pre_occ_bucket.demand_req.257_1024 = 0
stat.node.7.fabric.ingress_queue_wait_bucket.demand_req.256_1023 = 0
stat.node.7.fabric.ingress_pre_occ_bucket.demand_req.1025_4096 = 0
stat.node.7.fabric.ingress_queue_wait_bucket.demand_req.1024_4095 = 0
stat.node.7.fabric.ingress_pre_occ_bucket.demand_req.4097_plus = 0
stat.node.7.fabric.ingress_queue_wait_bucket.demand_req.4096_plus = 0
stat.node.7.fabric.ingress_pre_occ_bucket.write_req.0 = 0
stat.node.7.fabric.ingress_queue_wait_bucket.write_req.0 = 0
stat.node.7.fabric.ingress_pre_occ_bucket.write_req.1_64 = 0
stat.node.7.fabric.ingress_queue_wait_bucket.write_req.1_63 = 0
stat.node.7.fabric.ingress_pre_occ_bucket.write_req.65_256 = 0
stat.node.7.fabric.ingress_queue_wait_bucket.write_req.64_255 = 0
stat.node.7.fabric.ingress_pre_occ_bucket.write_req.257_1024 = 0
stat.node.7.fabric.ingress_queue_wait_bucket.write_req.256_1023 = 0
stat.node.7.fabric.ingress_pre_occ_bucket.write_req.1025_4096 = 0
stat.node.7.fabric.ingress_queue_wait_bucket.write_req.1024_4095 = 0
stat.node.7.fabric.ingress_pre_occ_bucket.write_req.4097_plus = 0
stat.node.7.fabric.ingress_queue_wait_bucket.write_req.4096_plus = 0
stat.node.7.fabric.ingress_pre_occ_bucket.response.0 = 5610
stat.node.7.fabric.ingress_queue_wait_bucket.response.0 = 20956
stat.node.7.fabric.ingress_pre_occ_bucket.response.1_64 = 5307
stat.node.7.fabric.ingress_queue_wait_bucket.response.1_63 = 0
stat.node.7.fabric.ingress_pre_occ_bucket.response.65_256 = 8825
stat.node.7.fabric.ingress_queue_wait_bucket.response.64_255 = 0
stat.node.7.fabric.ingress_pre_occ_bucket.response.257_1024 = 1214
stat.node.7.fabric.ingress_queue_wait_bucket.response.256_1023 = 0
stat.node.7.fabric.ingress_pre_occ_bucket.response.1025_4096 = 0
stat.node.7.fabric.ingress_queue_wait_bucket.response.1024_4095 = 0
stat.node.7.fabric.ingress_pre_occ_bucket.response.4097_plus = 0
stat.node.7.fabric.ingress_queue_wait_bucket.response.4096_plus = 0
stat.node.7.fabric.ingress_pre_occ_bucket.other_req.0 = 0
stat.node.7.fabric.ingress_queue_wait_bucket.other_req.0 = 0
stat.node.7.fabric.ingress_pre_occ_bucket.other_req.1_64 = 0
stat.node.7.fabric.ingress_queue_wait_bucket.other_req.1_63 = 0
stat.node.7.fabric.ingress_pre_occ_bucket.other_req.65_256 = 0
stat.node.7.fabric.ingress_queue_wait_bucket.other_req.64_255 = 0
stat.node.7.fabric.ingress_pre_occ_bucket.other_req.257_1024 = 0
stat.node.7.fabric.ingress_queue_wait_bucket.other_req.256_1023 = 0
stat.node.7.fabric.ingress_pre_occ_bucket.other_req.1025_4096 = 0
stat.node.7.fabric.ingress_queue_wait_bucket.other_req.1024_4095 = 0
stat.node.7.fabric.ingress_pre_occ_bucket.other_req.4097_plus = 0
stat.node.7.fabric.ingress_queue_wait_bucket.other_req.4096_plus = 0
stat.node.7.fabric.peer_src.101.rx_bytes.response = 1341184
stat.node.7.fabric.peer_src.101.rx_pkts.response = 20956
stat.node.7.fabric.peer_src.101.tx_bytes.response = 0
stat.node.7.fabric.peer_src.101.tx_pkts.response = 0
stat.node.7.fabric.peer_src.101.ingress_arrivals.response = 20956
stat.node.7.fabric.peer_src.101.ingress_arrival_nonempty_packet_frac.response = 0.732296
stat.node.7.fabric.peer_src.101.ingress_nonempty_arrival_pre_occ_avg_bytes.response = 146.838
stat.node.7.fabric.peer_src.101.ingress_nonempty_arrival_pre_occ_max_bytes.response = 320
stat.node.7.fabric.peer_src.101.ingress_wait_avg_cycles.response = 145
stat.node.7.fabric.peer_src.101.ingress_queue_wait_avg_cycles.response = 0
stat.node.7.fabric.peer_src.101.ingress_queue_wait_after_nonempty_arrival_avg_cycles.response = 0
stat.node.7.fabric.peer_src.101.ingress_pre_occ_bucket.response.0 = 5610
stat.node.7.fabric.peer_src.101.ingress_queue_wait_bucket.response.0 = 20956
stat.node.7.fabric.peer_src.101.ingress_pre_occ_bucket.response.1_64 = 5307
stat.node.7.fabric.peer_src.101.ingress_queue_wait_bucket.response.1_63 = 0
stat.node.7.fabric.peer_src.101.ingress_pre_occ_bucket.response.65_256 = 8825
stat.node.7.fabric.peer_src.101.ingress_queue_wait_bucket.response.64_255 = 0
stat.node.7.fabric.peerat.node.6.fabric.peer_dst.6.ingress_queue_wait_bucket.response.256_1023 = 0
stat.node.6.fabric.peer_dst.6.ingress_pre_occ_bucket.response.1025_4096 = 0
stat.node.6.fabric.peer_dst.6.ingress_queue_wait_bucket.response.1024_4095 = 0
stat.node.6.fabric.peer_dst.6.ingress_pre_occ_bucket.response.4097_plus = 0
stat.node.6.fabric.peer_dst.6.ingress_queue_wait_bucket.response.4096_plus = 0
stat.node.6.fabric.tx_src.6.rx_bytes.demand_req = 0
stat.node.6.fabric.tx_src.6.rx_pkts.demand_req = 0
stat.node.6.fabric.tx_src.6.tx_bytes.demand_req = 167488
stat.node.6.fabric.tx_src.6.tx_pkts.demand_req = 20936
stat.node.6.fabric.tx_src.6.ingress_arrivals.demand_req = 0
stat.node.6.fabric.tx_src.6.ingress_arrival_nonempty_packet_frac.demand_req = 0
stat.node.6.fabric.tx_src.6.ingress_nonempty_arrival_pre_occ_avg_bytes.demand_req = 0
stat.node.6.fabric.tx_src.6.ingress_nonempty_arrival_pre_occ_max_bytes.demand_req = 0
stat.node.6.fabric.tx_src.6.ingress_wait_avg_cycles.demand_req = 0
stat.node.6.fabric.tx_src.6.ingress_queue_wait_avg_cycles.demand_req = 0
_src.101.ingress_pre_occ_bucket.response.257_1024 = 1214
stat.node.7.fabric.peer_src.101.ingress_queue_wait_bucket.response.256_1023 = 0
stat.node.7.fabric.peer_src.101.ingress_pre_occ_bucket.response.1025_4096 = 0
stat.node.7.fabric.peer_src.101.ingress_queue_wait_bucket.response.1024_4095 = 0
stat.node.7.fabric.peer_src.101.ingress_pre_occ_bucket.response.4097_plus = 0
stat.node.7.fabric.peer_src.101.ingress_queue_wait_bucket.response.4096_plus = 0
stat.node.7.fabric.peer_dst.7.rx_bytes.response = 1341184
stat.node.7.fabric.peer_dst.7.rx_pkts.response = 20956
stat.node.7.fabric.peer_dst.7.tx_bytes.response = 0
stat.node.7.fabric.peer_dst.7.tx_pkts.response = 0
stat.node.7.fabric.peer_dst.7.ingress_arrivals.response = 20956
stat.node.6.fabric.tx_src.6.ingress_queue_wait_after_nonempty_arrival_avg_cycles.demand_req = 0
stat.node.6.fabric.tx_src.6.ingress_pre_occ_bucket.demand_req.0 = 0
stat.node.6.fabric.tx_src.6.ingress_queue_wait_bucket.demand_req.0 = 0
stat.node.6.fabric.tx_src.6.ingress_pre_occ_bucket.demand_req.1_64 = 0
stat.node.6.fabric.tx_src.6.ingress_queue_wait_bucket.demand_req.1_63 = 0
stat.node.7.fabric.peer_dst.7.ingress_arrival_nonempty_packet_frac.response = 0.732296
stat.node.7.fabric.peer_dst.7.ingress_nonempty_arrival_pre_occ_avg_bytes.response = 146.838
stat.node.7.fabric.peer_dst.7.ingress_nonempty_arrival_pre_occ_max_bytes.response = 320
stat.node.6.fabric.tx_src.6.ingress_pre_occ_bucket.demand_req.65_256 = 0
stat.node.6.fabric.tx_src.6.ingress_queue_wait_bucket.demand_req.64_255 = 0
stat.node.6.fabric.tx_src.6.ingress_pre_occ_bucket.demand_req.257_1024 = 0
stat.node.6.fabric.tx_src.6.ingress_queue_wait_bucket.demand_req.256_1023 = 0
stat.node.6.fabric.tx_src.6.ingress_pre_occ_bucket.demand_req.1025_4096 = 0
stat.node.6.fabric.tx_src.6.ingress_queue_wait_bucket.demand_req.1024_4095 = 0
stat.node.7.fabric.peer_dst.7.ingress_wait_avg_cycles.response = 145
stat.node.7.fabric.peer_dst.7.ingress_queue_wait_avg_cycles.response = 0
stat.node.7.fabric.peer_dst.7.ingress_queue_wait_after_nonempty_arrival_avg_cycles.response = 0
stat.node.7.fabric.peer_dst.7.ingress_pre_occ_bucket.response.0 = 5610
stat.node.7.fabric.peer_dst.7.ingress_queue_wait_bucket.response.0 = 20956
stat.node.7.fabric.peer_dst.7.ingress_pre_occ_bucket.response.1_64 = 5307
stat.node.7.fabric.peer_dst.7.ingress_queue_wait_bucket.response.1_63 = 0
stat.node.6.fabric.tx_src.6.ingress_pre_occ_bucket.demand_req.4097_plus = 0
stat.node.6.fabric.tx_src.6.ingress_queue_wait_bucket.demand_req.4096_plus = 0
stat.node.6.fabric.tx_src.6.rx_bytes.write_req = 0
stat.node.6.fabric.tx_src.6.rx_pkts.write_req = 0
stat.node.6.fabric.tx_src.6.tx_bytes.write_req = 337280
stat.node.6.fabric.tx_src.6.tx_pkts.write_req = 5270
stat.node.6.fabric.tx_src.6.ingress_arrivals.write_req = 0
stat.node.7.fabric.peer_dst.7.ingress_pre_occ_bucket.response.65_256 = 8825
stat.node.7.fabric.peer_dst.7.ingress_queue_wait_bucket.response.64_255 = 0
stat.node.7.fabric.peer_dst.7.ingress_pre_occ_bucket.response.257_1024 = 1214
stat.node.7.fabric.peer_dst.7.ingress_queue_wait_bucket.response.256_1023 = 0
stat.node.7.fabric.peer_dst.7.ingress_pre_occ_bucket.response.1025_4096 = 0
stat.node.7.fabric.peer_dst.7.ingress_queue_wait_bucket.response.1024_4095 = 0
stat.node.7.fabric.peer_dst.7.ingress_pre_occ_bucket.response.4097_plus = 0
stat.node.7.fabric.peer_dst.7.ingress_queue_wait_bucket.response.4096_plus = 0
stat.node.7.fabric.tx_src.7.rx_bytes.demand_req = 0
stat.node.7.fabric.tx_src.7.rx_pkts.demand_req = 0
stat.node.6.fabric.tx_src.6.ingress_arrival_nonempty_packet_frac.write_req = 0
stat.node.6.fabric.tx_src.6.ingress_nonempty_arrival_pre_occ_avg_bytes.write_req = 0
stat.node.6.fabric.tx_src.6.ingress_nonempty_arrival_pre_occ_max_bytes.write_req = 0
stat.node.6.fabric.tx_src.6.ingress_wait_avg_cycles.write_req = 0
stat.node.6.fabric.tx_src.6.ingress_queue_wait_avg_cycles.write_req = 0
stat.node.6.fabric.tx_src.6.ingress_queue_wait_after_nonempty_arrival_avg_cycles.write_req = 0
stat.node.7.fabric.tx_src.7.tx_bytes.demand_req = 167488
stat.node.7.fabric.tx_src.7.tx_pkts.demand_req = 20936
stat.node.7.fabric.tx_src.7.ingress_arrivals.demand_req = 0
stat.node.7.fabric.tx_src.7.ingress_arrival_nonempty_packet_frac.demand_req = 0
stat.node.7.fabric.tx_src.7.ingress_nonempty_arrival_pre_occ_avg_bytes.demand_req = 0
stat.node.7.fabric.tx_src.7.ingress_nonempty_arrival_pre_occ_max_bytes.demand_req = 0
stat.node.7.fabric.tx_src.7.ingress_wait_avg_cycles.demand_req = 0
stat.node.7.fabric.tx_src.7.ingress_queue_wait_avg_cycles.demand_req = 0
stat.node.7.fabric.tx_src.7.ingress_queue_wait_after_nonempty_arrival_avg_cycles.demand_req = 0
stat.node.7.fabric.tx_src.7.ingress_pre_occ_bucket.demand_req.0 = 0
stat.node.7.fabric.tx_src.7.ingress_queue_wait_bucket.demand_req.0 = 0
stat.node.6.fabric.tx_src.6.ingress_pre_occ_bucket.write_req.0 = 0
stat.node.6.fabric.tx_src.6.ingress_queue_wait_bucket.write_req.0 = 0
stat.node.6.fabric.tx_src.6.ingress_pre_occ_bucket.write_req.1_64 = 0
stat.node.6.fabric.tx_src.6.ingress_queue_wait_bucket.write_req.1_63 = 0
stat.node.6.fabric.tx_src.6.ingress_pre_occ_bucket.write_req.65_256 = 0
stat.node.6.fabric.tx_src.6.ingress_queue_wait_bucket.write_req.64_255 = 0
stat.node.6.fabric.tx_src.6.ingress_pre_occ_bucket.write_req.257_1024 = 0
stat.node.6.fabric.tx_src.6.ingress_queue_wait_bucket.write_req.256_1023 = 0
stat.node.6.fabric.tx_src.6.ingress_pre_occ_bucket.write_req.1025_4096 = 0
stat.node.7.fabric.tx_src.7.ingress_pre_occ_bucket.demand_req.1_64 = 0
stat.node.7.fabric.tx_src.7.ingress_queue_wait_bucket.demand_req.1_63 = 0
stat.node.7.fabric.tx_src.7.ingress_pre_occ_bucket.demand_req.65_256 = 0
stat.node.7.fabric.tx_src.7.ingress_queue_wait_bucket.demand_req.64_255 = 0
stat.node.7.fabric.tx_src.7.ingress_pre_occ_bucket.demand_req.257_1024 = 0
stat.node.6.fabric.tx_src.6.ingress_queue_wait_bucket.write_req.1024_4095 = 0
stat.node.6.fabric.tx_src.6.ingress_pre_occ_bucket.write_req.4097_plus = 0
stat.node.6.fabric.tx_src.6.ingress_queue_wait_bucket.write_req.4096_plus = 0
stat.node.6.fabric.tx_src.6.rx_bytes.other_req = 0
stat.node.6.fabric.tx_src.6.rx_pkts.other_req = 0
stat.node.6.fabric.tx_src.6.tx_bytes.other_req = 160
stat.node.6.fabric.tx_src.6.tx_pkts.other_req = 20
stat.node.6.fabric.tx_src.6.ingress_arrivals.other_req = 0
stat.node.6.fabric.tx_src.6.ingress_arrival_nonempty_packet_frac.other_req = 0
stat.node.6.fabric.tx_src.6.ingress_nonempty_arrival_pre_occ_avg_bytes.other_req = 0
stat.node.6.fabric.tx_src.6.ingress_nonempty_arrival_pre_occ_max_bytes.other_req = 0
stat.node.6.fabric.tx_src.6.ingress_wait_avg_cycles.other_req = 0
stat.node.6.fabric.tx_src.6.ingress_queue_wait_avg_cycles.other_req = 0
stat.node.7.fabric.tx_src.7.ingress_queue_wait_bucket.demand_req.256_1023 = 0
stat.node.7.fabric.tx_src.7.ingress_pre_occ_bucket.demand_req.1025_4096 = 0
stat.node.7.fabric.tx_src.7.ingress_queue_wait_bucket.demand_req.1024_4095 = 0
stat.node.7.fabric.tx_src.7.ingress_pre_occ_bucket.demand_req.4097_plus = 0
stat.node.7.fabric.tx_src.7.ingress_queue_wait_bucket.demand_req.4096_plus = 0
stat.node.7.fabric.tx_src.7.rx_bytes.write_req = 0
stat.node.7.fabric.tx_src.7.rx_pkts.write_req = 0
stat.node.7.fabric.tx_src.7.tx_bytes.write_req = 337280
stat.node.6.fabric.tx_src.6.ingress_queue_wait_after_nonempty_arrival_avg_cycles.other_req = 0
stat.node.6.fabric.tx_src.6.ingress_pre_occ_bucket.other_req.0 = 0
stat.node.6.fabric.tx_src.6.ingress_queue_wait_bucket.other_req.0 = 0
stat.node.6.fabric.tx_src.6.ingress_pre_occ_bucket.other_req.1_64 = 0
stat.node.6.fabric.tx_src.6.ingress_queue_wait_bucket.other_req.1_63 = 0
stat.node.6.fabric.tx_src.6.ingress_pre_occ_bucket.other_req.65_256 = 0
stat.node.6.fabric.tx_src.6.ingress_queue_wait_bucket.other_req.64_255 = 0
stat.node.6.fabric.tx_src.6.ingress_pre_occ_bucket.other_req.257_1024 = 0
stat.node.7.fabric.tx_src.7.tx_pkts.write_req = 5270
stat.node.7.fabric.tx_src.7.ingress_arrivals.write_req = 0
stat.node.7.fabric.tx_src.7.ingress_arrival_nonempty_packet_frac.write_req = 0
stat.node.7.fabric.tx_src.7.ingress_nonempty_arrival_pre_occ_avg_bytes.write_req = 0
stat.node.7.fabric.tx_src.7.ingress_nonempty_arrival_pre_occ_max_bytes.write_req = 0
stat.node.7.fabric.tx_src.7.ingress_wait_avg_cycles.write_req = 0
stat.node.7.fabric.tx_src.7.ingress_queue_wait_avg_cycles.write_req = 0
stat.node.7.fabric.tx_src.7.ingress_queue_wait_after_nonempty_arrival_avg_cycles.write_req = 0
stat.node.7.fabric.tx_src.7.ingress_pre_occ_bucket.write_req.0 = 0
stat.node.6.fabric.tx_src.6.ingress_queue_wait_bucket.other_req.256_1023 = 0
stat.node.6.fabric.tx_src.6.ingress_pre_occ_bucket.other_req.1025_4096 = 0
stat.node.6.fabric.tx_src.6.ingress_queue_wait_bucket.other_req.1024_4095 = 0
stat.node.6.fabric.tx_src.6.ingress_pre_occ_bucket.other_req.4097_plus = 0
stat.node.6.fabric.tx_src.6.ingress_queue_wait_bucket.other_req.4096_plus = 0
stat.node.6.fabric.tx_dst.100.rx_bytes.demand_req = 0
stat.node.7.fabric.tx_src.7.ingress_queue_wait_bucket.write_req.0 = 0
stat.node.7.fabric.tx_src.7.ingress_pre_occ_bucket.write_req.1_64 = 0
stat.node.7.fabric.tx_src.7.ingress_queue_wait_bucket.write_req.1_63 = 0
stat.node.7.fabric.tx_src.7.ingress_pre_occ_bucket.write_req.65_256 = 0
stat.node.7.fabric.tx_src.7.ingress_queue_wait_bucket.write_req.64_255 = 0
stat.node.7.fabric.tx_src.7.ingress_pre_occ_bucket.write_req.257_1024 = 0
stat.node.7.fabric.tx_src.7.ingress_queue_wait_bucket.write_req.256_1023 = 0
stat.node.7.fabric.tx_src.7.ingress_pre_occ_bucket.write_req.1025_4096 = 0
stat.node.6.fabric.tx_dst.100.rx_pkts.demand_req = 0
stat.node.6.fabric.tx_dst.100.tx_bytes.demand_req = 167488
stat.node.6.fabric.tx_dst.100.tx_pkts.demand_req = 20936
stat.node.6.fabric.tx_dst.100.ingress_arrivals.demand_req = 0
stat.node.6.fabric.tx_dst.100.ingress_arrival_nonempty_packet_frac.demand_req = 0
stat.node.7.fabric.tx_src.7.ingress_queue_wait_bucket.write_req.1024_4095 = 0
stat.node.7.fabric.tx_src.7.ingress_pre_occ_bucket.write_req.4097_plus = 0
stat.node.7.fabric.tx_src.7.ingress_queue_wait_bucket.write_req.4096_plus = 0
stat.node.7.fabric.tx_src.7.rx_bytes.other_req = 0
stat.node.7.fabric.tx_src.7.rx_pkts.other_req = 0
stat.node.7.fabric.tx_src.7.tx_bytes.other_req = 160
stat.node.6.fabric.tx_dst.100.ingress_nonempty_arrival_pre_occ_avg_bytes.demand_req = 0
stat.node.6.fabric.tx_dst.100.ingress_nonempty_arrival_pre_occ_max_bytes.demand_req = 0
stat.node.6.fabric.tx_dst.100.ingress_wait_avg_cycles.demand_req = 0
stat.node.6.fabric.tx_dst.100.ingress_queue_wait_avg_cycles.demand_req = 0
stat.node.6.fabric.tx_dst.100.ingress_queue_wait_after_nonempty_arrival_avg_cycles.demand_req = 0
stat.node.6.fabric.tx_dst.100.ingress_pre_occ_bucket.demand_req.0 = 0
stat.node.7.fabric.tx_src.7.tx_pkts.other_req = 20
stat.node.7.fabric.tx_src.7.ingress_arrivals.other_req = 0
stat.node.7.fabric.tx_src.7.ingress_arrival_nonempty_packet_frac.other_req = 0
stat.node.7.fabric.tx_src.7.ingress_nonempty_arrival_pre_occ_avg_bytes.other_req = 0
stat.node.7.fabric.tx_src.7.ingress_nonempty_arrival_pre_occ_max_bytes.other_req = 0
stat.node.7.fabric.tx_src.7.ingress_wait_avg_cycles.other_req = 0
stat.node.7.fabric.tx_src.7.ingress_queue_wait_avg_cycles.other_req = 0
stat.node.6.fabric.tx_dst.100.ingress_queue_wait_bucket.demand_req.0 = 0
stat.node.6.fabric.tx_dst.100.ingress_pre_occ_bucket.demand_req.1_64 = 0
stat.node.6.fabric.tx_dst.100.ingress_queue_wait_bucket.demand_req.1_63 = 0
stat.node.6.fabric.tx_dst.100.ingress_pre_occ_bucket.demand_req.65_256 = 0
stat.node.6.fabric.tx_dst.100.ingress_queue_wait_bucket.demand_req.64_255 = 0
stat.node.6.fabric.tx_dst.100.ingress_pre_occ_bucket.demand_req.257_1024 = 0
stat.node.6.fabric.tx_dst.100.ingress_queue_wait_bucket.demand_req.256_1023 = 0
stat.node.6.fabric.tx_dst.100.ingress_pre_occ_bucket.demand_req.1025_4096 = 0
stat.node.7.fabric.tx_src.7.ingress_queue_wait_after_nonempty_arrival_avg_cycles.other_req = 0
stat.node.7.fabric.tx_src.7.ingress_pre_occ_bucket.other_req.0 = 0
stat.node.7.fabric.tx_src.7.ingress_queue_wait_bucket.other_req.0 = 0
stat.node.7.fabric.tx_src.7.ingress_pre_occ_bucket.other_req.1_64 = 0
stat.node.7.fabric.tx_src.7.ingress_queue_wait_bucket.other_req.1_63 = 0
stat.node.7.fabric.tx_src.7.ingress_pre_occ_bucket.other_req.65_256 = 0
stat.node.6.fabric.tx_dst.100.ingress_queue_wait_bucket.demand_req.1024_4095 = 0
stat.node.6.fabric.tx_dst.100.ingress_pre_occ_bucket.demand_req.4097_plus = 0
stat.node.6.fabric.tx_dst.100.ingress_queue_wait_bucket.demand_req.4096_plus = 0
stat.node.6.fabric.tx_dst.100.rx_bytes.write_req = 0
stat.node.6.fabric.tx_dst.100.rx_pkts.write_req = 0
stat.node.6.fabric.tx_dst.100.tx_bytes.write_req = 337280
stat.node.6.fabric.tx_dst.100.tx_pkts.write_req = 5270
stat.node.6.fabric.tx_dst.100.ingress_arrivals.write_req = 0
stat.node.6.fabric.tx_dst.100.ingress_arrival_nonempty_packet_frac.write_req = 0
stat.node.6.fabric.tx_dst.100.ingress_nonempty_arrival_pre_occ_avg_bytes.write_req = 0
stat.node.6.fabric.tx_dst.100.ingress_nonempty_arrival_pre_occ_max_bytes.write_req = 0
stat.node.7.fabric.tx_src.7.ingress_queue_wait_bucket.other_req.64_255 = 0
stat.node.7.fabric.tx_src.7.ingress_pre_occ_bucket.other_req.257_1024 = 0
stat.node.7.fabric.tx_src.7.ingress_queue_wait_bucket.other_req.256_1023 = 0
stat.node.7.fabric.tx_src.7.ingress_pre_occ_bucket.other_req.1025_4096 = 0
stat.node.7.fabric.tx_src.7.ingress_queue_wait_bucket.other_req.1024_4095 = 0
stat.node.7.fabric.tx_src.7.ingress_pre_occ_bucket.other_req.4097_plus = 0
stat.node.7.fabric.tx_src.7.ingress_queue_wait_bucket.other_req.4096_plus = 0
stat.node.7.fabric.tx_dst.100.rx_bytes.demand_req = 0
stat.node.7.fabric.tx_dst.100.rx_pkts.demand_req = 0
stat.node.6.fabric.tx_dst.100.ingress_wait_avg_cycles.write_req = 0
stat.node.6.fabric.tx_dst.100.ingress_queue_wait_avg_cycles.write_req = 0
stat.node.6.fabric.tx_dst.100.ingress_queue_wait_after_nonempty_arrival_avg_cycles.write_req = 0
stat.node.6.fabric.tx_dst.100.ingress_pre_occ_bucket.write_req.0 = 0
stat.node.7.fabric.tx_dst.100.tx_bytes.demand_req = 167488
stat.node.7.fabric.tx_dst.100.tx_pkts.demand_req = 20936
stat.node.7.fabric.tx_dst.100.ingress_arrivals.demand_req = 0
stat.node.6.fabric.tx_dst.100.ingress_queue_wait_bucket.write_req.0 = 0
stat.node.6.fabric.tx_dst.100.ingress_pre_occ_bucket.write_req.1_64 = 0
stat.node.6.fabric.tx_dst.100.ingress_queue_wait_bucket.write_req.1_63 = 0
stat.node.6.fabric.tx_dst.100.ingress_pre_occ_bucket.write_req.65_256 = 0
stat.node.6.fabric.tx_dst.100.ingress_queue_wait_bucket.write_req.64_255 = 0
stat.node.6.fabric.tx_dst.100.ingress_pre_occ_bucket.write_req.257_1024 = 0
stat.node.6.fabric.tx_dst.100.ingress_queue_wait_bucket.write_req.256_1023 = 0
stat.node.6.fabric.tx_dst.100.ingress_pre_occ_bucket.write_req.1025_4096 = 0
stat.node.7.fabric.tx_dst.100.ingress_arrival_nonempty_packet_frac.demand_req = 0
stat.node.7.fabric.tx_dst.100.ingress_nonempty_arrival_pre_occ_avg_bytes.demand_req = 0
stat.node.7.fabric.tx_dst.100.ingress_nonempty_arrival_pre_occ_max_bytes.demand_req = 0
stat.node.7.fabric.tx_dst.100.ingress_wait_avg_cycles.demand_req = 0
stat.node.7.fabric.tx_dst.100.ingress_queue_wait_avg_cycles.demand_req = 0
stat.node.7.fabric.tx_dst.100.ingress_queue_wait_after_nonempty_arrival_avg_cycles.demand_req = 0
stat.node.7.fabric.tx_dst.100.ingress_pre_occ_bucket.demand_req.0 = 0
stat.node.7.fabric.tx_dst.100.ingress_queue_wait_bucket.demand_req.0 = 0
stat.node.6.fabric.tx_dst.100.ingress_queue_wait_bucket.write_req.1024_4095 = 0
stat.node.6.fabric.tx_dst.100.ingress_pre_occ_bucket.write_req.4097_plus = 0
stat.node.6.fabric.tx_dst.100.ingress_queue_wait_bucket.write_req.4096_plus = 0
stat.node.6.fabric.tx_dst.100.rx_bytes.other_req = 0
stat.node.6.fabric.tx_dst.100.rx_pkts.other_req = 0
stat.node.6.fabric.tx_dst.100.tx_bytes.other_req = 160
stat.node.6.fabric.tx_dst.100.tx_pkts.other_req = 20
stat.node.7.fabric.tx_dst.100.ingress_pre_occ_bucket.demand_req.1_64 = 0
stat.node.7.fabric.tx_dst.100.ingress_queue_wait_bucket.demand_req.1_63 = 0
stat.node.7.fabric.tx_dst.100.ingress_pre_occ_bucket.demand_req.65_256 = 0
stat.node.7.fabric.tx_dst.100.ingress_queue_wait_bucket.demand_req.64_255 = 0
stat.node.7.fabric.tx_dst.100.ingress_pre_occ_bucket.demand_req.257_1024 = 0
stat.node.7.fabric.tx_dst.100.ingress_queue_wait_bucket.demand_req.256_1023 = 0
stat.node.6.fabric.tx_dst.100.ingress_arrivals.other_req = 0
stat.node.6.fabric.tx_dst.100.ingress_arrival_nonempty_packet_frac.other_req = 0
stat.node.6.fabric.tx_dst.100.ingress_nonempty_arrival_pre_occ_avg_bytes.other_req = 0
stat.node.6.fabric.tx_dst.100.ingress_nonempty_arrival_pre_occ_max_bytes.other_req = 0
stat.node.6.fabric.tx_dst.100.ingress_wait_avg_cycles.other_req = 0
stat.node.6.fabric.tx_dst.100.ingress_queue_wait_avg_cycles.other_req = 0
stat.node.6.fabric.tx_dst.100.ingress_queue_wait_after_nonempty_arrival_avg_cycles.other_req = 0
stat.node.6.fabric.tx_dst.100.ingress_pre_occ_bucket.other_req.0 = 0
stat.node.7.fabric.tx_dst.100.ingress_pre_occ_bucket.demand_req.1025_4096 = 0
stat.node.7.fabric.tx_dst.100.ingress_queue_wait_bucket.demand_req.1024_4095 = 0
stat.node.7.fabric.tx_dst.100.ingress_pre_occ_bucket.demand_req.4097_plus = 0
stat.node.7.fabric.tx_dst.100.ingress_queue_wait_bucket.demand_req.4096_plus = 0
stat.node.7.fabric.tx_dst.100.rx_bytes.write_req = 0
stat.node.7.fabric.tx_dst.100.rx_pkts.write_req = 0
stat.node.7.fabric.tx_dst.100.tx_bytes.write_req = 337280
stat.node.6.fabric.tx_dst.100.ingress_queue_wait_bucket.other_req.0 = 0
stat.node.7.fabric.tx_dst.100.tx_pkts.write_req = 5270
stat.node.7.fabric.tx_dst.100.ingress_arrivals.write_req = 0
stat.node.6.fabric.tx_dst.100.ingress_pre_occ_bucket.other_req.1_64 = 0
stat.node.6.fabric.tx_dst.100.ingress_queue_wait_bucket.other_req.1_63 = 0
stat.node.6.fabric.tx_dst.100.ingress_pre_occ_bucket.other_req.65_256 = 0
stat.node.6.fabric.tx_dst.100.ingress_queue_wait_bucket.other_req.64_255 = 0
stat.node.6.fabric.tx_dst.100.ingress_pre_occ_bucket.other_req.257_1024 = 0
stat.node.6.fabric.tx_dst.100.ingress_queue_wait_bucket.other_req.256_1023 = 0
stat.node.6.fabric.tx_dst.100.ingress_pre_occ_bucket.other_req.1025_4096 = 0
stat.node.7.fabric.tx_dst.100.ingress_arrival_nonempty_packet_frac.write_req = 0
stat.node.7.fabric.tx_dst.100.ingress_nonempty_arrival_pre_occ_avg_bytes.write_req = 0
stat.node.7.fabric.tx_dst.100.ingress_nonempty_arrival_pre_occ_max_bytes.write_req = 0
stat.node.7.fabric.tx_dst.100.ingress_wait_avg_cycles.write_req = 0
stat.node.7.fabric.tx_dst.100.ingress_queue_wait_avg_cycles.write_req = 0
stat.node.7.fabric.tx_dst.100.ingress_queue_wait_after_nonempty_arrival_avg_cycles.write_req = 0
stat.node.6.fabric.tx_dst.100.ingress_queue_wait_bucket.other_req.1024_4095 = 0
stat.node.6.fabric.tx_dst.100.ingress_pre_occ_bucket.other_req.4097_plus = 0
stat.node.6.fabric.tx_dst.100.ingress_queue_wait_bucket.other_req.4096_plus = 0
stat.node.6.walltime_s = 109.203
stat.node.6.active_time_s = 46.8938
stat.node.7.fabric.tx_dst.100.ingress_pre_occ_bucket.write_req.0 = 0
stat.node.7.fabric.tx_dst.100.ingress_queue_wait_bucket.write_req.0 = 0
stat.node.7.fabric.tx_dst.100.ingress_pre_occ_bucket.write_req.1_64 = 0
stat.node.7.fabric.tx_dst.100.ingress_queue_wait_bucket.write_req.1_63 = 0
stat.node.7.fabric.tx_dst.100.ingress_pre_occ_bucket.write_req.65_256 = 0
stat.node.7.fabric.tx_dst.100.ingress_queue_wait_bucket.write_req.64_255 = 0
stat.node.7.fabric.tx_dst.100.ingress_pre_occ_bucket.write_req.257_1024 = 0
stat.node.7.fabric.tx_dst.100.ingress_queue_wait_bucket.write_req.256_1023 = 0
stat.node.7.fabric.tx_dst.100.ingress_pre_occ_bucket.write_req.1025_4096 = 0
stat.node.7.fabric.tx_dst.100.ingress_queue_wait_bucket.write_req.1024_4095 = 0
stat.node.7.fabric.tx_dst.100.ingress_pre_occ_bucket.write_req.4097_plus = 0
stat.node.7.fabric.tx_dst.100.ingress_queue_wait_bucket.write_req.4096_plus = 0
stat.node.7.fabric.tx_dst.100.rx_bytes.other_req = 0
stat.node.7.fabric.tx_dst.100.rx_pkts.other_req = 0
stat.node.7.fabric.tx_dst.100.tx_bytes.other_req = 160
stat.node.7.fabric.tx_dst.100.tx_pkts.other_req = 20
stat.node.7.fabric.tx_dst.100.ingress_arrivals.other_req = 0
stat.node.7.fabric.tx_dst.100.ingress_arrival_nonempty_packet_frac.other_req = 0
stat.node.7.fabric.tx_dst.100.ingress_nonempty_arrival_pre_occ_avg_bytes.other_req = 0
stat.node.7.fabric.tx_dst.100.ingress_nonempty_arrival_pre_occ_max_bytes.other_req = 0
stat.node.7.fabric.tx_dst.100.ingress_wait_avg_cycles.other_req = 0
stat.node.7.fabric.tx_dst.100.ingress_queue_wait_avg_cycles.other_req = 0
stat.node.7.fabric.tx_dst.100.ingress_queue_wait_after_nonempty_arrival_avg_cycles.other_req = 0
stat.node.7.fabric.tx_dst.100.ingress_pre_occ_bucket.other_req.0 = 0
stat.node.7.fabric.tx_dst.100.ingress_queue_wait_bucket.other_req.0 = 0
stat.node.7.fabric.tx_dst.100.ingress_pre_occ_bucket.other_req.1_64 = 0
stat.node.7.fabric.tx_dst.100.ingress_queue_wait_bucket.other_req.1_63 = 0
stat.node.7.fabric.tx_dst.100.ingress_pre_occ_bucket.other_req.65_256 = 0
stat.node.7.fabric.tx_dst.100.ingress_queue_wait_bucket.other_req.64_255 = 0
stat.node.7.fabric.tx_dst.100.ingress_pre_occ_bucket.other_req.257_1024 = 0
stat.node.7.fabric.tx_dst.100.ingress_queue_wait_bucket.other_req.256_1023 = 0
stat.node.7.fabric.tx_dst.100.ingress_pre_occ_bucket.other_req.1025_4096 = 0
stat.node.7.fabric.tx_dst.100.ingress_queue_wait_bucket.other_req.1024_4095 = 0
stat.node.7.fabric.tx_dst.100.ingress_pre_occ_bucket.other_req.4097_plus = 0
stat.node.7.fabric.tx_dst.100.ingress_queue_wait_bucket.other_req.4096_plus = 0
stat.node.7.walltime_s = 109.203
stat.node.7.active_time_s = 50.5774
stat.pool.101.util.mem_avg = 0.108559
stat.pool.101.util.req_link_avg = 0.283477
stat.pool.101.memq.demand.completed = 83744
stat.pool.101.memq.demand.response_completed = 83744
stat.pool.101.memq.demand.queue_wait_avg_cycles = 1.56966
stat.pool.101.memq.demand.queue_wait_max_cycles = 53
stat.pool.101.memq.demand.service_avg_cycles = 75.8016
stat.pool.101.memq.demand.service_max_cycles = 483
stat.pool.101.memq.demand.total_avg_cycles = 77.3713
stat.pool.101.memq.demand.total_max_cycles = 536
stat.pool.101.memq.demand.ahead_pkts_avg.load = 1.31248
stat.pool.101.memq.demand.ahead_pkts_max.load = 13
stat.pool.101.memq.demand.ahead_bytes_avg.load = 83.9985
stat.pool.101.memq.demand.ahead_bytes_max.load = 832
stat.pool.101.memq.demand.ahead_pkts_avg.rfo = 0.451555
stat.pool.101.memq.demand.ahead_pkts_max.rfo = 43
stat.pool.101.memq.demand.ahead_bytes_avg.rfo = 28.8995
stat.pool.101.memq.demand.ahead_bytes_max.rfo = 2752
stat.pool.101.memq.demand.ahead_pkts_avg.write = 1.23291
stat.pool.101.memq.demand.ahead_pkts_max.write = 5
stat.pool.101.memq.demand.ahead_bytes_avg.write = 78.9064
stat.pool.101.memq.demand.ahead_bytes_max.write = 320
stat.pool.101.memq.demand.ahead_pkts_avg.other = 0.00191058
stat.pool.101.memq.demand.ahead_pkts_max.other = 1
stat.pool.101.memq.demand.ahead_bytes_avg.other = 0.122277
stat.pool.101.memq.demand.ahead_bytes_max.other = 64
stat.pool.101.memq.queue_occ_avg_bytes = 133.781
stat.pool.101.memq.queue_occ_stddev_bytes = 129.618
stat.pool.101.memq.queue_occ_max_bytes = 2816
stat.pool.101.memq.queue_occ_nonempty_frac = 0.706258
stat.pool.101.memq.enqueue_burst_avg_pkts = 1
stat.pool.101.memq.enqueue_burst_stddev_pkts = 0
stat.pool.101.memq.enqueue_burst_max_pkts = 1
stat.pool.101.memq.complete_burst_avg_pkts = 1.00012
stat.pool.101.memq.complete_burst_stddev_pkts = 0.0109118
stat.pool.101.memq.complete_burst_max_pkts = 2
stat.pool.101.memq.queue_occ_avg_bytes.load = 71.5418
stat.pool.101.memq.queue_occ_max_bytes.load = 896
stat.pool.101.memq.queue_occ_avg_pkts.load = 1.11784
stat.pool.101.memq.queue_occ_max_pkts.load = 14
stat.pool.101.memq.enqueue_burst_avg_pkts.load = 0.533287
stat.pool.101.memq.enqueue_burst_max_pkts.load = 1
stat.pool.101.memq.complete_burst_avg_pkts.load = 0.533355
stat.pool.101.memq.complete_burst_max_pkts.load = 2
stat.pool.101.memq.queue_occ_avg_bytes.rfo = 17.792
stat.pool.101.memq.queue_occ_max_bytes.rfo = 2816
stat.pool.101.memq.queue_occ_avg_pkts.rfo = 0.278
stat.pool.101.memq.queue_occ_max_pkts.rfo = 44
stat.pool.101.memq.enqueue_burst_avg_pkts.rfo = 0.131448
stat.pool.101.memq.enqueue_burst_max_pkts.rfo = 1
stat.pool.101.memq.complete_burst_avg_pkts.rfo = 0.131465
stat.pool.101.memq.complete_burst_max_pkts.rfo = 1
stat.pool.101.memq.queue_occ_avg_bytes.write = 44.361
stat.pool.101.memq.queue_occ_max_bytes.write = 320
stat.pool.100.util.mem_avg = 0.108559
stat.pool.100.util.req_link_avg = 0.283477
stat.pool.100.memq.demand.completed = 83744
stat.pool.100.memq.demand.response_completed = 83744
stat.pool.100.memq.demand.queue_wait_avg_cycles = 1.56966
stat.pool.100.memq.demand.queue_wait_max_cycles = 53
stat.pool.100.memq.demand.service_avg_cycles = 75.8016
stat.pool.100.memq.demand.service_max_cycles = 483
stat.pool.101.memq.queue_occ_avg_pkts.write = 0.693141
stat.pool.101.memq.queue_occ_max_pkts.write = 5
stat.pool.101.memq.enqueue_burst_avg_pkts.write = 0.33463
stat.pool.101.memq.enqueue_burst_max_pkts.write = 1
stat.pool.101.memq.complete_burst_avg_pkts.write = 0.334664
stat.pool.101.memq.complete_burst_max_pkts.write = 1
stat.pool.101.memq.queue_occ_avg_bytes.other = 0.0860748
stat.pool.101.memq.queue_occ_max_bytes.other = 64
stat.pool.101.memq.queue_occ_avg_pkts.other = 0.00134492
stat.pool.101.memq.queue_occ_max_pkts.other = 1
stat.pool.100.memq.demand.total_avg_cycles = 77.3713
stat.pool.100.memq.demand.total_max_cycles = 536
stat.pool.100.memq.demand.ahead_pkts_avg.load = 1.31248
stat.pool.100.memq.demand.ahead_pkts_max.load = 13
stat.pool.100.memq.demand.ahead_bytes_avg.load = 83.9985
stat.pool.100.memq.demand.ahead_bytes_max.load = 832
stat.pool.100.memq.demand.ahead_pkts_avg.rfo = 0.451555
stat.pool.100.memq.demand.ahead_pkts_max.rfo = 43
stat.pool.100.memq.demand.ahead_bytes_avg.rfo = 28.8995
stat.pool.100.memq.demand.ahead_bytes_max.rfo = 2752
stat.pool.100.memq.demand.ahead_pkts_avg.write = 1.23291
stat.pool.100.memq.demand.ahead_pkts_max.write = 5
stat.pool.100.memq.demand.ahead_bytes_avg.write = 78.9064
stat.pool.100.memq.demand.ahead_bytes_max.write = 320
stat.pool.100.memq.demand.ahead_pkts_avg.other = 0.00191058
stat.pool.100.memq.demand.ahead_pkts_max.other = 1
stat.pool.100.memq.demand.ahead_bytes_avg.other = 0.122277
stat.pool.100.memq.demand.ahead_bytes_max.other = 64
stat.pool.100.memq.queue_occ_avg_bytes = 133.781
stat.pool.100.memq.queue_occ_stddev_bytes = 129.618
stat.pool.100.memq.queue_occ_max_bytes = 2816
stat.pool.100.memq.queue_occ_nonempty_frac = 0.706258
stat.pool.100.memq.enqueue_burst_avg_pkts = 1
stat.pool.100.memq.enqueue_burst_stddev_pkts = 0
stat.pool.100.memq.enqueue_burst_max_pkts = 1
stat.pool.100.memq.complete_burst_avg_pkts = 1.00012
stat.pool.100.memq.complete_burst_stddev_pkts = 0.0109118
stat.pool.100.memq.complete_burst_max_pkts = 2
stat.pool.100.memq.queue_occ_avg_bytes.load = 71.5418
stat.pool.100.memq.queue_occ_max_bytes.load = 896
stat.pool.100.memq.queue_occ_avg_pkts.load = 1.11784
stat.pool.100.memq.queue_occ_max_pkts.load = 14
stat.pool.100.memq.enqueue_burst_avg_pkts.load = 0.533287
stat.pool.100.memq.enqueue_burst_max_pkts.load = 1
stat.pool.100.memq.complete_burst_avg_pkts.load = 0.533355
stat.pool.100.memq.complete_burst_max_pkts.load = 2
stat.pool.100.memq.queue_occ_avg_bytes.rfo = 17.792
stat.pool.100.memq.queue_occ_max_bytes.rfo = 2816
stat.pool.100.memq.queue_occ_avg_pkts.rfo = 0.278
stat.pool.100.memq.queue_occ_max_pkts.rfo = 44
stat.pool.100.memq.enqueue_burst_avg_pkts.rfo = 0.131448
stat.pool.100.memq.enqueue_burst_max_pkts.rfo = 1
stat.pool.100.memq.complete_burst_avg_pkts.rfo = 0.131465
stat.pool.100.memq.complete_burst_max_pkts.rfo = 1
stat.pool.100.memq.queue_occ_avg_bytes.write = 44.361
stat.pool.100.memq.queue_occ_max_bytes.write = 320
stat.pool.100.memq.queue_occ_avg_pkts.write = 0.693141
stat.pool.100.memq.queue_occ_max_pkts.write = 5
stat.pool.100.memq.enqueue_burst_avg_pkts.write = 0.33463
stat.pool.100.memq.enqueue_burst_max_pkts.write = 1
stat.pool.100.memq.complete_burst_avg_pkts.write = 0.334664
stat.pool.100.memq.complete_burst_max_pkts.write = 1
stat.pool.100.memq.queue_occ_avg_bytes.other = 0.0860748
stat.pool.100.memq.queue_occ_max_bytes.other = 64
stat.pool.100.memq.queue_occ_avg_pkts.other = 0.00134492
stat.pool.100.memq.queue_occ_max_pkts.other = 1
stat.pool.100.memq.enqueue_burst_avg_pkts.other = 0.000635016
stat.pool.100.memq.enqueue_burst_max_pkts.other = 1
stat.pool.100.memq.complete_burst_avg_pkts.other = 0.000635097
stat.pool.100.memq.complete_burst_max_pkts.other = 1
stat.pool.100.memq.load.completed = 67184
stat.pool.100.memq.load.response_completed = 67184
stat.pool.100.memq.load.queue_wait_avg_cycles = 1.55798
stat.pool.100.memq.load.queue_wait_max_cycles = 12
stat.pool.100.memq.load.service_avg_cycles = 75.6766
stat.pool.100.memq.load.service_max_cycles = 123
stat.pool.100.memq.load.total_avg_cycles = 77.2346
stat.pool.100.memq.load.total_max_cycles = 135
stat.pool.100.memq.load.ahead_pkts_avg.load = 1.37049
stat.pool.100.memq.load.ahead_pkts_max.load = 13
stat.pool.100.memq.load.ahead_bytes_avg.load = 87.7114
stat.pool.100.memq.load.ahead_bytes_max.load = 832
stat.pool.101.memq.enqueue_burst_avg_pkts.other = 0.000635016
stat.pool.101.memq.enqueue_burst_max_pkts.other = 1
stat.pool.101.memq.complete_burst_avg_pkts.other = 0.000635097
stat.pool.101.memq.complete_burst_max_pkts.other = 1
stat.pool.101.memq.load.completed = 67184
stat.pool.101.memq.load.response_completed = 67184
stat.pool.101.memq.load.queue_wait_avg_cycles = 1.55798
stat.pool.101.memq.load.queue_wait_max_cycles = 12
stat.pool.101.memq.load.service_avg_cycles = 75.6766
stat.pool.101.memq.load.service_max_cycles = 123
stat.pool.101.memq.load.total_avg_cycles = 77.2346
stat.pool.101.memq.load.total_max_cycles = 135
stat.pool.101.memq.load.ahead_pkts_avg.load = 1.37049
stat.pool.101.memq.load.ahead_pkts_max.load = 13
stat.pool.101.memq.load.ahead_bytes_avg.load = 87.7114
stat.pool.101.memq.load.ahead_bytes_max.load = 832
stat.pool.101.memq.load.ahead_pkts_avg.rfo = 0.44332
stat.pool.101.memq.load.ahead_pkts_max.rfo = 9
stat.pool.101.memq.load.ahead_bytes_avg.rfo = 28.3725
stat.pool.101.memq.load.ahead_bytes_max.rfo = 576
stat.pool.101.memq.load.ahead_pkts_avg.write = 1.22343
stat.pool.101.memq.load.ahead_pkts_max.write = 5
stat.pool.101.memq.load.ahead_bytes_avg.write = 78.2996
stat.pool.101.memq.load.ahead_bytes_max.write = 320
stat.pool.101.memq.load.ahead_pkts_avg.other = 0.00186056
stat.pool.101.memq.load.ahead_pkts_max.other = 1
stat.pool.101.memq.load.ahead_bytes_avg.other = 0.119076
stat.pool.101.memq.load.ahead_bytes_max.other = 64
stat.pool.101.respq.load.attempted = 67184
stat.pool.101.respq.load.completed = 67184
stat.pool.101.respq.load.can_send_blocked = 0
stat.pool.101.respq.load.send_failed = 0
stat.pool.101.respq.load.wait_avg_cycles = 0
stat.pool.101.respq.load.wait_max_cycles = 0
stat.pool.101.memq.rfo.completed = 16560
stat.pool.101.memq.rfo.response_completed = 16560
stat.pool.101.memq.rfo.queue_wait_avg_cycles = 1.61709
stat.pool.101.memq.rfo.queue_wait_max_cycles = 53
stat.pool.101.memq.rfo.service_avg_cycles = 76.3087
stat.pool.101.memq.rfo.service_max_cycles = 483
stat.pool.101.memq.rfo.total_avg_cycles = 77.9258
stat.pool.101.memq.rfo.total_max_cycles = 536
stat.pool.101.memq.rfo.ahead_pkts_avg.load = 1.07711
stat.pool.101.memq.rfo.ahead_pkts_max.load = 11
stat.pool.101.memq.rfo.ahead_bytes_avg.load = 68.9353
stat.pool.101.memq.rfo.ahead_bytes_max.load = 704
stat.pool.101.memq.rfo.ahead_pkts_avg.rfo = 0.484964
stat.pool.101.memq.rfo.ahead_pkts_max.rfo = 43
stat.pool.101.memq.rfo.ahead_bytes_avg.rfo = 31.0377
stat.pool.101.memq.rfo.ahead_bytes_max.rfo = 2752
stat.pool.101.memq.rfo.ahead_pkts_avg.write = 1.27138
stat.pool.101.memq.rfo.ahead_pkts_max.write = 5
stat.pool.101.memq.rfo.ahead_bytes_avg.write = 81.3681
stat.pool.101.memq.rfo.ahead_bytes_max.write = 320
stat.pool.101.memq.rfo.ahead_pkts_avg.other = 0.00211353
stat.pool.101.memq.rfo.ahead_pkts_max.other = 1
stat.pool.101.memq.rfo.ahead_bytes_avg.other = 0.135266
stat.pool.101.memq.rfo.ahead_bytes_max.other = 64
stat.pool.101.respq.rfo.attempted = 16560
stat.pool.101.respq.rfo.completed = 16560
stat.pool.101.respq.rfo.can_send_blocked = 0
stat.pool.101.respq.rfo.send_failed = 0
stat.pool.101.respq.rfo.wait_avg_cycles = 0
stat.pool.101.respq.rfo.wait_max_cycles = 0
stat.pool.101.memq.write.completed = 42156
stat.pool.101.memq.write.response_completed = 0
stat.pool.101.memq.write.queue_wait_avg_cycles = 1
stat.pool.101.memq.write.queue_wait_max_cycles = 1
stat.pool.101.memq.write.service_avg_cycles = 75.3234
stat.pool.101.memq.write.service_max_cycles = 123
stat.pool.100.memq.load.ahead_pkts_avg.rfo = 0.44332
stat.pool.100.memq.load.ahead_pkts_max.rfo = 9
stat.pool.100.memq.load.ahead_bytes_avg.rfo = 28.3725
stat.pool.100.memq.load.ahead_bytes_max.rfo = 576
stat.pool.100.memq.load.ahead_pkts_avg.write = 1.22343
stat.pool.100.memq.load.ahead_pkts_max.write = 5
stat.pool.100.memq.load.ahead_bytes_avg.write = 78.2996
stat.pool.100.memq.load.ahead_bytes_max.write = 320
stat.pool.100.memq.load.ahead_pkts_avg.other = 0.00186056
stat.pool.100.memq.load.ahead_pkts_max.other = 1
stat.pool.100.memq.load.ahead_bytes_avg.other = 0.119076
stat.pool.100.memq.load.ahead_bytes_max.other = 64
stat.pool.101.memq.write.total_avg_cycles = 76.3234
stat.pool.101.memq.write.total_max_cycles = 124
stat.pool.101.memq.write.ahead_pkts_avg.load = 0.591731
stat.pool.101.memq.write.ahead_pkts_max.load = 14
stat.pool.101.memq.write.ahead_bytes_avg.load = 37.8708
stat.pool.101.memq.write.ahead_bytes_max.load = 896
stat.pool.101.memq.write.ahead_pkts_avg.rfo = 0.130231
stat.pool.101.memq.write.ahead_pkts_max.rfo = 5
stat.pool.101.memq.write.ahead_bytes_avg.rfo = 8.33476
stat.pool.101.memq.write.ahead_bytes_max.rfo = 320
stat.pool.101.memq.write.ahead_pkts_avg.write = 1.19323
stat.pool.100.respq.load.attempted = 67184
stat.pool.100.respq.load.completed = 67184
stat.pool.100.respq.load.can_send_blocked = 0
stat.pool.100.respq.load.send_failed = 0
stat.pool.100.respq.load.wait_avg_cycles = 0
stat.pool.100.respq.load.wait_max_cycles = 0
stat.pool.100.memq.rfo.completed = 16560
stat.pool.100.memq.rfo.response_completed = 16560
stat.pool.100.memq.rfo.queue_wait_avg_cycles = 1.61709
stat.pool.100.memq.rfo.queue_wait_max_cycles = 53
stat.pool.100.memq.rfo.service_avg_cycles = 76.3087
stat.pool.100.memq.rfo.service_max_cycles = 483
stat.pool.101.memq.write.ahead_pkts_max.write = 4
stat.pool.101.memq.write.ahead_bytes_avg.write = 76.367
stat.pool.101.memq.write.ahead_bytes_max.write = 256
stat.pool.101.memq.write.ahead_pkts_avg.other = 0.000687921
stat.pool.101.memq.write.ahead_pkts_max.other = 1
stat.pool.101.memq.write.ahead_bytes_avg.other = 0.0440269
stat.pool.101.memq.write.ahead_bytes_max.other = 64
stat.pool.101.respq.write.attempted = 0
stat.pool.101.respq.write.completed = 0
stat.pool.101.respq.write.can_send_blocked = 0
stat.pool.101.respq.write.send_failed = 0
stat.pool.101.respq.write.wait_avg_cycles = 0
stat.pool.101.respq.write.wait_max_cycles = 0
stat.pool.101.memq.other.completed = 80
stat.pool.101.memq.other.response_completed = 80
stat.pool.100.memq.rfo.total_avg_cycles = 77.9258
stat.pool.100.memq.rfo.total_max_cycles = 536
stat.pool.100.memq.rfo.ahead_pkts_avg.load = 1.07711
stat.pool.100.memq.rfo.ahead_pkts_max.load = 11
stat.pool.100.memq.rfo.ahead_bytes_avg.load = 68.9353
stat.pool.100.memq.rfo.ahead_bytes_max.load = 704
stat.pool.100.memq.rfo.ahead_pkts_avg.rfo = 0.484964
stat.pool.100.memq.rfo.ahead_pkts_max.rfo = 43
stat.pool.100.memq.rfo.ahead_bytes_avg.rfo = 31.0377
stat.pool.100.memq.rfo.ahead_bytes_max.rfo = 2752
stat.pool.100.memq.rfo.ahead_pkts_avg.write = 1.27138
stat.pool.100.memq.rfo.ahead_pkts_max.write = 5
stat.pool.100.memq.rfo.ahead_bytes_avg.write = 81.3681
stat.pool.100.memq.rfo.ahead_bytes_max.write = 320
stat.pool.100.memq.rfo.ahead_pkts_avg.other = 0.00211353
stat.pool.100.memq.rfo.ahead_pkts_max.other = 1
stat.pool.100.memq.rfo.ahead_bytes_avg.other = 0.135266
stat.pool.100.memq.rfo.ahead_bytes_max.other = 64
stat.pool.101.memq.other.queue_wait_avg_cycles = 1.8375
stat.pool.101.memq.other.queue_wait_max_cycles = 7
stat.pool.101.memq.other.service_avg_cycles = 76.2
stat.pool.101.memq.other.service_max_cycles = 123
stat.pool.101.memq.other.total_avg_cycles = 78.0375
stat.pool.101.memq.other.total_max_cycles = 129
stat.pool.101.memq.other.ahead_pkts_avg.load = 1.4375
stat.pool.101.memq.other.ahead_pkts_max.load = 5
stat.pool.101.memq.other.ahead_bytes_avg.load = 92
stat.pool.101.memq.other.ahead_bytes_max.load = 320
stat.pool.101.memq.other.ahead_pkts_avg.rfo = 0.5625
stat.pool.101.memq.other.ahead_pkts_max.rfo = 3
stat.pool.100.respq.rfo.attempted = 16560
stat.pool.100.respq.rfo.completed = 16560
stat.pool.100.respq.rfo.can_send_blocked = 0
stat.pool.100.respq.rfo.send_failed = 0
stat.pool.100.respq.rfo.wait_avg_cycles = 0
stat.pool.100.respq.rfo.wait_max_cycles = 0
stat.pool.100.memq.write.completed = 42156
stat.pool.100.memq.write.response_completed = 0
stat.pool.100.memq.write.queue_wait_avg_cycles = 1
stat.pool.100.memq.write.queue_wait_max_cycles = 1
stat.pool.100.memq.write.service_avg_cycles = 75.3234
stat.pool.100.memq.write.service_max_cycles = 123
stat.pool.100.memq.write.total_avg_cycles = 76.3234
stat.pool.100.memq.write.total_max_cycles = 124
stat.pool.100.memq.write.ahead_pkts_avg.load = 0.591731
stat.pool.100.memq.write.ahead_pkts_max.load = 14
stat.pool.100.memq.write.ahead_bytes_avg.load = 37.8708
stat.pool.100.memq.write.ahead_bytes_max.load = 896
stat.pool.100.memq.write.ahead_pkts_avg.rfo = 0.130231
stat.pool.100.memq.write.ahead_pkts_max.rfo = 5
stat.pool.100.memq.write.ahead_bytes_avg.rfo = 8.33476
stat.pool.100.memq.write.ahead_bytes_max.rfo = 320
stat.pool.100.memq.write.ahead_pkts_avg.write = 1.19323
stat.pool.100.memq.write.ahead_pkts_max.write = 4
stat.pool.100.memq.write.ahead_bytes_avg.write = 76.367
stat.pool.100.memq.write.ahead_bytes_max.write = 256
stat.pool.100.memq.write.ahead_pkts_avg.other = 0.000687921
stat.pool.100.memq.write.ahead_pkts_max.other = 1
stat.pool.100.memq.write.ahead_bytes_avg.other = 0.0440269
stat.pool.100.memq.write.ahead_bytes_max.other = 64
stat.pool.100.respq.write.attempted = 0
stat.pool.100.respq.write.completed = 0
stat.pool.100.respq.write.can_send_blocked = 0
stat.pool.100.respq.write.send_failed = 0
stat.pool.100.respq.write.wait_avg_cycles = 0
stat.pool.100.respq.write.wait_max_cycles = 0
stat.pool.100.memq.other.completed = 80
stat.pool.100.memq.other.response_completed = 80
stat.pool.100.memq.other.queue_wait_avg_cycles = 1.8375
stat.pool.100.memq.other.queue_wait_max_cycles = 7
stat.pool.100.memq.other.service_avg_cycles = 76.2
stat.pool.100.memq.other.service_max_cycles = 123
stat.pool.100.memq.other.total_avg_cycles = 78.0375
stat.pool.100.memq.other.total_max_cycles = 129
stat.pool.100.memq.other.ahead_pkts_avg.load = 1.4375
stat.pool.100.memq.other.ahead_pkts_max.load = 5
stat.pool.100.memq.other.ahead_bytes_avg.load = 92
stat.pool.100.memq.other.ahead_bytes_max.load = 320
stat.pool.100.memq.other.ahead_pkts_avg.rfo = 0.5625
stat.pool.100.memq.other.ahead_pkts_max.rfo = 3
stat.pool.100.memq.other.ahead_bytes_avg.rfo = 36
stat.pool.100.memq.other.ahead_bytes_max.rfo = 192
stat.pool.100.memq.other.ahead_pkts_avg.write = 1.1125
stat.pool.100.memq.other.ahead_pkts_max.write = 3
stat.pool.100.memq.other.ahead_bytes_avg.write = 71.2
stat.pool.100.memq.other.ahead_bytes_max.write = 192
stat.pool.100.memq.other.ahead_pkts_avg.other = 0
stat.pool.101.memq.other.ahead_bytes_avg.rfo = 36
stat.pool.101.memq.other.ahead_bytes_max.rfo = 192
stat.pool.101.memq.other.ahead_pkts_avg.write = 1.1125
stat.pool.101.memq.other.ahead_pkts_max.write = 3
stat.pool.101.memq.other.ahead_bytes_avg.write = 71.2
stat.pool.101.memq.other.ahead_bytes_max.write = 192
stat.pool.101.memq.other.ahead_pkts_avg.other = 0
stat.pool.101.memq.other.ahead_pkts_max.other = 0
stat.pool.101.memq.other.ahead_bytes_avg.other = 0
stat.pool.101.memq.other.ahead_bytes_max.other = 0
stat.pool.101.respq.other.attempted = 80
stat.pool.101.respq.other.completed = 80
stat.pool.101.respq.other.can_send_blocked = 0
stat.pool.101.respq.other.send_failed = 0
stat.pool.101.respq.other.wait_avg_cycles = 0
stat.pool.101.respq.other.wait_max_cycles = 0
stat.pool.101.response.returned_burst_max_pkts = 2
stat.pool.101.response.returned_burst_avg_pkts = 1.00004
stat.pool.101.response.returned_burst_stddev_pkts = 0.00598241
stat.pool.101.response.returned_nonempty_frac = 0.0180574
stat.pool.101.response.sent_burst_max_pkts = 2
stat.pool.101.response.sent_burst_avg_pkts = 1.00004
stat.pool.101.response.sent_burst_stddev_pkts = 0.00598241
stat.pool.101.response.sent_nonempty_frac = 0.0180574
stat.pool.101.response.blocked_cycles = 0
stat.pool.101.response.blocked_avg_pending_pkts = 0
stat.pool.101.response.blocked_max_pending_pkts = 0
stat.pool.101.response.returned_occ_avg_pkts = 0.0180581
stat.pool.101.response.returned_occ_stddev_pkts = 0.133166
stat.pool.101.response.returned_occ_max_pkts = 2
stat.pool.101.response.pending_occ_avg = 1.41524
stat.pool.101.response.pending_occ_stddev = 1.6731
stat.pool.101.response.pending_occ_max = 45
stat.pool.101.request.accept_src.distinct_avg = 1
stat.pool.101.request.accept_src.distinct_max = 1
stat.pool.101.request.accept_src.nonempty_frac = 0.0271399
stat.pool.101.request.blocked_src.distinct_avg = 0
stat.pool.101.request.blocked_src.distinct_max = 0
stat.pool.101.request.blocked_src.nonempty_frac = 0
stat.pool.101.pending.src.distinct_avg = 1.06231
stat.pool.101.pending.src.distinct_max = 4
stat.pool.101.pending.src.nonempty_frac = 0.582879
stat.pool.101.pending.ready_src.distinct_avg = 0
stat.pool.101.pending.ready_src.distinct_max = 0
stat.pool.101.pending.ready_src.nonempty_frac = 0
stat.pool.101.response.ready_src.distinct_avg = 1
stat.pool.101.response.ready_src.distinct_max = 1
stat.pool.101.response.ready_src.nonempty_frac = 0.0180574
stat.pool.101.response.sent_dst.distinct_avg = 1
stat.pool.101.response.sent_dst.distinct_max = 1
stat.pool.101.response.sent_dst.nonempty_frac = 0.0180574
stat.pool.101.node.0.pending_occ_avg = 0
stat.pool.101.node.0.pending_occ_max = 0
stat.pool.101.node.0.ready_occ_avg = 0
stat.pool.101.node.0.ready_occ_max = 0
stat.pool.101.node.0.pending_age_avg_cycles = 0
stat.pool.101.node.0.pending_age_max_cycles = 0
stat.pool.101.node.0.ready_age_avg_cycles = 0
stat.pool.101.node.0.ready_age_max_cycles = 0
stat.pool.101.node.0.request_enqueued.load = 0
stat.pool.101.node.0.request_blocked.load = 0
stat.pool.100.memq.other.ahead_pkts_max.other = 0
stat.pool.100.memq.other.ahead_bytes_avg.other = 0
stat.pool.100.memq.other.ahead_bytes_max.other = 0
stat.pool.100.respq.other.attempted = 80
stat.pool.100.respq.other.completed = 80
stat.pool.100.respq.other.can_send_blocked = 0
stat.pool.100.respq.other.send_failed = 0
stat.pool.100.respq.other.wait_avg_cycles = 0
stat.pool.100.respq.other.wait_max_cycles = 0
stat.pool.101.node.0.response_ready.load = 0
stat.pool.101.node.0.response_sent.load = 0
stat.pool.101.node.0.response_blocked.load = 0
stat.pool.101.node.0.pending_occ_avg.load = 0
stat.pool.101.node.0.pending_occ_max.load = 0
stat.pool.100.response.returned_burst_max_pkts = 2
stat.pool.100.response.returned_burst_avg_pkts = 1.00004
stat.pool.100.response.returned_burst_stddev_pkts = 0.00598241
stat.pool.100.response.returned_nonempty_frac = 0.0180574
stat.pool.100.response.sent_burst_max_pkts = 2
stat.pool.100.response.sent_burst_avg_pkts = 1.00004
stat.pool.100.response.sent_burst_stddev_pkts = 0.00598241
stat.pool.100.response.sent_nonempty_frac = 0.0180574
stat.pool.100.response.blocked_cycles = 0
stat.pool.100.response.blocked_avg_pending_pkts = 0
stat.pool.100.response.blocked_max_pending_pkts = 0
stat.pool.100.response.returned_occ_avg_pkts = 0.0180581
stat.pool.101.node.0.ready_occ_avg.load = 0
stat.pool.101.node.0.ready_occ_max.load = 0
stat.pool.101.node.0.mem_ready_avg_cycles.load = 0
stat.pool.101.node.0.mem_ready_max_cycles.load = 0
stat.pool.101.node.0.response_wait_avg_cycles.load = 0
stat.pool.101.node.0.response_wait_max_cycles.load = 0
stat.pool.101.node.0.total_turnaround_avg_cycles.load = 0
stat.pool.101.node.0.total_turnaround_max_cycles.load = 0
stat.pool.101.node.0.request_enqueued.rfo = 0
stat.pool.101.node.0.request_blocked.rfo = 0
stat.pool.100.response.returned_occ_stddev_pkts = 0.133166
stat.pool.100.response.returned_occ_max_pkts = 2
stat.pool.100.response.pending_occ_avg = 1.41524
stat.pool.100.response.pending_occ_stddev = 1.6731
stat.pool.100.response.pending_occ_max = 45
stat.pool.100.request.accept_src.distinct_avg = 1
stat.pool.100.request.accept_src.distinct_max = 1
stat.pool.101.node.0.response_ready.rfo = 0
stat.pool.101.node.0.response_sent.rfo = 0
stat.pool.101.node.0.response_blocked.rfo = 0
stat.pool.101.node.0.pending_occ_avg.rfo = 0
stat.pool.101.node.0.pending_occ_max.rfo = 0
stat.pool.101.node.0.ready_occ_avg.rfo = 0
stat.pool.101.node.0.ready_occ_max.rfo = 0
stat.pool.101.node.0.mem_ready_avg_cycles.rfo = 0
stat.pool.101.node.0.mem_ready_max_cycles.rfo = 0
stat.pool.101.node.0.response_wait_avg_cycles.rfo = 0
stat.pool.101.node.0.response_wait_max_cycles.rfo = 0
stat.pool.100.request.accept_src.nonempty_frac = 0.0271399
stat.pool.100.request.blocked_src.distinct_avg = 0
stat.pool.100.request.blocked_src.distinct_max = 0
stat.pool.100.request.blocked_src.nonempty_frac = 0
stat.pool.101.node.0.total_turnaround_avg_cycles.rfo = 0
stat.pool.101.node.0.total_turnaround_max_cycles.rfo = 0
stat.pool.101.node.0.request_enqueued.write = 5270
stat.pool.101.node.0.request_blocked.write = 0
stat.pool.101.node.0.response_ready.write = 0
stat.pool.101.node.0.response_sent.write = 0
stat.pool.101.node.0.response_blocked.write = 0
stat.pool.101.node.0.pending_occ_avg.write = 0
stat.pool.101.node.0.pending_occ_max.write = 0
stat.pool.101.node.0.ready_occ_avg.write = 0
stat.pool.101.node.0.ready_occ_max.write = 0
stat.pool.101.node.0.mem_ready_avg_cycles.write = 0
stat.pool.101.node.0.mem_ready_max_cycles.write = 0
stat.pool.101.node.0.response_wait_avg_cycles.write = 0
stat.pool.101.node.0.response_wait_max_cycles.write = 0
stat.pool.101.node.0.total_turnaround_avg_cycles.write = 0
stat.pool.101.node.0.total_turnaround_max_cycles.write = 0
stat.pool.101.node.0.request_enqueued.other = 0
stat.pool.101.node.0.request_blocked.other = 0
stat.pool.101.node.0.response_ready.other = 0
stat.pool.101.node.0.response_sent.other = 0
stat.pool.101.node.0.response_blocked.other = 0
stat.pool.101.node.0.pending_occ_avg.other = 0
stat.pool.101.node.0.pending_occ_max.other = 0
stat.pool.101.node.0.ready_occ_avg.other = 0
stat.pool.101.node.0.ready_occ_max.other = 0
stat.pool.101.node.0.mem_ready_avg_cycles.other = 0
stat.pool.101.node.0.mem_ready_max_cycles.other = 0
stat.pool.101.node.0.response_wait_avg_cycles.other = 0
stat.pool.101.node.0.response_wait_max_cycles.other = 0
stat.pool.101.node.0.total_turnaround_avg_cycles.other = 0
stat.pool.101.node.0.total_turnaround_max_cycles.other = 0
stat.pool.101.node.1.pending_occ_avg = 0.351165
stat.pool.101.node.1.pending_occ_max = 11
stat.pool.101.node.1.ready_occ_avg = 0
stat.pool.101.node.1.ready_occ_max = 0
stat.pool.101.node.1.pending_age_avg_cycles = 38.7672
stat.pool.101.node.1.pending_age_max_cycles = 533
stat.pool.101.node.1.ready_age_avg_cycles = 0
stat.pool.101.node.1.ready_age_max_cycles = 0
stat.pool.101.node.1.request_enqueued.load = 16796
stat.pool.101.node.1.request_blocked.load = 0
stat.pool.101.node.1.response_ready.load = 16796
stat.pool.101.node.1.response_sent.load = 16796
stat.pool.101.node.1.response_blocked.load = 0
stat.pool.101.node.1.pending_occ_avg.load = 0.281031
stat.pool.101.node.1.pending_occ_max.load = 9
stat.pool.101.node.1.ready_occ_avg.load = 0
stat.pool.101.node.1.ready_occ_max.load = 0
stat.pool.101.node.1.mem_ready_avg_cycles.load = 76.6687
stat.pool.101.node.1.mem_ready_max_cycles.load = 135
stat.pool.101.node.1.response_wait_avg_cycles.load = 0
stat.pool.101.node.1.response_wait_max_cycles.load = 0
stat.pool.101.node.1.total_turnaround_avg_cycles.load = 76.6687
stat.pool.101.node.1.total_turnaround_max_cycles.load = 135
stat.pool.101.node.1.request_enqueued.rfo = 4140
stat.pool.101.node.1.request_blocked.rfo = 0
stat.pool.101.node.1.response_ready.rfo = 4140
stat.pool.101.node.1.response_sent.rfo = 4140
stat.pool.101.node.1.response_blocked.rfo = 0
stat.pool.101.node.1.pending_occ_avg.rfo = 0.0697989
stat.pool.101.node.1.pending_occ_max.rfo = 11
stat.pool.101.node.1.ready_occ_avg.rfo = 0
stat.pool.101.node.1.ready_occ_max.rfo = 0
stat.pool.101.node.1.mem_ready_avg_cycles.rfo = 77.2611
stat.pool.101.node.1.mem_ready_max_cycles.rfo = 533
stat.pool.101.node.1.response_wait_avg_cycles.rfo = 0
stat.pool.101.node.1.response_wait_max_cycles.rfo = 0
stat.pool.101.node.1.total_turnaround_avg_cycles.rfo = 77.2611
stat.pool.101.node.1.total_turnaround_max_cycles.rfo = 533
stat.pool.101.node.1.request_enqueued.write = 5270
stat.pool.101.node.1.request_blocked.write = 0
stat.pool.101.node.1.response_ready.write = 0
stat.pool.101.node.1.response_sent.write = 0
stat.pool.101.node.1.response_blocked.write = 0
stat.pool.101.node.1.pending_occ_avg.write = 0
stat.pool.101.node.1.pending_occ_max.write = 0
stat.pool.101.node.1.ready_occ_avg.write = 0
stat.pool.101.node.1.ready_occ_max.write = 0
stat.pool.101.node.1.mem_ready_avg_cycles.write = 0
stat.pool.101.node.1.mem_ready_max_cycles.write = 0
stat.pool.100.pending.src.distinct_avg = 1.06231
stat.pool.100.pending.src.distinct_max = 4
stat.pool.100.pending.src.nonempty_frac = 0.582879
stat.pool.100.pending.ready_src.distinct_avg = 0
stat.pool.100.pending.ready_src.distinct_max = 0
stat.pool.100.pending.ready_src.nonempty_frac = 0
stat.pool.100.response.ready_src.distinct_avg = 1
stat.pool.100.response.ready_src.distinct_max = 1
stat.pool.100.response.ready_src.nonempty_frac = 0.0180574
stat.pool.100.response.sent_dst.distinct_avg = 1
stat.pool.100.response.sent_dst.distinct_max = 1
stat.pool.100.response.sent_dst.nonempty_frac = 0.0180574
stat.pool.100.node.0.pending_occ_avg = 0.351165
stat.pool.100.node.0.pending_occ_max = 11
stat.pool.100.node.0.ready_occ_avg = 0
stat.pool.100.node.0.ready_occ_max = 0
stat.pool.100.node.0.pending_age_avg_cycles = 38.7672
stat.pool.100.node.0.pending_age_max_cycles = 533
stat.pool.100.node.0.ready_age_avg_cycles = 0
stat.pool.100.node.0.ready_age_max_cycles = 0
stat.pool.100.node.0.request_enqueued.load = 16796
stat.pool.100.node.0.request_blocked.load = 0
stat.pool.100.node.0.response_ready.load = 16796
stat.pool.100.node.0.response_sent.load = 16796
stat.pool.100.node.0.response_blocked.load = 0
stat.pool.100.node.0.pending_occ_avg.load = 0.281031
stat.pool.100.node.0.pending_occ_max.load = 9
stat.pool.100.node.0.ready_occ_avg.load = 0
stat.pool.100.node.0.ready_occ_max.load = 0
stat.pool.100.node.0.mem_ready_avg_cycles.load = 76.6687
stat.pool.100.node.0.mem_ready_max_cycles.load = 135
stat.pool.100.node.0.response_wait_avg_cycles.load = 0
stat.pool.100.node.0.response_wait_max_cycles.load = 0
stat.pool.100.node.0.total_turnaround_avg_cycles.load = 76.6687
stat.pool.100.node.0.total_turnaround_max_cycles.load = 135
stat.pool.100.node.0.request_enqueued.rfo = 4140
stat.pool.100.node.0.request_blocked.rfo = 0
stat.pool.100.node.0.response_ready.rfo = 4140
stat.pool.100.node.0.response_sent.rfo = 4140
stat.pool.100.node.0.response_blocked.rfo = 0
stat.pool.100.node.0.pending_occ_avg.rfo = 0.0697989
stat.pool.100.node.0.pending_occ_max.rfo = 11
stat.pool.100.node.0.ready_occ_avg.rfo = 0
stat.pool.100.node.0.ready_occ_max.rfo = 0
stat.pool.100.node.0.mem_ready_avg_cycles.rfo = 77.2611
stat.pool.100.node.0.mem_ready_max_cycles.rfo = 533
stat.pool.100.node.0.response_wait_avg_cycles.rfo = 0
stat.pool.100.node.0.response_wait_max_cycles.rfo = 0
stat.pool.100.node.0.total_turnaround_avg_cycles.rfo = 77.2611
stat.pool.100.node.0.total_turnaround_max_cycles.rfo = 533
stat.pool.100.node.0.request_enqueued.write = 5270
stat.pool.100.node.0.request_blocked.write = 0
stat.pool.100.node.0.response_ready.write = 0
stat.pool.100.node.0.response_sent.write = 0
stat.pool.100.node.0.response_blocked.write = 0
stat.pool.100.node.0.pending_occ_avg.write = 0
stat.pool.100.node.0.pending_occ_max.write = 0
stat.pool.100.node.0.ready_occ_avg.write = 0
stat.pool.100.node.0.ready_occ_max.write = 0
stat.pool.100.node.0.mem_ready_avg_cycles.write = 0
stat.pool.100.node.0.mem_ready_max_cycles.write = 0
stat.pool.100.node.0.response_wait_avg_cycles.write = 0
stat.pool.100.node.0.response_wait_max_cycles.write = 0
stat.pool.100.node.0.total_turnaround_avg_cycles.write = 0
stat.pool.100.node.0.total_turnaround_max_cycles.write = 0
stat.pool.100.node.0.request_enqueued.other = 20
stat.pool.100.node.0.request_blocked.other = 0
stat.pool.100.node.0.response_ready.other = 20
stat.pool.100.node.0.response_sent.other = 20
stat.pool.100.node.0.response_blocked.other = 0
stat.pool.100.node.0.pending_occ_avg.other = 0.000335206
stat.pool.100.node.0.pending_occ_max.other = 1
stat.pool.100.node.0.ready_occ_avg.other = 0
stat.pool.100.node.0.ready_occ_max.other = 0
stat.pool.100.node.0.mem_ready_avg_cycles.other = 76.8
stat.pool.100.node.0.mem_ready_max_cycles.other = 82
stat.pool.100.node.0.response_wait_avg_cycles.other = 0
stat.pool.100.node.0.response_wait_max_cycles.other = 0
stat.pool.100.node.0.total_turnaround_avg_cycles.other = 76.8
stat.pool.100.node.0.total_turnaround_max_cycles.other = 82
stat.pool.100.node.1.pending_occ_avg = 0
stat.pool.100.node.1.pending_stat.pool.101.node.1.response_wait_avg_cycles.write = 0
stat.pool.101.node.1.response_wait_max_cycles.write = 0
stat.pool.101.node.1.total_turnaround_avg_cycles.write = 0
stat.pool.101.node.1.total_turnaround_max_cycles.write = 0
stat.pool.101.node.1.request_enqueued.other = 20
stat.pool.101.node.1.request_blocked.other = 0
stat.pool.101.node.1.response_ready.other = 20
stat.pool.101.node.1.response_sent.other = 20
occ_max = 0
stat.pool.100.node.1.ready_occ_avg = 0
stat.pool.100.node.1.ready_occ_max = 0
stat.pool.100.node.1.pending_age_avg_cycles = 0
stat.pool.100.node.1.pending_age_max_cycles = 0
stat.pool.100.node.1.ready_age_avg_cycles = 0
stat.pool.100.node.1.ready_age_max_cycles = 0
stat.pool.100.node.1.request_enqueued.load = 0
stat.pool.100.node.1.request_blocked.load = 0
stat.pool.100.node.1.response_ready.load = 0
stat.pool.100.node.1.response_sent.load = 0
stat.pool.100.node.1.response_blocked.load = 0
stat.pool.100.node.1.pending_occ_avg.load = 0
stat.pool.100.node.1.pending_occ_max.load = 0
stat.pool.101.node.1.response_blocked.other = 0
stat.pool.101.node.1.pending_occ_avg.other = 0.000335206
stat.pool.101.node.1.pending_occ_max.other = 1
stat.pool.101.node.1.ready_occ_avg.other = 0
stat.pool.101.node.1.ready_occ_max.other = 0
stat.pool.101.node.1.mem_ready_avg_cycles.other = 76.8
stat.pool.100.node.1.ready_occ_avg.load = 0
stat.pool.100.node.1.ready_occ_max.load = 0
stat.pool.100.node.1.mem_ready_avg_cycles.load = 0
stat.pool.100.node.1.mem_ready_max_cycles.load = 0
stat.pool.100.node.1.response_wait_avg_cycles.load = 0
stat.pool.101.node.1.mem_ready_max_cycles.other = 82
stat.pool.101.node.1.response_wait_avg_cycles.other = 0
stat.pool.101.node.1.response_wait_max_cycles.other = 0
stat.pool.101.node.1.total_turnaround_avg_cycles.other = 76.8
stat.pool.101.node.1.total_turnaround_max_cycles.other = 82
stat.pool.100.node.1.response_wait_max_cycles.load = 0
stat.pool.100.node.1.total_turnaround_avg_cycles.load = 0
stat.pool.100.node.1.total_turnaround_max_cycles.load = 0
stat.pool.100.node.1.request_enqueued.rfo = 0
stat.pool.100.node.1.request_blocked.rfo = 0
stat.pool.100.node.1.response_ready.rfo = 0
stat.pool.100.node.1.response_sent.rfo = 0
stat.pool.101.node.2.pending_occ_avg = 0
stat.pool.101.node.2.pending_occ_max = 0
stat.pool.101.node.2.ready_occ_avg = 0
stat.pool.101.node.2.ready_occ_max = 0
stat.pool.101.node.2.pending_age_avg_cycles = 0
stat.pool.101.node.2.pending_age_max_cycles = 0
stat.pool.101.node.2.ready_age_avg_cycles = 0
stat.pool.101.node.2.ready_age_max_cycles = 0
stat.pool.101.node.2.request_enqueued.load = 0
stat.pool.101.node.2.request_blocked.load = 0
stat.pool.100.node.1.response_blocked.rfo = 0
stat.pool.100.node.1.pending_occ_avg.rfo = 0
stat.pool.100.node.1.pending_occ_max.rfo = 0
stat.pool.100.node.1.ready_occ_avg.rfo = 0
stat.pool.100.node.1.ready_occ_max.rfo = 0
stat.pool.100.node.1.mem_ready_avg_cycles.rfo = 0
stat.pool.100.node.1.mem_ready_max_cycles.rfo = 0
stat.pool.100.node.1.response_wait_avg_cycles.rfo = 0
stat.pool.100.node.1.response_wait_max_cycles.rfo = 0
stat.pool.100.node.1.total_turnaround_avg_cycles.rfo = 0
stat.pool.101.node.2.response_ready.load = 0
stat.pool.101.node.2.response_sent.load = 0
stat.pool.101.node.2.response_blocked.load = 0
stat.pool.101.node.2.pending_occ_avg.load = 0
stat.pool.101.node.2.pending_occ_max.load = 0
stat.pool.101.node.2.ready_occ_avg.load = 0
stat.pool.101.node.2.ready_occ_max.load = 0
stat.pool.101.node.2.mem_ready_avg_cycles.load = 0
stat.pool.101.node.2.mem_ready_max_cycles.load = 0
stat.pool.101.node.2.response_wait_avg_cycles.load = 0
stat.pool.101.node.2.response_wait_max_cycles.load = 0
stat.pool.101.node.2.total_turnaround_avg_cycles.load = 0
stat.pool.101.node.2.total_turnaround_max_cycles.load = 0
stat.pool.101.node.2.request_enqueued.rfo = 0
stat.pool.101.node.2.request_blocked.rfo = 0
stat.pool.101.node.2.response_ready.rfo = 0
stat.pool.101.node.2.response_sent.rfo = 0
stat.pool.101.node.2.response_blocked.rfo = 0
stat.pool.101.node.2.pending_occ_avg.rfo = 0
stat.pool.101.node.2.pending_occ_max.rfo = 0
stat.pool.101.node.2.ready_occ_avg.rfo = 0
stat.pool.101.node.2.ready_occ_max.rfo = 0
stat.pool.101.node.2.mem_ready_avg_cycles.rfo = 0
stat.pool.101.node.2.mem_ready_max_cycles.rfo = 0
stat.pool.101.node.2.response_wait_avg_cycles.rfo = 0
stat.pool.101.node.2.response_wait_max_cycles.rfo = 0
stat.pool.101.node.2.total_turnaround_avg_cycles.rfo = 0
stat.pool.101.node.2.total_turnaround_max_cycles.rfo = 0
stat.pool.101.node.2.request_enqueued.write = 5270
stat.pool.101.node.2.request_blocked.write = 0
stat.pool.101.node.2.response_ready.write = 0
stat.pool.101.node.2.response_sent.write = 0
stat.pool.101.node.2.response_blocked.write = 0
stat.pool.101.node.2.pending_occ_avg.write = 0
stat.pool.101.node.2.pending_occ_max.write = 0
stat.pool.101.node.2.ready_occ_avg.write = 0
stat.pool.101.node.2.ready_occ_max.write = 0
stat.pool.101.node.2.mem_ready_avg_cycles.write = 0
stat.pool.101.node.2.mem_ready_max_cycles.write = 0
stat.pool.101.node.2.response_wait_avg_cycles.write = 0
stat.pool.101.node.2.response_wait_max_cycles.write = 0
stat.pool.101.node.2.total_turnaround_avg_cycles.write = 0
stat.pool.101.node.2.total_turnaround_max_cycles.write = 0
stat.pool.101.node.2.request_enqueued.other = 0
stat.pool.101.node.2.request_blocked.other = 0
stat.pool.101.node.2.response_ready.other = 0
stat.pool.101.node.2.response_sent.other = 0
stat.pool.101.node.2.response_blocked.other = 0
stat.pool.101.node.2.pending_occ_avg.other = 0
stat.pool.101.node.2.pending_occ_max.other = 0
stat.pool.101.node.2.ready_occ_avg.other = 0
stat.pool.101.node.2.ready_occ_max.other = 0
stat.pool.101.node.2.mem_ready_avg_cycles.other = 0
stat.pool.101.node.2.mem_ready_max_cycles.other = 0
stat.pool.101.node.2.response_wait_avg_cycles.other = 0
stat.pool.101.node.2.response_wait_max_cycles.other = 0
stat.pool.101.node.2.total_turnaround_avg_cycles.other = 0
stat.pool.101.node.2.total_turnaround_max_cycles.other = 0
stat.pool.101.node.3.pending_occ_avg = 0.35464
stat.pool.101.node.3.pending_occ_max = 11
stat.pool.101.node.3.ready_occ_avg = 0
stat.pool.101.node.3.ready_occ_max = 0
stat.pool.100.node.1.total_turnaround_max_cycles.rfo = 0
stat.pool.100.node.1.request_enqueued.write = 5270
stat.pool.100.node.1.request_blocked.write = 0
stat.pool.100.node.1.response_ready.write = 0
stat.pool.100.node.1.response_sent.write = 0
stat.pool.100.node.1.response_blocked.write = 0
stat.pool.100.node.1.pending_occ_avg.write = 0
stat.pool.100.node.1.pending_occ_max.write = 0
stat.pool.100.node.1.ready_occ_avg.write = 0
stat.pool.100.node.1.ready_occ_max.write = 0
stat.pool.100.node.1.mem_ready_avg_cycles.write = 0
stat.pool.100.node.1.mem_ready_max_cycles.write = 0
stat.pool.100.node.1.response_wait_avg_cycles.write = 0
stat.pool.100.node.1.response_wait_max_cycles.write = 0
stat.pool.100.node.1.total_turnaround_avg_cycles.write = 0
stat.pool.100.node.1.total_turnaround_max_cycles.write = 0
stat.pool.100.node.1.request_enqueued.other = 0
stat.pool.100.node.1.request_blocked.other = 0
stat.pool.100.node.1.response_ready.other = 0
stat.pool.100.node.1.response_sent.other = 0
stat.pool.100.node.1.response_blocked.other = 0
stat.pool.100.node.1.pending_occ_avg.other = 0
stat.pool.100.node.1.pending_occ_max.other = 0
stat.pool.100.node.1.ready_occ_avg.other = 0
stat.pool.100.node.1.ready_occ_max.other = 0
stat.pool.100.node.1.mem_ready_avg_cycles.other = 0
stat.pool.100.node.1.mem_ready_max_cycles.other = 0
stat.pool.100.node.1.response_wait_avg_cycles.other = 0
stat.pool.100.node.1.response_wait_max_cycles.other = 0
stat.pool.100.node.1.total_turnaround_avg_cycles.other = 0
stat.pool.100.node.1.total_turnaround_max_cycles.other = 0
stat.pool.100.node.2.pending_occ_avg = 0.35464
stat.pool.100.node.2.pending_occ_max = 11
stat.pool.100.node.2.ready_occ_avg = 0
stat.pool.100.node.2.ready_occ_max = 0
stat.pool.100.node.2.pending_age_avg_cycles = 39.4311
stat.pool.100.node.2.pending_age_max_cycles = 534
stat.pool.100.node.2.ready_age_avg_cycles = 0
stat.pool.100.node.2.ready_age_max_cycles = 0
stat.pool.100.node.2.request_enqueued.load = 16796
stat.pool.100.node.2.request_blocked.load = 0
stat.pool.100.node.2.response_ready.load = 16796
stat.pool.100.node.2.response_sent.load = 16796
stat.pool.100.node.2.response_blocked.load = 0
stat.pool.100.node.2.pending_occ_avg.load = 0.283868
stat.pool.100.node.2.pending_occ_max.load = 9
stat.pool.100.node.2.ready_occ_avg.load = 0
stat.pool.100.node.2.ready_occ_max.load = 0
stat.pool.100.node.2.mem_ready_avg_cycles.load = 77.4528
stat.pool.100.node.2.mem_ready_max_cycles.load = 132
stat.pool.100.node.2.response_wait_avg_cycles.load = 0
stat.pool.100.node.2.response_wait_max_cycles.load = 0
stat.pool.100.node.2.total_turnaround_avg_cycles.load = 77.4528
stat.pool.100.node.2.total_turnaround_max_cycles.load = 132
stat.pool.100.node.2.request_enqueued.rfo = 4140
stat.pool.100.node.2.request_blocked.rfo = 0
stat.pool.100.node.2.response_ready.rfo = 4140
stat.pool.100.node.2.response_sent.rfo = 4140
stat.pool.100.node.2.response_blocked.rfo = 0
stat.pool.100.node.2.pending_occ_avg.rfo = 0.0704261
stat.pool.100.node.2.pending_occ_max.rfo = 11
stat.pool.100.node.2.ready_occ_avg.rfo = 0
stat.pool.100.node.2.ready_occ_max.rfo = 0
stat.pool.100.node.2.mem_ready_avg_cycles.rfo = 77.9643
stat.pool.100.node.2.mem_ready_max_cycles.rfo = 534
stat.pool.100.node.2.response_wait_avg_cycles.rfo = 0
stat.pool.100.node.2.response_wait_max_cycles.rfo = 0
stat.pool.100.node.2.total_turnaround_avg_cycles.rfo = 77.9643
stat.pool.100.node.2.total_turnaround_max_cycles.rfo = 534
stat.pool.100.node.2.request_enqueued.write = 5270
stat.pool.100.node.2.request_blocked.write = 0
stat.pool.100.node.2.response_ready.write = 0
stat.pool.100.node.2.response_sent.write = 0
stat.pool.100.node.2.response_blocked.write = 0
stat.pool.101.node.3.pending_age_avg_cycles = 39.4311
stat.pool.101.node.3.pending_age_max_cycles = 534
stat.pool.101.node.3.ready_age_avg_cycles = 0
stat.pool.101.node.3.ready_age_max_cycles = 0
stat.pool.101.node.3.request_enqueued.load = 16796
stat.pool.101.node.3.request_blocked.load = 0
stat.pool.101.node.3.response_ready.load = 16796
stat.pool.101.node.3.response_sent.load = 16796
stat.pool.101.node.3.response_blocked.load = 0
stat.pool.101.node.3.pending_occ_avg.load = 0.283868
stat.pool.101.node.3.pending_occ_max.load = 9
stat.pool.101.node.3.ready_occ_avg.load = 0
stat.pool.101.node.3.ready_occ_max.load = 0
stat.pool.101.node.3.mem_ready_avg_cycles.load = 77.4528
stat.pool.101.node.3.mem_ready_max_cycles.load = 132
stat.pool.100.node.2.pending_occ_avg.write = 0
stat.pool.100.node.2.pending_occ_max.write = 0
stat.pool.100.node.2.ready_occ_avg.write = 0
stat.pool.100.node.2.ready_occ_max.write = 0
stat.pool.100.node.2.mem_ready_avg_cycles.write = 0
stat.pool.100.node.2.mem_ready_max_cycles.write = 0
stat.pool.100.node.2.response_wait_avg_cycles.write = 0
stat.pool.100.node.2.response_wait_max_cycles.write = 0
stat.pool.100.node.2.total_turnaround_avg_cycles.write = 0
stat.pool.100.node.2.total_turnaround_max_cycles.write = 0
stat.pool.100.node.2.request_enqueued.other = 20
stat.pool.100.node.2.request_blocked.other = 0
stat.pool.100.node.2.response_ready.other = 20
stat.pool.100.node.2.response_sent.other = 20
stat.pool.100.node.2.response_blocked.other = 0
stat.pool.100.node.2.pending_occ_avg.other = 0.000345547
stat.pool.101.node.3.response_wait_avg_cycles.load = 0
stat.pool.101.node.3.response_wait_max_cycles.load = 0
stat.pool.101.node.3.total_turnaround_avg_cycles.load = 77.4528
stat.pool.101.node.3.total_turnaround_max_cycles.load = 132
stat.pool.101.node.3.request_enqueued.rfo = 4140
stat.pool.101.node.3.request_blocked.rfo = 0
stat.pool.101.node.3.response_ready.rfo = 4140
stat.pool.101.node.3.response_sent.rfo = 4140
stat.pool.101.node.3.response_blocked.rfo = 0
stat.pool.101.node.3.pending_occ_avg.rfo = 0.0704261
stat.pool.101.node.3.pending_occ_max.rfo = 11
stat.pool.101.node.3.ready_occ_avg.rfo = 0
stat.pool.101.node.3.ready_occ_max.rfo = 0
stat.pool.101.node.3.mem_ready_avg_cycles.rfo = 77.9643
stat.pool.101.node.3.mem_ready_max_cycles.rfo = 534
stat.pool.101.node.3.response_wait_avg_cycles.rfo = 0
stat.pool.101.node.3.response_wait_max_cycles.rfo = 0
stat.pool.100.node.2.pending_occ_max.other = 1
stat.pool.100.node.2.ready_occ_avg.other = 0
stat.pool.100.node.2.ready_occ_max.other = 0
stat.pool.100.node.2.mem_ready_avg_cycles.other = 79.2
stat.pool.100.node.2.mem_ready_max_cycles.other = 125
stat.pool.100.node.2.response_wait_avg_cycles.other = 0
stat.pool.100.node.2.response_wait_max_cycles.other = 0
stat.pool.100.node.2.total_turnaround_avg_cycles.other = 79.2
stat.pool.100.node.2.total_turnaround_max_cycles.other = 125
stat.pool.100.node.3.pending_occ_avg = 0
stat.pool.100.node.3.pending_occ_max = 0
stat.pool.101.node.3.total_turnaround_avg_cycles.rfo = 77.9643
stat.pool.101.node.3.total_turnaround_max_cycles.rfo = 534
stat.pool.101.node.3.request_enqueued.write = 5270
stat.pool.101.node.3.request_blocked.write = 0
stat.pool.101.node.3.response_ready.write = 0
stat.pool.101.node.3.response_sent.write = 0
stat.pool.101.node.3.response_blocked.write = 0
stat.pool.101.node.3.pending_occ_avg.write = 0
stat.pool.101.node.3.pending_occ_max.write = 0
stat.pool.101.node.3.ready_occ_avg.write = 0
stat.pool.101.node.3.ready_occ_max.write = 0
stat.pool.101.node.3.mem_ready_avg_cycles.write = 0
stat.pool.101.node.3.mem_ready_max_cycles.write = 0
stat.pool.101.node.3.response_wait_avg_cycles.write = 0
stat.pool.101.node.3.response_wait_max_cycles.write = 0
stat.pool.101.node.3.total_turnaround_avg_cycles.write = 0
stat.pool.101.node.3.total_turnaround_max_cycles.write = 0
stat.pool.101.node.3.request_enqueued.other = 20
stat.pool.101.node.3.request_blocked.other = 0
stat.pool.101.node.3.response_ready.other = 20
stat.pool.101.node.3.response_sent.other = 20
stat.pool.101.node.3.response_blocked.other = 0
stat.pool.101.node.3.pending_occ_avg.other = 0.000345547
stat.pool.101.node.3.pending_occ_max.other = 1
stat.pool.101.node.3.ready_occ_avg.other = 0
stat.pool.101.node.3.ready_occ_max.other = 0
stat.pool.101.node.3.mem_ready_avg_cycles.other = 79.2
stat.pool.101.node.3.mem_ready_max_cycles.other = 125
stat.pool.101.node.3.response_wait_avg_cycles.other = 0
stat.pool.101.node.3.response_wait_max_cycles.other = 0
stat.pool.101.node.3.total_turnaround_avg_cycles.other = 79.2
stat.pool.101.node.3.total_turnaround_max_cycles.other = 125
stat.pool.101.node.4.pending_occ_avg = 0
stat.pool.101.node.4.pending_occ_max = 0
stat.pool.101.node.4.ready_occ_avg = 0
stat.pool.101.node.4.ready_occ_max = 0
stat.pool.101.node.4.pending_age_avg_cycles = 0
stat.pool.101.node.4.pending_age_max_cycles = 0
stat.pool.101.node.4.ready_age_avg_cycles = 0
stat.pool.101.node.4.ready_age_max_cycles = 0
stat.pool.101.node.4.request_enqueued.load = 0
stat.pool.101.node.4.request_blocked.load = 0
stat.pool.101.node.4.response_ready.load = 0
stat.pool.101.node.4.response_sent.load = 0
stat.pool.101.node.4.response_blocked.load = 0
stat.pool.101.node.4.pending_occ_avg.load = 0
stat.pool.101.node.4.pending_occ_max.load = 0
stat.pool.101.node.4.ready_occ_avg.load = 0
stat.pool.101.node.4.ready_occ_max.load = 0
stat.pool.101.node.4.mem_ready_avg_cycles.load = 0
stat.pool.101.node.4.mem_ready_max_cycles.load = 0
stat.pool.101.node.4.response_wait_avg_cycles.load = 0
stat.pool.101.node.4.response_wait_max_cycles.load = 0
stat.pool.101.node.4.total_turnaround_avg_cycles.load = 0
stat.pool.101.node.4.total_turnaround_max_cycles.load = 0
stat.pool.101.node.4.request_enqueued.rfo = 0
stat.pool.101.node.4.request_blocked.rfo = 0
stat.pool.101.node.4.response_ready.rfo = 0
stat.pool.101.node.4.response_sent.rfo = 0
stat.pool.101.node.4.response_blocked.rfo = 0
stat.pool.101.node.4.pending_occ_avg.rfo = 0
stat.pool.101.node.4.pending_occ_max.rfo = 0
stat.pool.101.node.4.ready_occ_avg.rfo = 0
stat.pool.101.node.4.ready_occ_max.rfo = 0
stat.pool.101.node.4.mem_ready_avg_cycles.rfo = 0
stat.pool.101.node.4.mem_ready_max_cycles.rfo = 0
stat.pool.101.node.4.response_wait_avg_cycles.rfo = 0
stat.pool.101.node.4.response_wait_max_cycles.rfo = 0
stat.pool.101.node.4.total_turnaround_avg_cycles.rfo = 0
stat.pool.101.node.4.total_turnaround_max_cycles.rfo = 0
stat.pool.101.node.4.request_enqueued.write = 5270
stat.pool.101.node.4.request_blocked.write = 0
stat.pool.101.node.4.response_ready.write = 0
stat.pool.101.node.4.response_sent.write = 0
stat.pool.101.node.4.response_blocked.write = 0
stat.pool.101.node.4.pending_occ_avg.write = 0
stat.pool.101.node.4.pending_occ_max.write = 0
stat.pool.100.node.3.ready_occ_avg = 0
stat.pool.100.node.3.ready_occ_max = 0
stat.pool.100.node.3.pending_age_avg_cycles = 0
stat.pool.100.node.3.pending_age_max_cycles = 0
stat.pool.100.node.3.ready_age_avg_cycles = 0
stat.pool.100.node.3.ready_age_max_cycles = 0
stat.pool.100.node.3.request_enqueued.load = 0
stat.pool.100.node.3.request_blocked.load = 0
stat.pool.100.node.3.response_ready.load = 0
stat.pool.100.node.3.response_sent.load = 0
stat.pool.100.node.3.response_blocked.load = 0
stat.pool.100.node.3.pending_occ_avg.load = 0
stat.pool.100.node.3.pending_occ_max.load = 0
stat.pool.100.node.3.ready_occ_avg.load = 0
stat.pool.100.node.3.ready_occ_max.load = 0
stat.pool.100.node.3.mem_ready_avg_cycles.load = 0
stat.pool.100.node.3.mem_ready_max_cycles.load = 0
stat.pool.100.node.3.response_wait_avg_cycles.load = 0
stat.pool.100.node.3.response_wait_max_cycles.load = 0
stat.pool.100.node.3.total_turnaround_avg_cycles.load = 0
stat.pool.100.node.3.total_turnaround_max_cycles.load = 0
stat.pool.100.node.3.request_enqueued.rfo = 0
stat.pool.100.node.3.request_blocked.rfo = 0
stat.pool.100.node.3.response_ready.rfo = 0
stat.pool.100.node.3.response_sent.rfo = 0
stat.pool.100.node.3.response_blocked.rfo = 0
stat.pool.100.node.3.pending_occ_avg.rfo = 0
stat.pool.100.node.3.pending_occ_max.rfo = 0
stat.pool.100.node.3.ready_occ_avg.rfo = 0
stat.pool.100.node.3.ready_occ_max.rfo = 0
stat.pool.100.node.3.mem_ready_avg_cycles.rfo = 0
stat.pool.100.node.3.mem_ready_max_cycles.rfo = 0
stat.pool.100.node.3.response_wait_avg_cycles.rfo = 0
stat.pool.100.node.3.response_wait_max_cycles.rfo = 0
stat.pool.100.node.3.total_turnaround_avg_cycles.rfo = 0
stat.pool.100.node.3.total_turnaround_max_cycles.rfo = 0
stat.pool.100.node.3.request_enqueued.write = 5270
stat.pool.100.node.3.request_blocked.write = 0
stat.pool.100.node.3.response_ready.write = 0
stat.pool.100.node.3.response_sent.write = 0
stat.pool.100.node.3.response_blocked.write = 0
stat.pool.100.node.3.pending_occ_avg.write = 0
stat.pool.100.node.3.pending_occ_max.write = 0
stat.pool.100.node.3.ready_occ_avg.write = 0
stat.pool.100.node.3.ready_occ_max.write = 0
stat.pool.100.node.3.mem_ready_avg_cycles.write = 0
stat.pool.100.node.3.mem_ready_max_cycles.write = 0
stat.pool.100.node.3.response_wait_avg_cycles.write = 0
stat.pool.100.node.3.response_wait_max_cycles.write = 0
stat.pool.100.node.3.total_turnaround_avg_cycles.write = 0
stat.pool.100.node.3.total_turnaround_max_cycles.write = 0
stat.pool.100.node.3.request_enqueued.other = 0
stat.pool.100.node.3.request_blocked.other = 0
stat.pool.100.node.3.response_ready.other = 0
stat.pool.100.node.3.response_sent.other = 0
stat.pool.100.node.3.response_blocked.other = 0
stat.pool.100.node.3.pending_occ_avg.other = 0
stat.pool.100.node.3.pending_occ_max.other = 0
stat.pool.100.node.3.ready_occ_avg.other = 0
stat.pool.100.node.3.ready_occ_max.other = 0
stat.pool.100.node.3.mem_ready_avg_cycles.other = 0
stat.pool.100.node.3.mem_ready_max_cycles.other = 0
stat.pool.100.node.3.response_wait_avg_cycles.other = 0
stat.pool.100.node.3.response_wait_max_cycles.other = 0
stat.pool.100.node.3.total_turnaround_avg_cycles.other = 0
stat.pool.100.node.3.total_turnaround_max_cycles.other = 0
stat.pool.100.node.4.pending_occ_avg = 0.355241
stat.pool.100.node.4.pending_occ_max = 11
stat.pool.100.node.4.ready_occ_avg = 0
stat.pool.100.node.4.ready_occ_max = 0
stat.pool.100.node.4.pending_age_avg_cycles = 39.5614
stat.pool.100.node.4.pending_age_max_cycles = 535
stat.pool.100.node.4.ready_age_avg_cycles = 0
stat.pool.100.node.4.ready_age_max_cycles = 0
stat.pool.100.node.4.request_enqueued.load = 16796
stat.pool.100.node.4.request_blocked.load = 0
stat.pool.100.node.4.response_ready.load = 16796
stat.pool.100.node.4.response_sent.load = 16796
stat.pool.100.node.4.response_blocked.load = 0
stat.pool.100.node.4.pending_occ_avg.load = 0.284136
stat.pool.100.node.4.pending_occ_max.load = 9
stat.pool.100.node.4.ready_occ_avg.load = 0
stat.pool.100.node.4.ready_occ_max.load = 0
stat.pool.100.node.4.mem_ready_avg_cycles.load = 77.5269
stat.pool.100.nstat.pool.101.node.4.ready_occ_avg.write = 0
stat.pool.101.node.4.ready_occ_max.write = 0
stat.pool.101.node.4.mem_ready_avg_cycles.write = 0
stat.pool.101.node.4.mem_ready_max_cycles.write = 0
stat.pool.101.node.4.response_wait_avg_cycles.write = 0
stat.pool.101.node.4.response_wait_max_cycles.write = 0
stat.pool.101.node.4.total_turnaround_avg_cycles.write = 0
stat.pool.101.node.4.total_turnaround_max_cycles.write = 0
ode.4.mem_ready_max_cycles.load = 132
stat.pool.100.node.4.response_wait_avg_cycles.load = 0
stat.pool.100.node.4.response_wait_max_cycles.load = 0
stat.pool.100.node.4.total_turnaround_avg_cycles.load = 77.5269
stat.pool.100.node.4.total_turnaround_max_cycles.load = 132
stat.pool.100.node.4.request_enqueued.rfo = 4140
stat.pool.100.node.4.request_blocked.rfo = 0
stat.pool.100.node.4.response_ready.rfo = 4140
stat.pool.100.node.4.response_sent.rfo = 4140
stat.pool.100.node.4.response_blocked.rfo = 0
stat.pool.100.node.4.pending_occ_avg.rfo = 0.0707591
stat.pool.101.node.4.request_enqueued.other = 0
stat.pool.101.node.4.request_blocked.other = 0
stat.pool.101.node.4.response_ready.other = 0
stat.pool.101.node.4.response_sent.other = 0
stat.pool.101.node.4.response_blocked.other = 0
stat.pool.101.node.4.pending_occ_avg.other = 0
stat.pool.100.node.4.pending_occ_max.rfo = 11
stat.pool.100.node.4.ready_occ_avg.rfo = 0
stat.pool.100.node.4.ready_occ_max.rfo = 0
stat.pool.100.node.4.mem_ready_avg_cycles.rfo = 78.3377
stat.pool.100.node.4.mem_ready_max_cycles.rfo = 535
stat.pool.100.node.4.response_wait_avg_cycles.rfo = 0
stat.pool.100.node.4.response_wait_max_cycles.rfo = 0
stat.pool.100.node.4.total_turnaround_avg_cycles.rfo = 78.3377
stat.pool.101.node.4.pending_occ_max.other = 0
stat.pool.101.node.4.ready_occ_avg.other = 0
stat.pool.101.node.4.ready_occ_max.other = 0
stat.pool.101.node.4.mem_ready_avg_cycles.other = 0
stat.pool.101.node.4.mem_ready_max_cycles.other = 0
stat.pool.101.node.4.response_wait_avg_cycles.other = 0
stat.pool.101.node.4.response_wait_max_cycles.other = 0
stat.pool.101.node.4.total_turnaround_avg_cycles.other = 0
stat.pool.101.node.4.total_turnaround_max_cycles.other = 0
stat.pool.101.node.5.pending_occ_avg = 0.355241
stat.pool.101.node.5.pending_occ_max = 11
stat.pool.101.node.5.ready_occ_avg = 0
stat.pool.101.node.5.ready_occ_max = 0
stat.pool.101.node.5.pending_age_avg_cycles = 39.5614
stat.pool.100.node.4.total_turnaround_max_cycles.rfo = 535
stat.pool.100.node.4.request_enqueued.write = 5270
stat.pool.100.node.4.request_blocked.write = 0
stat.pool.100.node.4.response_ready.write = 0
stat.pool.100.node.4.response_sent.write = 0
stat.pool.100.node.4.response_blocked.write = 0
stat.pool.100.node.4.pending_occ_avg.write = 0
stat.pool.100.node.4.pending_occ_max.write = 0
stat.pool.100.node.4.ready_occ_avg.write = 0
stat.pool.101.node.5.pending_age_max_cycles = 535
stat.pool.101.node.5.ready_age_avg_cycles = 0
stat.pool.101.node.5.ready_age_max_cycles = 0
stat.pool.101.node.5.request_enqueued.load = 16796
stat.pool.101.node.5.request_blocked.load = 0
stat.pool.101.node.5.response_ready.load = 16796
stat.pool.101.node.5.response_sent.load = 16796
stat.pool.101.node.5.response_blocked.load = 0
stat.pool.101.node.5.pending_occ_avg.load = 0.284136
stat.pool.101.node.5.pending_occ_max.load = 9
stat.pool.100.node.4.ready_occ_max.write = 0
stat.pool.100.node.4.mem_ready_avg_cycles.write = 0
stat.pool.100.node.4.mem_ready_max_cycles.write = 0
stat.pool.100.node.4.response_wait_avg_cycles.write = 0
stat.pool.100.node.4.response_wait_max_cycles.write = 0
stat.pool.100.node.4.total_turnaround_avg_cycles.write = 0
stat.pool.100.node.4.total_turnaround_max_cycles.write = 0
stat.pool.100.node.4.request_enqueued.other = 20
stat.pool.100.node.4.request_blocked.other = 0
stat.pool.100.node.4.response_ready.other = 20
stat.pool.101.node.5.ready_occ_avg.load = 0
stat.pool.101.node.5.ready_occ_max.load = 0
stat.pool.101.node.5.mem_ready_avg_cycles.load = 77.5269
stat.pool.101.node.5.mem_ready_max_cycles.load = 132
stat.pool.101.node.5.response_wait_avg_cycles.load = 0
stat.pool.101.node.5.response_wait_max_cycles.load = 0
stat.pool.101.node.5.total_turnaround_avg_cycles.load = 77.5269
stat.pool.101.node.5.total_turnaround_max_cycles.load = 132
stat.pool.101.node.5.request_enqueued.rfo = 4140
stat.pool.101.node.5.request_blocked.rfo = 0
stat.pool.101.node.5.response_ready.rfo = 4140
stat.pool.101.node.5.response_sent.rfo = 4140
stat.pool.101.node.5.response_blocked.rfo = 0
stat.pool.101.node.5.pending_occ_avg.rfo = 0.0707591
stat.pool.101.node.5.pending_occ_max.rfo = 11
stat.pool.101.node.5.ready_occ_avg.rfo = 0
stat.pool.101.node.5.ready_occ_max.rfo = 0
stat.pool.101.node.5.mem_ready_avg_cycles.rfo = 78.3377
stat.pool.101.node.5.mem_ready_max_cycles.rfo = 535
stat.pool.101.node.5.response_wait_avg_cycles.rfo = 0
stat.pool.101.node.5.response_wait_max_cycles.rfo = 0
stat.pool.101.node.5.total_turnaround_avg_cycles.rfo = 78.3377
stat.pool.101.node.5.total_turnaround_max_cycles.rfo = 535
stat.pool.101.node.5.request_enqueued.write = 5269
stat.pool.101.node.5.request_blocked.write = 0
stat.pool.101.node.5.response_ready.write = 0
stat.pool.101.node.5.response_sent.write = 0
stat.pool.101.node.5.response_blocked.write = 0
stat.pool.101.node.5.pending_occ_avg.write = 0
stat.pool.101.node.5.pending_occ_max.write = 0
stat.pool.101.node.5.ready_occ_avg.write = 0
stat.pool.101.node.5.ready_occ_max.write = 0
stat.pool.101.node.5.mem_ready_avg_cycles.write = 0
stat.pool.101.node.5.mem_ready_max_cycles.write = 0
stat.pool.101.node.5.response_wait_avg_cycles.write = 0
stat.pool.101.node.5.response_wait_max_cycles.write = 0
stat.pool.101.node.5.total_turnaround_avg_cycles.write = 0
stat.pool.101.node.5.total_turnaround_max_cycles.write = 0
stat.pool.101.node.5.request_enqueued.other = 20
stat.pool.101.node.5.request_blocked.other = 0
stat.pool.101.node.5.response_ready.other = 20
stat.pool.101.node.5.response_sent.other = 20
stat.pool.101.node.5.response_blocked.other = 0
stat.pool.101.node.5.pending_occ_avg.other = 0.000345331
stat.pool.101.node.5.pending_occ_max.other = 1
stat.pool.101.node.5.ready_occ_avg.other = 0
stat.pool.101.node.5.ready_occ_max.other = 0
stat.pool.101.node.5.mem_ready_avg_cycles.other = 79.15
stat.pool.101.node.5.mem_ready_max_cycles.other = 129
stat.pool.101.node.5.response_wait_avg_cycles.other = 0
stat.pool.101.node.5.response_wait_max_cycles.other = 0
stat.pool.101.node.5.total_turnaround_avg_cycles.other = 79.15
stat.pool.101.node.5.total_turnaround_max_cycles.other = 129
stat.pool.101.node.6.pending_occ_avg = 0
stat.pool.101.node.6.pending_occ_max = 0
stat.pool.101.node.6.ready_occ_avg = 0
stat.pool.101.node.6.ready_occ_max = 0
stat.pool.101.node.6.pending_age_avg_cycles = 0
stat.pool.101.node.6.pending_age_max_cycles = 0
stat.pool.101.node.6.ready_age_avg_cycles = 0
stat.pool.101.node.6.ready_age_max_cycles = 0
stat.pool.100.node.4.response_sent.other = 20
stat.pool.100.node.4.response_blocked.other = 0
stat.pool.100.node.4.pending_occ_avg.other = 0.000345331
stat.pool.100.node.4.pending_occ_max.other = 1
stat.pool.100.node.4.ready_occ_avg.other = 0
stat.pool.100.node.4.ready_occ_max.other = 0
stat.pool.100.node.4.mem_ready_avg_cycles.other = 79.15
stat.pool.100.node.4.mem_ready_max_cycles.other = 129
stat.pool.100.node.4.response_wait_avg_cycles.other = 0
stat.pool.100.node.4.response_wait_max_cycles.other = 0
stat.pool.100.node.4.total_turnaround_avg_cycles.other = 79.15
stat.pool.100.node.4.total_turnaround_max_cycles.other = 129
stat.pool.100.node.5.pending_occ_avg = 0
stat.pool.100.node.5.pending_occ_max = 0
stat.pool.100.node.5.ready_occ_avg = 0
stat.pool.100.node.5.ready_occ_max = 0
stat.pool.100.node.5.pending_age_avg_cycles = 0
stat.pool.100.node.5.pending_age_max_cycles = 0
stat.pool.100.node.5.ready_age_avg_cycles = 0
stat.pool.100.node.5.ready_age_max_cycles = 0
stat.pool.100.node.5.request_enqueued.load = 0
stat.pool.100.node.5.request_blocked.load = 0
stat.pool.100.node.5.response_ready.load = 0
stat.pool.100.node.5.response_sent.load = 0
stat.pool.100.node.5.response_blocked.load = 0
stat.pool.100.node.5.pending_occ_avg.load = 0
stat.pool.100.node.5.pending_occ_max.load = 0
stat.pool.100.node.5.ready_occ_avg.load = 0
stat.pool.100.node.5.ready_occ_max.load = 0
stat.pool.100.node.5.mem_ready_avg_cycles.load = 0
stat.pool.100.node.5.mem_ready_max_cycles.load = 0
stat.pool.100.node.5.response_wait_avg_cycles.load = 0
stat.pool.100.node.5.response_wait_max_cycles.load = 0
stat.pool.100.node.5.total_turnaround_avg_cycles.load = 0
stat.pool.100.node.5.total_turnaround_max_cycles.load = 0
stat.pool.100.node.5.request_enqueued.rfo = 0
stat.pool.100.node.5.request_blocked.rfo = 0
stat.pool.100.node.5.response_ready.rfo = 0
stat.pool.100.node.5.response_sent.rfo = 0
stat.pool.100.node.5.response_blocked.rfo = 0
stat.pool.100.node.5.pending_occ_avg.rfo = 0
stat.pool.100.node.5.pending_occ_max.rfo = 0
stat.pool.100.node.5.ready_occ_avg.rfo = 0
stat.pool.100.node.5.ready_occ_max.rfo = 0
stat.pool.100.node.5.mem_ready_avg_cycles.rfo = 0
stat.pool.100.node.5.mem_ready_max_cycles.rfo = 0
stat.pool.100.node.5.response_wait_avg_cycles.rfo = 0
stat.pool.100.node.5.response_wait_max_cycles.rfo = 0
stat.pool.100.node.5.total_turnaround_avg_cycles.rfo = 0
stat.pool.100.node.5.total_turnaround_max_cycles.rfo = 0
stat.pool.100.node.5.request_enqueued.write = 5269
stat.pool.100.node.5.request_blocked.write = 0
stat.pool.100.node.5.response_ready.write = 0
stat.pool.100.node.5.response_sent.write = 0
stat.pool.100.node.5.response_blocked.write = 0
stat.pool.100.node.5.pending_occ_avg.write = 0
stat.pool.100.node.5.pending_occ_max.write = 0
stat.pool.100.node.5.ready_occ_avg.write = 0
stat.pool.100.node.5.ready_occ_max.write = 0
stat.pool.100.node.5.mem_ready_avg_cycles.write = 0
stat.pool.100.node.5.mem_ready_max_cycles.write = 0
stat.pool.100.node.5.response_wait_avg_cycles.write = 0
stat.pool.100.node.5.response_wait_max_cycles.write = 0
stat.pool.100.node.5.total_turnaround_avg_cycles.write = 0
stat.pool.100.node.5.total_turnaround_max_cycles.write = 0
stat.pool.100.node.5.request_enqueued.other = 0
stat.pool.101.node.6.request_enqueued.load = 0
stat.pool.101.node.6.request_blocked.load = 0
stat.pool.101.node.6.response_ready.load = 0
stat.pool.101.node.6.response_sent.load = 0
stat.pool.101.node.6.response_blocked.load = 0
stat.pool.100.node.5.request_blocked.other = 0
stat.pool.100.node.5.response_ready.other = 0
stat.pool.100.node.5.response_sent.other = 0
stat.pool.100.node.5.response_blocked.other = 0
stat.pool.100.node.5.pending_occ_avg.other = 0
stat.pool.100.node.5.pending_occ_max.other = 0
stat.pool.100.node.5.ready_occ_avg.other = 0
stat.pool.100.node.5.ready_occ_max.other = 0
stat.pool.101.node.6.pending_occ_avg.load = 0
stat.pool.101.node.6.pending_occ_max.load = 0
stat.pool.101.node.6.ready_occ_avg.load = 0
stat.pool.101.node.6.ready_occ_max.load = 0
stat.pool.101.node.6.mem_ready_avg_cycles.load = 0
stat.pool.101.node.6.mem_ready_max_cycles.load = 0
stat.pool.101.node.6.response_wait_avg_cycles.load = 0
stat.pool.101.node.6.response_wait_max_cycles.load = 0
stat.pool.101.node.6.total_turnaround_avg_cycles.load = 0
stat.pool.101.node.6.total_turnaround_max_cycles.load = 0
stat.pool.101.node.6.request_enqueued.rfo = 0
stat.pool.100.node.5.mem_ready_avg_cycles.other = 0
stat.pool.100.node.5.mem_ready_max_cycles.other = 0
stat.pool.100.node.5.response_wait_avg_cycles.other = 0
stat.pool.100.node.5.response_wait_max_cycles.other = 0
stat.pool.100.node.5.total_turnaround_avg_cycles.other = 0
stat.pool.100.node.5.total_turnaround_max_cycles.other = 0
stat.pool.100.node.6.pending_occ_avg = 0.354198
stat.pool.100.node.6.pending_occ_max = 12
stat.pool.100.node.6.ready_occ_avg = 0
stat.pool.100.node.6.ready_occ_max = 0
stat.pool.100.node.6.pending_age_avg_cycles = 39.3746
stat.pool.100.node.6.pending_age_max_cycles = 536
stat.pool.100.node.6.ready_age_avg_cycles = 0
stat.pool.100.node.6.ready_age_max_cycles = 0
stat.pool.100.node.6.request_enqueued.load = 16796
stat.pool.100.node.6.request_blocked.load = 0
stat.pool.100.node.6.response_ready.load = 16796
stat.pool.100.node.6.response_sent.load = 16796
stat.pool.101.node.6.request_blocked.rfo = 0
stat.pool.101.node.6.response_ready.rfo = 0
stat.pool.101.node.6.response_sent.rfo = 0
stat.pool.101.node.6.response_blocked.rfo = 0
stat.pool.101.node.6.pending_occ_avg.rfo = 0
stat.pool.101.node.6.pending_occ_max.rfo = 0
stat.pool.101.node.6.ready_occ_avg.rfo = 0
stat.pool.101.node.6.ready_occ_max.rfo = 0
stat.pool.101.node.6.mem_ready_avg_cycles.rfo = 0
stat.pool.101.node.6.mem_ready_max_cycles.rfo = 0
stat.pool.100.node.6.response_blocked.load = 0
stat.pool.100.node.6.pending_occ_avg.load = 0.283279
stat.pool.100.node.6.pending_occ_max.load = 9
stat.pool.100.node.6.ready_occ_avg.load = 0
stat.pool.100.node.6.ready_occ_max.load = 0
stat.pool.100.node.6.mem_ready_avg_cycles.load = 77.2899
stat.pool.100.node.6.mem_ready_max_cycles.load = 133
stat.pool.101.node.6.response_wait_avg_cycles.rfo = 0
stat.pool.101.node.6.response_wait_max_cycles.rfo = 0
stat.pool.101.node.6.total_turnaround_avg_cycles.rfo = 0
stat.pool.101.node.6.total_turnaround_max_cycles.rfo = 0
stat.pool.101.node.6.request_enqueued.write = 5269
stat.pool.101.node.6.request_blocked.write = 0
stat.pool.101.node.6.response_ready.write = 0
stat.pool.101.node.6.response_sent.write = 0
stat.pool.101.node.6.response_blocked.write = 0
stat.pool.101.node.6.pending_occ_avg.write = 0
stat.pool.101.node.6.pending_occ_max.write = 0
stat.pool.101.node.6.ready_occ_avg.write = 0
stat.pool.100.node.6.response_wait_avg_cycles.load = 0
stat.pool.100.node.6.response_wait_max_cycles.load = 0
stat.pool.100.node.6.total_turnaround_avg_cycles.load = 77.2899
stat.pool.100.node.6.total_turnaround_max_cycles.load = 133
stat.pool.100.node.6.request_enqueued.rfo = 4140
stat.pool.100.node.6.request_blocked.rfo = 0
stat.pool.100.node.6.response_ready.rfo = 4140
stat.pool.100.node.6.response_sent.rfo = 4140
stat.pool.100.node.6.response_blocked.rfo = 0
stat.pool.100.node.6.pending_occ_avg.rfo = 0.0705829
stat.pool.101.node.6.ready_occ_max.write = 0
stat.pool.101.node.6.mem_ready_avg_cycles.write = 0
stat.pool.101.node.6.mem_ready_max_cycles.write = 0
stat.pool.101.node.6.response_wait_avg_cycles.write = 0
stat.pool.101.node.6.response_wait_max_cycles.write = 0
stat.pool.101.node.6.total_turnaround_avg_cycles.write = 0
stat.pool.101.node.6.total_turnaround_max_cycles.write = 0
stat.pool.101.node.6.request_enqueued.other = 0
stat.pool.101.node.6.request_blocked.other = 0
stat.pool.101.node.6.response_ready.other = 0
stat.pool.101.node.6.response_sent.other = 0
stat.pool.101.node.6.response_blocked.other = 0
stat.pool.101.node.6.pending_occ_avg.other = 0
stat.pool.101.node.6.pending_occ_max.other = 0
stat.pool.101.node.6.ready_occ_avg.other = 0
stat.pool.101.node.6.ready_occ_max.other = 0
stat.pool.101.node.6.mem_ready_avg_cycles.other = 0
stat.pool.101.node.6.mem_ready_max_cycles.other = 0
stat.pool.101.node.6.response_wait_avg_cycles.other = 0
stat.pool.101.node.6.response_wait_max_cycles.other = 0
stat.pool.101.node.6.total_turnaround_avg_cycles.other = 0
stat.pool.101.node.6.total_turnaround_max_cycles.other = 0
stat.pool.101.node.7.pending_occ_avg = 0.354198
stat.pool.101.node.7.pending_occ_max = 12
stat.pool.101.node.7.ready_occ_avg = 0
stat.pool.101.node.7.ready_occ_max = 0
stat.pool.101.node.7.pending_age_avg_cycles = 39.3746
stat.pool.101.node.7.pending_age_max_cycles = 536
stat.pool.101.node.7.ready_age_avg_cycles = 0
stat.pool.101.node.7.ready_age_max_cycles = 0
stat.pool.101.node.7.request_enqueued.load = 16796
stat.pool.101.node.7.request_blocked.load = 0
stat.pool.101.node.7.response_ready.load = 16796
stat.pool.101.node.7.response_sent.load = 16796
stat.pool.101.node.7.response_blocked.load = 0
stat.pool.101.node.7.pending_occ_avg.load = 0.283279
stat.pool.101.node.7.pending_occ_max.load = 9
stat.pool.101.node.7.ready_occ_avg.load = 0
stat.pool.101.node.7.ready_occ_max.load = 0
stat.pool.101.node.7.mem_ready_avg_cycles.load = 77.2899
stat.pool.101.node.7.mem_ready_max_cycles.load = 133
stat.pool.101.node.7.response_wait_avg_cycles.load = 0
stat.pool.101.node.7.response_wait_max_cycles.load = 0
stat.pool.101.node.7.total_turnaround_avg_cycles.load = 77.2899
stat.pool.101.node.7.total_turnaround_max_cycles.load = 133
stat.pool.101.node.7.request_enqueued.rfo = 4140
stat.pool.101.node.7.request_blocked.rfo = 0
stat.pool.101.node.7.response_ready.rfo = 4140
stat.pool.101.node.7.response_sent.rfo = 4140
stat.pool.101.node.7.response_blocked.rfo = 0
stat.pool.101.node.7.pending_occ_avg.rfo = 0.0705829
stat.pool.101.node.7.pending_occ_max.rfo = 12
stat.pool.101.node.7.ready_occ_avg.rfo = 0
stat.pool.101.node.7.ready_occ_max.rfo = 0
stat.pool.101.node.7.mem_ready_avg_cycles.rfo = 78.1401
stat.pool.101.node.7.mem_ready_max_cycles.rfo = 536
stat.pool.101.node.7.response_wait_avg_cycles.rfo = 0
stat.pool.101.node.7.response_wait_max_cycles.rfo = 0
stat.pool.100.node.6.pending_occ_max.rfo = 12
stat.pool.100.node.6.ready_occ_avg.rfo = 0
stat.pool.100.node.6.ready_occ_max.rfo = 0
stat.pool.100.node.6.mem_ready_avg_cycles.rfo = 78.1401
stat.pool.100.node.6.mem_ready_max_cycles.rfo = 536
stat.pool.100.node.6.response_wait_avg_cycles.rfo = 0
stat.pool.100.node.6.response_wait_max_cycles.rfo = 0
stat.pool.100.node.6.total_turnaround_avg_cycles.rfo = 78.1401
stat.pool.100.node.6.total_turnaround_max_cycles.rfo = 536
stat.pool.100.node.6.request_enqueued.write = 5269
stat.pool.100.node.6.request_blocked.write = 0
stat.pool.100.node.6.response_ready.write = 0
stat.pool.100.node.6.response_sent.write = 0
stat.pool.100.node.6.response_blocked.write = 0
stat.pool.100.node.6.pending_occ_avg.write = 0
stat.pool.100.node.6.pending_occ_max.write = 0
stat.pool.100.node.6.ready_occ_avg.write = 0
stat.pool.100.node.6.ready_occ_max.write = 0
stat.pool.100.node.6.mem_ready_avg_cycles.write = 0
stat.pool.100.node.6.mem_ready_max_cycles.write = 0
stat.pool.100.node.6.response_wait_avg_cycles.write = 0
stat.pool.100.node.6.response_wait_max_cycles.write = 0
stat.pool.100.node.6.total_turnaround_avg_cycles.write = 0
stat.pool.100.node.6.total_turnaround_max_cycles.write = 0
stat.pool.100.node.6.request_enqueued.other = 20
stat.pool.100.node.6.request_blocked.other = 0
stat.pool.100.node.6.response_ready.other = 20
stat.pool.100.node.6.response_sent.other = 20
stat.pool.100.node.6.response_blocked.other = 0
stat.pool.100.node.6.pending_occ_avg.other = 0.000336068
stat.pool.100.node.6.pending_occ_max.other = 1
stat.pool.100.node.6.ready_occ_avg.other = 0
stat.pool.100.node.6.ready_occ_max.other = 0
stat.pool.100.node.6.mem_ready_avg_cycles.other = 77
stat.pool.100.node.6.mem_ready_max_cycles.other = 82
stat.pool.100.node.6.response_wait_avg_cycles.other = 0
stat.pool.100.node.6.response_wait_max_cycles.other = 0
stat.pool.100.node.6.total_turnaround_avg_cycles.other = 77
stat.pool.100.node.6.total_turnaround_max_cycles.other = 82
stat.pool.100.node.7.pending_occ_avg = 0
stat.pool.100.node.7.pending_occ_max = 0
stat.pool.100.node.7.ready_occ_avg = 0
stat.pool.100.node.7.ready_occ_max = 0
stat.pool.100.node.7.pending_age_avg_cycles = 0
stat.pool.100.node.7.pending_age_max_cycles = 0
stat.pool.100.node.7.ready_age_avg_cycles = 0
stat.pool.100.node.7.ready_age_max_cycles = 0
stat.pool.100.node.7.request_enqueued.load = 0
stat.pool.100.node.7.request_blocked.load = 0
stat.pool.100.node.7.response_ready.load = 0
stat.pool.100.node.7.response_sent.load = 0
stat.pool.100.node.7.response_blocked.load = 0
stat.pool.100.node.7.pending_occ_avg.load = 0
stat.pool.100.node.7.pending_occ_max.load = 0
stat.pool.100.node.7.ready_occ_avg.load = 0
stat.pool.100.node.7.ready_occ_max.load = 0
stat.pool.100.node.7.mem_ready_avg_cycles.load = 0
stat.pool.100.node.7.mem_ready_max_cycles.load = 0
stat.pool.100.node.7.response_wait_avg_cycles.load = 0
stat.pool.100.node.7.response_wait_max_cycles.load = 0
stat.pool.100.node.7.total_turnaround_avg_cycles.load = 0
stat.pool.100.node.7.total_turnaround_max_cycles.load = 0
stat.pool.100.node.7.request_enqueued.rfo = 0
stat.pool.100.node.7.request_blocked.rfo = 0
stat.pool.100.node.7.response_ready.rfo = 0
stat.pool.100.node.7.response_sent.rfo = 0
stat.pool.101.node.7.total_turnaround_avg_cycles.rfo = 78.1401
stat.pool.101.node.7.total_turnaround_max_cycles.rfo = 536
stat.pool.101.node.7.request_enqueued.write = 5269
stat.pool.101.node.7.request_blocked.write = 0
stat.pool.101.node.7.response_ready.write = 0
stat.pool.101.node.7.response_sent.write = 0
stat.pool.101.node.7.response_blocked.write = 0
stat.pool.101.node.7.pending_occ_avg.write = 0
stat.pool.101.node.7.pending_occ_max.write = 0
stat.pool.101.node.7.ready_occ_avg.write = 0
stat.pool.100.node.7.response_blocked.rfo = 0
stat.pool.100.node.7.pending_occ_avg.rfo = 0
stat.pool.100.node.7.pending_occ_max.rfo = 0
stat.pool.100.node.7.ready_occ_avg.rfo = 0
stat.pool.100.node.7.ready_occ_max.rfo = 0
stat.pool.100.node.7.mem_ready_avg_cycles.rfo = 0
stat.pool.100.node.7.mem_ready_max_cycles.rfo = 0
stat.pool.100.node.7.response_wait_avg_cycles.rfo = 0
stat.pool.100.node.7.response_wait_max_cycles.rfo = 0
stat.pool.100.node.7.total_turnaround_avg_cycles.rfo = 0
stat.pool.100.node.7.total_turnaround_max_cycles.rfo = 0
stat.pool.100.node.7.request_enqueued.write = 5269
stat.pool.101.node.7.ready_occ_max.write = 0
stat.pool.101.node.7.mem_ready_avg_cycles.write = 0
stat.pool.101.node.7.mem_ready_max_cycles.write = 0
stat.pool.101.node.7.response_wait_avg_cycles.write = 0
stat.pool.101.node.7.response_wait_max_cycles.write = 0
stat.pool.101.node.7.total_turnaround_avg_cycles.write = 0
stat.pool.101.node.7.total_turnaround_max_cycles.write = 0
stat.pool.101.node.7.request_enqueued.other = 20
stat.pool.101.node.7.request_blocked.other = 0
stat.pool.101.node.7.response_ready.other = 20
stat.pool.101.node.7.response_sent.other = 20
stat.pool.101.node.7.response_blocked.other = 0
stat.pool.101.node.7.pending_occ_avg.other = 0.000336068
stat.pool.101.node.7.pending_occ_max.other = 1
stat.pool.100.node.7.request_blocked.write = 0
stat.pool.100.node.7.response_ready.write = 0
stat.pool.100.node.7.response_sent.write = 0
stat.pool.100.node.7.response_blocked.write = 0
stat.pool.100.node.7.pending_occ_avg.write = 0
stat.pool.100.node.7.pending_occ_max.write = 0
stat.pool.100.node.7.ready_occ_avg.write = 0
stat.pool.100.node.7.ready_occ_max.write = 0
stat.pool.100.node.7.mem_ready_avg_cycles.write = 0
stat.pool.100.node.7.mem_ready_max_cycles.write = 0
stat.pool.100.node.7.response_wait_avg_cycles.write = 0
stat.pool.100.node.7.response_wait_max_cycles.write = 0
stat.pool.100.node.7.total_turnaround_avg_cycles.write = 0
stat.pool.100.node.7.total_turnaround_max_cycles.write = 0
stat.pool.100.node.7.request_enqueued.other = 0
stat.pool.100.node.7.request_blocked.other = 0
stat.pool.100.node.7.response_ready.other = 0
stat.pool.101.node.7.ready_occ_avg.other = 0
stat.pool.101.node.7.ready_occ_max.other = 0
stat.pool.101.node.7.mem_ready_avg_cycles.other = 77
stat.pool.101.node.7.mem_ready_max_cycles.other = 82
stat.pool.101.node.7.response_wait_avg_cycles.other = 0
stat.pool.101.node.7.response_wait_max_cycles.other = 0
stat.pool.101.node.7.total_turnaround_avg_cycles.other = 77
stat.pool.101.node.7.total_turnaround_max_cycles.other = 82
stat.pool.101.fabric.ingress_wait_avg_cycles = 146.093
stat.pool.101.fabric.egress_wait_avg_cycles = 1
stat.pool.101.fabric.ingress_wait_max_cycles = 516
stat.pool.101.fabric.egress_wait_max_cycles = 1
stat.pool.101.fabric.ingress_queue_wait_avg_cycles = 15.0657
stat.pool.101.fabric.ingress_queue_wait_max_cycles = 371
stat.pool.100.node.7.response_sent.other = 0
stat.pool.100.node.7.response_blocked.other = 0
stat.pool.100.node.7.pending_occ_avg.other = 0
stat.pool.100.node.7.pending_occ_max.other = 0
stat.pool.100.node.7.ready_occ_avg.other = 0
stat.pool.100.node.7.ready_occ_max.other = 0
stat.pool.100.node.7.mem_ready_avg_cycles.other = 0
stat.pool.100.node.7.mem_ready_max_cycles.other = 0
stat.pool.100.node.7.response_wait_avg_cycles.other = 0
stat.pool.101.fabric.ingress_occ_bytes = 64
stat.pool.101.fabric.ready_wait_avg_cycles = 0
stat.pool.101.fabric.ready_wait_max_cycles = 0
stat.pool.101.fabric.ready_occ_avg_pkts = 0.0271399
stat.pool.101.fabric.ready_occ_pkts = 0
stat.pool.101.fabric.ready_occ_max_pkts = 1
stat.pool.101.fabric.ready_retry_count = 0
stat.pool.101.fabric.ingress_arrival_burst_max_pkts = 4
stat.pool.101.fabric.ingress_arrival_burst_max_bytes = 136
stat.pool.101.fabric.ingress_arrival_burst_avg_pkts = 1.20311
stat.pool.101.fabric.ingress_arrival_burst_avg_bytes = 32.1705
stat.pool.101.fabric.ingress_arrival_burst_stddev_pkts = 0.405785
stat.pool.101.fabric.ingress_arrival_burst_stddev_bytes = 48.1301
stat.pool.101.fabric.ingress_arrival_nonempty_frac = 0.0225583
stat.pool.101.fabric.ingress_arrival_run_max_cycles = 2
stat.pool.101.fabric.ingress_arrival_run_avg_cycles = 1.00287
stat.pool.101.fabric.ingress_arrival_run_stddev_cycles = 0.053525
stat.pool.101.fabric.ingress_arrival_gap_max_cycles = 579
stat.pool.101.fabric.ingress_arrival_gap_avg_cycles = 38.6023
stat.pool.101.fabric.ingress_arrival_gap_stddev_cycles = 46.3635
stat.pool.101.fabric.ingress_release_burst_max_pkts = 1
stat.pool.101.fabric.ingress_release_burst_max_bytes = 64
stat.pool.101.fabric.ingress_release_burst_avg_pkts = 1
stat.pool.101.fabric.ingress_release_burst_avg_bytes = 26.7393
stat.pool.101.fabric.ingress_release_burst_stddev_pkts = 0
stat.pool.101.fabric.ingress_release_burst_stddev_bytes = 26.4242
stat.pool.101.fabric.ingress_release_nonempty_frac = 0.0271399
stat.pool.101.fabric.ingress_release_run_max_cycles = 1
stat.pool.101.fabric.ingress_release_run_avg_cycles = 1
stat.pool.101.fabric.ingress_release_run_stddev_cycles = 0
stat.pool.101.fabric.ingress_release_gap_max_cycles = 522
stat.pool.101.fabric.ingress_release_gap_avg_cycles = 31.825
stat.pool.101.fabric.ingress_release_gap_stddev_cycles = 43.1388
stat.pool.101.fabric.ingress_occ_avg_bytes = 115.44
stat.pool.101.fabric.ingress_occ_stddev_bytes = 123.036
stat.pool.101.fabric.ingress_occ_max_bytes = 1336
stat.pool.101.fabric.ingress_occ_nonempty_frac = 0.833231
stat.pool.101.fabric.ingress_occ_run_max_cycles = 9846
stat.pool.101.fabric.ingress_occ_run_avg_cycles = 598.729
stat.pool.101.fabric.ingress_occ_run_stddev_cycles = 785.535
stat.pool.101.fabric.ingress_occ_gap_max_cycles = 379
stat.pool.101.fabric.ingress_occ_gap_avg_cycles = 41.4405
stat.pool.101.fabric.ingress_occ_gap_stddev_cycles = 37.1285
stat.pool.101.fabric.rx_bytes.demand_req = 669952
stat.pool.101.fabric.tx_bytes.demand_req = 0
stat.pool.101.fabric.rx_pkts.demand_req = 83744
stat.pool.101.fabric.tx_pkts.demand_req = 0
stat.pool.101.fabric.rx_bytes.write_req = 2698112
stat.pool.101.fabric.tx_bytes.write_req = 0
stat.pool.101.fabric.rx_pkts.write_req = 42158
stat.pool.101.fabric.tx_pkts.write_req = 0
stat.pool.101.fabric.rx_bytes.response = 0
stat.pool.101.fabric.tx_bytes.response = 5364736
stat.pool.101.fabric.rx_pkts.response = 0
stat.pool.101.fabric.tx_pkts.response = 83824
stat.pool.101.fabric.rx_bytes.other_req = 640
stat.pool.100.node.7.response_wait_max_cycles.other = 0
stat.pool.100.node.7.total_turnaround_avg_cycles.other = 0
stat.pool.100.node.7.total_turnaround_max_cycles.other = 0
stat.pool.100.fabric.ingress_wait_avg_cycles = 146.093
stat.pool.100.fabric.egress_wait_avg_cycles = 1
stat.pool.100.fabric.ingress_wait_max_cycles = 516
stat.pool.100.fabric.egress_wait_max_cycles = 1
stat.pool.100.fabric.ingress_queue_wait_avg_cycles = 15.0657
stat.pool.100.fabric.ingress_queue_wait_max_cycles = 371
stat.pool.100.fabric.ingress_occ_bytes = 64
stat.pool.100.fabric.ready_wait_avg_cycles = 0
stat.pool.100.fabric.ready_wait_max_cycles = 0
stat.pool.100.fabric.ready_occ_avg_pkts = 0.0271399
stat.pool.100.fabric.ready_occ_pkts = 0
stat.pool.100.fabric.ready_occ_max_pkts = 1
stat.pool.100.fabric.ready_retry_count = 0
stat.pool.100.fabric.ingress_arrival_burst_max_pkts = 4
stat.pool.100.fabric.ingress_arrival_burst_max_bytes = 136
stat.pool.100.fabric.ingress_arrival_burst_avg_pkts = 1.20311
stat.pool.100.fabric.ingress_arrival_burst_avg_bytes = 32.1705
stat.pool.100.fabric.ingress_arrival_burst_stddev_pkts = 0.405785
stat.pool.100.fabric.ingress_arrival_burst_stddev_bytes = 48.1301
stat.pool.100.fabric.ingress_arrival_nonempty_frac = 0.0225583
stat.pool.100.fabric.ingress_arrival_run_max_cycles = 2
stat.pool.100.fabric.ingress_arrival_run_avg_cycles = 1.00287
stat.pool.100.fabric.ingress_arrival_run_stddev_cycles = 0.053525
stat.pool.100.fabric.ingress_arrival_gap_max_cycles = 579
stat.pool.100.fabric.ingress_arrival_gap_avg_cycles = 38.6023
stat.pool.100.fabric.ingress_arrival_gap_stddev_cycles = 46.3635
stat.pool.100.fabric.ingress_release_burst_max_pkts = 1
stat.pool.100.fabric.ingress_release_burst_max_bytes = 64
stat.pool.100.fabric.ingress_release_burst_avg_pkts = 1
stat.pool.100.fabric.ingress_release_burst_avg_bytes = 26.7393
stat.pool.100.fabric.ingress_release_burst_stddev_pkts = 0
stat.pool.100.fabric.ingress_release_burst_stddev_bytes = 26.4242
stat.pool.100.fabric.ingress_release_nonempty_frac = 0.0271399
stat.pool.100.fabric.ingress_release_run_max_cycles = 1
stat.pool.100.fabric.ingress_release_run_avg_cycles = 1
stat.pool.100.fabric.ingress_release_run_stddev_cycles = 0
stat.pool.100.fabric.ingress_release_gap_max_cycles = 522
stat.pool.100.fabric.ingress_release_gap_avg_cycles = 31.825
stat.pool.100.fabric.ingress_release_gap_stddev_cycles = 43.1388
stat.pool.100.fabric.ingress_occ_avg_bytes = 115.44
stat.pool.100.fabric.ingress_occ_stddev_bytes = 123.036
stat.pool.100.fabric.ingress_occ_max_bytes = 1336
stat.pool.100.fabric.ingress_occ_nonempty_frac = 0.833231
stat.pool.100.fabric.ingress_occ_run_max_cycles = 9846
stat.pool.100.fabric.ingress_occ_run_avg_cycles = 598.729
stat.pool.100.fabric.ingress_occ_run_stddev_cycles = 785.535
stat.pool.100.fabric.ingress_occ_gap_max_cycles = 379
stat.pool.100.fabric.ingress_occ_gap_avg_cycles = 41.4405
stat.pool.100.fabric.ingress_occ_gap_stddev_cycles = 37.1285
stat.pool.100.fabric.rx_bytes.demand_req = 669952
stat.pool.100.fabric.tx_bytes.demand_req = 0
stat.pool.100.fabric.rx_pkts.demand_req = 83744
stat.pool.100.fabric.tx_pkts.demand_req = 0
stat.pool.100.fabric.rx_bytes.write_req = 2698112
stat.pool.100.fabric.tx_bytes.write_req = 0
stat.pool.100.fabric.rx_pkts.write_req = 42158
stat.pool.100.fabric.tx_pkts.write_req = 0
stat.pool.100.fabric.rx_bytes.response = 0
stat.pool.101.fabric.tx_bytes.other_req = 0
stat.pool.101.fabric.rx_pkts.other_req = 80
stat.pool.101.fabric.tx_pkts.other_req = 0
stat.pool.101.port.switch.ingress_wait_avg_cycles = 146.093
stat.pool.101.port.switch.ingress_wait_max_cycles = 516
stat.pool.101.port.switch.egress_wait_avg_cycles = 1
stat.pool.101.port.switch.egress_wait_max_cycles = 1
stat.pool.101.port.switch.ingress_queue_wait_avg_cycles = 15.0657
stat.pool.101.port.switch.ingress_queue_wait_max_cycles = 371
stat.pool.101.port.switch.egress_occ_avg_bytes = 0
stat.pool.101.port.switch.egress_occ_stddev_bytes = 0
stat.pool.101.port.switch.egress_occ_max_bytes = 0
stat.pool.101.port.switch.egress_occ_nonempty_frac = 0
stat.pool.100.fabric.tx_bytes.response = 5364736
stat.pool.100.fabric.rx_pkts.response = 0
stat.pool.100.fabric.tx_pkts.response = 83824
stat.pool.100.fabric.rx_bytes.other_req = 640
stat.pool.100.fabric.tx_bytes.other_req = 0
stat.pool.100.fabric.rx_pkts.other_req = 80
stat.pool.100.fabric.tx_pkts.other_req = 0
stat.pool.100.port.switch.ingress_wait_avg_cycles = 146.093
stat.pool.100.port.switch.ingress_wait_max_cycles = 516
stat.pool.100.port.switch.egress_wait_avg_cycles = 1
stat.pool.100.port.switch.egress_wait_max_cycles = 1
stat.pool.100.port.switch.ingress_queue_wait_avg_cycles = 15.0657
stat.pool.100.port.switch.ingress_queue_wait_max_cycles = 371
stat.pool.101.port.switch.egress_blocked_cycles = 0
stat.pool.101.port.switch.egress_blocked_nonempty_frac = 0
stat.pool.101.port.switch.egress_blocked_avg_occ_bytes = 0
stat.pool.101.port.switch.egress_blocked_max_occ_bytes = 0
stat.pool.101.port.switch.egress_send_burst_max_pkts = 2
stat.pool.101.port.switch.egress_send_burst_max_bytes = 128
stat.pool.101.port.switch.egress_send_burst_avg_pkts = 1.00004
stat.pool.101.port.switch.egress_send_burst_avg_bytes = 64.0023
stat.pool.101.port.switch.egress_send_burst_stddev_pkts = 0.00598241
stat.pool.101.port.switch.egress_send_burst_stddev_bytes = 0.382874
stat.pool.101.port.switch.egress_send_nonempty_frac = 0.0180574
stat.pool.101.port.switch.ingress_arrival_burst_avg_bytes = 32.1705
stat.pool.101.port.switch.ingress_arrival_nonempty_frac = 0.0225583
stat.pool.101.port.switch.ingress_arrival_run_max_cycles = 2
stat.pool.101.port.switch.ingress_arrival_run_avg_cycles = 1.00287
stat.pool.100.port.switch.egress_occ_avg_bytes = 0
stat.pool.100.port.switch.egress_occ_stddev_bytes = 0
stat.pool.100.port.switch.egress_occ_max_bytes = 0
stat.pool.100.port.switch.egress_occ_nonempty_frac = 0
stat.pool.100.port.switch.egress_blocked_cycles = 0
stat.pool.100.port.switch.egress_blocked_nonempty_frac = 0
stat.pool.100.port.switch.egress_blocked_avg_occ_bytes = 0
stat.pool.101.port.switch.ingress_arrival_gap_max_cycles = 579
stat.pool.101.port.switch.ingress_arrival_gap_avg_cycles = 38.6023
stat.pool.101.port.switch.ingress_release_burst_avg_bytes = 26.7393
stat.pool.101.port.switch.ingress_release_nonempty_frac = 0.0271399
stat.pool.101.port.switch.ingress_release_run_max_cycles = 1
stat.pool.101.port.switch.ingress_release_run_avg_cycles = 1
stat.pool.101.port.switch.ingress_release_gap_max_cycles = 522
stat.pool.101.port.switch.ingress_release_gap_avg_cycles = 31.825
stat.pool.101.port.switch.ingress_occ_avg_bytes = 115.44
stat.pool.101.port.switch.ingress_occ_stddev_bytes = 123.036
stat.pool.101.port.switch.ingress_occ_max_bytes = 1336
stat.pool.101.port.switch.ingress_occ_nonempty_frac = 0.833231
stat.pool.101.port.switch.ingress_occ_run_max_cycles = 9846
stat.pool.100.port.switch.egress_blocked_max_occ_bytes = 0
stat.pool.100.port.switch.egress_send_burst_max_pkts = 2
stat.pool.100.port.switch.egress_send_burst_max_bytes = 128
stat.pool.100.port.switch.egress_send_burst_avg_pkts = 1.00004
stat.pool.100.port.switch.egress_send_burst_avg_bytes = 64.0023
stat.pool.100.port.switch.egress_send_burst_stddev_pkts = 0.00598241
stat.pool.100.port.switch.egress_send_burst_stddev_bytes = 0.382874
stat.pool.100.port.switch.egress_send_nonempty_frac = 0.0180574
stat.pool.100.port.switch.ingress_arrival_burst_avg_bytes = 32.1705
stat.pool.100.port.switch.ingress_arrival_nonempty_frac = 0.0225583
stat.pool.100.port.switch.ingress_arrival_run_max_cycles = 2
stat.pool.100.port.switch.ingress_arrival_run_avg_cycles = 1.00287
stat.pool.100.port.switch.ingress_arrival_gap_max_cycles = 579
stat.pool.100.port.switch.ingress_arrival_gap_avg_cycles = 38.6023
stat.pool.100.port.switch.ingress_release_burst_avg_bytes = 26.7393
stat.pool.100.port.switch.ingress_release_nonempty_frac = 0.0271399
stat.pool.100.port.switch.ingress_release_run_max_cycles = 1
stat.pool.100.port.switch.ingress_release_run_avg_cycles = 1
stat.pool.100.port.switch.ingress_release_gap_max_cycles = 522
stat.pool.100.port.switch.ingress_release_gap_avg_cycles = 31.825
stat.pool.100.port.switch.ingress_occ_avg_bytes = 115.44
stat.pool.100.port.switch.ingress_occ_stddev_bytes = 123.036
stat.pool.100.port.switch.ingress_occ_max_bytes = 1336
stat.pool.100.port.switch.ingress_occ_nonempty_frac = 0.833231
stat.pool.100.port.switch.ingress_occ_run_max_cycles = 9846
stat.pool.100.port.switch.ingress_occ_run_avg_cycles = 598.729
stat.pool.100.port.switch.ingress_occ_gap_max_cycles = 379
stat.pool.100.port.switch.ingress_occ_gap_avg_cycles = 41.4405
stat.pool.100.port.switch.ingress_wait_avg_cycles.demand_req = 136.07
stat.pool.100.port.switch.ingress_wait_max_cycles.demand_req = 491
stat.pool.100.port.switch.ingress_queue_wait_avg_cycles.demand_req = 12.0699
stat.pool.100.port.switch.ingress_queue_wait_max_cycles.demand_req = 367
stat.pool.100.port.switch.egress_wait_avg_cycles.demand_req = 0
stat.pool.100.port.switch.egress_wait_max_cycles.demand_req = 0
stat.pool.100.port.switch.egress_occ_avg_bytes.demand_req = 0
stat.pool.100.port.switch.egress_occ_max_bytes.demand_req = 0
stat.pool.100.port.switch.egress_blocked_cycles.demand_req = 0
stat.pool.100.port.switch.ingress_arrival_empty_packets.demand_req = 4522
stat.pool.100.port.switch.ingress_arrival_nonempty_packets.demand_req = 79222
stat.pool.100.port.switch.ingress_arrival_nonempty_packet_frac.demand_req = 0.946002
stat.pool.100.port.switch.ingress_nonempty_arrival_pre_occ_avg_bytes.demand_req = 151.019
stat.pool.100.port.switch.ingress_nonempty_arrival_pre_occ_max_bytes.demand_req = 1288
stat.pool.100.port.switch.ingress_release_after_empty_arrival_packets.demand_req = 4522
stat.pool.100.port.switch.ingress_release_after_nonempty_arrival_packets.demand_req = 79222
stat.pool.100.port.switch.ingress_wait_after_empty_arrival_avg_cycles.demand_req = 124
stat.pool.100.port.switch.ingress_wait_after_nonempty_arrival_avg_cycles.demand_req = 136.759
stat.pool.101.port.switch.ingress_occ_run_avg_cycles = 598.729
stat.pool.101.port.switch.ingress_occ_gap_max_cycles = 379
stat.pool.101.port.switch.ingress_occ_gap_avg_cycles = 41.4405
stat.pool.101.port.switch.ingress_wait_avg_cycles.demand_req = 136.07
stat.pool.101.port.switch.ingress_wait_max_cycles.demand_req = 491
stat.pool.101.port.switch.ingress_queue_wait_avg_cycles.demand_req = 12.0699
stat.pool.101.port.switch.ingress_queue_wait_max_cycles.demand_req = 367
stat.pool.101.port.switch.egress_wait_avg_cycles.demand_req = 0
stat.pool.101.port.switch.egress_wait_max_cycles.demand_req = 0
stat.pool.101.port.switch.egress_occ_avg_bytes.demand_req = 0
stat.pool.101.port.switch.egress_occ_max_bytes.demand_req = 0
stat.pool.101.port.switch.egress_blocked_cycles.demand_req = 0
stat.pool.101.port.switch.ingress_arrival_empty_packets.demand_req = 4522
stat.pool.101.port.switch.ingress_arrival_nonempty_packets.demand_req = 79222
stat.pool.101.port.switch.ingress_arrival_nonempty_packet_frac.demand_req = 0.946002
stat.pool.101.port.switch.ingress_nonempty_arrival_pre_occ_avg_bytes.demand_req = 151.019
stat.pool.101.port.switch.ingress_nonempty_arrival_pre_occ_max_bytes.demand_req = 1288
stat.pool.101.port.switch.ingress_release_after_empty_arrival_packets.demand_req = 4522
stat.pool.101.port.switch.ingress_release_after_nonempty_arrival_packets.demand_req = 79222
stat.pool.101.port.switch.ingress_wait_after_empty_arrival_avg_cycles.demand_req = 124
stat.pool.101.port.switch.ingress_wait_after_nonempty_arrival_avg_cycles.demand_req = 136.759
stat.pool.101.port.switch.ingress_queue_wait_after_empty_arrival_avg_cycles.demand_req = 0
stat.pool.101.port.switch.ingress_queue_wait_after_nonempty_arrival_avg_cycles.demand_req = 12.7589
stat.pool.101.port.switch.ingress_queue_wait_after_empty_arrival_max_cycles.demand_req = 0
stat.pool.101.port.switch.ingress_queue_wait_after_nonempty_arrival_max_cycles.demand_req = 367
stat.pool.101.port.switch.rx_bytes.demand_req = 669952
stat.pool.101.port.switch.tx_bytes.demand_req = 0
stat.pool.101.port.switch.rx_pkts.demand_req = 83744
stat.pool.101.port.switch.tx_pkts.demand_req = 0
stat.pool.101.port.switch.ingress_wait_avg_cycles.write_req = 166.038
stat.pool.101.port.switch.ingress_wait_max_cycles.write_req = 516
stat.pool.101.port.switch.ingress_queue_wait_avg_cycles.write_req = 21.0378
stat.pool.101.port.switch.ingress_queue_wait_max_cycles.write_req = 371
stat.pool.101.port.switch.egress_wait_avg_cycles.write_req = 0
stat.pool.101.port.switch.egress_wait_max_cycles.write_req = 0
stat.pool.101.port.switch.egress_occ_avg_bytes.write_req = 0
stat.pool.101.port.switch.egress_occ_max_bytes.write_req = 0
stat.pool.101.port.switch.egress_blocked_cycles.write_req = 0
stat.pool.101.port.switch.ingress_arrival_empty_packets.write_req = 1933
stat.pool.101.port.switch.ingress_arrival_nonempty_packets.write_req = 40225
stat.pool.101.port.switch.ingress_arrival_nonempty_packet_frac.write_req = 0.954149
stat.pool.101.port.switch.ingress_nonempty_arrival_pre_occ_avg_bytes.write_req = 186.687
stat.pool.101.port.switch.ingress_nonempty_arrival_pre_occ_max_bytes.write_req = 1272
stat.pool.101.port.switch.ingress_release_after_empty_arrival_packets.write_req = 1933
stat.pool.101.port.switch.ingress_release_after_nonempty_arrival_packets.write_req = 40224
stat.pool.101.port.switch.ingress_wait_after_empty_arrival_avg_cycles.write_req = 145
stat.pool.101.port.switch.ingress_wait_after_nonempty_arrival_avg_cycles.write_req = 167.049
stat.pool.101.port.switch.ingress_queue_wait_after_empty_arrival_avg_cycles.write_req = 0
stat.pool.101.port.switch.ingress_queue_wait_after_nonempty_arrival_avg_cycles.write_req = 22.0488
stat.pool.101.port.switch.ingress_queue_wait_after_empty_arrival_max_cycles.write_req = 0
stat.pool.101.port.switch.ingress_queue_wait_after_nonempty_arrival_max_cycles.write_req = 371
stat.pool.101.port.switch.rx_bytes.write_req = 2698112
stat.pool.101.port.switch.tx_bytes.write_req = 0
stat.pool.101.port.switch.rx_pkts.write_req = 42158
stat.pool.101.port.switch.tx_pkts.write_req = 0
stat.pool.101.port.switch.ingress_wait_avg_cycles.response = 0
stat.pool.101.port.switch.ingress_wait_max_cycles.response = 0
stat.pool.101.port.switch.ingress_queue_wait_avg_cycles.response = 0
stat.pool.101.port.switch.ingress_queue_wait_max_cycles.response = 0
stat.pool.100.port.switch.ingress_queue_wait_after_empty_arrival_avg_cycles.demand_req = 0
stat.pool.100.port.switch.ingress_queue_wait_after_nonempty_arrival_avg_cycles.demand_req = 12.7589
stat.pool.100.port.switch.ingress_queue_wait_after_empty_arrival_max_cycles.demand_req = 0
stat.pool.100.port.switch.ingress_queue_wait_after_nonempty_arrival_max_cycles.demand_req = 367
stat.pool.100.port.switch.rx_bytes.demand_req = 669952
stat.pool.100.port.switch.tx_bytes.demand_req = 0
stat.pool.100.port.switch.rx_pkts.demand_req = 83744
stat.pool.100.port.switch.tx_pkts.demand_req = 0
stat.pool.100.port.switch.ingress_wait_avg_cycles.write_req = 166.038
stat.pool.100.port.switch.ingress_wait_max_cycles.write_req = 516
stat.pool.101.port.switch.egress_wait_avg_cycles.response = 1
stat.pool.101.port.switch.egress_wait_max_cycles.response = 1
stat.pool.101.port.switch.egress_occ_avg_bytes.response = 0
stat.pool.101.port.switch.egress_occ_max_bytes.response = 0
stat.pool.101.port.switch.egress_blocked_cycles.response = 0
stat.pool.101.port.switch.ingress_arrival_empty_packets.response = 0
stat.pool.101.port.switch.ingress_arrival_nonempty_packets.response = 0
stat.pool.101.port.switch.ingress_arrival_nonempty_packet_frac.response = 0
stat.pool.101.port.switch.ingress_nonempty_arrival_pre_occ_avg_bytes.response = 0
stat.pool.101.port.switch.ingress_nonempty_arrival_pre_occ_max_bytes.response = 0
stat.pool.101.port.switch.ingress_release_after_empty_arrival_packets.response = 0
stat.pool.100.port.switch.ingress_queue_wait_avg_cycles.write_req = 21.0378
stat.pool.100.port.switch.ingress_queue_wait_max_cycles.write_req = 371
stat.pool.100.port.switch.egress_wait_avg_cycles.write_req = 0
stat.pool.100.port.switch.egress_wait_max_cycles.write_req = 0
stat.pool.100.port.switch.egress_occ_avg_bytes.write_req = 0
stat.pool.100.port.switch.egress_occ_max_bytes.write_req = 0
stat.pool.100.port.switch.egress_blocked_cycles.write_req = 0
stat.pool.100.port.switch.ingress_arrival_empty_packets.write_req = 1933
stat.pool.100.port.switch.ingress_arrival_nonempty_packets.write_req = 40225
stat.pool.100.port.switch.ingress_arrival_nonempty_packet_frac.write_req = 0.954149
stat.pool.100.port.switch.ingress_nonempty_arrival_pre_occ_avg_bytes.write_req = 186.687
stat.pool.100.port.switch.ingress_nonempty_arrival_pre_occ_max_bytes.write_req = 1272
stat.pool.101.port.switch.ingress_release_after_nonempty_arrival_packets.response = 0
stat.pool.101.port.switch.ingress_wait_after_empty_arrival_avg_cycles.response = 0
stat.pool.101.port.switch.ingress_wait_after_nonempty_arrival_avg_cycles.response = 0
stat.pool.101.port.switch.ingress_queue_wait_after_empty_arrival_avg_cycles.response = 0
stat.pool.101.port.switch.ingress_queue_wait_after_nonempty_arrival_avg_cycles.response = 0
stat.pool.101.port.switch.ingress_queue_wait_after_empty_arrival_max_cycles.response = 0
stat.pool.101.port.switch.ingress_queue_wait_after_nonempty_arrival_max_cycles.response = 0
stat.pool.101.port.switch.rx_bytes.response = 0
stat.pool.101.port.switch.tx_bytes.response = 5364736
stat.pool.101.port.switch.rx_pkts.response = 0
stat.pool.101.port.switch.tx_pkts.response = 83824
stat.pool.101.port.switch.ingress_wait_avg_cycles.other_req = 127.95
stat.pool.100.port.switch.ingress_release_after_empty_arrival_packets.write_req = 1933
stat.pool.100.port.switch.ingress_release_after_nonempty_arrival_packets.write_req = 40224
stat.pool.100.port.switch.ingress_wait_after_empty_arrival_avg_cycles.write_req = 145
stat.pool.100.port.switch.ingress_wait_after_nonempty_arrival_avg_cycles.write_req = 167.049
stat.pool.100.port.switch.ingress_queue_wait_after_empty_arrival_avg_cycles.write_req = 0
stat.pool.100.port.switch.ingress_queue_wait_after_nonempty_arrival_avg_cycles.write_req = 22.0488
stat.pool.100.port.switch.ingress_queue_wait_after_empty_arrival_max_cycles.write_req = 0
stat.pool.100.port.switch.ingress_queue_wait_after_nonempty_arrival_max_cycles.write_req = 371
stat.pool.100.port.switch.rx_bytes.write_req = 2698112
stat.pool.100.port.switch.tx_bytes.write_req = 0
stat.pool.100.port.switch.rx_pkts.write_req = 42158
stat.pool.100.port.switch.tx_pkts.write_req = 0
stat.pool.100.port.switch.ingress_wait_avg_cycles.response = 0
stat.pool.100.port.switch.ingress_wait_max_cycles.response = 0
stat.pool.100.port.switch.ingress_queue_wait_avg_cycles.response = 0
stat.pool.100.port.switch.ingress_queue_wait_max_cycles.response = 0
stat.pool.100.port.switch.egress_wait_avg_cycles.response = 1
stat.pool.100.port.switch.egress_wait_max_cycles.response = 1
stat.pool.100.port.switch.egress_occ_avg_bytes.response = 0
stat.pool.100.port.switch.egress_occ_max_bytes.response = 0
stat.pool.100.port.switch.egress_blocked_cycles.response = 0
stat.pool.100.port.switch.ingress_arrival_empty_packets.response = 0
stat.pool.100.port.switch.ingress_arrival_nonempty_packets.response = 0
stat.pool.100.port.switch.ingress_arrival_nonempty_packet_frac.response = 0
stat.pool.100.port.switch.ingress_nonempty_arrival_pre_occ_avg_bytes.response = 0
stat.pool.100.port.switch.ingress_nonempty_arrival_pre_occ_max_bytes.response = 0
stat.pool.100.port.switch.ingress_release_after_empty_arrival_packets.response = 0
stat.pool.100.port.switch.ingress_release_after_nonempty_arrival_packets.response = 0
stat.pool.100.port.switch.ingress_wait_after_empty_arrival_avg_cycles.response = 0
stat.pool.100.port.switch.ingress_wait_after_nonempty_arrival_avg_cycles.response = 0
stat.pool.100.port.switch.ingress_queue_wait_after_empty_arrival_avg_cycles.response = 0
stat.pool.100.port.switch.ingress_queue_wait_after_nonempty_arrival_avg_cycles.response = 0
stat.pool.100.port.switch.ingress_queue_wait_after_empty_arrival_max_cycles.response = 0
stat.pool.100.port.switch.ingress_queue_wait_after_nonempty_arrival_max_cycles.response = 0
stat.pool.100.port.switch.rx_bytes.response = 0
stat.pool.100.port.switch.tx_bytes.response = 5364736
stat.pool.100.port.switch.rx_pkts.response = 0
stat.pool.100.port.switch.tx_pkts.response = 83824
stat.pool.100.port.switch.ingress_wait_avg_cycles.other_req = 127.95
stat.pool.100.port.switch.ingress_wait_max_cycles.other_req = 167
stat.pool.100.port.switch.ingress_queue_wait_avg_cycles.other_req = 3.95
stat.pool.100.port.switch.ingress_queue_wait_max_cycles.other_req = 43
stat.pool.100.port.switch.egress_wait_avg_cycles.other_req = 0
stat.pool.100.port.switch.egress_wait_max_cycles.other_req = 0
stat.pool.100.port.switch.egress_occ_avg_bytes.other_req = 0
stat.pool.100.port.switch.egress_occ_max_bytes.other_req = 0
stat.pool.100.port.switch.egress_blocked_cycles.other_req = 0
stat.pool.101.port.switch.ingress_wait_max_cycles.other_req = 167
stat.pool.101.port.switch.ingress_queue_wait_avg_cycles.other_req = 3.95
stat.pool.101.port.switch.ingress_queue_wait_max_cycles.other_req = 43
stat.pool.101.port.switch.egress_wait_avg_cycles.other_req = 0
stat.pool.101.port.switch.egress_wait_max_cycles.other_req = 0
stat.pool.101.port.switch.egress_occ_avg_bytes.other_req = 0
stat.pool.101.port.switch.egress_occ_max_bytes.other_req = 0
stat.pool.101.port.switch.egress_blocked_cycles.other_req = 0
stat.pool.101.port.switch.ingress_arrival_empty_packets.other_req = 5
stat.pool.101.port.switch.ingress_arrival_nonempty_packets.other_req = 75
stat.pool.101.port.switch.ingress_arrival_nonempty_packet_frac.other_req = 0.9375
stat.pool.101.port.switch.ingress_nonempty_arrival_pre_occ_avg_bytes.other_req = 137.173
stat.pool.101.port.switch.ingress_nonempty_arrival_pre_occ_max_bytes.other_req = 304
stat.pool.101.port.switch.ingress_release_after_empty_arrival_packets.other_req = 5
stat.pool.101.port.switch.ingress_release_after_nonempty_arrival_packets.other_req = 75
stat.pool.101.port.switch.ingress_wait_after_empty_arrival_avg_cycles.other_req = 124
stat.pool.101.port.switch.ingress_wait_after_nonempty_arrival_avg_cycles.other_req = 128.213
stat.pool.101.port.switch.ingress_queue_wait_after_empty_arrival_avg_cycles.other_req = 0
stat.pool.101.port.switch.ingress_queue_wait_after_nonempty_arrival_avg_cycles.other_req = 4.21333
stat.pool.101.port.switch.ingress_queue_wait_after_empty_arrival_max_cycles.other_req = 0
stat.pool.101.port.switch.ingress_queue_wait_after_nonempty_arrival_max_cycles.other_req = 43
stat.pool.101.port.switch.rx_bytes.other_req = 640
stat.pool.101.port.switch.tx_bytes.other_req = 0
stat.pool.101.port.switch.rx_pkts.other_req = 80
stat.pool.101.port.switch.tx_pkts.other_req = 0
stat.pool.101.port.switch.ingress_occ_bucket_bytes.0 = 774129
stat.pool.101.port.switch.ready_occ_bucket_bytes.0 = 4515937
stat.pool.101.port.switch.ingress_occ_bucket_bytes.1_64 = 1422012
stat.pool.101.port.switch.ready_occ_bucket_bytes.1_64 = 125981
stat.pool.101.port.switch.ingress_occ_bucket_bytes.65_256 = 1749345
stat.pool.101.port.switch.ready_occ_bucket_bytes.65_256 = 0
stat.pool.101.port.switch.ingress_occ_bucket_bytes.257_1024 = 695256
stat.pool.101.port.switch.ready_occ_bucket_bytes.257_1024 = 0
stat.pool.101.port.switch.ingress_occ_bucket_bytes.1025_4096 = 1176
stat.pool.101.port.switch.ready_occ_bucket_bytes.1025_4096 = 0
stat.pool.101.port.switch.ingress_occ_bucket_bytes.4097_plus = 0
stat.pool.101.port.switch.ready_occ_bucket_bytes.4097_plus = 0
stat.pool.101.port.switch.ingress_pre_occ_bucket.demand_req.0 = 4522
stat.pool.101.port.switch.ingress_queue_wait_bucket.demand_req.0 = 55282
stat.pool.101.port.switch.ingress_pre_occ_bucket.demand_req.1_64 = 26072
stat.pool.101.port.switch.ingress_queue_wait_bucket.demand_req.1_63 = 25438
stat.pool.101.port.switch.ingress_pre_occ_bucket.demand_req.65_256 = 35964
stat.pool.101.port.switch.ingress_queue_wait_bucket.demand_req.64_255 = 2987
stat.pool.101.port.switch.ingress_pre_occ_bucket.demand_req.257_1024 = 17159
stat.pool.101.port.switch.ingress_queue_wait_bucket.demand_req.256_1023 = 37
stat.pool.101.port.switch.ingress_pre_occ_bucket.demand_req.1025_4096 = 27
stat.pool.101.port.switch.ingress_queue_wait_bucket.demand_req.1024_4095 = 0
stat.pool.101.port.switch.ingress_pre_occ_bucket.demand_req.4097_plus = 0
stat.pool.101.port.switch.ingress_queue_wait_bucket.demand_req.4096_plus = 0
stat.pool.101.port.switch.ingress_pre_occ_bucket.write_req.0 = 1933
stat.pool.101.port.switch.ingress_queue_wait_bucket.write_req.0 = 15457
stat.pool.101.port.switch.ingress_pre_occ_bucket.write_req.1_64 = 7538
stat.pool.101.port.switch.ingress_queue_wait_bucket.write_req.1_63 = 25067
stat.pool.101.port.switch.ingress_pre_occ_bucket.write_req.65_256 = 22447
stat.pool.101.port.switch.ingress_queue_wait_bucket.write_req.64_255 = 1586
stat.pool.101.port.switch.ingress_pre_occ_bucket.write_req.257_1024 = 10207
stat.pool.101.port.switch.ingress_queue_wait_bucket.write_req.256_1023 = 47
stat.pool.100.port.switch.ingress_arrival_empty_packets.other_req = 5
stat.pool.100.port.switch.ingress_arrival_nonempty_packets.other_req = 75
stat.pool.100.port.switch.ingress_arrival_nonempty_packet_frac.other_req = 0.9375
stat.pool.100.port.switch.ingress_nonempty_arrival_pre_occ_avg_bytes.other_req = 137.173
stat.pool.100.port.switch.ingress_nonempty_arrival_pre_occ_max_bytes.other_req = 304
stat.pool.100.port.switch.ingress_release_after_empty_arrival_packets.other_req = 5
stat.pool.100.port.switch.ingress_release_after_nonempty_arrival_packets.other_req = 75
stat.pool.100.port.switch.ingress_wait_after_empty_arrival_avg_cycles.other_req = 124
stat.pool.100.port.switch.ingress_wait_after_nonempty_arrival_avg_cycles.other_req = 128.213
stat.pool.100.port.switch.ingress_queue_wait_after_empty_arrival_avg_cycles.other_req = 0
stat.pool.100.port.switch.ingress_queue_wait_after_nonempty_arrival_avg_cycles.other_req = 4.21333
stat.pool.100.port.switch.ingress_queue_wait_after_empty_arrival_max_cycles.other_req = 0
stat.pool.100.port.switch.ingress_queue_wait_after_nonempty_arrival_max_cycles.other_req = 43
stat.pool.100.port.switch.rx_bytes.other_req = 640
stat.pool.100.port.switch.tx_bytes.other_req = 0
stat.pool.100.port.switch.rx_pkts.other_req = 80
stat.pool.101.port.switch.ingress_pre_occ_bucket.write_req.1025_4096 = 33
stat.pool.101.port.switch.ingress_queue_wait_bucket.write_req.1024_4095 = 0
stat.pool.101.port.switch.ingress_pre_occ_bucket.write_req.4097_plus = 0
stat.pool.101.port.switch.ingress_queue_wait_bucket.write_req.4096_plus = 0
stat.pool.101.port.switch.ingress_pre_occ_bucket.response.0 = 0
stat.pool.101.port.switch.ingress_queue_wait_bucket.response.0 = 0
stat.pool.101.port.switch.ingress_pre_occ_bucket.response.1_64 = 0
stat.pool.101.port.switch.ingress_queue_wait_bucket.response.1_63 = 0
stat.pool.100.port.switch.tx_pkts.other_req = 0
stat.pool.101.port.switch.ingress_pre_occ_bucket.response.65_256 = 0
stat.pool.101.port.switch.ingress_queue_wait_bucket.response.64_255 = 0
stat.pool.101.port.switch.ingress_pre_occ_bucket.response.257_1024 = 0
stat.pool.101.port.switch.ingress_queue_wait_bucket.response.256_1023 = 0
stat.pool.101.port.switch.ingress_pre_occ_bucket.response.1025_4096 = 0
stat.pool.101.port.switch.ingress_queue_wait_bucket.response.1024_4095 = 0
stat.pool.100.port.switch.ingress_occ_bucket_bytes.0 = 774129
stat.pool.100.port.switch.ready_occ_bucket_bytes.0 = 4515937
stat.pool.100.port.switch.ingress_occ_bucket_bytes.1_64 = 1422012
stat.pool.100.port.switch.ready_occ_bucket_bytes.1_64 = 125981
stat.pool.100.port.switch.ingress_occ_bucket_bytes.65_256 = 1749345
stat.pool.100.port.switch.ready_occ_bucket_bytes.65_256 = 0
stat.pool.100.port.switch.ingress_occ_bucket_bytes.257_1024 = 695256
stat.pool.100.port.switch.ready_occ_bucket_bytes.257_1024 = 0
stat.pool.101.port.switch.ingress_pre_occ_bucket.response.4097_plus = 0
stat.pool.101.port.switch.ingress_queue_wait_bucket.response.4096_plus = 0
stat.pool.101.port.switch.ingress_pre_occ_bucket.other_req.0 = 5
stat.pool.101.port.switch.ingress_queue_wait_bucket.other_req.0 = 67
stat.pool.101.port.switch.ingress_pre_occ_bucket.other_req.1_64 = 22
stat.pool.101.port.switch.ingress_queue_wait_bucket.other_req.1_63 = 13
stat.pool.101.port.switch.ingress_pre_occ_bucket.other_req.65_256 = 37
stat.pool.101.port.switch.ingress_queue_wait_bucket.other_req.64_255 = 0
stat.pool.101.port.switch.ingress_pre_occ_bucket.other_req.257_1024 = 16
stat.pool.101.port.switch.ingress_queue_wait_bucket.other_req.256_1023 = 0
stat.pool.101.port.switch.ingress_pre_occ_bucket.other_req.1025_4096 = 0
stat.pool.101.port.switch.ingress_queue_wait_bucket.other_req.1024_4095 = 0
stat.pool.101.port.switch.ingress_pre_occ_bucket.other_req.4097_plus = 0
stat.pool.101.port.switch.ingress_queue_wait_bucket.other_req.4096_plus = 0
stat.pool.101.port.switch.peer_src.0.rx_bytes.write_req = 337280
stat.pool.101.port.switch.peer_src.0.rx_pkts.write_req = 5270
stat.pool.101.port.switch.peer_src.0.tx_bytes.write_req = 0
stat.pool.101.port.switch.peer_src.0.tx_pkts.write_req = 0
stat.pool.101.port.switch.peer_src.0.ingress_arrivals.write_req = 5270
stat.pool.101.port.switch.peer_src.0.ingress_arrival_nonempty_packet_frac.write_req = 0.860911
stat.pool.101.port.switch.peer_src.0.ingress_nonempty_arrival_pre_occ_avg_bytes.write_req = 120.123
stat.pool.101.port.switch.peer_src.0.ingress_nonempty_arrival_pre_occ_max_bytes.write_req = 992
stat.pool.101.port.switch.peer_src.0.ingress_wait_avg_cycles.write_req = 150.979
stat.pool.101.port.switch.peer_src.0.ingress_queue_wait_avg_cycles.write_req = 5.97932
stat.pool.101.port.switch.peer_src.0.ingress_queue_wait_after_nonempty_arrival_avg_cycles.write_req = 6.94534
stat.pool.101.port.switch.peer_src.0.ingress_pre_occ_bucket.write_req.0 = 733
stat.pool.101.port.switch.peer_src.0.ingress_queue_wait_bucket.write_req.0 = 4035
stat.pool.101.port.switch.peer_src.0.ingress_pre_occ_bucket.write_req.1_64 = 1811
stat.pool.101.port.switch.peer_src.0.ingress_queue_wait_bucket.write_req.1_63 = 1205
stat.pool.101.port.switch.peer_src.0.ingress_pre_occ_bucket.write_req.65_256 = 2190
stat.pool.101.port.switch.peer_src.0.ingress_queue_wait_bucket.write_req.64_255 = 30
stat.pool.101.port.switch.peer_src.0.ingress_pre_occ_bucket.write_req.257_1024 = 536
stat.pool.101.port.switch.peer_src.0.ingress_queue_wait_bucket.write_req.256_1023 = 0
stat.pool.101.port.switch.peer_src.0.ingress_pre_occ_bucket.write_req.1025_4096 = 0
stat.pool.101.port.switch.peer_src.0.ingress_queue_wait_bucket.write_req.1024_4095 = 0
stat.pool.101.port.switch.peer_src.0.ingress_pre_occ_bucket.write_req.4097_plus = 0
stat.pool.101.port.switch.peer_src.0.ingress_queue_wait_bucket.write_req.4096_plus = 0
stat.pool.101.port.switch.peer_src.1.rx_bytes.demand_req = 167488
stat.pool.101.port.switch.peer_src.1.rx_pkts.demand_req = 20936
stat.pool.101.port.switch.peer_src.1.tx_bytes.demand_req = 0
stat.pool.101.port.switch.peer_src.1.tx_pkts.demand_req = 0
stat.pool.101.port.switch.peer_src.1.ingress_arrivals.demand_req = 20936
stat.pool.101.port.switch.peer_src.1.ingress_arrival_nonempty_packet_frac.demand_req = 0.947459
stat.pool.101.port.switch.peer_src.1.ingress_nonempty_arrival_pre_occ_avg_bytes.demand_req = 150.253
stat.pool.101.port.switch.peer_src.1.ingress_nonempty_arrival_pre_occ_max_bytes.demand_req = 808
stat.pool.101.port.switch.peer_src.1.ingress_wait_avg_cycles.demand_req = 136.17
stat.pool.101.port.switch.peer_src.1.ingress_queue_wait_avg_cycles.demand_req = 12.1704
stat.pool.101.port.switch.peer_src.1.ingress_queue_wait_after_nonempty_arrival_avg_cycles.demand_req = 12.8453
stat.pool.101.port.switch.peer_src.1.ingress_pre_occ_bucket.demand_req.0 = 1100
stat.pool.101.port.switch.peer_src.1.ingress_queue_wait_bucket.demand_req.0 = 13558
stat.pool.101.port.switch.peer_src.1.ingress_pre_occ_bucket.demand_req.1_64 = 6200
stat.pool.101.port.switch.peer_src.1.ingress_queue_wait_bucket.demand_req.1_63 = 6636
stat.pool.101.port.switch.peer_src.1.ingress_pre_occ_bucket.demand_req.65_256 = 9316
stat.pool.101.port.switch.peer_src.1.ingress_queue_wait_bucket.demand_req.64_255 = 742
stat.pool.101.port.switch.peer_src.1.ingress_pre_occ_bucket.demand_req.257_1024 = 4320
stat.pool.101.port.switch.peer_src.1.ingress_queue_wait_bucket.demand_req.256_1023 = 0
stat.pool.101.port.switch.peer_srcstat.pool.100.port.switch.ingress_occ_bucket_bytes.1025_4096 = 1176
stat.pool.100.port.switch.ready_occ_bucket_bytes.1025_4096 = 0
stat.pool.100.port.switch.ingress_occ_bucket_bytes.4097_plus = 0
stat.pool.100.port.switch.ready_occ_bucket_bytes.4097_plus = 0
stat.pool.100.port.switch.ingress_pre_occ_bucket.demand_req.0 = 4522
stat.pool.100.port.switch.ingress_queue_wait_bucket.demand_req.0 = 55282
stat.pool.100.port.switch.ingress_pre_occ_bucket.demand_req.1_64 = 26072
stat.pool.100.port.switch.ingress_queue_wait_bucket.demand_req.1_63 = 25438
stat.pool.100.port.switch.ingress_pre_occ_bucket.demand_req.65_256 = 35964
stat.pool.100.port.switch.ingress_queue_wait_bucket.demand_req.64_255 = 2987
stat.pool.100.port.switch.ingress_pre_occ_bucket.demand_req.257_1024 = 17159
stat.pool.100.port.switch.ingress_queue_wait_bucket.demand_req.256_1023 = 37
stat.pool.100.port.switch.ingress_pre_occ_bucket.demand_req.1025_4096 = 27
stat.pool.100.port.switch.ingress_queue_wait_bucket.demand_req.1024_4095 = 0
stat.pool.100.port.switch.ingress_pre_occ_bucket.demand_req.4097_plus = 0
stat.pool.100.port.switch.ingress_queue_wait_bucket.demand_req.4096_plus = 0
stat.pool.100.port.switch.ingress_pre_occ_bucket.write_req.0 = 1933
stat.pool.100.port.switch.ingress_queue_wait_bucket.write_req.0 = 15457
stat.pool.100.port.switch.ingress_pre_occ_bucket.write_req.1_64 = 7538
stat.pool.100.port.switch.ingress_queue_wait_bucket.write_req.1_63 = 25067
stat.pool.100.port.switch.ingress_pre_occ_bucket.write_req.65_256 = 22447
stat.pool.100.port.switch.ingress_queue_wait_bucket.write_req.64_255 = 1586
stat.pool.100.port.switch.ingress_pre_occ_bucket.write_req.257_1024 = 10207
stat.pool.100.port.switch.ingress_queue_wait_bucket.write_req.256_1023 = 47
stat.pool.100.port.switch.ingress_pre_occ_bucket.write_req.1025_4096 = 33
stat.pool.100.port.switch.ingress_queue_wait_bucket.write_req.1024_4095 = 0
stat.pool.100.port.switch.ingress_pre_occ_bucket.write_req.4097_plus = 0
stat.pool.100.port.switch.ingress_queue_wait_bucket.write_req.4096_plus = 0
stat.pool.100.port.switch.ingress_pre_occ_bucket.response.0 = 0
stat.pool.100.port.switch.ingress_queue_wait_bucket.response.0 = 0
stat.pool.100.port.switch.ingress_pre_occ_bucket.response.1_64 = 0
stat.pool.100.port.switch.ingress_queue_wait_bucket.response.1_63 = 0
stat.pool.100.port.switch.ingress_pre_occ_bucket.response.65_256 = 0
stat.pool.100.port.switch.ingress_queue_wait_bucket.response.64_255 = 0
stat.pool.100.port.switch.ingress_pre_occ_bucket.response.257_1024 = 0
stat.pool.100.port.switch.ingress_queue_wait_bucket.response.256_1023 = 0
stat.pool.100.port.switch.ingress_pre_occ_bucket.response.1025_4096 = 0
stat.pool.100.port.switch.ingress_queue_wait_bucket.response.1024_4095 = 0
stat.pool.100.port.switch.ingress_pre_occ_bucket.response.4097_plus = 0
stat.pool.100.port.switch.ingress_queue_wait_bucket.response.4096_plus = 0
stat.pool.100.port.switch.ingress_pre_occ_bucket.other_req.0 = 5
stat.pool.100.port.switch.ingress_queue_wait_bucket.other_req.0 = 67
stat.pool.100.port.switch.ingress_pre_occ_bucket.other_req.1_64 = 22
stat.pool.100.port.switch.ingress_queue_wait_bucket.other_req.1_63 = 13
stat.pool.100.port.switch.ingress_pre_occ_bucket.other_req.65_256 = 37
stat.pool.100.port.switch.ingress_queue_wait_bucket.other_req.64_255 = 0
stat.pool.100.port.switch.ingress_pre_occ_bucket.other_req.257_1024 = 16
stat.pool.100.port.switch.ingress_queue_wait_bucket.other_req.256_1023 = 0
stat.pool.100.port.switch.ingress_pre_occ_bucket.other_req.1025_4096 = 0
stat.pool.100.port.switch.ingress_queue_wait_bucket.other_req.1024_4095 = 0
stat.pool.100.port.switch.ingress_pre_occ_bucket.other_req.4097_plus = 0
stat.pool.100.port.switch.ingress_queue_wait_bucket.other_req.4096_plus = 0
stat.pool.100.port.switch.peer_src.0.rx_bytes.demand_req = 167488
stat.pool.100.port.switch.peer_src.0.rx_pkts.demand_req = 20936
stat.pool.100.port.switch.peer_src.0.tx_bytes.demand_req = 0
stat.pool.100.port.switch.peer_src.0.tx_pkts.demand_req = 0
stat.pool.100.port.switch.peer_src.0.ingress_arrivals.demand_req = 20936
stat.pool.100.1.ingress_pre_occ_bucket.demand_req.1025_4096 = 0
stat.pool.101.port.switch.peer_src.1.ingress_queue_wait_bucket.demand_req.1024_4095 = 0
stat.pool.101.port.switch.peer_src.1.ingress_pre_occ_bucket.demand_req.4097_plus = 0
stat.pool.101.port.switch.peer_src.1.ingress_queue_wait_bucket.demand_req.4096_plus = 0
stat.pool.101.port.switch.peer_src.1.rx_bytes.write_req = 337280
stat.pool.101.port.switch.peer_src.1.rx_pkts.write_req = 5270
stat.pool.101.port.switch.peer_src.1.tx_bytes.write_req = 0
stat.pool.101.port.switch.peer_src.1.tx_pkts.write_req = 0
stat.pool.101.port.switch.peer_src.1.ingress_arrivals.write_req = 5270
stat.pool.101.port.switch.peer_src.1.ingress_arrival_nonempty_packet_frac.write_req = 1
stat.pool.101.port.switch.peer_src.1.ingress_nonempty_arrival_pre_occ_avg_bytes.write_req = 167.416
stat.pool.101.port.switch.peer_src.1.ingress_nonempty_arrival_pre_occ_max_bytes.write_req = 1056
stat.pool.101.port.switch.peer_src.1.ingress_wait_avg_cycles.write_req = 175.979
stat.pool.101.port.switch.peer_src.1.ingress_queue_wait_avg_cycles.write_req = 30.9793
stat.pool.101.port.switch.peer_src.1.ingress_queue_wait_after_nonempty_arrival_avg_cycles.write_req = 30.9793
stat.pool.101.port.switch.peer_src.1.ingress_pre_occ_bucket.write_req.0 = 0
stat.pool.101.port.switch.peer_src.1.ingress_queue_wait_bucket.write_req.0 = 0
stat.pool.101.port.switch.peer_src.1.ingress_pre_occ_bucket.write_req.1_64 = 733
stat.pool.101.port.switch.peer_src.1.ingress_queue_wait_bucket.write_req.1_63 = 5102
stat.pool.101.port.switch.peer_src.1.ingress_pre_occ_bucket.write_req.65_256 = 3720
stat.pool.101.port.switch.peer_src.1.ingress_queue_wait_bucket.write_req.64_255 = 167
stat.pool.101.port.switch.peer_src.1.ingress_pre_occ_bucket.write_req.257_1024 = 816
.port.switch.peer_src.0.ingress_arrival_nonempty_packet_frac.demand_req = 0.947459
stat.pool.100.port.switch.peer_src.0.ingress_nonempty_arrival_pre_occ_avg_bytes.demand_req = 150.253
stat.pool.100.port.switch.peer_src.0.ingress_nonempty_arrival_pre_occ_max_bytes.demand_req = 808
stat.pool.100.port.switch.peer_src.0.ingress_wait_avg_cycles.demand_req = 136.17
stat.pool.100.port.switch.peer_src.0.ingress_queue_wait_avg_cycles.demand_req = 12.1704
stat.pool.100.port.switch.peer_src.0.ingress_queue_wait_after_nonempty_arrival_avg_cycles.demand_req = 12.8453
stat.pool.100.port.switch.peer_src.0.ingress_pre_occ_bucket.demand_req.0 = 1100
stat.pool.100.port.switch.peer_src.0.ingress_queue_wait_bucket.demand_req.0 = 13558
stat.pool.100.port.switch.peer_src.0.ingress_pre_occ_bucket.demand_req.1_64 = 6200
stat.pool.100.port.switch.peer_src.0.ingress_queue_wait_bucket.demand_req.1_63 = 6636
stat.pool.100.port.switch.peer_src.0.ingress_pre_occ_bucket.demand_req.65_256 = 9316
stat.pool.100.port.switch.peer_src.0.ingress_queue_wait_bucket.demand_req.64_255 = 742
stat.pool.100.port.switch.peer_src.0.ingress_pre_occ_bucket.demand_req.257_1024 = 4320
stat.pool.100.port.switch.peer_src.0.ingress_queue_wait_bucket.demand_req.256_1023 = 0
stat.pool.100.port.switch.peer_src.0.ingress_pre_occ_bucket.demand_req.1025_4096 = 0
stat.pool.100.port.switch.peer_src.0.ingress_queue_wait_bucket.demand_req.1024_4095 = 0
stat.pool.100.port.switch.peer_src.0.ingress_pre_occ_bucket.demand_req.4097_plus = 0
stat.pool.100.port.switch.peer_src.0.ingress_queue_wait_bucket.demand_req.4096_plus = 0
stat.pool.100.port.switch.peer_src.0.rx_bytes.write_req = 337280
stat.pool.101.port.switch.peer_src.1.ingress_queue_wait_bucket.write_req.256_1023 = 1
stat.pool.101.port.switch.peer_src.1.ingress_pre_occ_bucket.write_req.1025_4096 = 1
stat.pool.101.port.switch.peer_src.1.ingress_queue_wait_bucket.write_req.1024_4095 = 0
stat.pool.101.port.switch.peer_src.1.ingress_pre_occ_bucket.write_req.4097_plus = 0
stat.pool.101.port.switch.peer_src.1.ingress_queue_wait_bucket.write_req.4096_plus = 0
stat.pool.101.port.switch.peer_src.1.rx_bytes.other_req = 160
stat.pool.101.port.switch.peer_src.1.rx_pkts.other_req = 20
stat.pool.101.port.switch.peer_src.1.tx_bytes.other_req = 0
stat.pool.101.port.switch.peer_src.1.tx_pkts.other_req = 0
stat.pool.101.port.switch.peer_src.1.ingress_arrivals.other_req = 20
stat.pool.101.port.switch.peer_src.1.ingress_arrival_nonempty_packet_frac.other_req = 0.9
stat.pool.101.port.switch.peer_src.1.ingress_nonempty_arrival_pre_occ_avg_bytes.other_req = 143.556
stat.pool.100.port.switch.peer_src.0.rx_pkts.write_req = 5270
stat.pool.100.port.switch.peer_src.0.tx_bytes.write_req = 0
stat.pool.100.port.switch.peer_src.0.tx_pkts.write_req = 0
stat.pool.100.port.switch.peer_src.0.ingress_arrivals.write_req = 5270
stat.pool.100.port.switch.peer_src.0.ingress_arrival_nonempty_packet_frac.write_req = 0.860911
stat.pool.100.port.switch.peer_src.0.ingress_nonempty_arrival_pre_occ_avg_bytes.write_req = 120.123
stat.pool.100.port.switch.peer_src.0.ingress_nonempty_arrival_pre_occ_max_bytes.write_req = 992
stat.pool.100.port.switch.peer_src.0.ingress_wait_avg_cycles.write_req = 150.979
stat.pool.100.port.switch.peer_src.0.ingress_queue_wait_avg_cycles.write_req = 5.97932
stat.pool.101.port.switch.peer_src.1.ingress_nonempty_arrival_pre_occ_max_bytes.other_req = 304
stat.pool.101.port.switch.peer_src.1.ingress_wait_avg_cycles.other_req = 127.85
stat.pool.101.port.switch.peer_src.1.ingress_queue_wait_avg_cycles.other_req = 3.85
stat.pool.101.port.switch.peer_src.1.ingress_queue_wait_after_nonempty_arrival_avg_cycles.other_req = 4.27778
stat.pool.101.port.switch.peer_src.1.ingress_pre_occ_bucket.other_req.0 = 2
stat.pool.101.port.switch.peer_src.1.ingress_queue_wait_bucket.other_req.0 = 17
stat.pool.101.port.switch.peer_src.1.ingress_pre_occ_bucket.other_req.1_64 = 5
stat.pool.101.port.switch.peer_src.1.ingress_queue_wait_bucket.other_req.1_63 = 3
stat.pool.101.port.switch.peer_src.1.ingress_pre_occ_bucket.other_req.65_256 = 9
stat.pool.101.port.switch.peer_src.1.ingress_queue_wait_bucket.other_req.64_255 = 0
stat.pool.101.port.switch.peer_src.1.ingress_pre_occ_bucket.other_req.257_1024 = 4
stat.pool.101.port.switch.peer_src.1.ingress_queue_wait_bucket.other_req.256_1023 = 0
stat.pool.100.port.switch.peer_src.0.ingress_queue_wait_after_nonempty_arrival_avg_cycles.write_req = 6.94534
stat.pool.100.port.switch.peer_src.0.ingress_pre_occ_bucket.write_req.0 = 733
stat.pool.100.port.switch.peer_src.0.ingress_queue_wait_bucket.write_req.0 = 4035
stat.pool.100.port.switch.peer_src.0.ingress_pre_occ_bucket.write_req.1_64 = 1811
stat.pool.100.port.switch.peer_src.0.ingress_queue_wait_bucket.write_req.1_63 = 1205
stat.pool.100.port.switch.peer_src.0.ingress_pre_occ_bucket.write_req.65_256 = 2190
stat.pool.100.port.switch.peer_src.0.ingress_queue_wait_bucket.write_req.64_255 = 30
stat.pool.100.port.switch.peer_src.0.ingress_pre_occ_bucket.write_req.257_1024 = 536
stat.pool.100.port.switch.peer_src.0.ingress_queue_wait_bucket.write_req.256_1023 = 0
stat.pool.100.port.switch.peer_src.0.ingress_pre_occ_bucket.write_req.1025_4096 = 0
stat.pool.100.port.switch.peer_src.0.ingress_queue_wait_bucket.write_req.1024_4095 = 0
stat.pool.100.port.switch.peer_src.0.ingress_pre_occ_bucket.write_req.4097_plus = 0
stat.pool.100.port.switch.peer_src.0.ingress_queue_wait_bucket.write_req.4096_plus = 0
stat.pool.100.port.switch.peer_src.0.rx_bytes.other_req = 160
stat.pool.100.port.switch.peer_src.0.rx_pkts.other_req = 20
stat.pool.100.port.switch.peer_src.0.tx_bytes.other_req = 0
stat.pool.100.port.switch.peer_src.0.tx_pkts.other_req = 0
stat.pool.100.port.switch.peer_src.0.ingress_arrivals.other_req = 20
stat.pool.100.port.switch.peer_src.0.ingress_arrival_nonempty_packet_frac.other_req = 0.9
stat.pool.100.port.switch.peer_src.0.ingress_nonempty_arrival_pre_occ_avg_bytes.other_req = 143.556
stat.pool.100.port.switch.peer_src.0.ingress_nonempty_arrival_pre_occ_max_bytes.other_req = 304
stat.pool.100.port.switch.peer_src.0.ingress_wait_avg_cycles.other_req = 127.85
stat.pool.100.port.switch.peer_src.0.ingress_queue_wait_avg_cycles.other_req = 3.85
stat.pool.100.port.switch.peer_src.0.ingress_queue_wait_after_nonempty_arrival_avg_cycles.other_req = 4.27778
stat.pool.100.port.switch.peer_src.0.ingress_pre_occ_bucket.other_req.0 = 2
stat.pool.100.port.switch.peer_src.0.ingress_queue_wait_bucket.other_req.0 = 17
stat.pool.100.port.switch.peer_src.0.ingress_pre_occ_bucket.other_req.1_64 = 5
stat.pool.100.port.switch.peer_src.0.ingress_queue_wait_bucket.other_req.1_63 = 3
stat.pool.100.port.switch.peer_src.0.ingress_pre_occ_bucket.other_req.65_256 = 9
stat.pool.100.port.switch.peer_src.0.ingress_queue_wait_bucket.other_req.64_255 = 0
stat.pool.100.port.switch.peer_src.0.ingress_pre_occ_bucket.other_req.257_1024 = 4
stat.pool.100.port.switch.peer_src.0.ingress_queue_wait_bucket.other_req.256_1023 = 0
stat.pool.100.port.switch.peer_src.0.ingress_pre_occ_bucket.other_req.1025_4096 = 0
stat.pool.100.port.switch.peer_src.0.ingress_queue_wait_bucket.other_req.1024_4095 = 0
stat.pool.100.port.switch.peer_src.0.ingress_pre_occ_bucket.other_req.4097_plus = 0
stat.pool.100.port.switch.peer_src.0.ingress_queue_wait_bucket.other_req.4096_plus = 0
stat.pool.100.port.switch.peer_src.1.rx_bytes.write_req = 337280
stat.pool.100.port.switch.peer_src.1.rx_pkts.write_req = 5270
stat.pool.100.port.switch.peer_src.1.tx_bytes.write_req = 0
stat.pool.100.port.switch.peer_src.1.tx_pkts.write_req = 0
stat.pool.100.port.switch.peer_src.1.ingress_arrivals.write_req = 5270
stat.pool.100.port.switch.peer_src.1.ingress_arrival_nonempty_packet_frac.write_req = 1
stat.pool.100.port.switch.peer_src.1.ingress_nonempty_arrival_pre_occ_avg_bytes.write_req = 167.416
stat.pool.100.port.switch.peer_src.1.ingress_nonempty_arrival_pre_occ_max_bytes.write_req = 1056
stat.pool.100.port.switch.peer_src.1.ingress_wait_avg_cycles.write_req = 175.979
stat.pool.100.port.switch.peer_src.1.ingress_queue_wait_avg_cycles.write_req = 30.9793
stat.pool.100.port.switch.peer_src.1.ingress_queue_wait_after_nonempty_arrival_avg_cycles.write_req = 30.9793
stat.pool.100.port.switch.peer_src.1.ingress_pre_occ_bucket.write_req.0 = 0
stat.pool.100.port.switch.peer_src.1.ingress_queue_wait_bucket.write_req.0 = 0
stat.pool.100.port.switch.peer_src.1.ingress_pre_occ_bucket.write_req.1_64 = 733
stat.pool.100.port.switch.peer_src.1.ingress_queue_wait_bucket.write_req.1_63 = 5102
stat.pool.100.port.switch.peer_src.1.ingress_pre_occ_bucket.write_req.65_256 = 3720
stat.pool.100.port.switch.peer_src.1.ingress_queue_wait_bucket.write_req.64_255 = 167
stat.pool.100.port.switch.peer_src.1.ingress_pre_occ_bucket.write_req.257_1024 = 816
stat.pool.100.port.switch.peer_src.1.ingress_queue_wait_bucket.write_req.256_1023 = 1
stat.pool.100.port.switch.peer_src.1.ingress_pre_occ_bucket.write_req.1025_4096 = 1
stat.pool.100.port.switch.peer_src.1.ingress_queue_wait_bucket.write_req.1024_4095 = 0
stat.postat.pool.101.port.switch.peer_src.1.ingress_pre_occ_bucket.other_req.1025_4096 = 0
stat.pool.101.port.switch.peer_src.1.ingress_queue_wait_bucket.other_req.1024_4095 = 0
stat.pool.101.port.switch.peer_src.1.ingress_pre_occ_bucket.other_req.4097_plus = 0
stat.pool.101.port.switch.peer_src.1.ingress_queue_wait_bucket.other_req.4096_plus = 0
stat.pool.101.port.switch.peer_src.2.rx_bytes.write_req = 337280
stat.pool.101.port.switch.peer_src.2.rx_pkts.write_req = 5270
stat.pool.101.port.switch.peer_src.2.tx_bytes.write_req = 0
stat.pool.101.port.switch.peer_src.2.tx_pkts.write_req = 0
stat.pool.101.port.switch.peer_src.2.ingress_arrivals.write_req = 5270
stat.pool.101.port.switch.peer_src.2.ingress_arrival_nonempty_packet_frac.write_req = 0.948387
stat.pool.101.port.switch.peer_src.2.ingress_nonempty_arrival_pre_occ_avg_bytes.write_req = 174.395
stat.pool.101.port.switch.peer_src.2.ingress_nonempty_arrival_pre_occ_max_bytes.write_req = 792
stat.pool.101.port.switch.peer_src.2.ingress_wait_avg_cycles.write_req = 153.28
stat.pool.101.port.switch.peer_src.2.ingress_queue_wait_avg_cycles.write_req = 8.28027
stat.pool.101.port.switch.peer_src.2.ingress_queue_wait_after_nonempty_arrival_avg_cycles.write_req = 8.73089
stat.pool.101.port.switch.peer_src.2.ingress_pre_occ_bucket.write_req.0 = 272
stat.pool.101.port.switch.peer_src.2.ingress_queue_wait_bucket.write_req.0 = 3774
stat.pool.101.port.switch.peer_src.2.ingress_pre_occ_bucket.write_req.1_64 = 1188
stat.pool.101.port.switch.peer_src.2.ingress_queue_wait_bucket.write_req.1_63 = 1375
stat.pool.101.port.switch.peer_src.2.ingress_pre_occ_bucket.write_req.65_256 = 2507
stat.pool.101.port.switch.peer_src.2.ingress_queue_wait_bucket.write_req.64_255 = 121
stat.pool.101.port.switch.peer_src.2.ingress_pre_occ_bucket.write_req.257_1024 = 1303
stat.pool.101.port.switch.peer_src.2.ingress_queue_wait_bucket.write_req.256_1023 = 0
stat.pool.101.port.switch.peer_src.2.ingress_pre_occ_bucket.write_req.1025_4096 = 0
stat.pool.101.port.switch.peer_src.2.ingress_queue_wait_bucket.write_req.1024_4095 = 0
stat.pool.101.port.switch.peer_src.2.ingress_pre_occ_bucket.write_req.4097_plus = 0
stat.pool.101.port.switch.peer_src.2.ingress_queue_wait_bucket.write_req.4096_plus = 0
stat.pool.101.port.switch.peer_src.3.rx_bytes.demand_req = 167488
stat.pool.101.port.switch.peer_src.3.rx_pkts.demand_req = 20936
stat.pool.101.port.switch.peer_src.3.tx_bytes.demand_req = 0
stat.pool.101.port.switch.peer_src.3.tx_pkts.demand_req = 0
stat.pool.101.port.switch.peer_src.3.ingress_arrivals.demand_req = 20936
stat.pool.101.port.switch.peer_src.3.ingress_arrival_nonempty_packet_frac.demand_req = 0.954719
stat.pool.101.port.switch.peer_src.3.ingress_nonempty_arrival_pre_occ_avg_bytes.demand_req = 154.774
stat.pool.101.port.switch.peer_src.3.ingress_nonempty_arrival_pre_occ_max_bytes.demand_req = 920
stat.pool.101.port.switch.peer_src.3.ingress_wait_avg_cycles.demand_req = 136.124
stat.pool.101.port.switch.peer_src.3.ingress_queue_wait_avg_cycles.demand_req = 12.1242
stat.pool.101.port.switch.peer_src.3.ingress_queue_wait_after_nonempty_arrival_avg_cycles.demand_req = 12.6993
stat.pool.101.port.switch.peer_src.3.ingress_pre_occ_bucket.demand_req.0 = 948
stat.pool.101.port.switch.peer_src.3.ingress_queue_wait_bucket.demand_req.0 = 13761
stat.pool.101.port.switch.peer_src.3.ingress_pre_occ_bucket.demand_req.1_64 = 6680
stat.pool.101.port.switch.peer_src.3.ingress_queue_wait_bucket.demand_req.1_63 = 6417
stat.pool.101.port.switch.peer_src.3.ingress_pre_occ_bucket.demand_req.65_256 = 8726
stat.pool.101.port.switch.peer_src.3.ingress_queue_wait_bucket.demand_req.64_255 = 758
stat.pool.101.port.switch.peer_src.3.ingress_pre_occ_bucket.demand_req.257_1024 = 4582
stat.pool.101.port.switch.peer_src.3.ingress_queue_wait_bucket.demand_req.256_1023 = 0
stat.pool.101.port.switch.peer_src.3.ingress_pre_occ_bucket.demand_req.1025_4096 = 0
stat.pool.101.port.switch.peer_src.3.ingress_queue_wait_bucket.demand_req.1024_4095 = 0
stat.pool.101.port.switch.peer_src.3.ingress_pre_occ_bucket.demand_req.4097_plus = 0
stat.pool.101.port.switol.100.port.switch.peer_src.1.ingress_pre_occ_bucket.write_req.4097_plus = 0
stat.pool.100.port.switch.peer_src.1.ingress_queue_wait_bucket.write_req.4096_plus = 0
stat.pool.100.port.switch.peer_src.2.rx_bytes.demand_req = 167488
stat.pool.100.port.switch.peer_src.2.rx_pkts.demand_req = 20936
stat.pool.100.port.switch.peer_src.2.tx_bytes.demand_req = 0
stat.pool.100.port.switch.peer_src.2.tx_pkts.demand_req = 0
stat.pool.100.port.switch.peer_src.2.ingress_arrivals.demand_req = 20936
stat.pool.100.port.switch.peer_src.2.ingress_arrival_nonempty_packet_frac.demand_req = 0.954719
stat.pool.100.port.switch.peer_src.2.ingress_nonempty_arrival_pre_occ_avg_bytes.demand_req = 154.774
stat.pool.100.port.switch.peer_src.2.ingress_nonempty_arrival_pre_occ_max_bytes.demand_req = 920
stat.pool.100.port.switch.peer_src.2.ingress_wait_avg_cycles.demand_req = 136.124
stat.pool.100.port.switch.peer_src.2.ingress_queue_wait_avg_cycles.demand_req = 12.1242
stat.pool.100.port.switch.peer_src.2.ingress_queue_wait_after_nonempty_arrival_avg_cycles.demand_req = 12.6993
stat.pool.100.port.switch.peer_src.2.ingress_pre_occ_bucket.demand_req.0 = 948
stat.pool.100.port.switch.peer_src.2.ingress_queue_wait_bucket.demand_req.0 = 13761
stat.pool.100.port.switch.peer_src.2.ingress_pre_occ_bucket.demand_req.1_64 = 6680
stat.pool.100.port.switch.peer_src.2.ingress_queue_wait_bucket.demand_req.1_63 = 6417
stat.pool.100.port.switch.peer_src.2.ingress_pre_occ_bucket.demand_req.65_256 = 8726
stat.pool.100.port.switch.peer_src.2.ingress_queue_wait_bucket.demand_req.64_255 = 758
ch.peer_src.3.ingress_queue_wait_bucket.demand_req.4096_plus = 0
stat.pool.101.port.switch.peer_src.3.rx_bytes.write_req = 337280
stat.pool.101.port.switch.peer_src.3.rx_pkts.write_req = 5270
stat.pool.101.port.switch.peer_src.3.tx_bytes.write_req = 0
stat.pool.101.port.switch.peer_src.3.tx_pkts.write_req = 0
stat.pool.101.port.switch.peer_src.3.ingress_arrivals.write_req = 5270
stat.pool.101.port.switch.peer_src.3.ingress_arrival_nonempty_packet_frac.write_req = 1
stat.pool.101.port.switch.peer_src.3.ingress_nonempty_arrival_pre_occ_avg_bytes.write_req = 229.394
stat.pool.101.port.switch.peer_src.3.ingress_nonempty_arrival_pre_occ_max_bytes.write_req = 856
stat.pool.101.port.switch.peer_src.3.ingress_wait_avg_cycles.write_req = 178.28
stat.pool.101.port.switch.peer_src.3.ingress_queue_wait_avg_cycles.write_req = 33.2803
stat.pool.101.port.switch.peer_src.3.ingress_queue_wait_after_nonempty_arrival_avg_cycles.write_req = 33.2803
stat.pool.101.port.switch.peer_src.3.ingress_pre_occ_bucket.write_req.0 = 0
stat.pool.101.port.switch.peer_src.3.ingress_queue_wait_bucket.write_req.0 = 0
stat.pool.101.port.switch.peer_src.3.ingress_pre_occ_bucket.write_req.1_64 = 272
stat.pool.101.port.switch.peer_src.3.ingress_queue_wait_bucket.write_req.1_63 = 4980
stat.pool.101.port.switch.peer_src.3.ingress_pre_occ_bucket.write_req.65_256 = 3108
stat.pool.101.port.switch.peer_src.3.ingress_queue_wait_bucket.write_req.64_255 = 290
stat.pool.101.port.switch.peer_src.3.ingress_pre_occ_bucket.write_req.257_1024 = 1890
stat.pool.101.port.switch.peer_src.3.ingress_queue_wait_bucket.write_req.256_1023 = 0
stat.pool.101.port.switch.peer_src.3.ingress_pre_occ_bucket.write_req.1025_4096 = 0
stat.pool.101.port.switch.peer_src.3.ingress_queue_wait_bucket.write_req.1024_4095 = 0
stat.pool.101.port.switch.peer_src.3.ingress_pre_occ_bucket.write_req.4097_plus = 0
stat.pool.101.port.switch.peer_src.3.ingress_queue_wait_bucket.write_req.4096_plus = 0
stat.pool.101.port.switch.peer_src.3.rx_bytes.other_req = 160
stat.pool.101.port.switch.peer_src.3.rx_pkts.other_req = 20
stat.pool.101.port.switch.peer_src.3.tx_bytes.other_req = 0
stat.pool.101.port.switch.peer_src.3.tx_pkts.other_req = 0
stat.pool.101.port.switch.peer_src.3.ingress_arrivals.other_req = 20
stat.pool.100.port.switch.peer_src.2.ingress_pre_occ_bucket.demand_req.257_1024 = 4582
stat.pool.100.port.switch.peer_src.2.ingress_queue_wait_bucket.demand_req.256_1023 = 0
stat.pool.100.port.switch.peer_src.2.ingress_pre_occ_bucket.demand_req.1025_4096 = 0
stat.pool.100.port.switch.peer_src.2.ingress_queue_wait_bucket.demand_req.1024_4095 = 0
stat.pool.100.port.switch.peer_src.2.ingress_pre_occ_bucket.demand_req.4097_plus = 0
stat.pool.100.port.switch.peer_src.2.ingress_queue_wait_bucket.demand_req.4096_plus = 0
stat.pool.101.port.switch.peer_src.3.ingress_arrival_nonempty_packet_frac.other_req = 1
stat.pool.101.port.switch.peer_src.3.ingress_nonempty_arrival_pre_occ_avg_bytes.other_req = 134.8
stat.pool.101.port.switch.peer_src.3.ingress_nonempty_arrival_pre_occ_max_bytes.other_req = 304
stat.pool.101.port.switch.peer_src.3.ingress_wait_avg_cycles.other_req = 128
stat.pool.101.port.switch.peer_src.3.ingress_queue_wait_avg_cycles.other_req = 4
stat.pool.101.port.switch.peer_src.3.ingress_queue_wait_after_nonempty_arrival_avg_cycles.other_req = 4
stat.pool.101.port.switch.peer_src.3.ingress_pre_occ_bucket.other_req.0 = 0
stat.pool.101.port.switch.peer_src.3.ingress_queue_wait_bucket.other_req.0 = 17
stat.pool.101.port.switch.peer_src.3.ingress_pre_occ_bucket.other_req.1_64 = 6
stat.pool.101.port.switch.peer_src.3.ingress_queue_wait_bucket.other_req.1_63 = 3
stat.pool.101.port.switch.peer_src.3.ingress_pre_occ_bucket.other_req.65_256 = 10
stat.pool.100.port.switch.peer_src.2.rx_bytes.write_req = 337280
stat.pool.100.port.switch.peer_src.2.rx_pkts.write_req = 5270
stat.pool.100.port.switch.peer_src.2.tx_bytes.write_req = 0
stat.pool.100.port.switch.peer_src.2.tx_pkts.write_req = 0
stat.pool.100.port.switch.peer_src.2.ingress_arrivals.write_req = 5270
stat.pool.100.port.switch.peer_src.2.ingress_arrival_nonempty_packet_frac.write_req = 0.948387
stat.pool.100.port.switch.peer_src.2.ingress_nonempty_arrival_pre_occ_avg_bytes.write_req = 174.395
stat.pool.100.port.switch.peer_src.2.ingress_nonempty_arrival_pre_occ_max_bytes.write_req = 792
stat.pool.100.port.switch.peer_src.2.ingress_wait_avg_cycles.write_req = 153.28
stat.pool.100.port.switch.peer_src.2.ingress_queue_wait_avg_cycles.write_req = 8.28027
stat.pool.100.port.switch.peer_src.2.ingress_queue_wait_after_nonempty_arrival_avg_cycles.write_req = 8.73089
stat.pool.101.port.switch.peer_src.3.ingress_queue_wait_bucket.other_req.64_255 = 0
stat.pool.101.port.switch.peer_src.3.ingress_pre_occ_bucket.other_req.257_1024 = 4
stat.pool.101.port.switch.peer_src.3.ingress_queue_wait_bucket.other_req.256_1023 = 0
stat.pool.101.port.switch.peer_src.3.ingress_pre_occ_bucket.other_req.1025_4096 = 0
stat.pool.101.port.switch.peer_src.3.ingress_queue_wait_bucket.other_req.1024_4095 = 0
stat.pool.101.port.switch.peer_src.3.ingress_pre_occ_bucket.other_req.4097_plus = 0
stat.pool.101.port.switch.peer_src.3.ingress_queue_wait_bucket.other_req.4096_plus = 0
stat.pool.101.port.switch.peer_src.4.rx_bytes.write_req = 337280
stat.pool.100.port.switch.peer_src.2.ingress_pre_occ_bucket.write_req.0 = 272
stat.pool.100.port.switch.peer_src.2.ingress_queue_wait_bucket.write_req.0 = 3774
stat.pool.100.port.switch.peer_src.2.ingress_pre_occ_bucket.write_req.1_64 = 1188
stat.pool.100.port.switch.peer_src.2.ingress_queue_wait_bucket.write_req.1_63 = 1375
stat.pool.100.port.switch.peer_src.2.ingress_pre_occ_bucket.write_req.65_256 = 2507
stat.pool.100.port.switch.peer_src.2.ingress_queue_wait_bucket.write_req.64_255 = 121
stat.pool.101.port.switch.peer_src.4.rx_pkts.write_req = 5270
stat.pool.101.port.switch.peer_src.4.tx_bytes.write_req = 0
stat.pool.101.port.switch.peer_src.4.tx_pkts.write_req = 0
stat.pool.101.port.switch.peer_src.4.ingress_arrivals.write_req = 5270
stat.pool.101.port.switch.peer_src.4.ingress_arrival_nonempty_packet_frac.write_req = 0.933397
stat.pool.101.port.switch.peer_src.4.ingress_nonempty_arrival_pre_occ_avg_bytes.write_req = 174.84
stat.pool.101.port.switch.peer_src.4.ingress_nonempty_arrival_pre_occ_max_bytes.write_req = 1016
stat.pool.101.port.switch.peer_src.4.ingress_wait_avg_cycles.write_req = 154.672
stat.pool.101.port.switch.peer_src.4.ingress_queue_wait_avg_cycles.write_req = 9.6723
stat.pool.101.port.switch.peer_src.4.ingress_queue_wait_after_nonempty_arrival_avg_cycles.write_req = 10.3625
stat.pool.101.port.switch.peer_src.4.ingress_pre_occ_bucket.write_req.0 = 351
stat.pool.100.port.switch.peer_src.2.ingress_pre_occ_bucket.write_req.257_1024 = 1303
stat.pool.100.port.switch.peer_src.2.ingress_queue_wait_bucket.write_req.256_1023 = 0
stat.pool.100.port.switch.peer_src.2.ingress_pre_occ_bucket.write_req.1025_4096 = 0
stat.pool.100.port.switch.peer_src.2.ingress_queue_wait_bucket.write_req.1024_4095 = 0
stat.pool.100.port.switch.peer_src.2.ingress_pre_occ_bucket.write_req.4097_plus = 0
stat.pool.100.port.switch.peer_src.2.ingress_queue_wait_bucket.write_req.4096_plus = 0
stat.pool.100.port.switch.peer_src.2.rx_bytes.other_req = 160
stat.pool.100.port.switch.peer_src.2.rx_pkts.other_req = 20
stat.pool.100.port.switch.peer_src.2.tx_bytes.other_req = 0
stat.pool.100.port.switch.peer_src.2.tx_pkts.other_req = 0
stat.pool.100.port.switch.peer_src.2.ingress_arrivals.other_req = 20
stat.pool.100.port.switch.peer_src.2.ingress_arrival_nonempty_packet_frac.other_req = 1
stat.pool.100.port.switch.peer_src.2.ingress_nonempty_arrival_pre_occ_avg_bytes.other_req = 134.8
stat.pool.100.port.switch.peer_src.2.ingress_nonempty_arrival_pre_occ_max_bytes.other_req = 304
stat.pool.100.port.switch.peer_src.2.ingress_wait_avg_cycles.other_req = 128
stat.pool.100.port.switch.peer_src.2.ingress_queue_wait_avg_cycles.other_req = 4
stat.pool.100.port.switch.peer_src.2.ingress_queue_wait_after_nonempty_arrival_avg_cycles.other_req = 4
stat.pool.100.port.switch.peer_src.2.ingress_pre_occ_bucket.other_req.0 = 0
stat.pool.100.port.switch.peer_src.2.ingress_queue_wait_bucket.other_req.0 = 17
stat.pool.100.port.switch.peer_src.2.ingress_pre_occ_bucket.other_req.1_64 = 6
stat.pool.100.port.switch.peer_src.2.ingress_queue_wait_bucket.other_req.1_63 = 3
stat.pool.100.port.switch.peer_src.2.ingress_pre_occ_bucket.other_req.65_256 = 10
stat.pool.100.port.switch.peer_src.2.ingress_queue_wait_bucket.other_req.64_255 = 0
stat.pool.100.port.switch.peer_src.2.ingress_pre_occ_bucket.other_req.257_1024 = 4
stat.pool.100.port.switch.peer_src.2.ingress_queue_wait_bucket.other_req.256_1023 = 0
stat.pool.100.port.switch.peer_src.2.ingress_pre_occ_bucket.other_req.1025_4096 = 0
stat.pool.100.port.switch.peer_src.2.ingress_queue_wait_bucket.other_req.1024_4095 = 0
stat.pool.100.port.switch.peer_src.2.ingress_pre_occ_bucket.other_req.4097_plus = 0
stat.pool.100.port.switch.peer_src.2.ingress_queue_wait_bucket.other_req.4096_plus = 0
stat.pool.100.port.switch.peer_src.3.rx_bytes.write_req = 337280
stat.pool.100.port.switch.peer_src.3.rx_pkts.write_req = 5270
stat.pool.100.port.switch.peer_src.3.tx_bytes.write_req = 0
stat.pool.100.port.switch.peer_src.3.tx_pkts.write_req = 0
stat.pool.100.port.switch.peer_src.3.ingress_arrivals.write_req = 5270
stat.pool.100.port.switch.peer_src.3.ingress_arrival_nonempty_packet_frac.write_req = 1
stat.pool.100.port.switch.peer_src.3.ingress_nonempty_arrival_pre_occ_avg_bytes.write_req = 229.394
stat.pool.100.port.switch.peer_src.3.ingress_nonempty_arrival_pre_occ_max_bytes.write_req = 856
stat.pool.100.port.switch.peer_src.3.ingress_wait_avg_cycles.write_req = 178.28
stat.pool.100.port.switch.peer_src.3.ingress_queue_wait_avg_cycles.write_req = 33.2803
stat.pool.100.port.switch.peer_src.3.ingress_queue_wait_after_nonempty_arrival_avg_cycles.write_req = 33.2803
stat.pool.100.port.switch.peer_src.3.ingress_pre_occ_bucket.write_req.0 = 0
stat.pool.100.port.switch.peer_src.3.ingress_queue_wait_bucket.write_req.0 = 0
stat.pool.100.port.switch.peer_src.3.ingress_pre_occ_bucket.write_req.1_64 = 272
stat.pool.100.port.switch.peer_src.3.ingress_queue_wait_bucket.write_req.1_63 = 4980
stat.pool.100.port.switch.peer_src.3.ingress_pre_occ_bucket.write_req.65_256 = 3108
stat.pool.100.port.switch.peer_src.3.ingress_queue_wait_bucket.write_req.64_255 = 290
stat.pool.100.port.switch.peer_src.3.ingress_pre_occ_bucket.write_req.257_1024 = 1890
stat.pool.100.port.switch.peer_src.3.ingress_queue_wait_bucket.write_req.256_1023 = 0
stat.pool.100.port.switch.peer_src.3.ingress_pre_occ_bucket.write_req.1025_4096 = 0
stat.pool.100.port.switch.peer_src.3.ingress_queue_wait_bucket.write_req.1024_4095 = 0
stat.pool.100.port.switch.peer_src.3.ingress_pre_occ_bucket.write_req.4097_plus = 0
stat.pool.100.port.switch.peer_src.3.ingress_queue_wait_bucket.write_req.4096_plus = 0
stat.pool.100.port.switch.peer_src.4.rx_bytes.demand_req = 167488
stat.pool.100.port.switch.peer_src.4.rx_pkts.demand_req = 20936
stat.pool.100.port.switch.peer_src.4.tx_bytes.demand_req = 0
stat.pool.100.port.switch.peer_src.4.tx_pkts.demand_req = 0
stat.pool.100.port.switch.peer_src.4.ingress_arrivals.demand_req = 20936
stat.pool.100.port.switch.peer_src.4.ingress_arrival_nonempty_packet_frac.demand_req = 0.944689
stat.pool.101.port.switch.peer_src.4.ingress_queue_wait_bucket.write_req.0 = 3799
stat.pool.101.port.switch.peer_src.4.ingress_pre_occ_bucket.write_req.1_64 = 1291
stat.pool.101.port.switch.peer_src.4.ingress_queue_wait_bucket.write_req.1_63 = 1297
stat.pool.101.port.switch.peer_src.4.ingress_pre_occ_bucket.write_req.65_256 = 2396
stat.pool.101.port.switch.peer_src.4.ingress_queue_wait_bucket.write_req.64_255 = 172
stat.pool.101.port.switch.peer_src.4.ingress_pre_occ_bucket.write_req.257_1024 = 1232
stat.pool.101.port.switch.peer_src.4.ingress_queue_wait_bucket.write_req.256_1023 = 2
stat.pool.101.port.switch.peer_src.4.ingress_pre_occ_bucket.write_req.1025_4096 = 0
stat.pool.101.port.switch.peer_src.4.ingress_queue_wait_bucket.write_req.1024_4095 = 0
stat.pool.101.port.switch.peer_src.4.ingress_pre_occ_bucket.write_req.4097_plus = 0
stat.pool.101.port.switch.peer_src.4.ingress_queue_wait_bucket.write_req.4096_plus = 0
stat.pool.101.port.switch.peer_src.5.rx_bytes.demand_req = 167488
stat.pool.101.port.switch.peer_src.5.rx_pkts.demand_req = 20936
stat.pool.101.port.switch.peer_src.5.tx_bytes.demand_req = 0
stat.pool.101.port.switch.peer_src.5.tx_pkts.demand_req = 0
stat.pool.101.port.switch.peer_src.5.ingress_arrivals.demand_req = 20936
stat.pool.101.port.switch.peer_src.5.ingress_arrival_nonempty_packet_frac.demand_req = 0.944689
stat.pool.101.port.switch.peer_src.5.ingress_nonempty_arrival_pre_occ_avg_bytes.demand_req = 150.202
stat.pool.101.port.switch.peer_src.5.ingress_nonempty_arrival_pre_occ_max_bytes.demand_req = 1152
stat.pool.101.port.switch.peer_src.5.ingress_wait_avg_cycles.demand_req = 136.093
stat.pool.101.port.switch.peer_src.5.ingress_queue_wait_avg_cycles.demand_req = 12.0929
stat.pool.101.port.switch.peer_src.5.ingress_queue_wait_after_nonempty_arrival_avg_cycles.demand_req = 12.8009
stat.pool.101.port.switch.peer_src.5.ingress_pre_occ_bucket.demand_req.0 = 1158
stat.pool.101.port.switch.peer_src.5.ingress_queue_wait_bucket.demand_req.0 = 13941
stat.pool.101.port.switch.peer_src.5.ingress_pre_occ_bucket.demand_req.1_64 = 6663
stat.pool.101.port.switch.peer_src.5.ingress_queue_wait_bucket.demand_req.1_63 = 6224
stat.pool.101.port.switch.peer_src.5.ingress_pre_occ_bucket.demand_req.65_256 = 8899
stat.pool.101.port.switch.peer_src.5.ingress_queue_wait_bucket.demand_req.64_255 = 752
stat.pool.101.port.switch.peer_src.5.ingress_pre_occ_bucket.demand_req.257_1024 = 4205
stat.pool.101.port.switch.peer_src.5.ingress_queue_wait_bucket.demand_req.256_1023 = 19
stat.pool.101.port.switch.peer_src.5.ingress_pre_occ_bucket.demand_req.1025_4096 = 11
stat.pool.101.port.switch.peer_src.5.ingress_queue_wait_bucket.demand_req.1024_4095 = 0
stat.pool.101.port.switch.peer_src.5.ingress_pre_occ_bucket.demand_req.4097_plus = 0
stat.pool.101.port.switch.peer_src.5.ingress_queue_wait_bucket.demand_req.4096_plus = 0
stat.pool.101.port.switch.peer_src.5.rx_bytes.write_req = 337280
stat.pool.101.port.switch.peer_src.5.rx_pkts.write_req = 5270
stat.pool.101.port.switch.peer_src.5.tx_bytes.write_req = 0
stat.pool.101.port.switch.peer_src.5.tx_pkts.write_req = 0
stat.pool.101.port.switch.peer_src.5.ingress_arrivals.write_req = 5270
stat.pool.101.port.switch.peer_src.5.ingress_arrival_nonempty_packet_frac.write_req = 1
stat.pool.101.port.switch.peer_src.5.ingress_nonempty_arrival_pre_occ_avg_bytes.write_req = 227.195
stat.pool.101.port.switch.peer_src.5.ingress_nonempty_arrival_pre_occ_max_bytes.write_req = 1080
stat.pool.101.port.switch.peer_src.5.ingress_wait_avg_cycles.write_req = 179.674
stat.pool.101.port.switch.peer_src.5.ingress_queue_wait_avg_cycles.write_req = 34.6741
stat.pool.101.port.switch.peer_src.5.ingress_queue_wait_after_nonempty_arrival_avg_cycles.write_req = 34.6741
stat.pool.101.port.switch.peer_src.5.ingress_pre_occ_bucket.write_req.0 = 0
stat.pool.101.port.switch.peer_src.5.ingress_queue_wait_bucket.write_req.0 = 0
stat.pool.101.port.switch.peer_src.5.ingress_pre_occ_bucket.write_req.1_64 = 351
stat.pool.101.port.switch.peer_src.5.ingress_queue_wait_bucket.write_req.1_63 = 4930
stat.pool.101.port.switch.peer_src.5.ingress_pre_occ_bucket.write_req.65_256 = 3119
stat.pool.101.port.switch.peer_src.5.ingress_queue_wait_bucket.write_req.64_255 = 335
stat.pool.101.port.switch.peer_src.5.ingress_pre_occ_bucket.write_req.257_1024 = 1798
stat.pool.101.port.switch.peer_src.5.ingress_queue_wait_bucket.write_req.256_1023 = 4
stat.pool.101.port.switch.peer_src.5.ingress_pre_occ_bucket.write_req.1025_4096 = 2
stat.pool.101.port.switch.peer_src.5.ingress_queue_wait_bucket.write_req.1024_4095 = 0
stat.pool.101.port.switch.peer_src.5.ingress_pre_occ_bucket.write_req.4097_plus = 0
stat.pool.101.port.switch.peer_src.5.ingress_queue_wait_bucket.write_req.4096_plus = 0
stat.pool.101.port.switch.peer_src.5.rx_bytes.other_req = 160
stat.pool.101.port.switch.peer_src.5.rx_pkts.other_req = 20
stat.pool.101.port.switch.peer_src.5.tx_bytes.other_req = 0
stat.pool.101.port.switch.peer_src.5.tx_pkts.other_req = 0
stat.pool.101.port.switch.peer_src.5.ingress_arrivals.other_req = 20
stat.pool.101.port.switch.peer_src.5.ingress_arrival_nonempty_packet_frac.other_req = 0.95
stat.pool.101.port.switch.peer_src.5.ingress_nonempty_arrival_pre_occ_avg_bytes.other_req = 135.158
stat.pool.101.port.switch.peer_src.5.ingress_nonempty_arrival_pre_occ_max_bytes.other_req = 304
stat.pool.100.port.switch.peer_src.4.ingress_nonempty_arrival_pre_occ_avg_bytes.demand_req = 150.202
stat.pool.100.port.switch.peer_src.4.ingress_nonempty_arrival_pre_occ_max_bytes.demand_req = 1152
stat.pool.100.port.switch.peer_src.4.ingress_wait_avg_cycles.demand_req = 136.093
stat.pool.100.port.switch.peer_src.4.ingress_queue_wait_avg_cycles.demand_req = 12.0929
stat.pool.100.port.switch.peer_src.4.ingress_queue_wait_after_nonempty_arrival_avg_cycles.demand_req = 12.8009
stat.pool.100.port.switch.peer_src.4.ingress_pre_occ_bucket.demand_req.0 = 1158
stat.pool.100.port.switch.peer_src.4.ingress_queue_wait_bucket.demand_req.0 = 13941
stat.pool.100.port.switch.peer_src.4.ingress_pre_occ_bucket.demand_req.1_64 = 6663
stat.pool.100.port.switch.peer_src.4.ingress_queue_wait_bucket.demand_req.1_63 = 6224
stat.pool.100.port.switch.peer_src.4.ingress_pre_occ_bucket.demand_req.65_256 = 8899
stat.pool.100.port.switch.peer_src.4.ingress_queue_wait_bucket.demand_req.64_255 = 752
stat.pool.100.port.switch.peer_src.4.ingress_pre_occ_bucket.demand_req.257_1024 = 4205
stat.pool.100.port.switch.peer_src.4.ingress_queue_wait_bucket.demand_req.256_1023 = 19
stat.pool.100.port.switch.peer_src.4.ingress_pre_occ_bucket.demand_req.1025_4096 = 11
stat.pool.100.port.switch.peer_src.4.ingress_queue_wait_bucket.demand_req.1024_4095 = 0
stat.pool.100.port.switch.peer_src.4.ingress_pre_occ_bucket.demand_req.4097_plus = 0
stat.pool.100.port.switch.peer_src.4.ingress_queue_wait_bucket.demand_req.4096_plus = 0
stat.pool.101.port.switch.peer_src.5.ingress_wait_avg_cycles.other_req = 127.85
stat.pool.101.port.switch.peer_src.5.ingress_queue_wait_avg_cycles.other_req = 3.85
stat.pool.101.port.switch.peer_src.5.ingress_queue_wait_after_nonempty_arrival_avg_cycles.other_req = 4.05263
stat.pool.101.port.switch.peer_src.5.ingress_pre_occ_bucket.other_req.0 = 1
stat.pool.101.port.switch.peer_src.5.ingress_queue_wait_bucket.other_req.0 = 17
stat.pool.101.port.switch.peer_src.5.ingress_pre_occ_bucket.other_req.1_64 = 6
stat.pool.101.port.switch.peer_src.5.ingress_queue_wait_bucket.other_req.1_63 = 3
stat.pool.101.port.switch.peer_src.5.ingress_pre_occ_bucket.other_req.65_256 = 9
stat.pool.101.port.switch.peer_src.5.ingress_queue_wait_bucket.other_req.64_255 = 0
stat.pool.101.port.switch.peer_src.5.ingress_pre_occ_bucket.other_req.257_1024 = 4
stat.pool.101.port.switch.peer_src.5.ingress_queue_wait_bucket.other_req.256_1023 = 0
stat.pool.101.port.switch.peer_src.5.ingress_pre_occ_bucket.other_req.1025_4096 = 0
stat.pool.101.port.switch.peer_src.5.ingress_queue_wait_bucket.other_req.1024_4095 = 0
stat.pool.101.port.switch.peer_src.5.ingress_pre_occ_bucket.other_req.4097_plus = 0
stat.pool.101.port.switch.peer_src.5.ingress_queue_wait_bucket.other_req.4096_plus = 0
stat.pool.100.port.switch.peer_src.4.rx_bytes.write_req = 337280
stat.pool.100.port.switch.peer_src.4.rx_pkts.write_req = 5270
stat.pool.100.port.switch.peer_src.4.tx_bytes.write_req = 0
stat.pool.100.port.switch.peer_src.4.tx_pkts.write_req = 0
stat.pool.100.port.switch.peer_src.4.ingress_arrivals.write_req = 5270
stat.pool.100.port.switch.peer_src.4.ingress_arrival_nonempty_packet_frac.write_req = 0.933397
stat.pool.100.port.switch.peer_src.4.ingress_nonempty_arrival_pre_occ_avg_bytes.write_req = 174.84
stat.pool.100.port.switch.peer_src.4.ingress_nonempty_arrival_pre_occ_max_bytes.write_req = 1016
stat.pool.100.port.switch.peer_src.4.ingress_wait_avg_cycles.write_req = 154.672
stat.pool.100.port.switch.peer_src.4.ingress_queue_wait_avg_cycles.write_req = 9.6723
stat.pool.100.port.switch.peer_src.4.ingress_queue_wait_after_nonempty_arrival_avg_cycles.write_req = 10.3625
stat.pool.101.port.switch.peer_src.6.rx_bytes.write_req = 337216
stat.pool.101.port.switch.peer_src.6.rx_pkts.write_req = 5269
stat.pool.101.port.switch.peer_src.6.tx_bytes.write_req = 0
stat.pool.101.port.switch.peer_src.6.tx_pkts.write_req = 0
stat.pool.101.port.switch.peer_src.6.ingress_arrivals.write_req = 5269
stat.pool.101.port.switch.peer_src.6.ingress_arrival_nonempty_packet_frac.write_req = 0.890492
stat.pool.101.port.switch.peer_src.6.ingress_nonempty_arrival_pre_occ_avg_bytes.write_req = 171.258
stat.pool.101.port.switch.peer_src.6.ingress_nonempty_arrival_pre_occ_max_bytes.write_req = 1208
stat.pool.101.port.switch.peer_src.6.ingress_wait_avg_cycles.write_req = 155.22
stat.pool.101.port.switch.peer_src.6.ingress_queue_wait_avg_cycles.write_req = 10.22
stat.pool.100.port.switch.peer_src.4.ingress_pre_occ_bucket.write_req.0 = 351
stat.pool.100.port.switch.peer_src.4.ingress_queue_wait_bucket.write_req.0 = 3799
stat.pool.100.port.switch.peer_src.4.ingress_pre_occ_bucket.write_req.1_64 = 1291
stat.pool.100.port.switch.peer_src.4.ingress_queue_wait_bucket.write_req.1_63 = 1297
stat.pool.100.port.switch.peer_src.4.ingress_pre_occ_bucket.write_req.65_256 = 2396
stat.pool.100.port.switch.peer_src.4.ingress_queue_wait_bucket.write_req.64_255 = 172
stat.pool.100.port.switch.peer_src.4.ingress_pre_occ_bucket.write_req.257_1024 = 1232
stat.pool.100.port.switch.peer_src.4.ingress_queue_wait_bucket.write_req.256_1023 = 2
stat.pool.101.port.switch.peer_src.6.ingress_queue_wait_after_nonempty_arrival_avg_cycles.write_req = 11.4768
stat.pool.101.port.switch.peer_src.6.ingress_pre_occ_bucket.write_req.0 = 577
stat.pool.101.port.switch.peer_src.6.ingress_queue_wait_bucket.write_req.0 = 3849
stat.pool.101.port.switch.peer_src.6.ingress_pre_occ_bucket.write_req.1_64 = 1315
stat.pool.101.port.switch.peer_src.6.ingress_queue_wait_bucket.write_req.1_63 = 1245
stat.pool.101.port.switch.peer_src.6.ingress_pre_occ_bucket.write_req.65_256 = 2310
stat.pool.101.port.switch.peer_src.6.ingress_queue_wait_bucket.write_req.64_255 = 159
stat.pool.101.port.switch.peer_src.6.ingress_pre_occ_bucket.write_req.257_1024 = 1055
stat.pool.101.port.switch.peer_src.6.ingress_queue_wait_bucket.write_req.256_1023 = 16
stat.pool.100.port.switch.peer_src.4.ingress_pre_occ_bucket.write_req.1025_4096 = 0
stat.pool.100.port.switch.peer_src.4.ingress_queue_wait_bucket.write_req.1024_4095 = 0
stat.pool.100.port.switch.peer_src.4.ingress_pre_occ_bucket.write_req.4097_plus = 0
stat.pool.100.port.switch.peer_src.4.ingress_queue_wait_bucket.write_req.4096_plus = 0
stat.pool.100.port.switch.peer_src.4.rx_bytes.other_req = 160
stat.pool.100.port.switch.peer_src.4.rx_pkts.other_req = 20
stat.pool.101.port.switch.peer_src.6.ingress_pre_occ_bucket.write_req.1025_4096 = 12
stat.pool.101.port.switch.peer_src.6.ingress_queue_wait_bucket.write_req.1024_4095 = 0
stat.pool.101.port.switch.peer_src.6.ingress_pre_occ_bucket.write_req.4097_plus = 0
stat.pool.101.port.switch.peer_src.6.ingress_queue_wait_bucket.write_req.4096_plus = 0
stat.pool.101.port.switch.peer_src.7.rx_bytes.demand_req = 167488
stat.pool.100.port.switch.peer_src.4.tx_bytes.other_req = 0
stat.pool.100.port.switch.peer_src.4.tx_pkts.other_req = 0
stat.pool.100.port.switch.peer_src.4.ingress_arrivals.other_req = 20
stat.pool.100.port.switch.peer_src.4.ingress_arrival_nonempty_packet_frac.other_req = 0.95
stat.pool.100.port.switch.peer_src.4.ingress_nonempty_arrival_pre_occ_avg_bytes.other_req = 135.158
stat.pool.100.port.switch.peer_src.4.ingress_nonempty_arrival_pre_occ_max_bytes.other_req = 304
stat.pool.100.port.switch.peer_src.4.ingress_wait_avg_cycles.other_req = 127.85
stat.pool.100.port.switch.peer_src.4.ingress_queue_wait_avg_cycles.other_req = 3.85
stat.pool.100.port.switch.peer_src.4.ingress_queue_wait_after_nonempty_arrival_avg_cycles.other_req = 4.05263
stat.pool.100.port.switch.peer_src.4.ingress_pre_occ_bucket.other_req.0 = 1
stat.pool.100.port.switch.peer_src.4.ingress_queue_wait_bucket.other_req.0 = 17
stat.pool.100.port.switch.peer_src.4.ingress_pre_occ_bucket.other_req.1_64 = 6
stat.pool.101.port.switch.peer_src.7.rx_pkts.demand_req = 20936
stat.pool.101.port.switch.peer_src.7.tx_bytes.demand_req = 0
stat.pool.101.port.switch.peer_src.7.tx_pkts.demand_req = 0
stat.pool.101.port.switch.peer_src.7.ingress_arrivals.demand_req = 20936
stat.pool.101.port.switch.peer_src.7.ingress_arrival_nonempty_packet_frac.demand_req = 0.937142
stat.pool.101.port.switch.peer_src.7.ingress_nonempty_arrival_pre_occ_avg_bytes.demand_req = 148.793
stat.pool.101.port.switch.peer_src.7.ingress_nonempty_arrival_pre_occ_max_bytes.demand_req = 1288
stat.pool.101.port.switch.peer_src.7.ingress_wait_avg_cycles.demand_req = 135.892
stat.pool.101.port.switch.peer_src.7.ingress_queue_wait_avg_cycles.demand_req = 11.8921
stat.pool.101.port.switch.peer_src.7.ingress_queue_wait_after_nonempty_arrival_avg_cycles.demand_req = 12.6898
stat.pool.101.port.switch.peer_src.7.ingress_pre_occ_bucket.demand_req.0 = 1316
stat.pool.101.port.switch.peer_src.7.ingress_queue_wait_bucket.demand_req.0 = 14022
stat.pool.101.port.switch.peer_src.7.ingress_pre_occ_bucket.demand_req.1_64 = 6529
stat.pool.101.port.switch.peer_src.7.ingress_queue_wait_bucket.demand_req.1_63 = 6161
stat.pool.101.port.switch.peer_src.7.ingress_pre_occ_bucket.demand_req.65_256 = 9023
stat.pool.101.port.switch.peer_src.7.ingress_queue_wait_bucket.demand_req.64_255 = 735
stat.pool.101.port.switch.peer_src.7.ingress_pre_occ_bucket.demand_req.257_1024 = 4052
stat.pool.100.port.switch.peer_src.4.ingress_queue_wait_bucket.other_req.1_63 = 3
stat.pool.100.port.switch.peer_src.4.ingress_pre_occ_bucket.other_req.65_256 = 9
stat.pool.100.port.switch.peer_src.4.ingress_queue_wait_bucket.other_req.64_255 = 0
stat.pool.100.port.switch.peer_src.4.ingress_pre_occ_bucket.other_req.257_1024 = 4
stat.pool.100.port.switch.peer_src.4.ingress_queue_wait_bucket.other_req.256_1023 = 0
stat.pool.100.port.switch.peer_src.4.ingress_pre_occ_bucket.other_req.1025_4096 = 0
stat.pool.100.port.switch.peer_src.4.ingress_queue_wait_bucket.other_req.1024_4095 = 0
stat.pool.100.port.switch.peer_src.4.ingress_pre_occ_bucket.other_req.4097_plus = 0
stat.pool.100.port.switch.peer_src.4.ingress_queue_wait_bucket.other_req.4096_plus = 0
stat.pool.100.port.switch.peer_src.5.rx_bytes.write_req = 337280
stat.pool.100.port.switch.peer_src.5.rx_pkts.write_req = 5270
stat.pool.100.port.switch.peer_src.5.tx_bytes.write_req = 0
stat.pool.100.port.switch.peer_src.5.tx_pkts.write_req = 0
stat.pool.100.port.switch.peer_src.5.ingress_arrivals.write_req = 5270
stat.pool.101.port.switch.peer_src.7.ingress_queue_wait_bucket.demand_req.256_1023 = 18
stat.pool.101.port.switch.peer_src.7.ingress_pre_occ_bucket.demand_req.1025_4096 = 16
stat.pool.101.port.switch.peer_src.7.ingress_queue_wait_bucket.demand_req.1024_4095 = 0
stat.pool.101.port.switch.peer_src.7.ingress_pre_occ_bucket.demand_req.4097_plus = 0
stat.pool.101.port.switch.peer_src.7.ingress_queue_wait_bucket.demand_req.4096_plus = 0
stat.pool.101.port.switch.peer_src.7.rx_bytes.write_req = 337216
stat.pool.101.port.switch.peer_src.7.rx_pkts.write_req = 5269
stat.pool.101.port.switch.peer_src.7.tx_bytes.write_req = 0
stat.pool.101.port.switch.peer_src.7.tx_pkts.write_req = 0
stat.pool.101.port.switch.peer_src.7.ingress_arrivals.write_req = 5269
stat.pool.101.port.switch.peer_src.7.ingress_arrival_nonempty_packet_frac.write_req = 1
stat.pool.101.port.switch.peer_src.7.ingress_nonempty_arrival_pre_occ_avg_bytes.write_req = 216.504
stat.pool.100.port.switch.peer_src.5.ingress_arrival_nonempty_packet_frac.write_req = 1
stat.pool.100.port.switch.peer_src.5.ingress_nonempty_arrival_pre_occ_avg_bytes.write_req = 227.195
stat.pool.100.port.switch.peer_src.5.ingress_nonempty_arrival_pre_occ_max_bytes.write_req = 1080
stat.pool.100.port.switch.peer_src.5.ingress_wait_avg_cycles.write_req = 179.674
stat.pool.100.port.switch.peer_src.5.ingress_queue_wait_avg_cycles.write_req = 34.6741
stat.pool.100.port.switch.peer_src.5.ingress_queue_wait_after_nonempty_arrival_avg_cycles.write_req = 34.6741
stat.pool.101.port.switch.peer_src.7.ingress_nonempty_arrival_pre_occ_max_bytes.write_req = 1272
stat.pool.101.port.switch.peer_src.7.ingress_wait_avg_cycles.write_req = 180.22
stat.pool.101.port.switch.peer_src.7.ingress_queue_wait_avg_cycles.write_req = 35.22
stat.pool.101.port.switch.peer_src.7.ingress_queue_wait_after_nonempty_arrival_avg_cycles.write_req = 35.22
stat.pool.101.port.switch.peer_src.7.ingress_pre_occ_bucket.write_req.0 = 0
stat.pool.101.port.switch.peer_src.7.ingress_queue_wait_bucket.write_req.0 = 0
stat.pool.101.port.switch.peer_src.7.ingress_pre_occ_bucket.write_req.1_64 = 577
stat.pool.100.port.switch.peer_src.5.ingress_pre_occ_bucket.write_req.0 = 0
stat.pool.100.port.switch.peer_src.5.ingress_queue_wait_bucket.write_req.0 = 0
stat.pool.100.port.switch.peer_src.5.ingress_pre_occ_bucket.write_req.1_64 = 351
stat.pool.100.port.switch.peer_src.5.ingress_queue_wait_bucket.write_req.1_63 = 4930
stat.pool.100.port.switch.peer_src.5.ingress_pre_occ_bucket.write_req.65_256 = 3119
stat.pool.100.port.switch.peer_src.5.ingress_queue_wait_bucket.write_req.64_255 = 335
stat.pool.100.port.switch.peer_src.5.ingress_pre_occ_bucket.write_req.257_1024 = 1798
stat.pool.100.port.switch.peer_src.5.ingress_queue_wait_bucket.write_req.256_1023 = 4
stat.pool.100.port.switch.peer_src.5.ingress_pre_occ_bucket.write_req.1025_4096 = 2
stat.pool.100.port.switch.peer_src.5.ingress_queue_wait_bucket.write_req.1024_4095 = 0
stat.pool.100.port.switch.peer_src.5.ingress_pre_occ_bucket.write_req.4097_plus = 0
stat.pool.100.port.switch.peer_src.5.ingress_queue_wait_bucket.write_req.4096_plus = 0
stat.pool.100.port.switch.peer_src.6.rx_bytes.demand_req = 167488
stat.pool.101.port.switch.peer_src.7.ingress_queue_wait_bucket.write_req.1_63 = 4933
stat.pool.101.port.switch.peer_src.7.ingress_pre_occ_bucket.write_req.65_256 = 3097
stat.pool.101.port.switch.peer_src.7.ingress_queue_wait_bucket.write_req.64_255 = 312
stat.pool.101.port.switch.peer_src.7.ingress_pre_occ_bucket.write_req.257_1024 = 1577
stat.pool.101.port.switch.peer_src.7.ingress_queue_wait_bucket.write_req.256_1023 = 24
stat.pool.101.port.switch.peer_src.7.ingress_pre_occ_bucket.write_req.1025_4096 = 18
stat.pool.101.port.switch.peer_src.7.ingress_queue_wait_bucket.write_req.1024_4095 = 0
stat.pool.101.port.switch.peer_src.7.ingress_pre_occ_bucket.write_req.4097_plus = 0
stat.pool.101.port.switch.peer_src.7.ingress_queue_wait_bucket.write_req.4096_plus = 0
stat.pool.101.port.switch.peer_src.7.rx_bytes.other_req = 160
stat.pool.101.port.switch.peer_src.7.rx_pkts.other_req = 20
stat.pool.101.port.switch.peer_src.7.tx_bytes.other_req = 0
stat.pool.101.port.switch.peer_src.7.tx_pkts.other_req = 0
stat.pool.101.port.switch.peer_src.7.ingress_arrivals.other_req = 20
stat.pool.100.port.switch.peer_src.6.rx_pkts.demand_req = 20936
stat.pool.100.port.switch.peer_src.6.tx_bytes.demand_req = 0
stat.pool.100.port.switch.peer_src.6.tx_pkts.demand_req = 0
stat.pool.100.port.switch.peer_src.6.ingress_arrivals.demand_req = 20936
stat.pool.100.port.switch.peer_src.6.ingress_arrival_nonempty_packet_frac.demand_req = 0.937142
stat.pool.100.port.switch.peer_src.6.ingress_nonempty_arrival_pre_occ_avg_bytes.demand_req = 148.793
stat.pool.100.port.switch.peer_src.6.ingress_nonempty_arrival_pre_occ_max_bytes.demand_req = 1288
stat.pool.101.port.switch.peer_src.7.ingress_arrival_nonempty_packet_frac.other_req = 0.9
stat.pool.101.port.switch.peer_src.7.ingress_nonempty_arrival_pre_occ_avg_bytes.other_req = 135.556
stat.pool.101.port.switch.peer_src.7.ingress_nonempty_arrival_pre_occ_max_bytes.other_req = 304
stat.pool.101.port.switch.peer_src.7.ingress_wait_avg_cycles.other_req = 128.1
stat.pool.101.port.switch.peer_src.7.ingress_queue_wait_avg_cycles.other_req = 4.1
stat.pool.100.port.switch.peer_src.6.ingress_wait_avg_cycles.demand_req = 135.892
stat.pool.100.port.switch.peer_src.6.ingress_queue_wait_avg_cycles.demand_req = 11.8921
stat.pool.100.port.switch.peer_src.6.ingress_queue_wait_after_nonempty_arrival_avg_cycles.demand_req = 12.6898
stat.pool.100.port.switch.peer_src.6.ingress_pre_occ_bucket.demand_req.0 = 1316
stat.pool.100.port.switch.peer_src.6.ingress_queue_wait_bucket.demand_req.0 = 14022
stat.pool.100.port.switch.peer_src.6.ingress_pre_occ_bucket.demand_req.1_64 = 6529
stat.pool.100.port.switch.peer_src.6.ingress_queue_wait_bucket.demand_req.1_63 = 6161
stat.pool.100.port.switch.peer_src.6.ingress_pre_occ_bucket.demand_req.65_256 = 9023
stat.pool.100.port.switch.peer_src.6.ingress_queue_wait_bucket.demand_req.64_255 = 735
stat.pool.101.port.switch.peer_src.7.ingress_queue_wait_after_nonempty_arrival_avg_cycles.other_req = 4.55556
stat.pool.101.port.switch.peer_src.7.ingress_pre_occ_bucket.other_req.0 = 2
stat.pool.101.port.switch.peer_src.7.ingress_queue_wait_bucket.other_req.0 = 16
stat.pool.101.port.switch.peer_src.7.ingress_pre_occ_bucket.other_req.1_64 = 5
stat.pool.101.port.switch.peer_src.7.ingress_queue_wait_bucket.other_req.1_63 = 4
stat.pool.101.port.switch.peer_src.7.ingress_pre_occ_bucket.other_req.65_256 = 9
stat.pool.101.port.switch.peer_src.7.ingress_queue_wait_bucket.other_req.64_255 = 0
stat.pool.101.port.switch.peer_src.7.ingress_pre_occ_bucket.other_req.257_1024 = 4
stat.pool.100.port.switch.peer_src.6.ingress_pre_occ_bucket.demand_req.257_1024 = 4052
stat.pool.100.port.switch.peer_src.6.ingress_queue_wait_bucket.demand_req.256_1023 = 18
stat.pool.100.port.switch.peer_src.6.ingress_pre_occ_bucket.demand_req.1025_4096 = 16
stat.pool.100.port.switch.peer_src.6.ingress_queue_wait_bucket.demand_req.1024_4095 = 0
stat.pool.100.port.switch.peer_src.6.ingress_pre_occ_bucket.demand_req.4097_plus = 0
stat.pool.100.port.switch.peer_src.6.ingress_queue_wait_bucket.demand_req.4096_plus = 0
stat.pool.100.port.switch.peer_src.6.rx_bytes.write_req = 337216
stat.pool.100.port.switch.peer_src.6.rx_pkts.write_req = 5269
stat.pool.101.port.switch.peer_src.7.ingress_queue_wait_bucket.other_req.256_1023 = 0
stat.pool.101.port.switch.peer_src.7.ingress_pre_occ_bucket.other_req.1025_4096 = 0
stat.pool.101.port.switch.peer_src.7.ingress_queue_wait_bucket.other_req.1024_4095 = 0
stat.pool.101.port.switch.peer_src.7.ingress_pre_occ_bucket.other_req.4097_plus = 0
stat.pool.101.port.switch.peer_src.7.ingress_queue_wait_bucket.other_req.4096_plus = 0
stat.pool.101.port.switch.peer_dst.101.rx_bytes.demand_req = 669952
stat.pool.101.port.switch.peer_dst.101.rx_pkts.demand_req = 83744
stat.pool.101.port.switch.peer_dst.101.tx_bytes.demand_req = 0
stat.pool.101.port.switch.peer_dst.101.tx_pkts.demand_req = 0
stat.pool.101.port.switch.peer_dst.101.ingress_arrivals.demand_req = 83744
stat.pool.101.port.switch.peer_dst.101.ingress_arrival_nonempty_packet_frac.demand_req = 0.946002
stat.pool.101.port.switch.peer_dst.101.ingress_nonempty_arrival_pre_occ_avg_bytes.demand_req = 151.019
stat.pool.101.port.switch.peer_dst.101.ingress_nonempty_arrival_pre_occ_max_bytes.demand_req = 1288
stat.pool.101.port.switch.peer_dst.101.ingress_wait_avg_cycles.demand_req = 136.07
stat.pool.101.port.switch.peer_dst.101.ingress_queue_wait_avg_cycles.demand_req = 12.0699
stat.pool.100.port.switch.peer_src.6.tx_bytes.write_req = 0
stat.pool.100.port.switch.peer_src.6.tx_pkts.write_req = 0
stat.pool.100.port.switch.peer_src.6.ingress_arrivals.write_req = 5269
stat.pool.100.port.switch.peer_src.6.ingress_arrival_nonempty_packet_frac.write_req = 0.890492
stat.pool.100.port.switch.peer_src.6.ingress_nonempty_arrival_pre_occ_avg_bytes.write_req = 171.258
stat.pool.100.port.switch.peer_src.6.ingress_nonempty_arrival_pre_occ_max_bytes.write_req = 1208
stat.pool.100.port.switch.peer_src.6.ingress_wait_avg_cycles.write_req = 155.22
stat.pool.100.port.switch.peer_src.6.ingress_queue_wait_avg_cycles.write_req = 10.22
stat.pool.100.port.switch.peer_src.6.ingress_queue_wait_after_nonempty_arrival_avg_cycles.write_req = 11.4768
stat.pool.100.port.switch.peer_src.6.ingress_pre_occ_bucket.write_req.0 = 577
stat.pool.100.port.switch.peer_src.6.ingress_queue_wait_bucket.write_req.0 = 3849
stat.pool.100.port.switch.peer_src.6.ingress_pre_occ_bucket.write_req.1_64 = 1315
stat.pool.100.port.switch.peer_src.6.ingress_queue_wait_bucket.write_req.1_63 = 1245
stat.pool.101.port.switch.peer_dst.101.ingress_queue_wait_after_nonempty_arrival_avg_cycles.demand_req = 12.7589
stat.pool.101.port.switch.peer_dst.101.ingress_pre_occ_bucket.demand_req.0 = 4522
stat.pool.101.port.switch.peer_dst.101.ingress_queue_wait_bucket.demand_req.0 = 55282
stat.pool.101.port.switch.peer_dst.101.ingress_pre_occ_bucket.demand_req.1_64 = 26072
stat.pool.101.port.switch.peer_dst.101.ingress_queue_wait_bucket.demand_req.1_63 = 25438
stat.pool.101.port.switch.peer_dst.101.ingress_pre_occ_bucket.demand_req.65_256 = 35964
stat.pool.101.port.switch.peer_dst.101.ingress_queue_wait_bucket.demand_req.64_255 = 2987
stat.pool.101.port.switch.peer_dst.101.ingress_pre_occ_bucket.demand_req.257_1024 = 17159
stat.pool.101.port.switch.peer_dst.101.ingress_queue_wait_bucket.demand_req.256_1023 = 37
stat.pool.101.port.switch.peer_dst.101.ingress_pre_occ_bucket.demand_req.1025_4096 = 27
stat.pool.101.port.switch.peer_dst.101.ingress_queue_wait_bucket.demand_req.1024_4095 = 0
stat.pool.101.port.switch.peer_dst.101.ingress_pre_occ_bucket.demand_req.4097_plus = 0
stat.pool.101.port.switch.peer_dst.101.ingress_queue_wait_bucket.demand_req.4096_plus = 0
stat.pool.101.port.switch.peer_dst.101.rx_bytes.write_req = 2698112
stat.pool.101.port.switch.peer_dst.101.rx_pkts.write_req = 42158
stat.pool.101.port.switch.peer_dst.101.tx_bytes.write_req = 0
stat.pool.101.port.switch.peer_dst.101.tx_pkts.write_req = 0
stat.pool.101.port.switch.peer_dst.101.ingress_arrivals.write_req = 42158
stat.pool.101.port.switch.peer_dst.101.ingress_arrival_nonempty_packet_frac.write_req = 0.954149
stat.pool.101.port.switch.peer_dst.101.ingress_nonempty_arrival_pre_occ_avg_bytes.write_req = 186.687
stat.pool.101.port.switch.peer_dst.101.ingress_nonempty_arrival_pre_occ_max_bytes.write_req = 1272
stat.pool.101.port.switch.peer_dst.101.ingress_wait_avg_cycles.write_req = 166.038
stat.pool.101.port.switch.peer_dst.101.ingress_queue_wait_avg_cycles.write_req = 21.0378
stat.pool.101.port.switch.peer_dst.101.ingress_queue_wait_after_nonempty_arrival_avg_cycles.write_req = 22.0488
stat.pool.101.port.switch.peer_dst.101.ingress_pre_occ_bucket.write_req.0 = 1933
stat.pool.101.port.switch.peer_dst.101.ingress_queue_wait_bucket.write_req.0 = 15457
stat.pool.101.port.switch.peer_dst.101.ingress_pre_occ_bucket.write_req.1_64 = 7538
stat.pool.101.port.switch.peer_dst.101.ingress_queue_wait_bucket.write_req.1_63 = 25067
stat.pool.101.port.switch.peer_dst.101.ingress_pre_occ_bucket.write_req.65_256 = 22447
stat.pool.101.port.switch.peer_dst.101.ingress_queue_wait_bucket.write_req.64_255 = 1586
stat.pool.101.port.switch.peer_dst.101.ingress_pre_occ_bucket.write_req.257_1024 = 10207
stat.pool.101.port.switch.peer_dst.101.ingress_queue_wait_bucket.write_req.256_1023 = 47
stat.pool.101.port.switch.peer_dst.101.ingress_pre_occ_bucket.write_req.1025_4096 = 33
stat.pool.101.port.switch.peer_dst.101.ingress_queue_wait_bucket.write_req.1024_4095 = 0
stat.pool.101.port.switch.peer_dst.101.ingress_pre_occ_bucket.write_req.4097_plus = 0
stat.pool.101.port.switch.peer_dst.101.ingress_queue_wait_bucket.write_req.4096_plus = 0
stat.pool.101.port.switch.peer_dst.101.rx_bytes.other_req = 640
stat.pool.101.port.switch.peer_dst.101.rx_pkts.other_req = 80
stat.pool.101.port.switch.peer_dst.101.tx_bytes.other_req = 0
stat.pool.101.port.switch.peer_dst.101.tx_pkts.other_req = 0
stat.pool.101.port.switch.peer_dst.101.ingress_arrivals.other_req = 80
stat.pool.101.port.switch.peer_dst.101.ingress_arrival_nonempty_packet_frac.other_req = 0.9375
stat.pool.101.port.switch.peer_dst.101.ingress_nonempty_arrival_pre_occ_avg_bytes.other_req = 137.173
stat.pool.101.port.switch.peer_dst.101.ingress_nonempty_arrival_pre_occ_max_bytes.other_req = 304
stat.pool.101.port.switch.peer_dst.101.ingress_wait_avg_cycles.other_req = 127.95
stat.pool.101.port.switch.peer_dst.101.ingress_queue_wait_avg_cycles.other_req = 3.95
stat.pool.101.port.switch.peer_dst.101.ingress_queue_wait_after_nonempty_arrival_avg_cycles.other_req = 4.21333
stat.pool.101.port.switch.peer_dst.101.ingress_pre_occ_bucket.other_req.0 = 5
stat.pool.101.port.switch.peer_dst.101.ingress_queue_wait_bucket.other_req.0 = 67
stat.pool.101.port.switch.peer_dst.101.ingress_pre_occ_bucket.other_req.1_64 = 22
stat.pool.101.port.switch.peer_dst.101.ingress_queue_wait_bucket.other_req.1_63 = 13
stat.pool.101.port.switch.peer_dst.101.ingress_pre_occ_bucket.other_req.65_256 = 37
stat.pool.101.port.switch.peer_dst.101.ingress_queue_wait_bucket.other_req.64_255 = 0
stat.pool.101.port.switch.peer_dst.101.ingress_pre_occ_bucket.other_req.257_1024 = 16
stat.pool.101.port.switch.peer_dst.101.ingress_queue_wait_bucket.other_req.256_1023 = 0
stat.pool.101.port.switch.peer_dst.101.istat.pool.100.port.switch.peer_src.6.ingress_pre_occ_bucket.write_req.65_256 = 2310
stat.pool.100.port.switch.peer_src.6.ingress_queue_wait_bucket.write_req.64_255 = 159
stat.pool.100.port.switch.peer_src.6.ingress_pre_occ_bucket.write_req.257_1024 = 1055
stat.pool.100.port.switch.peer_src.6.ingress_queue_wait_bucket.write_req.256_1023 = 16
stat.pool.100.port.switch.peer_src.6.ingress_pre_occ_bucket.write_req.1025_4096 = 12
stat.pool.100.port.switch.peer_src.6.ingress_queue_wait_bucket.write_req.1024_4095 = 0
stat.pool.100.port.switch.peer_src.6.ingress_pre_occ_bucket.write_req.4097_plus = 0
stat.pool.100.port.switch.peer_src.6.ingress_queue_wait_bucket.write_req.4096_plus = 0
stat.pool.100.port.switch.peer_src.6.rx_bytes.other_req = 160
stat.pool.100.port.switch.peer_src.6.rx_pkts.other_req = 20
stat.pool.100.port.switch.peer_src.6.tx_bytes.other_req = 0
stat.pool.100.port.switch.peer_src.6.tx_pkts.other_req = 0
stat.pool.100.port.switch.peer_src.6.ingress_arrivals.other_req = 20
stat.pool.100.port.switch.peer_src.6.ingress_arrival_nonempty_packet_frac.other_req = 0.9
stat.pool.100.port.switch.peer_src.6.ingress_nonempty_arrival_pre_occ_avg_bytes.other_req = 135.556
stat.pool.100.port.switch.peer_src.6.ingress_nonempty_arrival_pre_occ_max_bytes.other_req = 304
stat.pool.100.port.switch.peer_src.6.ingress_wait_avg_cycles.other_req = 128.1
stat.pool.100.port.switch.peer_src.6.ingress_queue_wait_avg_cycles.other_req = 4.1
stat.pool.100.port.switch.peer_src.6.ingress_queue_wait_after_nonempty_arrival_avg_cycles.other_req = 4.55556
stat.pool.100.port.switch.peer_src.6.ingress_pre_occ_bucket.other_req.0 = 2
stat.pool.100.port.switch.peer_src.6.ingress_queue_wait_bucket.other_req.0 = 16
stat.pool.100.port.switch.peer_src.6.ingress_pre_occ_bucket.other_req.1_64 = 5
stat.pool.100.port.switch.peer_src.6.ingress_queue_wait_bucket.other_req.1_63 = 4
stat.pool.100.port.switch.peer_src.6.ingress_pre_occ_bucket.other_req.65_256 = 9
stat.pool.100.port.switch.peer_src.6.ingress_queue_wait_bucket.other_req.64_255 = 0
stat.pool.100.port.switch.peer_src.6.ingress_pre_occ_bucket.other_req.257_1024 = 4
stat.pool.100.port.switch.peer_src.6.ingress_queue_wait_bucket.other_req.256_1023 = 0
stat.pool.100.port.switch.peer_src.6.ingress_pre_occ_bucket.other_req.1025_4096 = 0
stat.pool.100.port.switch.peer_src.6.ingress_queue_wait_bucket.other_req.1024_4095 = 0
stat.pool.100.port.switch.peer_src.6.ingress_pre_occ_bucket.other_req.4097_plus = 0
stat.pool.100.port.switch.peer_src.6.ingress_queue_wait_bucket.other_req.4096_plus = 0
stat.pool.100.port.switch.peer_src.7.rx_bytes.write_req = 337216
stat.pool.100.port.switch.peer_src.7.rx_pkts.write_req = 5269
stat.pool.100.port.switch.peer_src.7.tx_bytes.write_req = 0
stat.pool.100.port.switch.peer_src.7.tx_pkts.write_req = 0
stat.pool.100.port.switch.peer_src.7.ingress_arrivals.write_req = 5269
stat.pool.100.port.switch.peer_src.7.ingress_arrival_nonempty_packet_frac.write_req = 1
stat.pool.100.port.switch.peer_src.7.ingress_nonempty_arrival_pre_occ_avg_bytes.write_req = 216.504
stat.pool.100.port.switch.peer_src.7.ingress_nonempty_arrival_pre_occ_max_bytes.write_req = 1272
stat.pool.100.port.switch.peer_src.7.ingress_wait_avg_cycles.write_req = 180.22
stat.pool.100.port.switch.peer_src.7.ingress_queue_wait_avg_cycles.write_req = 35.22
stat.pool.100.port.switch.peer_src.7.ingress_queue_wait_after_nonempty_arrival_avg_cycles.write_req = 35.22
stat.pool.100.port.switch.peer_src.7.ingress_pre_occ_bucket.write_req.0 = 0
stat.pool.100.port.switch.peer_src.7.ingress_queue_wait_bucket.write_req.0 = 0
stat.pool.100.port.switch.peer_src.7.ingress_pre_occ_bucket.write_req.1_64 = 577
stat.pool.100.port.switch.peer_src.7.ingress_queue_wait_bucket.write_req.1_63 = 4933
stat.pool.100.port.switch.peer_src.7.ingress_pre_occ_bucket.write_req.65_256 = 3097
stat.pool.100.port.switch.peer_src.7.ingress_queue_wait_bucket.write_req.64_255 = 312
stat.pool.100.port.switch.peer_src.7.ingress_pre_occ_bucket.write_req.257_1024 = 1577
stat.pool.100.port.switch.peer_src.7.ingress_queue_wait_bucket.write_req.256_1023 = 24
stat.pool.100.port.switch.peer_src.7.ingress_pre_occ_bucket.write_req.1025_4096 = 18
stat.pool.100.port.switch.peer_src.7.ingress_queue_wait_bucket.write_req.1024_4095 = 0
stat.pool.100.port.switch.peer_src.7.ingress_pre_occ_bucket.write_req.4097_plus = 0
stat.pool.100.port.switch.peer_src.7.ingress_queue_wait_bucket.write_req.4096_plus = 0
stat.pool.100.port.switch.peer_dst.100.rx_bytes.demand_req = 669952
stat.pool.100.port.switch.peer_dst.100.rx_pkts.demand_req = 83744
stat.pool.100.port.switch.peer_dst.100.tx_bytes.demand_req = 0
stat.pool.100.port.switch.peer_dst.100.tx_pkts.demand_req = 0
stat.pool.100.port.switch.peer_dst.100.ingress_arrivals.demand_req = 83744
stat.pool.100.port.switch.peer_dst.100.ingress_arrival_nonempty_packet_frac.demand_req = 0.946002
stat.pool.100.port.switch.peer_dst.100.ingress_nonempty_arrival_pre_occ_avg_bytes.demand_req = 151.019
stat.pool.100.port.switch.peer_dst.100.ingress_nonempty_arrival_pre_occ_max_bytes.demand_req = 1288
stat.pool.100.port.switch.peer_dst.100.ingress_wait_avg_cycles.demand_req = 136.07
stat.pool.100.port.switch.peer_dst.100.ingress_queue_wait_avg_cycles.demand_req = 12.0699
stat.pool.100.port.switch.peer_dst.100.ingress_queue_wait_after_nonempty_arrival_avg_cycles.demand_req = 12.7589
stat.pool.100.port.switch.peer_dst.100.ingress_pre_occ_bucket.demand_req.0 = 4522
stat.pool.100.port.switch.peer_dst.100.ingress_queue_wait_bucket.demand_req.0 = 55282
stat.pool.100.port.switch.peer_dst.100.ingress_pre_occ_bucket.demand_req.1_64 = 26072
stat.pool.100.port.switch.peer_dst.100.ingress_queue_wait_bucket.demand_req.1_63 = 25438
stat.pool.100.port.switch.peer_dst.100.ingress_pre_occ_bucket.demand_req.65_256 = 35964
stat.pool.100.port.switch.peer_dst.100.ingress_queue_wait_bucket.demand_req.64_255 = 2987
ngress_pre_occ_bucket.other_req.1025_4096 = 0
stat.pool.101.port.switch.peer_dst.101.ingress_queue_wait_bucket.other_req.1024_4095 = 0
stat.pool.101.port.switch.peer_dst.101.ingress_pre_occ_bucket.other_req.4097_plus = 0
stat.pool.101.port.switch.peer_dst.101.ingress_queue_wait_bucket.other_req.4096_plus = 0
stat.pool.101.port.switch.tx_src.101.rx_bytes.response = 0
stat.pool.101.port.switch.tx_src.101.rx_pkts.response = 0
stat.pool.101.port.switch.tx_src.101.tx_bytes.response = 5364736
stat.pool.101.port.switch.tx_src.101.tx_pkts.response = 83824
stat.pool.101.port.switch.tx_src.101.ingress_arrivals.response = 0
stat.pool.101.port.switch.tx_src.101.ingress_arrival_nonempty_packet_frac.response = 0
stat.pool.101.port.switch.tx_src.101.ingress_nonempty_arrival_pre_occ_avg_bytes.response = 0
stat.pool.101.port.switch.tx_src.101.ingress_nonempty_arrival_pre_occ_max_bytes.response = 0
stat.pool.101.port.switch.tx_src.101.ingress_wait_avg_cycles.response = 0
stat.pool.101.port.switch.tx_src.101.ingress_queue_wait_avg_cycles.response = 0
stat.pool.101.port.switch.tx_src.101.ingress_queue_wait_after_nonempty_arrival_avg_cycles.response = 0
stat.pool.101.port.switch.tx_src.101.ingress_pre_occ_bucket.response.0 = 0
stat.pool.101.port.switch.tx_src.101.ingress_queue_wait_bucket.response.0 = 0
stat.pool.101.port.switch.tx_src.101.ingress_pre_occ_bucket.response.1_64 = 0
stat.pool.101.port.switch.tx_src.101.ingress_queue_wait_bucket.response.1_63 = 0
stat.pool.101.port.switch.tx_src.101.ingress_pre_occ_bucket.response.65_256 = 0
stat.pool.101.port.switch.tx_src.101.ingress_queue_wait_bucket.response.64_255 = 0
stat.pool.101.port.switch.tx_src.101.ingress_pre_occ_bucket.response.257_1024 = 0
stat.pool.101.port.switch.tx_src.101.ingress_queue_wait_bucket.response.256_1023 = 0
stat.pool.101.port.switch.tx_src.101.ingress_pre_occ_bucket.response.1025_4096 = 0
stat.pool.101.port.switch.tx_src.101.ingress_queue_wait_bucket.response.1024_4095 = 0
stat.pool.101.port.switch.tx_src.101.ingress_pre_occ_bucket.response.4097_plus = 0
stat.pool.101.port.switch.tx_src.101.ingress_queue_wait_bucket.response.4096_plus = 0
stat.pool.101.port.switch.tx_dst.1.rx_bytes.response = 0
stat.pool.101.port.switch.tx_dst.1.rx_pkts.response = 0
stat.pool.101.port.switch.tx_dst.1.tx_bytes.response = 1341184
stat.pool.101.port.switch.tx_dst.1.tx_pkts.response = 20956
stat.pool.100.port.switch.peer_dst.100.ingress_pre_occ_bucket.demand_req.257_1024 = 17159
stat.pool.100.port.switch.peer_dst.100.ingress_queue_wait_bucket.demand_req.256_1023 = 37
stat.pool.100.port.switch.peer_dst.100.ingress_pre_occ_bucket.demand_req.1025_4096 = 27
stat.pool.100.port.switch.peer_dst.100.ingress_queue_wait_bucket.demand_req.1024_4095 = 0
stat.pool.100.port.switch.peer_dst.100.ingress_pre_occ_bucket.demand_req.4097_plus = 0
stat.pool.100.port.switch.peer_dst.100.ingress_queue_wait_bucket.demand_req.4096_plus = 0
stat.pool.100.port.switch.peer_dst.100.rx_bytes.write_req = 2698112
stat.pool.101.port.switch.tx_dst.1.ingress_arrivals.response = 0
stat.pool.101.port.switch.tx_dst.1.ingress_arrival_nonempty_packet_frac.response = 0
stat.pool.101.port.switch.tx_dst.1.ingress_nonempty_arrival_pre_occ_avg_bytes.response = 0
stat.pool.101.port.switch.tx_dst.1.ingress_nonempty_arrival_pre_occ_max_bytes.response = 0
stat.pool.101.port.switch.tx_dst.1.ingress_wait_avg_cycles.response = 0
stat.pool.100.port.switch.peer_dst.100.rx_pkts.write_req = 42158
stat.pool.100.port.switch.peer_dst.100.tx_bytes.write_req = 0
stat.pool.100.port.switch.peer_dst.100.tx_pkts.write_req = 0
stat.pool.100.port.switch.peer_dst.100.ingress_arrivals.write_req = 42158
stat.pool.100.port.switch.peer_dst.100.ingress_arrival_nonempty_packet_frac.write_req = 0.954149
stat.pool.100.port.switch.peer_dst.100.ingress_nonempty_arrival_pre_occ_avg_bytes.write_req = 186.687
stat.pool.100.port.switch.peer_dst.100.ingress_nonempty_arrival_pre_occ_max_bytes.write_req = 1272
stat.pool.100.port.switch.peer_dst.100.ingress_wait_avg_cycles.write_req = 166.038
stat.pool.101.port.switch.tx_dst.1.ingress_queue_wait_avg_cycles.response = 0
stat.pool.101.port.switch.tx_dst.1.ingress_queue_wait_after_nonempty_arrival_avg_cycles.response = 0
stat.pool.101.port.switch.tx_dst.1.ingress_pre_occ_bucket.response.0 = 0
stat.pool.101.port.switch.tx_dst.1.ingress_queue_wait_bucket.response.0 = 0
stat.pool.101.port.switch.tx_dst.1.ingress_pre_occ_bucket.response.1_64 = 0
stat.pool.101.port.switch.tx_dst.1.ingress_queue_wait_bucket.response.1_63 = 0
stat.pool.101.port.switch.tx_dst.1.ingress_pre_occ_bucket.response.65_256 = 0
stat.pool.101.port.switch.tx_dst.1.ingress_queue_wait_bucket.response.64_255 = 0
stat.pool.101.port.switch.tx_dst.1.ingress_pre_occ_bucket.response.257_1024 = 0
stat.pool.101.port.switch.tx_dst.1.ingress_queue_wait_bucket.response.256_1023 = 0
stat.pool.101.port.switch.tx_dst.1.ingress_pre_occ_bucket.response.1025_4096 = 0
stat.pool.100.port.switch.peer_dst.100.ingress_queue_wait_avg_cycles.write_req = 21.0378
stat.pool.100.port.switch.peer_dst.100.ingress_queue_wait_after_nonempty_arrival_avg_cycles.write_req = 22.0488
stat.pool.100.port.switch.peer_dst.100.ingress_pre_occ_bucket.write_req.0 = 1933
stat.pool.100.port.switch.peer_dst.100.ingress_queue_wait_bucket.write_req.0 = 15457
stat.pool.100.port.switch.peer_dst.100.ingress_pre_occ_bucket.write_req.1_64 = 7538
stat.pool.100.port.switch.peer_dst.100.ingress_queue_wait_bucket.write_req.1_63 = 25067
stat.pool.100.port.switch.peer_dst.100.ingress_pre_occ_bucket.write_req.65_256 = 22447
stat.pool.100.port.switch.peer_dst.100.ingress_queue_wait_bucket.write_req.64_255 = 1586
stat.pool.100.port.switch.peer_dst.100.ingress_pre_occ_bucket.write_req.257_1024 = 10207
stat.pool.100.port.switch.peer_dst.100.ingress_queue_wait_bucket.write_req.256_1023 = 47
stat.pool.100.port.switch.peer_dst.100.ingress_pre_occ_bucket.write_req.1025_4096 = 33
stat.pool.100.port.switch.peer_dst.100.ingress_queue_wait_bucket.write_req.1024_4095 = 0
stat.pool.100.port.switch.peer_dst.100.ingress_pre_occ_bucket.write_req.4097_plus = 0
stat.pool.101.port.switch.tx_dst.1.ingress_queue_wait_bucket.response.1024_4095 = 0
stat.pool.101.port.switch.tx_dst.1.ingress_pre_occ_bucket.response.4097_plus = 0
stat.pool.101.port.switch.tx_dst.1.ingress_queue_wait_bucket.response.4096_plus = 0
stat.pool.101.port.switch.tx_dst.3.rx_bytes.response = 0
stat.pool.101.port.switch.tx_dst.3.rx_pkts.response = 0
stat.pool.101.port.switch.tx_dst.3.tx_bytes.response = 1341184
stat.pool.101.port.switch.tx_dst.3.tx_pkts.response = 20956
stat.pool.101.port.switch.tx_dst.3.ingress_arrivals.response = 0
stat.pool.101.port.switch.tx_dst.3.ingress_arrival_nonempty_packet_frac.response = 0
stat.pool.101.port.switch.tx_dst.3.ingress_nonempty_arrival_pre_occ_avg_bytes.response = 0
stat.pool.101.port.switch.tx_dst.3.ingress_nonempty_arrival_pre_occ_max_bytes.response = 0
stat.pool.101.port.switch.tx_dst.3.ingress_wait_avg_cycles.response = 0
stat.pool.101.port.switch.tx_dst.3.ingress_queue_wait_avg_cycles.response = 0
stat.pool.101.port.switch.tx_dst.3.ingress_queue_wait_after_nonempty_arrival_avg_cycles.response = 0
stat.pool.101.port.switch.tx_dst.3.ingress_pre_occ_bucket.response.0 = 0
stat.pool.101.port.switch.tx_dst.3.ingress_queue_wait_bucket.response.0 = 0
stat.pool.101.port.switch.tx_dst.3.ingress_pre_occ_bucket.response.1_64 = 0
stat.pool.101.port.switch.tx_dst.3.ingress_queue_wait_bucket.response.1_63 = 0
stat.pool.101.port.switch.tx_dst.3.ingress_pre_occ_bucket.response.65_256 = 0
stat.pool.101.port.switch.tx_dst.3.ingress_queue_wait_bucket.response.64_255 = 0
stat.pool.101.port.switch.tx_dst.3.ingress_pre_occ_bucket.response.257_1024 = 0
stat.pool.101.port.switch.tx_dst.3.ingress_queue_wait_bucket.response.256_1023 = 0
stat.pool.101.port.switch.tx_dst.3.ingress_pre_occ_bucket.response.1025_4096 = 0
stat.pool.101.port.switch.tx_dst.3.ingress_queue_wait_bucket.response.1024_4095 = 0
stat.pool.101.port.switch.tx_dst.3.ingress_pre_occ_bucket.response.4097_plus = 0
stat.pool.101.port.switch.tx_dst.3.ingress_queue_wait_bucket.response.4096_plus = 0
stat.pool.101.port.switch.tx_dst.5.rx_bytes.response = 0
stat.pool.101.port.switch.tx_dst.5.rx_pkts.response = 0
stat.pool.101.port.switch.tx_dst.5.tx_bytes.response = 1341184
stat.pool.101.port.switch.tx_dst.5.tx_pkts.response = 20956
stat.pool.101.port.switch.tx_dst.5.ingress_arrivals.response = 0
stat.pool.101.port.switch.tx_dst.5.ingress_arrival_nonempty_packet_frac.response = 0
stat.pool.101.port.switch.tx_dst.5.ingress_nonempty_arrival_pre_occ_avg_bytes.response = 0
stat.pool.101.port.switch.tx_dst.5.ingress_nonempty_arrival_pre_occ_max_bytes.response = 0
stat.pool.101.port.switch.tx_dst.5.ingress_wait_avg_cycles.response = 0
stat.pool.101.port.switch.tx_dst.5.ingress_queue_wait_avg_cycles.response = 0
stat.pool.101.port.switch.tx_dst.5.ingress_queue_wait_after_nonempty_arrival_avg_cycles.response = 0
stat.pool.101.port.switch.tx_dst.5.ingress_pre_occ_bucket.response.0 = 0
stat.pool.101.port.switch.tx_dst.5.ingress_queue_wait_bucket.response.0 = 0
stat.pool.101.port.switch.tx_dst.5.ingress_pre_occ_bucket.response.1_64 = 0
stat.pool.101.port.switch.tx_dst.5.ingress_queue_wait_bucket.response.1_63 = 0
stat.pool.101.port.switch.tx_dst.5.ingress_pre_occ_bucket.response.65_256 = 0
stat.pool.101.port.switch.tx_dst.5.ingress_queue_wait_bucket.response.64_255 = 0
stat.pool.101.port.switch.tx_dst.5.ingress_pre_occ_bucket.response.257_1024 = 0
stat.pool.101.port.switch.tx_dst.5.ingress_queue_wait_bucket.response.256_1023 = 0
stat.pool.101.port.switch.tx_dst.5.ingress_pre_occ_bucket.response.1025_4096 = 0
stat.pool.101.port.switch.tx_dst.5.ingress_queue_wait_bucket.response.1024_4095 = 0
stat.pool.101.port.switch.tx_dst.5.ingress_pre_occ_bucket.response.4097_plus = 0
stat.pool.101.port.switch.tx_dst.5.ingress_queue_wait_bucket.response.4096_plus = 0
stat.pool.101.port.switch.tx_dst.7.rx_bytes.response = 0
stat.pool.101.port.switch.tx_dst.7.rx_pkts.response = 0
stat.pool.101.port.switch.tx_dst.7.tx_bytes.response = 1341184
stat.pool.101.port.switch.tx_dst.7.tx_pkts.response = 20956
stat.pool.101.port.switch.tx_dst.7.ingress_arrivals.response = 0
stat.pool.101.port.switch.tx_dst.7.ingress_arrival_nonempty_packet_frac.response = 0
stat.pool.101.port.switch.tx_dst.7.ingress_nonempty_arrival_pre_occ_avg_bytes.response = 0
stat.pool.101.port.switch.tx_dst.7.ingress_nonempty_arrival_pre_occ_max_bytes.response = 0
stat.pool.101.port.switch.tx_dst.7.ingress_wait_avg_cycles.response = 0
stat.pool.101.port.switch.tx_dst.7.ingress_queue_wait_avg_cycles.response = 0
stat.pool.101.port.switch.tx_dst.7.ingress_queue_wait_after_nonempty_arrival_avg_cycles.response = 0
stat.pool.101.port.switch.tstat.pool.100.port.switch.peer_dst.100.ingress_queue_wait_bucket.write_req.4096_plus = 0
stat.pool.100.port.switch.peer_dst.100.rx_bytes.other_req = 640
stat.pool.100.port.switch.peer_dst.100.rx_pkts.other_req = 80
stat.pool.100.port.switch.peer_dst.100.tx_bytes.other_req = 0
stat.pool.100.port.switch.peer_dst.100.tx_pkts.other_req = 0
stat.pool.100.port.switch.peer_dst.100.ingress_arrivals.other_req = 80
stat.pool.100.port.switch.peer_dst.100.ingress_arrival_nonempty_packet_frac.other_req = 0.9375
stat.pool.100.port.switch.peer_dst.100.ingress_nonempty_arrival_pre_occ_avg_bytes.other_req = 137.173
stat.pool.100.port.switch.peer_dst.100.ingress_nonempty_arrival_pre_occ_max_bytes.other_req = 304
stat.pool.100.port.switch.peer_dst.100.ingress_wait_avg_cycles.other_req = 127.95
stat.pool.100.port.switch.peer_dst.100.ingress_queue_wait_avg_cycles.other_req = 3.95
stat.pool.100.port.switch.peer_dst.100.ingress_queue_wait_after_nonempty_arrival_avg_cycles.other_req = 4.21333
stat.pool.100.port.switch.peer_dst.100.ingress_pre_occ_bucket.other_req.0 = 5
stat.pool.100.port.switch.peer_dst.100.ingress_queue_wait_bucket.other_req.0 = 67
stat.pool.100.port.switch.peer_dst.100.ingress_pre_occ_bucket.other_req.1_64 = 22
stat.pool.100.port.switch.peer_dst.100.ingress_queue_wait_bucket.other_req.1_63 = 13
stat.pool.100.port.switch.peer_dst.100.ingress_pre_occ_bucket.other_req.65_256 = 37
stat.pool.100.port.switch.peer_dst.100.ingress_queue_wait_bucket.other_req.64_255 = 0
stat.pool.100.port.switch.peer_dst.100.ingress_pre_occ_bucket.other_req.257_1024 = 16
stat.pool.100.port.switch.peer_dst.100.ingress_queue_wait_bucket.other_req.256_1023 = 0
stat.pool.100.port.switch.peer_dst.100.ingress_pre_occ_bucket.other_req.1025_4096 = 0
stat.pool.100.port.switch.peer_dst.100.ingress_queue_wait_bucket.other_req.1024_4095 = 0
stat.pool.100.port.switch.peer_dst.100.ingress_pre_occ_bucket.other_req.4097_plus = 0
stat.pool.100.port.switch.peer_dst.100.ingress_queue_wait_bucket.other_req.4096_plus = 0
stat.pool.100.port.switch.tx_src.100.rx_bytes.response = 0
stat.pool.100.port.switch.tx_src.100.rx_pkts.response = 0
stat.pool.100.port.switch.tx_src.100.tx_bytes.response = 5364736
stat.pool.100.port.switch.tx_src.100.tx_pkts.response = 83824
stat.pool.100.port.switch.tx_src.100.ingress_arrivals.response = 0
stat.pool.100.port.switch.tx_src.100.ingress_arrival_nonempty_packet_frac.response = 0
stat.pool.100.port.switch.tx_src.100.ingress_nonempty_arrival_pre_occ_avg_bytes.response = 0
stat.pool.100.port.switch.tx_src.100.ingress_nonempty_arrival_pre_occ_max_bytes.response = 0
stat.pool.100.port.switch.tx_src.100.ingress_wait_avg_cycles.response = 0
stat.pool.100.port.switch.tx_src.100.ingress_queue_wait_avg_cycles.response = 0
stat.pool.100.port.switch.tx_src.100.ingress_queue_wait_after_nonempty_arrival_avg_cycles.response = 0
stat.pool.100.port.switch.tx_src.100.ingress_pre_occ_bucket.response.0 = 0
stat.pool.100.port.switch.tx_src.100.ingress_queue_wait_bucket.response.0 = 0
stat.pool.100.port.switch.tx_src.100.ingress_pre_occ_bucket.response.1_64 = 0
stat.pool.100.port.switch.tx_src.100.ingress_queue_wait_bucket.response.1_63 = 0
stat.pool.100.port.switch.tx_src.100.ingress_pre_occ_bucket.response.65_256 = 0
stat.pool.100.port.switch.tx_src.100.ingress_queue_wait_bucket.response.64_255 = 0
stat.pool.100.port.switch.tx_src.100.ingress_pre_occ_bucket.response.257_1024 = 0
stat.pool.100.port.switch.tx_src.100.ingress_queue_wait_bucket.response.256_1023 = 0
stat.pool.100.port.switch.tx_src.100.ingress_pre_occ_bucket.response.1025_4096 = 0
stat.pool.100.port.switch.tx_src.100.ingress_queue_wait_bucket.response.1024_4095 = 0
stat.pool.100.port.switch.tx_src.100.ingress_pre_occ_bucket.response.4097_plus = 0
stat.pool.100.port.switch.tx_src.100.ingress_queue_wait_bucket.response.4096_plus = 0
stat.pool.100.port.switch.tx_dst.0.rx_bytes.response = 0
stat.pool.100.port.switch.tx_dst.0.rx_pkts.response = 0
stat.pool.100.port.switch.tx_dst.0.tx_bytes.response = 1341184
stat.pool.100.port.switch.tx_dst.0.tx_pkts.response = 20956
stat.pool.100.port.switch.tx_dst.0.ingress_arrivals.response = 0
stat.pool.100.port.switch.tx_dst.0.ingress_arrival_nonempty_packet_frac.response = 0
stat.pool.100.port.switch.tx_dst.0.ingress_nonempty_arrival_pre_occ_avg_bytes.response = 0
stat.pool.100.port.switch.tx_dst.0.ingress_nonempty_arrival_pre_occ_max_bytes.response = 0
stat.pool.100.port.switch.tx_dst.0.ingress_wait_avg_cycles.response = 0
stat.pool.100.port.switch.tx_dst.0.ingress_queue_wait_avg_cycles.response = 0
stat.pool.100.port.switch.tx_dst.0.ingress_queue_wait_after_nonempty_arrival_avg_cycles.response = 0
stat.pool.100.port.switch.tx_dst.0.ingress_pre_occ_bucket.response.0 = 0
stat.pool.100.port.switch.tx_dst.0.ingress_queue_wait_bucket.response.0 = 0
stat.pool.100.port.switch.tx_dst.0.ingress_pre_occ_bucket.response.1_64 = 0
stat.pool.100.port.switch.tx_dst.0.ingress_queue_wait_bucket.response.1_63 = 0
stat.pool.100.port.switch.tx_dst.0.ingress_pre_occ_bucket.response.65_256 = 0
stat.pool.100.port.switch.tx_dst.0.ingress_queue_wait_bucket.response.64_255 = 0
stat.pool.100.port.switch.tx_dst.0.ingress_pre_occ_bucket.response.257_1024 = 0
stat.pool.100.port.switch.tx_dst.0.ingress_queue_wait_bucket.response.256_1023 = 0
stat.pool.100.port.switch.tx_dst.0.ingress_pre_occ_bucket.response.1025_4096 = 0
stat.pool.100.port.switch.tx_dst.0.ingress_queue_wait_bucket.response.1024_4095 = 0
stat.pool.100.port.switch.tx_dst.0.ingress_pre_occ_bucket.response.4097_plus = 0
stat.pool.100.port.switch.tx_dst.0.ingress_queue_wait_bucket.response.4096_plus = 0
stat.pool.100.port.switch.tx_dst.2.rx_bytes.response = 0
stat.pool.100.port.switch.tx_dst.2.rx_pkts.response = 0
stat.pool.100.port.switch.tx_dst.2.tx_bytes.response = 1341184
stat.pool.100.port.switch.tx_dst.2.tx_pkts.response = 20956
stat.pool.100.port.switch.tx_dst.2.ingress_arrivals.response = 0
stat.pool.100.port.switch.tx_dst.2.ingress_arrival_nonempty_packet_frac.response = 0
stat.pool.100.port.switch.tx_dst.2.ingress_nonempty_arrival_pre_occ_avg_bytes.response = 0
stat.pool.100.port.switch.tx_dst.2.ingress_nonempty_arrival_pre_occ_max_bytes.response = 0
stat.pool.100.port.switch.tx_dst.2.ingress_wait_avg_cycles.response = 0
stat.pool.100.port.switch.tx_dst.2.ingress_queue_wait_avg_cycles.response = 0
stat.pool.100.port.switch.tx_dst.2.ingress_queue_wait_after_nonempty_arrival_avg_cycles.response = 0
stat.pool.100.port.switch.tx_dst.2.ingress_pre_occ_bucket.response.0 = 0
stat.pool.100.port.switch.tx_dst.2.ingress_queue_wait_bucket.response.0 = 0
stat.pool.100.port.switch.tx_dst.2.ingress_pre_occ_bucket.response.1_64 = 0
x_dst.7.ingress_pre_occ_bucket.response.0 = 0
stat.pool.101.port.switch.tx_dst.7.ingress_queue_wait_bucket.response.0 = 0
stat.pool.101.port.switch.tx_dst.7.ingress_pre_occ_bucket.response.1_64 = 0
stat.pool.101.port.switch.tx_dst.7.ingress_queue_wait_bucket.response.1_63 = 0
stat.pool.101.port.switch.tx_dst.7.ingress_pre_occ_bucket.response.65_256 = 0
stat.pool.101.port.switch.tx_dst.7.ingress_queue_wait_bucket.response.64_255 = 0
stat.pool.101.port.switch.tx_dst.7.ingress_pre_occ_bucket.response.257_1024 = 0
stat.pool.101.port.switch.tx_dst.7.ingress_queue_wait_bucket.response.256_1023 = 0
stat.pool.101.port.switch.tx_dst.7.ingress_pre_occ_bucket.response.1025_4096 = 0
stat.pool.101.port.switch.tx_dst.7.ingress_queue_wait_bucket.response.1024_4095 = 0
stat.pool.101.port.switch.tx_dst.7.ingress_pre_occ_bucket.response.4097_plus = 0
stat.pool.101.port.switch.tx_dst.7.ingress_queue_wait_bucket.response.4096_plus = 0
stat.pool.101.walltime_s = 109.205
stat.pool.101.active_time_s = 4.76708
stat.pool.100.port.switch.tx_dst.2.ingress_queue_wait_bucket.response.1_63 = 0
stat.pool.100.port.switch.tx_dst.2.ingress_pre_occ_bucket.response.65_256 = 0
stat.pool.100.port.switch.tx_dst.2.ingress_queue_wait_bucket.response.64_255 = 0
stat.pool.100.port.switch.tx_dst.2.ingress_pre_occ_bucket.response.257_1024 = 0
stat.pool.100.port.switch.tx_dst.2.ingress_queue_wait_bucket.response.256_1023 = 0
stat.pool.100.port.switch.tx_dst.2.ingress_pre_occ_bucket.response.1025_4096 = 0
stat.pool.100.port.switch.tx_dst.2.ingress_queue_wait_bucket.response.1024_4095 = 0
stat.pool.100.port.switch.tx_dst.2.ingress_pre_occ_bucket.response.4097_plus = 0
stat.pool.100.port.switch.tx_dst.2.ingress_queue_wait_bucket.response.4096_plus = 0
stat.pool.100.port.switch.tx_dst.4.rx_bytes.response = 0
stat.pool.100.port.switch.tx_dst.4.rx_pkts.response = 0
stat.pool.100.port.switch.tx_dst.4.tx_bytes.response = 1341184
stat.pool.100.port.switch.tx_dst.4.tx_pkts.response = 20956
stat.pool.100.port.switch.tx_dst.4.ingress_arrivals.response = 0
stat.pool.100.port.switch.tx_dst.4.ingress_arrival_nonempty_packet_frac.response = 0
stat.pool.100.port.switch.tx_dst.4.ingress_nonempty_arrival_pre_occ_avg_bytes.response = 0
stat.pool.100.port.switch.tx_dst.4.ingress_nonempty_arrival_pre_occ_max_bytes.response = 0
stat.pool.100.port.switch.tx_dst.4.ingress_wait_avg_cycles.response = 0
stat.pool.100.port.switch.tx_dst.4.ingress_queue_wait_avg_cycles.response = 0
stat.pool.100.port.switch.tx_dst.4.ingress_queue_wait_after_nonempty_arrival_avg_cycles.response = 0
stat.pool.100.port.switch.tx_dst.4.ingress_pre_occ_bucket.response.0 = 0
stat.pool.100.port.switch.tx_dst.4.ingress_queue_wait_bucket.response.0 = 0
stat.pool.100.port.switch.tx_dst.4.ingress_pre_occ_bucket.response.1_64 = 0
stat.pool.100.port.switch.tx_dst.4.ingress_queue_wait_bucket.response.1_63 = 0
stat.pool.100.port.switch.tx_dst.4.ingress_pre_occ_bucket.response.65_256 = 0
stat.pool.100.port.switch.tx_dst.4.ingress_queue_wait_bucket.response.64_255 = 0
stat.pool.100.port.switch.tx_dst.4.ingress_pre_occ_bucket.response.257_1024 = 0
stat.pool.100.port.switch.tx_dst.4.ingress_queue_wait_bucket.response.256_1023 = 0
stat.pool.100.port.switch.tx_dst.4.ingress_pre_occ_bucket.response.1025_4096 = 0
stat.pool.100.port.switch.tx_dst.4.ingress_queue_wait_bucket.response.1024_4095 = 0
stat.pool.100.port.switch.tx_dst.4.ingress_pre_occ_bucket.response.4097_plus = 0
stat.pool.100.port.switch.tx_dst.4.ingress_queue_wait_bucket.response.4096_plus = 0
stat.pool.100.port.switch.tx_dst.6.rx_bytes.response = 0
stat.pool.100.port.switch.tx_dst.6.rx_pkts.response = 0
stat.pool.100.port.switch.tx_dst.6.tx_bytes.response = 1341184
stat.pool.100.port.switch.tx_dst.6.tx_pkts.response = 20956
stat.pool.100.port.switch.tx_dst.6.ingress_arrivals.response = 0
stat.pool.100.port.switch.tx_dst.6.ingress_arrival_nonempty_packet_frac.response = 0
stat.pool.100.port.switch.tx_dst.6.ingress_nonempty_arrival_pre_occ_avg_bytes.response = 0
stat.pool.100.port.switch.tx_dst.6.ingress_nonempty_arrival_pre_occ_max_bytes.response = 0
stat.pool.100.port.switch.tx_dst.6.ingress_wait_avg_cycles.response = 0
stat.pool.100.port.switch.tx_dst.6.ingress_queue_wait_avg_cycles.response = 0
stat.pool.100.port.switch.tx_dst.6.ingress_queue_wait_after_nonempty_arrival_avg_cycles.response = 0
stat.pool.100.port.switch.tx_dst.6.ingress_pre_occ_bucket.response.0 = 0
stat.pool.100.port.switch.tx_dst.6.ingress_queue_wait_bucket.response.0 = 0
stat.pool.100.port.switch.tx_dst.6.ingress_pre_occ_bucket.response.1_64 = 0
stat.pool.100.port.switch.tx_dst.6.ingress_queue_wait_bucket.response.1_63 = 0
stat.pool.100.port.switch.tx_dst.6.ingress_pre_occ_bucket.response.65_256 = 0
stat.pool.100.port.switch.tx_dst.6.ingress_queue_wait_bucket.response.64_255 = 0
stat.pool.100.port.switch.tx_dst.6.ingress_pre_occ_bucket.response.257_1024 = 0
stat.pool.100.port.switch.tx_dst.6.ingress_queue_wait_bucket.response.256_1023 = 0
stat.pool.100.port.switch.tx_dst.6.ingress_pre_occ_bucket.response.1025_4096 = 0
stat.pool.100.port.switch.tx_dst.6.ingress_queue_wait_bucket.response.1024_4095 = 0
stat.pool.100.port.switch.tx_dst.6.ingress_pre_occ_bucket.response.4097_plus = 0
stat.pool.100.port.switch.tx_dst.6.ingress_queue_wait_bucket.response.4096_plus = 0
stat.pool.100.walltime_s = 109.205
stat.pool.100.active_time_s = 4.09636
stat.switch.replicated_messages = 84316
stat.switch.util.node_ingress_avg = 0.0424892
stat.switch.util.pool_ingress_avg = 0.451451
stat.switch.fabric.node_ingress_wait_avg_cycles = 129.094
stat.switch.fabric.node_egress_wait_avg_cycles = 1
stat.switch.fabric.pool_ingress_wait_avg_cycles = 172.505
stat.switch.fabric.pool_egress_wait_avg_cycles = 1
stat.switch.fabric.node_ingress_queue_wait_avg_cycles = 0.874026
stat.switch.fabric.pool_ingress_queue_wait_avg_cycles = 27.5053
stat.switch.fabric.node_ready_wait_avg_cycles = 0
stat.switch.fabric.pool_ready_wait_avg_cycles = 0
stat.switch.fabric.node_ingress_wait_max_cycles = 158
stat.switch.fabric.node_egress_wait_max_cycles = 1
stat.switch.fabric.pool_ingress_wait_max_cycles = 1088
stat.switch.fabric.pool_egress_wait_max_cycles = 1
stat.switch.fabric.node_ingress_queue_wait_max_cycles = 33
stat.switch.fabric.pool_ingress_queue_wait_max_cycles = 943
stat.switch.fabric.node_ready_wait_max_cycles = 0
stat.switch.fabric.pool_ready_wait_max_cycles = 0
stat.switch.fabric.node_ingress_occ_bytes = 128
stat.switch.fabric.pool_ingress_occ_bytes = 0
stat.switch.fabric.node_ready_occ_avg_pkts = 0.00564977
stat.switch.fabric.pool_ready_occ_avg_pkts = 0.0180581
stat.switch.fabric.node_ready_occ_pkts = 0
stat.switch.fabric.pool_ready_occ_pkts = 0
stat.switch.fabric.node_ready_occ_max_pkts = 1
stat.switch.fabric.pool_ready_occ_max_pkts = 1
stat.switch.fabric.node_ready_retry_count = 0
stat.switch.fabric.pool_ready_retry_count = 0
stat.switch.fabric.node_ingress_arrival_burst_max_pkts = 2
stat.switch.fabric.node_ingress_arrival_burst_max_bytes = 72
stat.switch.fabric.node_ingress_arrival_burst_avg_pkts = 1.00124
stat.switch.fabric.node_ingress_arrival_burst_avg_bytes = 19.2768
stat.switch.fabric.node_ingress_arrival_burst_stddev_pkts = 0.0351083
stat.switch.fabric.node_ingress_arrival_burst_stddev_bytes = 22.4716
stat.switch.fabric.node_ingress_arrival_nonempty_frac = 0.00564282
stat.switch.fabric.node_ingress_arrival_run_max_cycles = 6
stat.switch.fabric.node_ingress_arrival_run_avg_cycles = 1.04765
stat.switch.fabric.node_ingress_arrival_run_stddev_cycles = 0.231027
stat.switch.fabric.node_ingress_arrival_gap_max_cycles = 1092
stat.switch.fabric.node_ingress_arrival_gap_avg_cycles = 164.349
stat.switch.fabric.node_ingress_arrival_gap_stddev_cycles = 255.641
stat.switch.fabric.node_ingress_release_burst_max_pkts = 1
stat.switch.fabric.node_ingress_release_burst_max_bytes = 64
stat.switch.fabric.node_ingress_release_burst_avg_pkts = 1
stat.switch.fabric.node_ingress_release_burst_avg_bytes = 19.2525
stat.switch.fabric.node_ingress_release_burst_stddev_pkts = 0
stat.switch.fabric.node_ingress_release_burst_stddev_bytes = 22.4393
stat.switch.fabric.node_ingress_release_nonempty_frac = 0.00564977
stat.switch.fabric.node_ingress_release_run_max_cycles = 1
stat.switch.fabric.node_ingress_release_run_avg_cycles = 1
stat.switch.fabric.node_ingress_release_run_stddev_cycles = 0
stat.switch.fabric.node_ingress_release_gap_max_cycles = 1092
stat.switch.fabric.node_ingress_release_gap_avg_cycles = 156.687
stat.switch.fabric.node_ingress_release_gap_stddev_cycles = 257.132
stat.switch.fabric.pool_ingress_arrival_burst_max_pkts = 2
stat.switch.fabric.pool_ingress_arrival_burst_max_bytes = 128
stat.switch.fabric.pool_ingress_arrival_burst_avg_pkts = 1.00004
stat.switch.fabric.pool_ingress_arrival_burst_avg_bytes = 64.0023
stat.switch.fabric.pool_ingress_arrival_burst_stddev_pkts = 0.00598241
stat.switch.fabric.pool_ingress_arrival_burst_stddev_bytes = 0.382874
stat.switch.fabric.pool_ingress_arrival_nonempty_frac = 0.0180574
stat.switch.fabric.pool_ingress_arrival_run_max_cycles = 2
stat.switch.fabric.pool_ingress_arrival_run_avg_cycles = 1.0001
stat.switch.fabric.pool_ingress_arrival_run_stddev_cycles = 0.00976942
stat.switch.fabric.pool_ingress_arrival_gap_max_cycles = 995
stat.switch.fabric.pool_ingress_arrival_gap_avg_cycles = 48.3352
stat.switch.fabric.pool_ingress_arrival_gap_stddev_cycles = 62.6359
stat.switch.fabric.pool_ingress_release_burst_max_pkts = 1
stat.switch.fabric.pool_ingress_release_burst_max_bytes = 64
stat.switch.fabric.pool_ingress_release_burst_avg_pkts = 1
stat.switch.fabric.pool_ingress_release_burst_avg_bytes = 64
stat.switch.fabric.pool_ingress_release_burst_stddev_pkts = 0
stat.switch.fabric.pool_ingress_release_burst_stddev_bytes = 0
stat.switch.fabric.pool_ingress_release_nonempty_frac = 0.0180581
stat.switch.fabric.pool_ingress_release_run_max_cycles = 1
stat.switch.fabric.pool_ingress_release_run_avg_cycles = 1
stat.switch.fabric.pool_ingress_release_run_stddev_cycles = 0
stat.switch.fabric.pool_ingress_release_gap_max_cycles = 458
stat.switch.fabric.pool_ingress_release_gap_avg_cycles = 48.3308
stat.switch.fabric.pool_ingress_release_gap_stddev_cycles = 46.2893
stat.switch.fabric.node_ingress_occ_avg_bytes = 14.9536
stat.switch.fabric.node_ingress_occ_stddev_bytes = 33.7894
stat.switch.fabric.node_ingress_occ_max_bytes = 336
stat.switch.fabric.node_ingress_occ_nonempty_frac = 0.275337
stat.switch.fabric.node_ingress_occ_run_max_cycles = 589
stat.switch.fabric.node_ingress_occ_run_avg_cycles = 220.78
stat.switch.fabric.node_ingress_occ_run_stddev_cycles = 60.9977
stat.switch.fabric.node_ingress_occ_gap_max_cycles = 970
stat.switch.fabric.node_ingress_occ_gap_avg_cycles = 493.634
stat.switch.fabric.node_ingress_occ_gap_stddev_cycles = 116.588
stat.switch.fabric.pool_ingress_occ_avg_bytes = 198.211
stat.switch.fabric.pool_ingress_occ_stddev_bytes = 158.583
stat.switch.fabric.pool_ingress_occ_max_bytes = 2816
stat.switch.fabric.pool_ingress_occ_nonempty_frac = 0.845463
stat.switch.fabric.pool_ingress_occ_run_max_cycles = 9490
stat.switch.fabric.pool_ingress_occ_run_avg_cycles = 694.491
stat.switch.fabric.pool_ingress_occ_run_stddev_cycles = 892.889
stat.switch.fabric.pool_ingress_occ_gap_max_cycles = 315
stat.switch.fabric.pool_ingress_occ_gap_avg_cycles = 37.2819
stat.switch.fabric.pool_ingress_occ_gap_stddev_cycles = 34.8147
stat.switch.route.blocked_to_node = 0
stat.switch.route.blocked_to_pool = 0
stat.switch.route.blocked_replicated_write = 0
stat.switch.route.send_fail_to_node = 0
stat.switch.route.send_fail_to_pool = 0
stat.switch.route.attempt_to_node.demand_req = 0
stat.switch.route.attempt_to_pool.demand_req = 167488
stat.switch.route.blocked_to_node.demand_req = 0
stat.switch.route.blocked_to_pool.demand_req = 0
stat.switch.route.send_fail_to_node.demand_req = 0
stat.switch.route.send_fail_to_pool.demand_req = 0
stat.switch.route.replicated_clones.demand_req = 0
stat.switch.fabric.node_rx_bytes.demand_req = 1339904
stat.switch.fabric.node_tx_bytes.demand_req = 0
stat.switch.fabric.pool_rx_bytes.demand_req = 0
stat.switch.fabric.pool_tx_bytes.demand_req = 1339904
stat.switch.fabric.node_rx_pkts.demand_req = 167488
stat.switch.fabric.node_tx_pkts.demand_req = 0
stat.switch.fabric.pool_rx_pkts.demand_req = 0
stat.switch.fabric.pool_tx_pkts.demand_req = 167488
stat.switch.route.attempt_to_node.write_req = 0
stat.switch.route.attempt_to_pool.write_req = 84316
stat.switch.route.blocked_to_node.write_req = 0
stat.switch.route.blocked_to_pool.write_req = 0
stat.switch.route.send_fail_to_node.write_req = 0
stat.switch.route.send_fail_to_pool.write_req = 0
stat.switch.route.replicated_clones.write_req = 84316
stat.switch.fabric.node_rx_bytes.write_req = 2698240
stat.switch.fabric.node_tx_bytes.write_req = 0
stat.switch.fabric.pool_rx_bytes.write_req = 0
stat.switch.fabric.pool_tx_bytes.write_req = 5396224
stat.switch.fabric.node_rx_pkts.write_req = 42160
stat.switch.fabric.node_tx_pkts.write_req = 0
stat.switch.fabric.pool_rx_pkts.write_req = 0
stat.switch.fabric.pool_tx_pkts.write_req = 84316
stat.switch.route.attempt_to_node.response = 167648
stat.switch.route.attempt_to_pool.response = 0
stat.switch.route.blocked_to_node.response = 0
stat.switch.route.blocked_to_pool.response = 0
stat.switch.route.send_fail_to_node.response = 0
stat.switch.route.send_fail_to_pool.response = 0
stat.switch.route.replicated_clones.response = 0
stat.switch.fabric.node_rx_bytes.response = 0
stat.switch.fabric.node_tx_bytes.response = 10729472
stat.switch.fabric.pool_rx_bytes.response = 10729472
stat.switch.fabric.pool_tx_bytes.response = 0
stat.switch.fabric.node_rx_pkts.response = 0
stat.switch.fabric.node_tx_pkts.response = 167648
stat.switch.fabric.pool_rx_pkts.response = 167648
stat.switch.fabric.pool_tx_pkts.response = 0
stat.switch.route.attempt_to_node.other_req = 0
stat.switch.route.attempt_to_pool.other_req = 160
stat.switch.route.blocked_to_node.other_req = 0
stat.switch.route.blocked_to_pool.other_req = 0
stat.switch.route.send_fail_to_node.other_req = 0
stat.switch.route.send_fail_to_pool.other_req = 0
stat.switch.route.replicated_clones.other_req = 0
stat.switch.fabric.node_rx_bytes.other_req = 1280
stat.switch.fabric.node_tx_bytes.other_req = 0
stat.switch.fabric.pool_rx_bytes.other_req = 0
stat.switch.fabric.pool_tx_bytes.other_req = 1280
stat.switch.fabric.node_rx_pkts.other_req = 160
stat.switch.fabric.node_tx_pkts.other_req = 0
stat.switch.fabric.pool_rx_pkts.other_req = 0
stat.switch.fabric.pool_tx_pkts.other_req = 160
stat.switch.bw.host_to_switch_gbps = 2.08849
stat.switch.bw.switch_to_host_gbps = 5.54743
stat.switch.bw.host_link_total_gbps = 7.63593
stat.switch.port.node.0.ingress_wait_avg_cycles = 129.091
stat.switch.port.node.0.ingress_wait_max_cycles = 158
stat.switch.port.node.0.egress_wait_avg_cycles = 1
stat.switch.port.node.0.egress_wait_max_cycles = 1
stat.switch.port.node.0.ingress_queue_wait_avg_cycles = 0.871387
stat.switch.port.node.0.ingress_queue_wait_max_cycles = 33
stat.switch.port.node.0.egress_occ_avg_bytes = 0
stat.switch.port.node.0.egress_occ_stddev_bytes = 0
stat.switch.port.node.0.egress_occ_max_bytes = 0
stat.switch.port.node.0.egress_occ_nonempty_frac = 0
stat.switch.port.node.0.egress_blocked_cycles = 0
stat.switch.port.node.0.egress_blocked_nonempty_frac = 0
stat.switch.port.node.0.egress_blocked_avg_occ_bytes = 0
stat.switch.port.node.0.egress_blocked_max_occ_bytes = 0
stat.switch.port.node.0.egress_send_burst_max_pkts = 1
stat.switch.port.node.0.egress_send_burst_max_bytes = 64
stat.switch.port.node.0.egress_send_burst_avg_pkts = 1
stat.switch.port.node.0.egress_send_burst_avg_bytes = 64
stat.switch.port.node.0.egress_send_burst_stddev_pkts = 0
stat.switch.port.node.0.egress_send_burst_stddev_bytes = 0
stat.switch.port.node.0.egress_send_nonempty_frac = 0.00451451
stat.switch.port.node.0.ingress_arrival_burst_avg_bytes = 19.2743
stat.switch.port.node.0.ingress_arrival_nonempty_frac = 0.00564357
stat.switch.port.node.0.ingress_arrival_run_max_cycles = 6
stat.switch.port.node.0.ingress_arrival_run_avg_cycles = 1.04838
stat.switch.port.node.0.ingress_arrival_gap_max_cycles = 943
stat.switch.port.node.0.ingress_arrival_gap_avg_cycles = 164.425
stat.switch.port.node.0.ingress_release_burst_avg_bytes = 19.253
stat.switch.port.node.0.ingress_release_nonempty_frac = 0.00564982
stat.switch.port.node.0.ingress_release_run_max_cycles = 1
stat.switch.port.node.0.ingress_release_run_avg_cycles = 1
stat.switch.port.node.0.ingress_release_gap_max_cycles = 943
stat.switch.port.node.0.ingress_release_gap_avg_cycles = 156.685
stat.switch.port.node.0.ingress_occ_avg_bytes = 14.9541
stat.switch.port.node.0.ingress_occ_stddev_bytes = 33.8048
stat.switch.port.node.0.ingress_occ_max_bytes = 336
stat.switch.port.node.0.ingress_occ_nonempty_frac = 0.274784
stat.switch.port.node.0.ingress_occ_run_max_cycles = 589
stat.switch.port.node.0.ingress_occ_run_avg_cycles = 221.1
stat.switch.port.node.0.ingress_occ_gap_max_cycles = 821
stat.switch.port.node.0.ingress_occ_gap_avg_cycles = 495.763
stat.switch.port.node.0.ingress_wait_avg_cycles.demand_req = 125.054
stat.switch.port.node.0.ingress_wait_max_cycles.demand_req = 157
stat.switch.port.node.0.ingress_queue_wait_avg_cycles.demand_req = 1.05364
stat.switch.port.node.0.ingress_queue_wait_max_cycles.demand_req = 33
stat.switch.port.node.0.egress_wait_avg_cycles.demand_req = 0
stat.switch.port.node.0.egress_wait_max_cycles.demand_req = 0
stat.switch.port.node.0.egress_occ_avg_bytes.demand_req = 0
stat.switch.port.node.0.egress_occ_max_bytes.demand_req = 0
stat.switch.port.node.0.egress_blocked_cycles.demand_req = 0
stat.switch.port.node.0.ingress_arrival_empty_packets.demand_req = 2578
stat.switch.port.node.0.ingress_arrival_nonempty_packets.demand_req = 18358
stat.switch.port.node.0.ingress_arrival_nonempty_packet_frac.demand_req = 0.876863
stat.switch.port.node.0.ingress_nonempty_arrival_pre_occ_avg_bytes.demand_req = 65.6773
stat.switch.port.node.0.ingress_nonempty_arrival_pre_occ_max_bytes.demand_req = 288
stat.switch.port.node.0.ingress_release_after_empty_arrival_packets.demand_req = 2578
stat.switch.port.node.0.ingress_release_after_nonempty_arrival_packets.demand_req = 18358
stat.switch.port.node.0.ingress_wait_after_empty_arrival_avg_cycles.demand_req = 124
stat.switch.port.node.0.ingress_wait_after_nonempty_arrival_avg_cycles.demand_req = 125.202
stat.switch.port.node.0.ingress_queue_wait_after_empty_arrival_avg_cycles.demand_req = 0
stat.switch.port.node.0.ingress_queue_wait_after_nonempty_arrival_avg_cycles.demand_req = 1.2016
stat.switch.port.node.0.ingress_queue_wait_after_empty_arrival_max_cycles.demand_req = 0
stat.switch.port.node.0.ingress_queue_wait_after_nonempty_arrival_max_cycles.demand_req = 33
stat.switch.port.node.0.rx_bytes.demand_req = 167488
stat.switch.port.node.0.tx_bytes.demand_req = 0
stat.switch.port.node.0.rx_pkts.demand_req = 20936
stat.switch.port.node.0.tx_pkts.demand_req = 0
stat.switch.port.node.0.ingress_wait_avg_cycles.write_req = 145.149
stat.switch.port.node.0.ingress_wait_max_cycles.write_req = 158
stat.switch.port.node.0.ingress_queue_wait_avg_cycles.write_req = 0.148577
stat.switch.port.node.0.ingress_queue_wait_max_cycles.write_req = 13
stat.switch.port.node.0.egress_wait_avg_cycles.write_req = 0
stat.switch.port.node.0.egress_wait_max_cycles.write_req = 0
stat.switch.port.node.0.egress_occ_avg_bytes.write_req = 0
stat.switch.port.node.0.egress_occ_max_bytes.write_req = 0
stat.switch.port.node.0.egress_blocked_cycles.write_req = 0
stat.switch.port.node.0.ingress_arrival_empty_packets.write_req = 3189
stat.switch.port.node.0.ingress_arrival_nonempty_packets.write_req = 2081
stat.switch.port.node.0.ingress_arrival_nonempty_packet_frac.write_req = 0.394877
stat.switch.port.node.0.ingress_nonempty_arrival_pre_occ_avg_bytes.write_req = 72.2806
stat.switch.port.node.0.ingress_nonempty_arrival_pre_occ_max_bytes.write_req = 272
stat.switch.port.node.0.ingress_release_after_empty_arrival_packets.write_req = 3189
stat.switch.port.node.0.ingress_release_after_nonempty_arrival_packets.write_req = 2081
stat.switch.port.node.0.ingress_wait_after_empty_arrival_avg_cycles.write_req = 145
stat.switch.port.node.0.ingress_wait_after_nonempty_arrival_avg_cycles.write_req = 145.376
stat.switch.port.node.0.ingress_queue_wait_after_empty_arrival_avg_cycles.write_req = 0
stat.switch.port.node.0.ingress_queue_wait_after_nonempty_arrival_avg_cycles.write_req = 0.376261
stat.switch.port.node.0.ingress_queue_wait_after_empty_arrival_max_cycles.write_req = 0
stat.switch.port.node.0.ingress_queue_wait_after_nonempty_arrival_max_cycles.write_req = 13
stat.switch.port.node.0.rx_bytes.write_req = 337280
stat.switch.port.node.0.tx_bytes.write_req = 0
stat.switch.port.node.0.rx_pkts.write_req = 5270
stat.switch.port.node.0.tx_pkts.write_req = 0
stat.switch.port.node.0.ingress_wait_avg_cycles.response = 0
stat.switch.port.node.0.ingress_wait_max_cycles.response = 0
stat.switch.port.node.0.ingress_queue_wait_avg_cycles.response = 0
stat.switch.port.node.0.ingress_queue_wait_max_cycles.response = 0
stat.switch.port.node.0.egress_wait_avg_cycles.response = 1
stat.switch.port.node.0.egress_wait_max_cycles.response = 1
stat.switch.port.node.0.egress_occ_avg_bytes.response = 0
stat.switch.port.node.0.egress_occ_max_bytes.response = 0
stat.switch.port.node.0.egress_blocked_cycles.response = 0
stat.switch.port.node.0.ingress_arrival_empty_packets.response = 0
stat.switch.port.node.0.ingress_arrival_nonempty_packets.response = 0
stat.switch.port.node.0.ingress_arrival_nonempty_packet_frac.response = 0
stat.switch.port.node.0.ingress_nonempty_arrival_pre_occ_avg_bytes.response = 0
stat.switch.port.node.0.ingress_nonempty_arrival_pre_occ_max_bytes.response = 0
stat.switch.port.node.0.ingress_release_after_empty_arrival_packets.response = 0
stat.switch.port.node.0.ingress_release_after_nonempty_arrival_packets.response = 0
stat.switch.port.node.0.ingress_wait_after_empty_arrival_avg_cycles.response = 0
stat.switch.port.node.0.ingress_wait_after_nonempty_arrival_avg_cycles.response = 0
stat.switch.port.node.0.ingress_queue_wait_after_empty_arrival_avg_cycles.response = 0
stat.switch.port.node.0.ingress_queue_wait_after_nonempty_arrival_avg_cycles.response = 0
stat.switch.port.node.0.ingress_queue_wait_after_empty_arrival_max_cycles.response = 0
stat.switch.port.node.0.ingress_queue_wait_after_nonempty_arrival_max_cycles.response = 0
stat.switch.port.node.0.rx_bytes.response = 0
stat.switch.port.node.0.tx_bytes.response = 1341184
stat.switch.port.node.0.rx_pkts.response = 0
stat.switch.port.node.0.tx_pkts.response = 20956
stat.switch.port.node.0.ingress_wait_avg_cycles.other_req = 124.55
stat.switch.port.node.0.ingress_wait_max_cycles.other_req = 128
stat.switch.port.node.0.ingress_queue_wait_avg_cycles.other_req = 0.55
stat.switch.port.node.0.ingress_queue_wait_max_cycles.other_req = 4
stat.switch.port.node.0.egress_wait_avg_cycles.other_req = 0
stat.switch.port.node.0.egress_wait_max_cycles.other_req = 0
stat.switch.port.node.0.egress_occ_avg_bytes.other_req = 0
stat.switch.port.node.0.egress_occ_max_bytes.other_req = 0
stat.switch.port.node.0.egress_blocked_cycles.other_req = 0
stat.switch.port.node.0.ingress_arrival_empty_packets.other_req = 2
stat.switch.port.node.0.ingress_arrival_nonempty_packets.other_req = 18
stat.switch.port.node.0.ingress_arrival_nonempty_packet_frac.other_req = 0.9
stat.switch.port.node.0.ingress_nonempty_arrival_pre_occ_avg_bytes.other_req = 63.5556
stat.switch.port.node.0.ingress_nonempty_arrival_pre_occ_max_bytes.other_req = 176
stat.switch.port.node.0.ingress_release_after_empty_arrival_packets.other_req = 2
stat.switch.port.node.0.ingress_release_after_nonempty_arrival_packets.other_req = 18
stat.switch.port.node.0.ingress_wait_after_empty_arrival_avg_cycles.other_req = 124
stat.switch.port.node.0.ingress_wait_after_nonempty_arrival_avg_cycles.other_req = 124.611
stat.switch.port.node.0.ingress_queue_wait_after_empty_arrival_avg_cycles.other_req = 0
stat.switch.port.node.0.ingress_queue_wait_after_nonempty_arrival_avg_cycles.other_req = 0.611111
stat.switch.port.node.0.ingress_queue_wait_after_empty_arrival_max_cycles.other_req = 0
stat.switch.port.node.0.ingress_queue_wait_after_nonempty_arrival_max_cycles.other_req = 4
stat.switch.port.node.0.rx_bytes.other_req = 160
stat.switch.port.node.0.tx_bytes.other_req = 0
stat.switch.port.node.0.rx_pkts.other_req = 20
stat.switch.port.node.0.tx_pkts.other_req = 0
stat.switch.port.node.0.ingress_occ_bucket_bytes.0 = 3366393
stat.switch.port.node.0.ready_occ_bucket_bytes.0 = 4615692
stat.switch.port.node.0.ingress_occ_bucket_bytes.1_64 = 880174
stat.switch.port.node.0.ready_occ_bucket_bytes.1_64 = 26226
stat.switch.port.node.0.ingress_occ_bucket_bytes.65_256 = 394064
stat.switch.port.node.0.ready_occ_bucket_bytes.65_256 = 0
stat.switch.port.node.0.ingress_occ_bucket_bytes.257_1024 = 1287
stat.switch.port.node.0.ready_occ_bucket_bytes.257_1024 = 0
stat.switch.port.node.0.ingress_occ_bucket_bytes.1025_4096 = 0
stat.switch.port.node.0.ready_occ_bucket_bytes.1025_4096 = 0
stat.switch.port.node.0.ingress_occ_bucket_bytes.4097_plus = 0
stat.switch.port.node.0.ready_occ_bucket_bytes.4097_plus = 0
stat.switch.port.node.0.ingress_pre_occ_bucket.demand_req.0 = 2578
stat.switch.port.node.0.ingress_queue_wait_bucket.demand_req.0 = 17730
stat.switch.port.node.0.ingress_pre_occ_bucket.demand_req.1_64 = 9672
stat.switch.port.node.0.ingress_queue_wait_bucket.demand_req.1_63 = 3206
stat.switch.port.node.0.ingress_pre_occ_bucket.demand_req.65_256 = 8662
stat.switch.port.node.0.ingress_queue_wait_bucket.demand_req.64_255 = 0
stat.switch.port.node.0.ingress_pre_occ_bucket.demand_req.257_1024 = 24
stat.switch.port.node.0.ingress_queue_wait_bucket.demand_req.256_1023 = 0
stat.switch.port.node.0.ingress_pre_occ_bucket.demand_req.1025_4096 = 0
stat.switch.port.node.0.ingress_queue_wait_bucket.demand_req.1024_4095 = 0
stat.switch.port.node.0.ingress_pre_occ_bucket.demand_req.4097_plus = 0
stat.switch.port.node.0.ingress_queue_wait_bucket.demand_req.4096_plus = 0
stat.switch.port.node.0.ingress_pre_occ_bucket.write_req.0 = 3189
stat.switch.port.node.0.ingress_queue_wait_bucket.write_req.0 = 5072
stat.switch.port.node.0.ingress_pre_occ_bucket.write_req.1_64 = 1368
stat.switch.port.node.0.ingress_queue_wait_bucket.write_req.1_63 = 198
stat.switch.port.node.0.ingress_pre_occ_bucket.write_req.65_256 = 711
stat.switch.port.node.0.ingress_queue_wait_bucket.write_req.64_255 = 0
stat.switch.port.node.0.ingress_pre_occ_bucket.write_req.257_1024 = 2
stat.switch.port.node.0.ingress_queue_wait_bucket.write_req.256_1023 = 0
stat.switch.port.node.0.ingress_pre_occ_bucket.write_req.1025_4096 = 0
stat.switch.port.node.0.ingress_queue_wait_bucket.write_req.1024_4095 = 0
stat.switch.port.node.0.ingress_pre_occ_bucket.write_req.4097_plus = 0
stat.switch.port.node.0.ingress_queue_wait_bucket.write_req.4096_plus = 0
stat.switch.port.node.0.ingress_pre_occ_bucket.response.0 = 0
stat.switch.port.node.0.ingress_queue_wait_bucket.response.0 = 0
stat.switch.port.node.0.ingress_pre_occ_bucket.response.1_64 = 0
stat.switch.port.node.0.ingress_queue_wait_bucket.response.1_63 = 0
stat.switch.port.node.0.ingress_pre_occ_bucket.response.65_256 = 0
stat.switch.port.node.0.ingress_queue_wait_bucket.response.64_255 = 0
stat.switch.port.node.0.ingress_pre_occ_bucket.response.257_1024 = 0
stat.switch.port.node.0.ingress_queue_wait_bucket.response.256_1023 = 0
stat.switch.port.node.0.ingress_pre_occ_bucket.response.1025_4096 = 0
stat.switch.port.node.0.ingress_queue_wait_bucket.response.1024_4095 = 0
stat.switch.port.node.0.ingress_pre_occ_bucket.response.4097_plus = 0
stat.switch.port.node.0.ingress_queue_wait_bucket.response.4096_plus = 0
stat.switch.port.node.0.ingress_pre_occ_bucket.other_req.0 = 2
stat.switch.port.node.0.ingress_queue_wait_bucket.other_req.0 = 14
stat.switch.port.node.0.ingress_pre_occ_bucket.other_req.1_64 = 10
stat.switch.port.node.0.ingress_queue_wait_bucket.other_req.1_63 = 6
stat.switch.port.node.0.ingress_pre_occ_bucket.other_req.65_256 = 8
stat.switch.port.node.0.ingress_queue_wait_bucket.other_req.64_255 = 0
stat.switch.port.node.0.ingress_pre_occ_bucket.other_req.257_1024 = 0
stat.switch.port.node.0.ingress_queue_wait_bucket.other_req.256_1023 = 0
stat.switch.port.node.0.ingress_pre_occ_bucket.other_req.1025_4096 = 0
stat.switch.port.node.0.ingress_queue_wait_bucket.other_req.1024_4095 = 0
stat.switch.port.node.0.ingress_pre_occ_bucket.other_req.4097_plus = 0
stat.switch.port.node.0.ingress_queue_wait_bucket.other_req.4096_plus = 0
stat.switch.port.node.0.peer_src.0.rx_bytes.demand_req = 167488
stat.switch.port.node.0.peer_src.0.rx_pkts.demand_req = 20936
stat.switch.port.node.0.peer_src.0.tx_bytes.demand_req = 0
stat.switch.port.node.0.peer_src.0.tx_pkts.demand_req = 0
stat.switch.port.node.0.peer_src.0.ingress_arrivals.demand_req = 20936
stat.switch.port.node.0.peer_src.0.ingress_arrival_nonempty_packet_frac.demand_req = 0.876863
stat.switch.port.node.0.peer_src.0.ingress_nonempty_arrival_pre_occ_avg_bytes.demand_req = 65.6773
stat.switch.port.node.0.peer_src.0.ingress_nonempty_arrival_pre_occ_max_bytes.demand_req = 288
stat.switch.port.node.0.peer_src.0.ingress_wait_avg_cycles.demand_req = 125.054
stat.switch.port.node.0.peer_src.0.ingress_queue_wait_avg_cycles.demand_req = 1.05364
stat.switch.port.node.0.peer_src.0.ingress_queue_wait_after_nonempty_arrival_avg_cycles.demand_req = 1.2016
stat.switch.port.node.0.peer_src.0.ingress_pre_occ_bucket.demand_req.0 = 2578
stat.switch.port.node.0.peer_src.0.ingress_queue_wait_bucket.demand_req.0 = 17730
stat.switch.port.node.0.peer_src.0.ingress_pre_occ_bucket.demand_req.1_64 = 9672
stat.switch.port.node.0.peer_src.0.ingress_queue_wait_bucket.demand_req.1_63 = 3206
stat.switch.port.node.0.peer_src.0.ingress_pre_occ_bucket.demand_req.65_256 = 8662
stat.switch.port.node.0.peer_src.0.ingress_queue_wait_bucket.demand_req.64_255 = 0
stat.switch.port.node.0.peer_src.0.ingress_pre_occ_bucket.demand_req.257_1024 = 24
stat.switch.port.node.0.peer_src.0.ingress_queue_wait_bucket.demand_req.256_1023 = 0
stat.switch.port.node.0.peer_src.0.ingress_pre_occ_bucket.demand_req.1025_4096 = 0
stat.switch.port.node.0.peer_src.0.ingress_queue_wait_bucket.demand_req.1024_4095 = 0
stat.switch.port.node.0.peer_src.0.ingress_pre_occ_bucket.demand_req.4097_plus = 0
stat.switch.port.node.0.peer_src.0.ingress_queue_wait_bucket.demand_req.4096_plus = 0
stat.switch.port.node.0.peer_src.0.rx_bytes.write_req = 337280
stat.switch.port.node.0.peer_src.0.rx_pkts.write_req = 5270
stat.switch.port.node.0.peer_src.0.tx_bytes.write_req = 0
stat.switch.port.node.0.peer_src.0.tx_pkts.write_req = 0
stat.switch.port.node.0.peer_src.0.ingress_arrivals.write_req = 5270
stat.switch.port.node.0.peer_src.0.ingress_arrival_nonempty_packet_frac.write_req = 0.394877
stat.switch.port.node.0.peer_src.0.ingress_nonempty_arrival_pre_occ_avg_bytes.write_req = 72.2806
stat.switch.port.node.0.peer_src.0.ingress_nonempty_arrival_pre_occ_max_bytes.write_req = 272
stat.switch.port.node.0.peer_src.0.ingress_wait_avg_cycles.write_req = 145.149
stat.switch.port.node.0.peer_src.0.ingress_queue_wait_avg_cycles.write_req = 0.148577
stat.switch.port.node.0.peer_src.0.ingress_queue_wait_after_nonempty_arrival_avg_cycles.write_req = 0.376261
stat.switch.port.node.0.peer_src.0.ingress_pre_occ_bucket.write_req.0 = 3189
stat.switch.port.node.0.peer_src.0.ingress_queue_wait_bucket.write_req.0 = 5072
stat.switch.port.node.0.peer_src.0.ingress_pre_occ_bucket.write_req.1_64 = 1368
stat.switch.port.node.0.peer_src.0.ingress_queue_wait_bucket.write_req.1_63 = 198
stat.switch.port.node.0.peer_src.0.ingress_pre_occ_bucket.write_req.65_256 = 711
stat.switch.port.node.0.peer_src.0.ingress_queue_wait_bucket.write_req.64_255 = 0
stat.switch.port.node.0.peer_src.0.ingress_pre_occ_bucket.write_req.257_1024 = 2
stat.switch.port.node.0.peer_src.0.ingress_queue_wait_bucket.write_req.256_1023 = 0
stat.switch.port.node.0.peer_src.0.ingress_pre_occ_bucket.write_req.1025_4096 = 0
stat.switch.port.node.0.peer_src.0.ingress_queue_wait_bucket.write_req.1024_4095 = 0
stat.switch.port.node.0.peer_src.0.ingress_pre_occ_bucket.write_req.4097_plus = 0
stat.switch.port.node.0.peer_src.0.ingress_queue_wait_bucket.write_req.4096_plus = 0
stat.switch.port.node.0.peer_src.0.rx_bytes.other_req = 160
stat.switch.port.node.0.peer_src.0.rx_pkts.other_req = 20
stat.switch.port.node.0.peer_src.0.tx_bytes.other_req = 0
stat.switch.port.node.0.peer_src.0.tx_pkts.other_req = 0
stat.switch.port.node.0.peer_src.0.ingress_arrivals.other_req = 20
stat.switch.port.node.0.peer_src.0.ingress_arrival_nonempty_packet_frac.other_req = 0.9
stat.switch.port.node.0.peer_src.0.ingress_nonempty_arrival_pre_occ_avg_bytes.other_req = 63.5556
stat.switch.port.node.0.peer_src.0.ingress_nonempty_arrival_pre_occ_max_bytes.other_req = 176
stat.switch.port.node.0.peer_src.0.ingress_wait_avg_cycles.other_req = 124.55
stat.switch.port.node.0.peer_src.0.ingress_queue_wait_avg_cycles.other_req = 0.55
stat.switch.port.node.0.peer_src.0.ingress_queue_wait_after_nonempty_arrival_avg_cycles.other_req = 0.611111
stat.switch.port.node.0.peer_src.0.ingress_pre_occ_bucket.other_req.0 = 2
stat.switch.port.node.0.peer_src.0.ingress_queue_wait_bucket.other_req.0 = 14
stat.switch.port.node.0.peer_src.0.ingress_pre_occ_bucket.other_req.1_64 = 10
stat.switch.port.node.0.peer_src.0.ingress_queue_wait_bucket.other_req.1_63 = 6
stat.switch.port.node.0.peer_src.0.ingress_pre_occ_bucket.other_req.65_256 = 8
stat.switch.port.node.0.peer_src.0.ingress_queue_wait_bucket.other_req.64_255 = 0
stat.switch.port.node.0.peer_src.0.ingress_pre_occ_bucket.other_req.257_1024 = 0
stat.switch.port.node.0.peer_src.0.ingress_queue_wait_bucket.other_req.256_1023 = 0
stat.switch.port.node.0.peer_src.0.ingress_pre_occ_bucket.other_req.1025_4096 = 0
stat.switch.port.node.0.peer_src.0.ingress_queue_wait_bucket.other_req.1024_4095 = 0
stat.switch.port.node.0.peer_src.0.ingress_pre_occ_bucket.other_req.4097_plus = 0
stat.switch.port.node.0.peer_src.0.ingress_queue_wait_bucket.other_req.4096_plus = 0
stat.switch.port.node.0.peer_dst.100.rx_bytes.demand_req = 167488
stat.switch.port.node.0.peer_dst.100.rx_pkts.demand_req = 20936
stat.switch.port.node.0.peer_dst.100.tx_bytes.demand_req = 0
stat.switch.port.node.0.peer_dst.100.tx_pkts.demand_req = 0
stat.switch.port.node.0.peer_dst.100.ingress_arrivals.demand_req = 20936
stat.switch.port.node.0.peer_dst.100.ingress_arrival_nonempty_packet_frac.demand_req = 0.876863
stat.switch.port.node.0.peer_dst.100.ingress_nonempty_arrival_pre_occ_avg_bytes.demand_req = 65.6773
stat.switch.port.node.0.peer_dst.100.ingress_nonempty_arrival_pre_occ_max_bytes.demand_req = 288
stat.switch.port.node.0.peer_dst.100.ingress_wait_avg_cycles.demand_req = 125.054
stat.switch.port.node.0.peer_dst.100.ingress_queue_wait_avg_cycles.demand_req = 1.05364
stat.switch.port.node.0.peer_dst.100.ingress_queue_wait_after_nonempty_arrival_avg_cycles.demand_req = 1.2016
stat.switch.port.node.0.peer_dst.100.ingress_pre_occ_bucket.demand_req.0 = 2578
stat.switch.port.node.0.peer_dst.100.ingress_queue_wait_bucket.demand_req.0 = 17730
stat.switch.port.node.0.peer_dst.100.ingress_pre_occ_bucket.demand_req.1_64 = 9672
stat.switch.port.node.0.peer_dst.100.ingress_queue_wait_bucket.demand_req.1_63 = 3206
stat.switch.port.node.0.peer_dst.100.ingress_pre_occ_bucket.demand_req.65_256 = 8662
stat.switch.port.node.0.peer_dst.100.ingress_queue_wait_bucket.demand_req.64_255 = 0
stat.switch.port.node.0.peer_dst.100.ingress_pre_occ_bucket.demand_req.257_1024 = 24
stat.switch.port.node.0.peer_dst.100.ingress_queue_wait_bucket.demand_req.256_1023 = 0
stat.switch.port.node.0.peer_dst.100.ingress_pre_occ_bucket.demand_req.1025_4096 = 0
stat.switch.port.node.0.peer_dst.100.ingress_queue_wait_bucket.demand_req.1024_4095 = 0
stat.switch.port.node.0.peer_dst.100.ingress_pre_occ_bucket.demand_req.4097_plus = 0
stat.switch.port.node.0.peer_dst.100.ingress_queue_wait_bucket.demand_req.4096_plus = 0
stat.switch.port.node.0.peer_dst.100.rx_bytes.write_req = 337280
stat.switch.port.node.0.peer_dst.100.rx_pkts.write_req = 5270
stat.switch.port.node.0.peer_dst.100.tx_bytes.write_req = 0
stat.switch.port.node.0.peer_dst.100.tx_pkts.write_req = 0
stat.switch.port.node.0.peer_dst.100.ingress_arrivals.write_req = 5270
stat.switch.port.node.0.peer_dst.100.ingress_arrival_nonempty_packet_frac.write_req = 0.394877
stat.switch.port.node.0.peer_dst.100.ingress_nonempty_arrival_pre_occ_avg_bytes.write_req = 72.2806
stat.switch.port.node.0.peer_dst.100.ingress_nonempty_arrival_pre_occ_max_bytes.write_req = 272
stat.switch.port.node.0.peer_dst.100.ingress_wait_avg_cycles.write_req = 145.149
stat.switch.port.node.0.peer_dst.100.ingress_queue_wait_avg_cycles.write_req = 0.148577
stat.switch.port.node.0.peer_dst.100.ingress_queue_wait_after_nonempty_arrival_avg_cycles.write_req = 0.376261
stat.switch.port.node.0.peer_dst.100.ingress_pre_occ_bucket.write_req.0 = 3189
stat.switch.port.node.0.peer_dst.100.ingress_queue_wait_bucket.write_req.0 = 5072
stat.switch.port.node.0.peer_dst.100.ingress_pre_occ_bucket.write_req.1_64 = 1368
stat.switch.port.node.0.peer_dst.100.ingress_queue_wait_bucket.write_req.1_63 = 198
stat.switch.port.node.0.peer_dst.100.ingress_pre_occ_bucket.write_req.65_256 = 711
stat.switch.port.node.0.peer_dst.100.ingress_queue_wait_bucket.write_req.64_255 = 0
stat.switch.port.node.0.peer_dst.100.ingress_pre_occ_bucket.write_req.257_1024 = 2
stat.switch.port.node.0.peer_dst.100.ingress_queue_wait_bucket.write_req.256_1023 = 0
stat.switch.port.node.0.peer_dst.100.ingress_pre_occ_bucket.write_req.1025_4096 = 0
stat.switch.port.node.0.peer_dst.100.ingress_queue_wait_bucket.write_req.1024_4095 = 0
stat.switch.port.node.0.peer_dst.100.ingress_pre_occ_bucket.write_req.4097_plus = 0
stat.switch.port.node.0.peer_dst.100.ingress_queue_wait_bucket.write_req.4096_plus = 0
stat.switch.port.node.0.peer_dst.100.rx_bytes.other_req = 160
stat.switch.port.node.0.peer_dst.100.rx_pkts.other_req = 20
stat.switch.port.node.0.peer_dst.100.tx_bytes.other_req = 0
stat.switch.port.node.0.peer_dst.100.tx_pkts.other_req = 0
stat.switch.port.node.0.peer_dst.100.ingress_arrivals.other_req = 20
stat.switch.port.node.0.peer_dst.100.ingress_arrival_nonempty_packet_frac.other_req = 0.9
stat.switch.port.node.0.peer_dst.100.ingress_nonempty_arrival_pre_occ_avg_bytes.other_req = 63.5556
stat.switch.port.node.0.peer_dst.100.ingress_nonempty_arrival_pre_occ_max_bytes.other_req = 176
stat.switch.port.node.0.peer_dst.100.ingress_wait_avg_cycles.other_req = 124.55
stat.switch.port.node.0.peer_dst.100.ingress_queue_wait_avg_cycles.other_req = 0.55
stat.switch.port.node.0.peer_dst.100.ingress_queue_wait_after_nonempty_arrival_avg_cycles.other_req = 0.611111
stat.switch.port.node.0.peer_dst.100.ingress_pre_occ_bucket.other_req.0 = 2
stat.switch.port.node.0.peer_dst.100.ingress_queue_wait_bucket.other_req.0 = 14
stat.switch.port.node.0.peer_dst.100.ingress_pre_occ_bucket.other_req.1_64 = 10
stat.switch.port.node.0.peer_dst.100.ingress_queue_wait_bucket.other_req.1_63 = 6
stat.switch.port.node.0.peer_dst.100.ingress_pre_occ_bucket.other_req.65_256 = 8
stat.switch.port.node.0.peer_dst.100.ingress_queue_wait_bucket.other_req.64_255 = 0
stat.switch.port.node.0.peer_dst.100.ingress_pre_occ_bucket.other_req.257_1024 = 0
stat.switch.port.node.0.peer_dst.100.ingress_queue_wait_bucket.other_req.256_1023 = 0
stat.switch.port.node.0.peer_dst.100.ingress_pre_occ_bucket.other_req.1025_4096 = 0
stat.switch.port.node.0.peer_dst.100.ingress_queue_wait_bucket.other_req.1024_4095 = 0
stat.switch.port.node.0.peer_dst.100.ingress_pre_occ_bucket.other_req.4097_plus = 0
stat.switch.port.node.0.peer_dst.100.ingress_queue_wait_bucket.other_req.4096_plus = 0
stat.switch.port.node.0.tx_src.100.rx_bytes.response = 0
stat.switch.port.node.0.tx_src.100.rx_pkts.response = 0
stat.switch.port.node.0.tx_src.100.tx_bytes.response = 1341184
stat.switch.port.node.0.tx_src.100.tx_pkts.response = 20956
stat.switch.port.node.0.tx_src.100.ingress_arrivals.response = 0
stat.switch.port.node.0.tx_src.100.ingress_arrival_nonempty_packet_frac.response = 0
stat.switch.port.node.0.tx_src.100.ingress_nonempty_arrival_pre_occ_avg_bytes.response = 0
stat.switch.port.node.0.tx_src.100.ingress_nonempty_arrival_pre_occ_max_bytes.response = 0
stat.switch.port.node.0.tx_src.100.ingress_wait_avg_cycles.response = 0
stat.switch.port.node.0.tx_src.100.ingress_queue_wait_avg_cycles.response = 0
stat.switch.port.node.0.tx_src.100.ingress_queue_wait_after_nonempty_arrival_avg_cycles.response = 0
stat.switch.port.node.0.tx_src.100.ingress_pre_occ_bucket.response.0 = 0
stat.switch.port.node.0.tx_src.100.ingress_queue_wait_bucket.response.0 = 0
stat.switch.port.node.0.tx_src.100.ingress_pre_occ_bucket.response.1_64 = 0
stat.switch.port.node.0.tx_src.100.ingress_queue_wait_bucket.response.1_63 = 0
stat.switch.port.node.0.tx_src.100.ingress_pre_occ_bucket.response.65_256 = 0
stat.switch.port.node.0.tx_src.100.ingress_queue_wait_bucket.response.64_255 = 0
stat.switch.port.node.0.tx_src.100.ingress_pre_occ_bucket.response.257_1024 = 0
stat.switch.port.node.0.tx_src.100.ingress_queue_wait_bucket.response.256_1023 = 0
stat.switch.port.node.0.tx_src.100.ingress_pre_occ_bucket.response.1025_4096 = 0
stat.switch.port.node.0.tx_src.100.ingress_queue_wait_bucket.response.1024_4095 = 0
stat.switch.port.node.0.tx_src.100.ingress_pre_occ_bucket.response.4097_plus = 0
stat.switch.port.node.0.tx_src.100.ingress_queue_wait_bucket.response.4096_plus = 0
stat.switch.port.node.0.tx_dst.0.rx_bytes.response = 0
stat.switch.port.node.0.tx_dst.0.rx_pkts.response = 0
stat.switch.port.node.0.tx_dst.0.tx_bytes.response = 1341184
stat.switch.port.node.0.tx_dst.0.tx_pkts.response = 20956
stat.switch.port.node.0.tx_dst.0.ingress_arrivals.response = 0
stat.switch.port.node.0.tx_dst.0.ingress_arrival_nonempty_packet_frac.response = 0
stat.switch.port.node.0.tx_dst.0.ingress_nonempty_arrival_pre_occ_avg_bytes.response = 0
stat.switch.port.node.0.tx_dst.0.ingress_nonempty_arrival_pre_occ_max_bytes.response = 0
stat.switch.port.node.0.tx_dst.0.ingress_wait_avg_cycles.response = 0
stat.switch.port.node.0.tx_dst.0.ingress_queue_wait_avg_cycles.response = 0
stat.switch.port.node.0.tx_dst.0.ingress_queue_wait_after_nonempty_arrival_avg_cycles.response = 0
stat.switch.port.node.0.tx_dst.0.ingress_pre_occ_bucket.response.0 = 0
stat.switch.port.node.0.tx_dst.0.ingress_queue_wait_bucket.response.0 = 0
stat.switch.port.node.0.tx_dst.0.ingress_pre_occ_bucket.response.1_64 = 0
stat.switch.port.node.0.tx_dst.0.ingress_queue_wait_bucket.response.1_63 = 0
stat.switch.port.node.0.tx_dst.0.ingress_pre_occ_bucket.response.65_256 = 0
stat.switch.port.node.0.tx_dst.0.ingress_queue_wait_bucket.response.64_255 = 0
stat.switch.port.node.0.tx_dst.0.ingress_pre_occ_bucket.response.257_1024 = 0
stat.switch.port.node.0.tx_dst.0.ingress_queue_wait_bucket.response.256_1023 = 0
stat.switch.port.node.0.tx_dst.0.ingress_pre_occ_bucket.response.1025_4096 = 0
stat.switch.port.node.0.tx_dst.0.ingress_queue_wait_bucket.response.1024_4095 = 0
stat.switch.port.node.0.tx_dst.0.ingress_pre_occ_bucket.response.4097_plus = 0
stat.switch.port.node.0.tx_dst.0.ingress_queue_wait_bucket.response.4096_plus = 0
stat.switch.port.node.1.ingress_wait_avg_cycles = 129.091
stat.switch.port.node.1.ingress_wait_max_cycles = 158
stat.switch.port.node.1.egress_wait_avg_cycles = 1
stat.switch.port.node.1.egress_wait_max_cycles = 1
stat.switch.port.node.1.ingress_queue_wait_avg_cycles = 0.871387
stat.switch.port.node.1.ingress_queue_wait_max_cycles = 33
stat.switch.port.node.1.egress_occ_avg_bytes = 0
stat.switch.port.node.1.egress_occ_stddev_bytes = 0
stat.switch.port.node.1.egress_occ_max_bytes = 0
stat.switch.port.node.1.egress_occ_nonempty_frac = 0
stat.switch.port.node.1.egress_blocked_cycles = 0
stat.switch.port.node.1.egress_blocked_nonempty_frac = 0
stat.switch.port.node.1.egress_blocked_avg_occ_bytes = 0
stat.switch.port.node.1.egress_blocked_max_occ_bytes = 0
stat.switch.port.node.1.egress_send_burst_max_pkts = 1
stat.switch.port.node.1.egress_send_burst_max_bytes = 64
stat.switch.port.node.1.egress_send_burst_avg_pkts = 1
stat.switch.port.node.1.egress_send_burst_avg_bytes = 64
stat.switch.port.node.1.egress_send_burst_stddev_pkts = 0
stat.switch.port.node.1.egress_send_burst_stddev_bytes = 0
stat.switch.port.node.1.egress_send_nonempty_frac = 0.00451451
stat.switch.port.node.1.ingress_arrival_burst_avg_bytes = 19.2743
stat.switch.port.node.1.ingress_arrival_nonempty_frac = 0.00564357
stat.switch.port.node.1.ingress_arrival_run_max_cycles = 6
stat.switch.port.node.1.ingress_arrival_run_avg_cycles = 1.04838
stat.switch.port.node.1.ingress_arrival_gap_max_cycles = 943
stat.switch.port.node.1.ingress_arrival_gap_avg_cycles = 164.425
stat.switch.port.node.1.ingress_release_burst_avg_bytes = 19.253
stat.switch.port.node.1.ingress_release_nonempty_frac = 0.00564982
stat.switch.port.node.1.ingress_release_run_max_cycles = 1
stat.switch.port.node.1.ingress_release_run_avg_cycles = 1
stat.switch.port.node.1.ingress_release_gap_max_cycles = 943
stat.switch.port.node.1.ingress_release_gap_avg_cycles = 156.685
stat.switch.port.node.1.ingress_occ_avg_bytes = 14.9541
stat.switch.port.node.1.ingress_occ_stddev_bytes = 33.8048
stat.switch.port.node.1.ingress_occ_max_bytes = 336
stat.switch.port.node.1.ingress_occ_nonempty_frac = 0.274784
stat.switch.port.node.1.ingress_occ_run_max_cycles = 589
stat.switch.port.node.1.ingress_occ_run_avg_cycles = 221.1
stat.switch.port.node.1.ingress_occ_gap_max_cycles = 821
stat.switch.port.node.1.ingress_occ_gap_avg_cycles = 495.763
stat.switch.port.node.1.ingress_wait_avg_cycles.demand_req = 125.054
stat.switch.port.node.1.ingress_wait_max_cycles.demand_req = 157
stat.switch.port.node.1.ingress_queue_wait_avg_cycles.demand_req = 1.05364
stat.switch.port.node.1.ingress_queue_wait_max_cycles.demand_req = 33
stat.switch.port.node.1.egress_wait_avg_cycles.demand_req = 0
stat.switch.port.node.1.egress_wait_max_cycles.demand_req = 0
stat.switch.port.node.1.egress_occ_avg_bytes.demand_req = 0
stat.switch.port.node.1.egress_occ_max_bytes.demand_req = 0
stat.switch.port.node.1.egress_blocked_cycles.demand_req = 0
stat.switch.port.node.1.ingress_arrival_empty_packets.demand_req = 2578
stat.switch.port.node.1.ingress_arrival_nonempty_packets.demand_req = 18358
stat.switch.port.node.1.ingress_arrival_nonempty_packet_frac.demand_req = 0.876863
stat.switch.port.node.1.ingress_nonempty_arrival_pre_occ_avg_bytes.demand_req = 65.6773
stat.switch.port.node.1.ingress_nonempty_arrival_pre_occ_max_bytes.demand_req = 288
stat.switch.port.node.1.ingress_release_after_empty_arrival_packets.demand_req = 2578
stat.switch.port.node.1.ingress_release_after_nonempty_arrival_packets.demand_req = 18358
stat.switch.port.node.1.ingress_wait_after_empty_arrival_avg_cycles.demand_req = 124
stat.switch.port.node.1.ingress_wait_after_nonempty_arrival_avg_cycles.demand_req = 125.202
stat.switch.port.node.1.ingress_queue_wait_after_empty_arrival_avg_cycles.demand_req = 0
stat.switch.port.node.1.ingress_queue_wait_after_nonempty_arrival_avg_cycles.demand_req = 1.2016
stat.switch.port.node.1.ingress_queue_wait_after_empty_arrival_max_cycles.demand_req = 0
stat.switch.port.node.1.ingress_queue_wait_after_nonempty_arrival_max_cycles.demand_req = 33
stat.switch.port.node.1.rx_bytes.demand_req = 167488
stat.switch.port.node.1.tx_bytes.demand_req = 0
stat.switch.port.node.1.rx_pkts.demand_req = 20936
stat.switch.port.node.1.tx_pkts.demand_req = 0
stat.switch.port.node.1.ingress_wait_avg_cycles.write_req = 145.149
stat.switch.port.node.1.ingress_wait_max_cycles.write_req = 158
stat.switch.port.node.1.ingress_queue_wait_avg_cycles.write_req = 0.148577
stat.switch.port.node.1.ingress_queue_wait_max_cycles.write_req = 13
stat.switch.port.node.1.egress_wait_avg_cycles.write_req = 0
stat.switch.port.node.1.egress_wait_max_cycles.write_req = 0
stat.switch.port.node.1.egress_occ_avg_bytes.write_req = 0
stat.switch.port.node.1.egress_occ_max_bytes.write_req = 0
stat.switch.port.node.1.egress_blocked_cycles.write_req = 0
stat.switch.port.node.1.ingress_arrival_empty_packets.write_req = 3189
stat.switch.port.node.1.ingress_arrival_nonempty_packets.write_req = 2081
stat.switch.port.node.1.ingress_arrival_nonempty_packet_frac.write_req = 0.394877
stat.switch.port.node.1.ingress_nonempty_arrival_pre_occ_avg_bytes.write_req = 72.2806
stat.switch.port.node.1.ingress_nonempty_arrival_pre_occ_max_bytes.write_req = 272
stat.switch.port.node.1.ingress_release_after_empty_arrival_packets.write_req = 3189
stat.switch.port.node.1.ingress_release_after_nonempty_arrival_packets.write_req = 2081
stat.switch.port.node.1.ingress_wait_after_empty_arrival_avg_cycles.write_req = 145
stat.switch.port.node.1.ingress_wait_after_nonempty_arrival_avg_cycles.write_req = 145.376
stat.switch.port.node.1.ingress_queue_wait_after_empty_arrival_avg_cycles.write_req = 0
stat.switch.port.node.1.ingress_queue_wait_after_nonempty_arrival_avg_cycles.write_req = 0.376261
stat.switch.port.node.1.ingress_queue_wait_after_empty_arrival_max_cycles.write_req = 0
stat.switch.port.node.1.ingress_queue_wait_after_nonempty_arrival_max_cycles.write_req = 13
stat.switch.port.node.1.rx_bytes.write_req = 337280
stat.switch.port.node.1.tx_bytes.write_req = 0
stat.switch.port.node.1.rx_pkts.write_req = 5270
stat.switch.port.node.1.tx_pkts.write_req = 0
stat.switch.port.node.1.ingress_wait_avg_cycles.response = 0
stat.switch.port.node.1.ingress_wait_max_cycles.response = 0
stat.switch.port.node.1.ingress_queue_wait_avg_cycles.response = 0
stat.switch.port.node.1.ingress_queue_wait_max_cycles.response = 0
stat.switch.port.node.1.egress_wait_avg_cycles.response = 1
stat.switch.port.node.1.egress_wait_max_cycles.response = 1
stat.switch.port.node.1.egress_occ_avg_bytes.response = 0
stat.switch.port.node.1.egress_occ_max_bytes.response = 0
stat.switch.port.node.1.egress_blocked_cycles.response = 0
stat.switch.port.node.1.ingress_arrival_empty_packets.response = 0
stat.switch.port.node.1.ingress_arrival_nonempty_packets.response = 0
stat.switch.port.node.1.ingress_arrival_nonempty_packet_frac.response = 0
stat.switch.port.node.1.ingress_nonempty_arrival_pre_occ_avg_bytes.response = 0
stat.switch.port.node.1.ingress_nonempty_arrival_pre_occ_max_bytes.response = 0
stat.switch.port.node.1.ingress_release_after_empty_arrival_packets.response = 0
stat.switch.port.node.1.ingress_release_after_nonempty_arrival_packets.response = 0
stat.switch.port.node.1.ingress_wait_after_empty_arrival_avg_cycles.response = 0
stat.switch.port.node.1.ingress_wait_after_nonempty_arrival_avg_cycles.response = 0
stat.switch.port.node.1.ingress_queue_wait_after_empty_arrival_avg_cycles.response = 0
stat.switch.port.node.1.ingress_queue_wait_after_nonempty_arrival_avg_cycles.response = 0
stat.switch.port.node.1.ingress_queue_wait_after_empty_arrival_max_cycles.response = 0
stat.switch.port.node.1.ingress_queue_wait_after_nonempty_arrival_max_cycles.response = 0
stat.switch.port.node.1.rx_bytes.response = 0
stat.switch.port.node.1.tx_bytes.response = 1341184
stat.switch.port.node.1.rx_pkts.response = 0
stat.switch.port.node.1.tx_pkts.response = 20956
stat.switch.port.node.1.ingress_wait_avg_cycles.other_req = 124.55
stat.switch.port.node.1.ingress_wait_max_cycles.other_req = 128
stat.switch.port.node.1.ingress_queue_wait_avg_cycles.other_req = 0.55
stat.switch.port.node.1.ingress_queue_wait_max_cycles.other_req = 4
stat.switch.port.node.1.egress_wait_avg_cycles.other_req = 0
stat.switch.port.node.1.egress_wait_max_cycles.other_req = 0
stat.switch.port.node.1.egress_occ_avg_bytes.other_req = 0
stat.switch.port.node.1.egress_occ_max_bytes.other_req = 0
stat.switch.port.node.1.egress_blocked_cycles.other_req = 0
stat.switch.port.node.1.ingress_arrival_empty_packets.other_req = 2
stat.switch.port.node.1.ingress_arrival_nonempty_packets.other_req = 18
stat.switch.port.node.1.ingress_arrival_nonempty_packet_frac.other_req = 0.9
stat.switch.port.node.1.ingress_nonempty_arrival_pre_occ_avg_bytes.other_req = 63.5556
stat.switch.port.node.1.ingress_nonempty_arrival_pre_occ_max_bytes.other_req = 176
stat.switch.port.node.1.ingress_release_after_empty_arrival_packets.other_req = 2
stat.switch.port.node.1.ingress_release_after_nonempty_arrival_packets.other_req = 18
stat.switch.port.node.1.ingress_wait_after_empty_arrival_avg_cycles.other_req = 124
stat.switch.port.node.1.ingress_wait_after_nonempty_arrival_avg_cycles.other_req = 124.611
stat.switch.port.node.1.ingress_queue_wait_after_empty_arrival_avg_cycles.other_req = 0
stat.switch.port.node.1.ingress_queue_wait_after_nonempty_arrival_avg_cycles.other_req = 0.611111
stat.switch.port.node.1.ingress_queue_wait_after_empty_arrival_max_cycles.other_req = 0
stat.switch.port.node.1.ingress_queue_wait_after_nonempty_arrival_max_cycles.other_req = 4
stat.switch.port.node.1.rx_bytes.other_req = 160
stat.switch.port.node.1.tx_bytes.other_req = 0
stat.switch.port.node.1.rx_pkts.other_req = 20
stat.switch.port.node.1.tx_pkts.other_req = 0
stat.switch.port.node.1.ingress_occ_bucket_bytes.0 = 3366393
stat.switch.port.node.1.ready_occ_bucket_bytes.0 = 4615692
stat.switch.port.node.1.ingress_occ_bucket_bytes.1_64 = 880174
stat.switch.port.node.1.ready_occ_bucket_bytes.1_64 = 26226
stat.switch.port.node.1.ingress_occ_bucket_bytes.65_256 = 394064
stat.switch.port.node.1.ready_occ_bucket_bytes.65_256 = 0
stat.switch.port.node.1.ingress_occ_bucket_bytes.257_1024 = 1287
stat.switch.port.node.1.ready_occ_bucket_bytes.257_1024 = 0
stat.switch.port.node.1.ingress_occ_bucket_bytes.1025_4096 = 0
stat.switch.port.node.1.ready_occ_bucket_bytes.1025_4096 = 0
stat.switch.port.node.1.ingress_occ_bucket_bytes.4097_plus = 0
stat.switch.port.node.1.ready_occ_bucket_bytes.4097_plus = 0
stat.switch.port.node.1.ingress_pre_occ_bucket.demand_req.0 = 2578
stat.switch.port.node.1.ingress_queue_wait_bucket.demand_req.0 = 17730
stat.switch.port.node.1.ingress_pre_occ_bucket.demand_req.1_64 = 9672
stat.switch.port.node.1.ingress_queue_wait_bucket.demand_req.1_63 = 3206
stat.switch.port.node.1.ingress_pre_occ_bucket.demand_req.65_256 = 8662
stat.switch.port.node.1.ingress_queue_wait_bucket.demand_req.64_255 = 0
stat.switch.port.node.1.ingress_pre_occ_bucket.demand_req.257_1024 = 24
stat.switch.port.node.1.ingress_queue_wait_bucket.demand_req.256_1023 = 0
stat.switch.port.node.1.ingress_pre_occ_bucket.demand_req.1025_4096 = 0
stat.switch.port.node.1.ingress_queue_wait_bucket.demand_req.1024_4095 = 0
stat.switch.port.node.1.ingress_pre_occ_bucket.demand_req.4097_plus = 0
stat.switch.port.node.1.ingress_queue_wait_bucket.demand_req.4096_plus = 0
stat.switch.port.node.1.ingress_pre_occ_bucket.write_req.0 = 3189
stat.switch.port.node.1.ingress_queue_wait_bucket.write_req.0 = 5072
stat.switch.port.node.1.ingress_pre_occ_bucket.write_req.1_64 = 1368
stat.switch.port.node.1.ingress_queue_wait_bucket.write_req.1_63 = 198
stat.switch.port.node.1.ingress_pre_occ_bucket.write_req.65_256 = 711
stat.switch.port.node.1.ingress_queue_wait_bucket.write_req.64_255 = 0
stat.switch.port.node.1.ingress_pre_occ_bucket.write_req.257_1024 = 2
stat.switch.port.node.1.ingress_queue_wait_bucket.write_req.256_1023 = 0
stat.switch.port.node.1.ingress_pre_occ_bucket.write_req.1025_4096 = 0
stat.switch.port.node.1.ingress_queue_wait_bucket.write_req.1024_4095 = 0
stat.switch.port.node.1.ingress_pre_occ_bucket.write_req.4097_plus = 0
stat.switch.port.node.1.ingress_queue_wait_bucket.write_req.4096_plus = 0
stat.switch.port.node.1.ingress_pre_occ_bucket.response.0 = 0
stat.switch.port.node.1.ingress_queue_wait_bucket.response.0 = 0
stat.switch.port.node.1.ingress_pre_occ_bucket.response.1_64 = 0
stat.switch.port.node.1.ingress_queue_wait_bucket.response.1_63 = 0
stat.switch.port.node.1.ingress_pre_occ_bucket.response.65_256 = 0
stat.switch.port.node.1.ingress_queue_wait_bucket.response.64_255 = 0
stat.switch.port.node.1.ingress_pre_occ_bucket.response.257_1024 = 0
stat.switch.port.node.1.ingress_queue_wait_bucket.response.256_1023 = 0
stat.switch.port.node.1.ingress_pre_occ_bucket.response.1025_4096 = 0
stat.switch.port.node.1.ingress_queue_wait_bucket.response.1024_4095 = 0
stat.switch.port.node.1.ingress_pre_occ_bucket.response.4097_plus = 0
stat.switch.port.node.1.ingress_queue_wait_bucket.response.4096_plus = 0
stat.switch.port.node.1.ingress_pre_occ_bucket.other_req.0 = 2
stat.switch.port.node.1.ingress_queue_wait_bucket.other_req.0 = 14
stat.switch.port.node.1.ingress_pre_occ_bucket.other_req.1_64 = 10
stat.switch.port.node.1.ingress_queue_wait_bucket.other_req.1_63 = 6
stat.switch.port.node.1.ingress_pre_occ_bucket.other_req.65_256 = 8
stat.switch.port.node.1.ingress_queue_wait_bucket.other_req.64_255 = 0
stat.switch.port.node.1.ingress_pre_occ_bucket.other_req.257_1024 = 0
stat.switch.port.node.1.ingress_queue_wait_bucket.other_req.256_1023 = 0
stat.switch.port.node.1.ingress_pre_occ_bucket.other_req.1025_4096 = 0
stat.switch.port.node.1.ingress_queue_wait_bucket.other_req.1024_4095 = 0
stat.switch.port.node.1.ingress_pre_occ_bucket.other_req.4097_plus = 0
stat.switch.port.node.1.ingress_queue_wait_bucket.other_req.4096_plus = 0
stat.switch.port.node.1.peer_src.1.rx_bytes.demand_req = 167488
stat.switch.port.node.1.peer_src.1.rx_pkts.demand_req = 20936
stat.switch.port.node.1.peer_src.1.tx_bytes.demand_req = 0
stat.switch.port.node.1.peer_src.1.tx_pkts.demand_req = 0
stat.switch.port.node.1.peer_src.1.ingress_arrivals.demand_req = 20936
stat.switch.port.node.1.peer_src.1.ingress_arrival_nonempty_packet_frac.demand_req = 0.876863
stat.switch.port.node.1.peer_src.1.ingress_nonempty_arrival_pre_occ_avg_bytes.demand_req = 65.6773
stat.switch.port.node.1.peer_src.1.ingress_nonempty_arrival_pre_occ_max_bytes.demand_req = 288
stat.switch.port.node.1.peer_src.1.ingress_wait_avg_cycles.demand_req = 125.054
stat.switch.port.node.1.peer_src.1.ingress_queue_wait_avg_cycles.demand_req = 1.05364
stat.switch.port.node.1.peer_src.1.ingress_queue_wait_after_nonempty_arrival_avg_cycles.demand_req = 1.2016
stat.switch.port.node.1.peer_src.1.ingress_pre_occ_bucket.demand_req.0 = 2578
stat.switch.port.node.1.peer_src.1.ingress_queue_wait_bucket.demand_req.0 = 17730
stat.switch.port.node.1.peer_src.1.ingress_pre_occ_bucket.demand_req.1_64 = 9672
stat.switch.port.node.1.peer_src.1.ingress_queue_wait_bucket.demand_req.1_63 = 3206
stat.switch.port.node.1.peer_src.1.ingress_pre_occ_bucket.demand_req.65_256 = 8662
stat.switch.port.node.1.peer_src.1.ingress_queue_wait_bucket.demand_req.64_255 = 0
stat.switch.port.node.1.peer_src.1.ingress_pre_occ_bucket.demand_req.257_1024 = 24
stat.switch.port.node.1.peer_src.1.ingress_queue_wait_bucket.demand_req.256_1023 = 0
stat.switch.port.node.1.peer_src.1.ingress_pre_occ_bucket.demand_req.1025_4096 = 0
stat.switch.port.node.1.peer_src.1.ingress_queue_wait_bucket.demand_req.1024_4095 = 0
stat.switch.port.node.1.peer_src.1.ingress_pre_occ_bucket.demand_req.4097_plus = 0
stat.switch.port.node.1.peer_src.1.ingress_queue_wait_bucket.demand_req.4096_plus = 0
stat.switch.port.node.1.peer_src.1.rx_bytes.write_req = 337280
stat.switch.port.node.1.peer_src.1.rx_pkts.write_req = 5270
stat.switch.port.node.1.peer_src.1.tx_bytes.write_req = 0
stat.switch.port.node.1.peer_src.1.tx_pkts.write_req = 0
stat.switch.port.node.1.peer_src.1.ingress_arrivals.write_req = 5270
stat.switch.port.node.1.peer_src.1.ingress_arrival_nonempty_packet_frac.write_req = 0.394877
stat.switch.port.node.1.peer_src.1.ingress_nonempty_arrival_pre_occ_avg_bytes.write_req = 72.2806
stat.switch.port.node.1.peer_src.1.ingress_nonempty_arrival_pre_occ_max_bytes.write_req = 272
stat.switch.port.node.1.peer_src.1.ingress_wait_avg_cycles.write_req = 145.149
stat.switch.port.node.1.peer_src.1.ingress_queue_wait_avg_cycles.write_req = 0.148577
stat.switch.port.node.1.peer_src.1.ingress_queue_wait_after_nonempty_arrival_avg_cycles.write_req = 0.376261
stat.switch.port.node.1.peer_src.1.ingress_pre_occ_bucket.write_req.0 = 3189
stat.switch.port.node.1.peer_src.1.ingress_queue_wait_bucket.write_req.0 = 5072
stat.switch.port.node.1.peer_src.1.ingress_pre_occ_bucket.write_req.1_64 = 1368
stat.switch.port.node.1.peer_src.1.ingress_queue_wait_bucket.write_req.1_63 = 198
stat.switch.port.node.1.peer_src.1.ingress_pre_occ_bucket.write_req.65_256 = 711
stat.switch.port.node.1.peer_src.1.ingress_queue_wait_bucket.write_req.64_255 = 0
stat.switch.port.node.1.peer_src.1.ingress_pre_occ_bucket.write_req.257_1024 = 2
stat.switch.port.node.1.peer_src.1.ingress_queue_wait_bucket.write_req.256_1023 = 0
stat.switch.port.node.1.peer_src.1.ingress_pre_occ_bucket.write_req.1025_4096 = 0
stat.switch.port.node.1.peer_src.1.ingress_queue_wait_bucket.write_req.1024_4095 = 0
stat.switch.port.node.1.peer_src.1.ingress_pre_occ_bucket.write_req.4097_plus = 0
stat.switch.port.node.1.peer_src.1.ingress_queue_wait_bucket.write_req.4096_plus = 0
stat.switch.port.node.1.peer_src.1.rx_bytes.other_req = 160
stat.switch.port.node.1.peer_src.1.rx_pkts.other_req = 20
stat.switch.port.node.1.peer_src.1.tx_bytes.other_req = 0
stat.switch.port.node.1.peer_src.1.tx_pkts.other_req = 0
stat.switch.port.node.1.peer_src.1.ingress_arrivals.other_req = 20
stat.switch.port.node.1.peer_src.1.ingress_arrival_nonempty_packet_frac.other_req = 0.9
stat.switch.port.node.1.peer_src.1.ingress_nonempty_arrival_pre_occ_avg_bytes.other_req = 63.5556
stat.switch.port.node.1.peer_src.1.ingress_nonempty_arrival_pre_occ_max_bytes.other_req = 176
stat.switch.port.node.1.peer_src.1.ingress_wait_avg_cycles.other_req = 124.55
stat.switch.port.node.1.peer_src.1.ingress_queue_wait_avg_cycles.other_req = 0.55
stat.switch.port.node.1.peer_src.1.ingress_queue_wait_after_nonempty_arrival_avg_cycles.other_req = 0.611111
stat.switch.port.node.1.peer_src.1.ingress_pre_occ_bucket.other_req.0 = 2
stat.switch.port.node.1.peer_src.1.ingress_queue_wait_bucket.other_req.0 = 14
stat.switch.port.node.1.peer_src.1.ingress_pre_occ_bucket.other_req.1_64 = 10
stat.switch.port.node.1.peer_src.1.ingress_queue_wait_bucket.other_req.1_63 = 6
stat.switch.port.node.1.peer_src.1.ingress_pre_occ_bucket.other_req.65_256 = 8
stat.switch.port.node.1.peer_src.1.ingress_queue_wait_bucket.other_req.64_255 = 0
stat.switch.port.node.1.peer_src.1.ingress_pre_occ_bucket.other_req.257_1024 = 0
stat.switch.port.node.1.peer_src.1.ingress_queue_wait_bucket.other_req.256_1023 = 0
stat.switch.port.node.1.peer_src.1.ingress_pre_occ_bucket.other_req.1025_4096 = 0
stat.switch.port.node.1.peer_src.1.ingress_queue_wait_bucket.other_req.1024_4095 = 0
stat.switch.port.node.1.peer_src.1.ingress_pre_occ_bucket.other_req.4097_plus = 0
stat.switch.port.node.1.peer_src.1.ingress_queue_wait_bucket.other_req.4096_plus = 0
stat.switch.port.node.1.peer_dst.100.rx_bytes.demand_req = 167488
stat.switch.port.node.1.peer_dst.100.rx_pkts.demand_req = 20936
stat.switch.port.node.1.peer_dst.100.tx_bytes.demand_req = 0
stat.switch.port.node.1.peer_dst.100.tx_pkts.demand_req = 0
stat.switch.port.node.1.peer_dst.100.ingress_arrivals.demand_req = 20936
stat.switch.port.node.1.peer_dst.100.ingress_arrival_nonempty_packet_frac.demand_req = 0.876863
stat.switch.port.node.1.peer_dst.100.ingress_nonempty_arrival_pre_occ_avg_bytes.demand_req = 65.6773
stat.switch.port.node.1.peer_dst.100.ingress_nonempty_arrival_pre_occ_max_bytes.demand_req = 288
stat.switch.port.node.1.peer_dst.100.ingress_wait_avg_cycles.demand_req = 125.054
stat.switch.port.node.1.peer_dst.100.ingress_queue_wait_avg_cycles.demand_req = 1.05364
stat.switch.port.node.1.peer_dst.100.ingress_queue_wait_after_nonempty_arrival_avg_cycles.demand_req = 1.2016
stat.switch.port.node.1.peer_dst.100.ingress_pre_occ_bucket.demand_req.0 = 2578
stat.switch.port.node.1.peer_dst.100.ingress_queue_wait_bucket.demand_req.0 = 17730
stat.switch.port.node.1.peer_dst.100.ingress_pre_occ_bucket.demand_req.1_64 = 9672
stat.switch.port.node.1.peer_dst.100.ingress_queue_wait_bucket.demand_req.1_63 = 3206
stat.switch.port.node.1.peer_dst.100.ingress_pre_occ_bucket.demand_req.65_256 = 8662
stat.switch.port.node.1.peer_dst.100.ingress_queue_wait_bucket.demand_req.64_255 = 0
stat.switch.port.node.1.peer_dst.100.ingress_pre_occ_bucket.demand_req.257_1024 = 24
stat.switch.port.node.1.peer_dst.100.ingress_queue_wait_bucket.demand_req.256_1023 = 0
stat.switch.port.node.1.peer_dst.100.ingress_pre_occ_bucket.demand_req.1025_4096 = 0
stat.switch.port.node.1.peer_dst.100.ingress_queue_wait_bucket.demand_req.1024_4095 = 0
stat.switch.port.node.1.peer_dst.100.ingress_pre_occ_bucket.demand_req.4097_plus = 0
stat.switch.port.node.1.peer_dst.100.ingress_queue_wait_bucket.demand_req.4096_plus = 0
stat.switch.port.node.1.peer_dst.100.rx_bytes.write_req = 337280
stat.switch.port.node.1.peer_dst.100.rx_pkts.write_req = 5270
stat.switch.port.node.1.peer_dst.100.tx_bytes.write_req = 0
stat.switch.port.node.1.peer_dst.100.tx_pkts.write_req = 0
stat.switch.port.node.1.peer_dst.100.ingress_arrivals.write_req = 5270
stat.switch.port.node.1.peer_dst.100.ingress_arrival_nonempty_packet_frac.write_req = 0.394877
stat.switch.port.node.1.peer_dst.100.ingress_nonempty_arrival_pre_occ_avg_bytes.write_req = 72.2806
stat.switch.port.node.1.peer_dst.100.ingress_nonempty_arrival_pre_occ_max_bytes.write_req = 272
stat.switch.port.node.1.peer_dst.100.ingress_wait_avg_cycles.write_req = 145.149
stat.switch.port.node.1.peer_dst.100.ingress_queue_wait_avg_cycles.write_req = 0.148577
stat.switch.port.node.1.peer_dst.100.ingress_queue_wait_after_nonempty_arrival_avg_cycles.write_req = 0.376261
stat.switch.port.node.1.peer_dst.100.ingress_pre_occ_bucket.write_req.0 = 3189
stat.switch.port.node.1.peer_dst.100.ingress_queue_wait_bucket.write_req.0 = 5072
stat.switch.port.node.1.peer_dst.100.ingress_pre_occ_bucket.write_req.1_64 = 1368
stat.switch.port.node.1.peer_dst.100.ingress_queue_wait_bucket.write_req.1_63 = 198
stat.switch.port.node.1.peer_dst.100.ingress_pre_occ_bucket.write_req.65_256 = 711
stat.switch.port.node.1.peer_dst.100.ingress_queue_wait_bucket.write_req.64_255 = 0
stat.switch.port.node.1.peer_dst.100.ingress_pre_occ_bucket.write_req.257_1024 = 2
stat.switch.port.node.1.peer_dst.100.ingress_queue_wait_bucket.write_req.256_1023 = 0
stat.switch.port.node.1.peer_dst.100.ingress_pre_occ_bucket.write_req.1025_4096 = 0
stat.switch.port.node.1.peer_dst.100.ingress_queue_wait_bucket.write_req.1024_4095 = 0
stat.switch.port.node.1.peer_dst.100.ingress_pre_occ_bucket.write_req.4097_plus = 0
stat.switch.port.node.1.peer_dst.100.ingress_queue_wait_bucket.write_req.4096_plus = 0
stat.switch.port.node.1.peer_dst.100.rx_bytes.other_req = 160
stat.switch.port.node.1.peer_dst.100.rx_pkts.other_req = 20
stat.switch.port.node.1.peer_dst.100.tx_bytes.other_req = 0
stat.switch.port.node.1.peer_dst.100.tx_pkts.other_req = 0
stat.switch.port.node.1.peer_dst.100.ingress_arrivals.other_req = 20
stat.switch.port.node.1.peer_dst.100.ingress_arrival_nonempty_packet_frac.other_req = 0.9
stat.switch.port.node.1.peer_dst.100.ingress_nonempty_arrival_pre_occ_avg_bytes.other_req = 63.5556
stat.switch.port.node.1.peer_dst.100.ingress_nonempty_arrival_pre_occ_max_bytes.other_req = 176
stat.switch.port.node.1.peer_dst.100.ingress_wait_avg_cycles.other_req = 124.55
stat.switch.port.node.1.peer_dst.100.ingress_queue_wait_avg_cycles.other_req = 0.55
stat.switch.port.node.1.peer_dst.100.ingress_queue_wait_after_nonempty_arrival_avg_cycles.other_req = 0.611111
stat.switch.port.node.1.peer_dst.100.ingress_pre_occ_bucket.other_req.0 = 2
stat.switch.port.node.1.peer_dst.100.ingress_queue_wait_bucket.other_req.0 = 14
stat.switch.port.node.1.peer_dst.100.ingress_pre_occ_bucket.other_req.1_64 = 10
stat.switch.port.node.1.peer_dst.100.ingress_queue_wait_bucket.other_req.1_63 = 6
stat.switch.port.node.1.peer_dst.100.ingress_pre_occ_bucket.other_req.65_256 = 8
stat.switch.port.node.1.peer_dst.100.ingress_queue_wait_bucket.other_req.64_255 = 0
stat.switch.port.node.1.peer_dst.100.ingress_pre_occ_bucket.other_req.257_1024 = 0
stat.switch.port.node.1.peer_dst.100.ingress_queue_wait_bucket.other_req.256_1023 = 0
stat.switch.port.node.1.peer_dst.100.ingress_pre_occ_bucket.other_req.1025_4096 = 0
stat.switch.port.node.1.peer_dst.100.ingress_queue_wait_bucket.other_req.1024_4095 = 0
stat.switch.port.node.1.peer_dst.100.ingress_pre_occ_bucket.other_req.4097_plus = 0
stat.switch.port.node.1.peer_dst.100.ingress_queue_wait_bucket.other_req.4096_plus = 0
stat.switch.port.node.1.tx_src.101.rx_bytes.response = 0
stat.switch.port.node.1.tx_src.101.rx_pkts.response = 0
stat.switch.port.node.1.tx_src.101.tx_bytes.response = 1341184
stat.switch.port.node.1.tx_src.101.tx_pkts.response = 20956
stat.switch.port.node.1.tx_src.101.ingress_arrivals.response = 0
stat.switch.port.node.1.tx_src.101.ingress_arrival_nonempty_packet_frac.response = 0
stat.switch.port.node.1.tx_src.101.ingress_nonempty_arrival_pre_occ_avg_bytes.response = 0
stat.switch.port.node.1.tx_src.101.ingress_nonempty_arrival_pre_occ_max_bytes.response = 0
stat.switch.port.node.1.tx_src.101.ingress_wait_avg_cycles.response = 0
stat.switch.port.node.1.tx_src.101.ingress_queue_wait_avg_cycles.response = 0
stat.switch.port.node.1.tx_src.101.ingress_queue_wait_after_nonempty_arrival_avg_cycles.response = 0
stat.switch.port.node.1.tx_src.101.ingress_pre_occ_bucket.response.0 = 0
stat.switch.port.node.1.tx_src.101.ingress_queue_wait_bucket.response.0 = 0
stat.switch.port.node.1.tx_src.101.ingress_pre_occ_bucket.response.1_64 = 0
stat.switch.port.node.1.tx_src.101.ingress_queue_wait_bucket.response.1_63 = 0
stat.switch.port.node.1.tx_src.101.ingress_pre_occ_bucket.response.65_256 = 0
stat.switch.port.node.1.tx_src.101.ingress_queue_wait_bucket.response.64_255 = 0
stat.switch.port.node.1.tx_src.101.ingress_pre_occ_bucket.response.257_1024 = 0
stat.switch.port.node.1.tx_src.101.ingress_queue_wait_bucket.response.256_1023 = 0
stat.switch.port.node.1.tx_src.101.ingress_pre_occ_bucket.response.1025_4096 = 0
stat.switch.port.node.1.tx_src.101.ingress_queue_wait_bucket.response.1024_4095 = 0
stat.switch.port.node.1.tx_src.101.ingress_pre_occ_bucket.response.4097_plus = 0
stat.switch.port.node.1.tx_src.101.ingress_queue_wait_bucket.response.4096_plus = 0
stat.switch.port.node.1.tx_dst.1.rx_bytes.response = 0
stat.switch.port.node.1.tx_dst.1.rx_pkts.response = 0
stat.switch.port.node.1.tx_dst.1.tx_bytes.response = 1341184
stat.switch.port.node.1.tx_dst.1.tx_pkts.response = 20956
stat.switch.port.node.1.tx_dst.1.ingress_arrivals.response = 0
stat.switch.port.node.1.tx_dst.1.ingress_arrival_nonempty_packet_frac.response = 0
stat.switch.port.node.1.tx_dst.1.ingress_nonempty_arrival_pre_occ_avg_bytes.response = 0
stat.switch.port.node.1.tx_dst.1.ingress_nonempty_arrival_pre_occ_max_bytes.response = 0
stat.switch.port.node.1.tx_dst.1.ingress_wait_avg_cycles.response = 0
stat.switch.port.node.1.tx_dst.1.ingress_queue_wait_avg_cycles.response = 0
stat.switch.port.node.1.tx_dst.1.ingress_queue_wait_after_nonempty_arrival_avg_cycles.response = 0
stat.switch.port.node.1.tx_dst.1.ingress_pre_occ_bucket.response.0 = 0
stat.switch.port.node.1.tx_dst.1.ingress_queue_wait_bucket.response.0 = 0
stat.switch.port.node.1.tx_dst.1.ingress_pre_occ_bucket.response.1_64 = 0
stat.switch.port.node.1.tx_dst.1.ingress_queue_wait_bucket.response.1_63 = 0
stat.switch.port.node.1.tx_dst.1.ingress_pre_occ_bucket.response.65_256 = 0
stat.switch.port.node.1.tx_dst.1.ingress_queue_wait_bucket.response.64_255 = 0
stat.switch.port.node.1.tx_dst.1.ingress_pre_occ_bucket.response.257_1024 = 0
stat.switch.port.node.1.tx_dst.1.ingress_queue_wait_bucket.response.256_1023 = 0
stat.switch.port.node.1.tx_dst.1.ingress_pre_occ_bucket.response.1025_4096 = 0
stat.switch.port.node.1.tx_dst.1.ingress_queue_wait_bucket.response.1024_4095 = 0
stat.switch.port.node.1.tx_dst.1.ingress_pre_occ_bucket.response.4097_plus = 0
stat.switch.port.node.1.tx_dst.1.ingress_queue_wait_bucket.response.4096_plus = 0
stat.switch.port.node.2.ingress_wait_avg_cycles = 129.096
stat.switch.port.node.2.ingress_wait_max_cycles = 158
stat.switch.port.node.2.egress_wait_avg_cycles = 1
stat.switch.port.node.2.egress_wait_max_cycles = 1
stat.switch.port.node.2.ingress_queue_wait_avg_cycles = 0.876077
stat.switch.port.node.2.ingress_queue_wait_max_cycles = 32
stat.switch.port.node.2.egress_occ_avg_bytes = 0
stat.switch.port.node.2.egress_occ_stddev_bytes = 0
stat.switch.port.node.2.egress_occ_max_bytes = 0
stat.switch.port.node.2.egress_occ_nonempty_frac = 0
stat.switch.port.node.2.egress_blocked_cycles = 0
stat.switch.port.node.2.egress_blocked_nonempty_frac = 0
stat.switch.port.node.2.egress_blocked_avg_occ_bytes = 0
stat.switch.port.node.2.egress_blocked_max_occ_bytes = 0
stat.switch.port.node.2.egress_send_burst_max_pkts = 1
stat.switch.port.node.2.egress_send_burst_max_bytes = 64
stat.switch.port.node.2.egress_send_burst_avg_pkts = 1
stat.switch.port.node.2.egress_send_burst_avg_bytes = 64
stat.switch.port.node.2.egress_send_burst_stddev_pkts = 0
stat.switch.port.node.2.egress_send_burst_stddev_bytes = 0
stat.switch.port.node.2.egress_send_nonempty_frac = 0.00451451
stat.switch.port.node.2.ingress_arrival_burst_avg_bytes = 19.2728
stat.switch.port.node.2.ingress_arrival_nonempty_frac = 0.005644
stat.switch.port.node.2.ingress_arrival_run_max_cycles = 6
stat.switch.port.node.2.ingress_arrival_run_avg_cycles = 1.04737
stat.switch.port.node.2.ingress_arrival_gap_max_cycles = 957
stat.switch.port.node.2.ingress_arrival_gap_avg_cycles = 164.264
stat.switch.port.node.2.ingress_release_burst_avg_bytes = 19.253
stat.switch.port.node.2.ingress_release_nonempty_frac = 0.00564982
stat.switch.port.node.2.ingress_release_run_max_cycles = 1
stat.switch.port.node.2.ingress_release_run_avg_cycles = 1
stat.switch.port.node.2.ingress_release_gap_max_cycles = 957
stat.switch.port.node.2.ingress_release_gap_avg_cycles = 156.685
stat.switch.port.node.2.ingress_occ_avg_bytes = 14.9545
stat.switch.port.node.2.ingress_occ_stddev_bytes = 33.8317
stat.switch.port.node.2.ingress_occ_max_bytes = 328
stat.switch.port.node.2.ingress_occ_nonempty_frac = 0.274931
stat.switch.port.node.2.ingress_occ_run_max_cycles = 529
stat.switch.port.node.2.ingress_occ_run_avg_cycles = 220.95
stat.switch.port.node.2.ingress_occ_gap_max_cycles = 835
stat.switch.port.node.2.ingress_occ_gap_avg_cycles = 495.044
stat.switch.port.node.2.ingress_wait_avg_cycles.demand_req = 125.059
stat.switch.port.node.2.ingress_wait_max_cycles.demand_req = 156
stat.switch.port.node.2.ingress_queue_wait_avg_cycles.demand_req = 1.05889
stat.switch.port.node.2.ingress_queue_wait_max_cycles.demand_req = 32
stat.switch.port.node.2.egress_wait_avg_cycles.demand_req = 0
stat.switch.port.node.2.egress_wait_max_cycles.demand_req = 0
stat.switch.port.node.2.egress_occ_avg_bytes.demand_req = 0
stat.switch.port.node.2.egress_occ_max_bytes.demand_req = 0
stat.switch.port.node.2.egress_blocked_cycles.demand_req = 0
stat.switch.port.node.2.ingress_arrival_empty_packets.demand_req = 2597
stat.switch.port.node.2.ingress_arrival_nonempty_packets.demand_req = 18339
stat.switch.port.node.2.ingress_arrival_nonempty_packet_frac.demand_req = 0.875955
stat.switch.port.node.2.ingress_nonempty_arrival_pre_occ_avg_bytes.demand_req = 65.6616
stat.switch.port.node.2.ingress_nonempty_arrival_pre_occ_max_bytes.demand_req = 296
stat.switch.port.node.2.ingress_release_after_empty_arrival_packets.demand_req = 2597
stat.switch.port.node.2.ingress_release_after_nonempty_arrival_packets.demand_req = 18339
stat.switch.port.node.2.ingress_wait_after_empty_arrival_avg_cycles.demand_req = 124
stat.switch.port.node.2.ingress_wait_after_nonempty_arrival_avg_cycles.demand_req = 125.209
stat.switch.port.node.2.ingress_queue_wait_after_empty_arrival_avg_cycles.demand_req = 0
stat.switch.port.node.2.ingress_queue_wait_after_nonempty_arrival_avg_cycles.demand_req = 1.20884
stat.switch.port.node.2.ingress_queue_wait_after_empty_arrival_max_cycles.demand_req = 0
stat.switch.port.node.2.ingress_queue_wait_after_nonempty_arrival_max_cycles.demand_req = 32
stat.switch.port.node.2.rx_bytes.demand_req = 167488
stat.switch.port.node.2.tx_bytes.demand_req = 0
stat.switch.port.node.2.rx_pkts.demand_req = 20936
stat.switch.port.node.2.tx_pkts.demand_req = 0
stat.switch.port.node.2.ingress_wait_avg_cycles.write_req = 145.151
stat.switch.port.node.2.ingress_wait_max_cycles.write_req = 158
stat.switch.port.node.2.ingress_queue_wait_avg_cycles.write_req = 0.150854
stat.switch.port.node.2.ingress_queue_wait_max_cycles.write_req = 13
stat.switch.port.node.2.egress_wait_avg_cycles.write_req = 0
stat.switch.port.node.2.egress_wait_max_cycles.write_req = 0
stat.switch.port.node.2.egress_occ_avg_bytes.write_req = 0
stat.switch.port.node.2.egress_occ_max_bytes.write_req = 0
stat.switch.port.node.2.egress_blocked_cycles.write_req = 0
stat.switch.port.node.2.ingress_arrival_empty_packets.write_req = 3177
stat.switch.port.node.2.ingress_arrival_nonempty_packets.write_req = 2093
stat.switch.port.node.2.ingress_arrival_nonempty_packet_frac.write_req = 0.397154
stat.switch.port.node.2.ingress_nonempty_arrival_pre_occ_avg_bytes.write_req = 72.2943
stat.switch.port.node.2.ingress_nonempty_arrival_pre_occ_max_bytes.write_req = 264
stat.switch.port.node.2.ingress_release_after_empty_arrival_packets.write_req = 3177
stat.switch.port.node.2.ingress_release_after_nonempty_arrival_packets.write_req = 2093
stat.switch.port.node.2.ingress_wait_after_empty_arrival_avg_cycles.write_req = 145
stat.switch.port.node.2.ingress_wait_after_nonempty_arrival_avg_cycles.write_req = 145.38
stat.switch.port.node.2.ingress_queue_wait_after_empty_arrival_avg_cycles.write_req = 0
stat.switch.port.node.2.ingress_queue_wait_after_nonempty_arrival_avg_cycles.write_req = 0.379838
stat.switch.port.node.2.ingress_queue_wait_after_empty_arrival_max_cycles.write_req = 0
stat.switch.port.node.2.ingress_queue_wait_after_nonempty_arrival_max_cycles.write_req = 13
stat.switch.port.node.2.rx_bytes.write_req = 337280
stat.switch.port.node.2.tx_bytes.write_req = 0
stat.switch.port.node.2.rx_pkts.write_req = 5270
stat.switch.port.node.2.tx_pkts.write_req = 0
stat.switch.port.node.2.ingress_wait_avg_cycles.response = 0
stat.switch.port.node.2.ingress_wait_max_cycles.response = 0
stat.switch.port.node.2.ingress_queue_wait_avg_cycles.response = 0
stat.switch.port.node.2.ingress_queue_wait_max_cycles.response = 0
stat.switch.port.node.2.egress_wait_avg_cycles.response = 1
stat.switch.port.node.2.egress_wait_max_cycles.response = 1
stat.switch.port.node.2.egress_occ_avg_bytes.response = 0
stat.switch.port.node.2.egress_occ_max_bytes.response = 0
stat.switch.port.node.2.egress_blocked_cycles.response = 0
stat.switch.port.node.2.ingress_arrival_empty_packets.response = 0
stat.switch.port.node.2.ingress_arrival_nonempty_packets.response = 0
stat.switch.port.node.2.ingress_arrival_nonempty_packet_frac.response = 0
stat.switch.port.node.2.ingress_nonempty_arrival_pre_occ_avg_bytes.response = 0
stat.switch.port.node.2.ingress_nonempty_arrival_pre_occ_max_bytes.response = 0
stat.switch.port.node.2.ingress_release_after_empty_arrival_packets.response = 0
stat.switch.port.node.2.ingress_release_after_nonempty_arrival_packets.response = 0
stat.switch.port.node.2.ingress_wait_after_empty_arrival_avg_cycles.response = 0
stat.switch.port.node.2.ingress_wait_after_nonempty_arrival_avg_cycles.response = 0
stat.switch.port.node.2.ingress_queue_wait_after_empty_arrival_avg_cycles.response = 0
stat.switch.port.node.2.ingress_queue_wait_after_nonempty_arrival_avg_cycles.response = 0
stat.switch.port.node.2.ingress_queue_wait_after_empty_arrival_max_cycles.response = 0
stat.switch.port.node.2.ingress_queue_wait_after_nonempty_arrival_max_cycles.response = 0
stat.switch.port.node.2.rx_bytes.response = 0
stat.switch.port.node.2.tx_bytes.response = 1341184
stat.switch.port.node.2.rx_pkts.response = 0
stat.switch.port.node.2.tx_pkts.response = 20956
stat.switch.port.node.2.ingress_wait_avg_cycles.other_req = 124.6
stat.switch.port.node.2.ingress_wait_max_cycles.other_req = 128
stat.switch.port.node.2.ingress_queue_wait_avg_cycles.other_req = 0.6
stat.switch.port.node.2.ingress_queue_wait_max_cycles.other_req = 4
stat.switch.port.node.2.egress_wait_avg_cycles.other_req = 0
stat.switch.port.node.2.egress_wait_max_cycles.other_req = 0
stat.switch.port.node.2.egress_occ_avg_bytes.other_req = 0
stat.switch.port.node.2.egress_occ_max_bytes.other_req = 0
stat.switch.port.node.2.egress_blocked_cycles.other_req = 0
stat.switch.port.node.2.ingress_arrival_empty_packets.other_req = 2
stat.switch.port.node.2.ingress_arrival_nonempty_packets.other_req = 18
stat.switch.port.node.2.ingress_arrival_nonempty_packet_frac.other_req = 0.9
stat.switch.port.node.2.ingress_nonempty_arrival_pre_occ_avg_bytes.other_req = 63.1111
stat.switch.port.node.2.ingress_nonempty_arrival_pre_occ_max_bytes.other_req = 176
stat.switch.port.node.2.ingress_release_after_empty_arrival_packets.other_req = 2
stat.switch.port.node.2.ingress_release_after_nonempty_arrival_packets.other_req = 18
stat.switch.port.node.2.ingress_wait_after_empty_arrival_avg_cycles.other_req = 124
stat.switch.port.node.2.ingress_wait_after_nonempty_arrival_avg_cycles.other_req = 124.667
stat.switch.port.node.2.ingress_queue_wait_after_empty_arrival_avg_cycles.other_req = 0
stat.switch.port.node.2.ingress_queue_wait_after_nonempty_arrival_avg_cycles.other_req = 0.666667
stat.switch.port.node.2.ingress_queue_wait_after_empty_arrival_max_cycles.other_req = 0
stat.switch.port.node.2.ingress_queue_wait_after_nonempty_arrival_max_cycles.other_req = 4
stat.switch.port.node.2.rx_bytes.other_req = 160
stat.switch.port.node.2.tx_bytes.other_req = 0
stat.switch.port.node.2.rx_pkts.other_req = 20
stat.switch.port.node.2.tx_pkts.other_req = 0
stat.switch.port.node.2.ingress_occ_bucket_bytes.0 = 3365713
stat.switch.port.node.2.ready_occ_bucket_bytes.0 = 4615692
stat.switch.port.node.2.ingress_occ_bucket_bytes.1_64 = 879884
stat.switch.port.node.2.ready_occ_bucket_bytes.1_64 = 26226
stat.switch.port.node.2.ingress_occ_bucket_bytes.65_256 = 395059
stat.switch.port.node.2.ready_occ_bucket_bytes.65_256 = 0
stat.switch.port.node.2.ingress_occ_bucket_bytes.257_1024 = 1262
stat.switch.port.node.2.ready_occ_bucket_bytes.257_1024 = 0
stat.switch.port.node.2.ingress_occ_bucket_bytes.1025_4096 = 0
stat.switch.port.node.2.ready_occ_bucket_bytes.1025_4096 = 0
stat.switch.port.node.2.ingress_occ_bucket_bytes.4097_plus = 0
stat.switch.port.node.2.ready_occ_bucket_bytes.4097_plus = 0
stat.switch.port.node.2.ingress_pre_occ_bucket.demand_req.0 = 2597
stat.switch.port.node.2.ingress_queue_wait_bucket.demand_req.0 = 17744
stat.switch.port.node.2.ingress_pre_occ_bucket.demand_req.1_64 = 9667
stat.switch.port.node.2.ingress_queue_wait_bucket.demand_req.1_63 = 3192
stat.switch.port.node.2.ingress_pre_occ_bucket.demand_req.65_256 = 8649
stat.switch.port.node.2.ingress_queue_wait_bucket.demand_req.64_255 = 0
stat.switch.port.node.2.ingress_pre_occ_bucket.demand_req.257_1024 = 23
stat.switch.port.node.2.ingress_queue_wait_bucket.demand_req.256_1023 = 0
stat.switch.port.node.2.ingress_pre_occ_bucket.demand_req.1025_4096 = 0
stat.switch.port.node.2.ingress_queue_wait_bucket.demand_req.1024_4095 = 0
stat.switch.port.node.2.ingress_pre_occ_bucket.demand_req.4097_plus = 0
stat.switch.port.node.2.ingress_queue_wait_bucket.demand_req.4096_plus = 0
stat.switch.port.node.2.ingress_pre_occ_bucket.write_req.0 = 3177
stat.switch.port.node.2.ingress_queue_wait_bucket.write_req.0 = 5073
stat.switch.port.node.2.ingress_pre_occ_bucket.write_req.1_64 = 1365
stat.switch.port.node.2.ingress_queue_wait_bucket.write_req.1_63 = 197
stat.switch.port.node.2.ingress_pre_occ_bucket.write_req.65_256 = 727
stat.switch.port.node.2.ingress_queue_wait_bucket.write_req.64_255 = 0
stat.switch.port.node.2.ingress_pre_occ_bucket.write_req.257_1024 = 1
stat.switch.port.node.2.ingress_queue_wait_bucket.write_req.256_1023 = 0
stat.switch.port.node.2.ingress_pre_occ_bucket.write_req.1025_4096 = 0
stat.switch.port.node.2.ingress_queue_wait_bucket.write_req.1024_4095 = 0
stat.switch.port.node.2.ingress_pre_occ_bucket.write_req.4097_plus = 0
stat.switch.port.node.2.ingress_queue_wait_bucket.write_req.4096_plus = 0
stat.switch.port.node.2.ingress_pre_occ_bucket.response.0 = 0
stat.switch.port.node.2.ingress_queue_wait_bucket.response.0 = 0
stat.switch.port.node.2.ingress_pre_occ_bucket.response.1_64 = 0
stat.switch.port.node.2.ingress_queue_wait_bucket.response.1_63 = 0
stat.switch.port.node.2.ingress_pre_occ_bucket.response.65_256 = 0
stat.switch.port.node.2.ingress_queue_wait_bucket.response.64_255 = 0
stat.switch.port.node.2.ingress_pre_occ_bucket.response.257_1024 = 0
stat.switch.port.node.2.ingress_queue_wait_bucket.response.256_1023 = 0
stat.switch.port.node.2.ingress_pre_occ_bucket.response.1025_4096 = 0
stat.switch.port.node.2.ingress_queue_wait_bucket.response.1024_4095 = 0
stat.switch.port.node.2.ingress_pre_occ_bucket.response.4097_plus = 0
stat.switch.port.node.2.ingress_queue_wait_bucket.response.4096_plus = 0
stat.switch.port.node.2.ingress_pre_occ_bucket.other_req.0 = 2
stat.switch.port.node.2.ingress_queue_wait_bucket.other_req.0 = 14
stat.switch.port.node.2.ingress_pre_occ_bucket.other_req.1_64 = 10
stat.switch.port.node.2.ingress_queue_wait_bucket.other_req.1_63 = 6
stat.switch.port.node.2.ingress_pre_occ_bucket.other_req.65_256 = 8
stat.switch.port.node.2.ingress_queue_wait_bucket.other_req.64_255 = 0
stat.switch.port.node.2.ingress_pre_occ_bucket.other_req.257_1024 = 0
stat.switch.port.node.2.ingress_queue_wait_bucket.other_req.256_1023 = 0
stat.switch.port.node.2.ingress_pre_occ_bucket.other_req.1025_4096 = 0
stat.switch.port.node.2.ingress_queue_wait_bucket.other_req.1024_4095 = 0
stat.switch.port.node.2.ingress_pre_occ_bucket.other_req.4097_plus = 0
stat.switch.port.node.2.ingress_queue_wait_bucket.other_req.4096_plus = 0
stat.switch.port.node.2.peer_src.2.rx_bytes.demand_req = 167488
stat.switch.port.node.2.peer_src.2.rx_pkts.demand_req = 20936
stat.switch.port.node.2.peer_src.2.tx_bytes.demand_req = 0
stat.switch.port.node.2.peer_src.2.tx_pkts.demand_req = 0
stat.switch.port.node.2.peer_src.2.ingress_arrivals.demand_req = 20936
stat.switch.port.node.2.peer_src.2.ingress_arrival_nonempty_packet_frac.demand_req = 0.875955
stat.switch.port.node.2.peer_src.2.ingress_nonempty_arrival_pre_occ_avg_bytes.demand_req = 65.6616
stat.switch.port.node.2.peer_src.2.ingress_nonempty_arrival_pre_occ_max_bytes.demand_req = 296
stat.switch.port.node.2.peer_src.2.ingress_wait_avg_cycles.demand_req = 125.059
stat.switch.port.node.2.peer_src.2.ingress_queue_wait_avg_cycles.demand_req = 1.05889
stat.switch.port.node.2.peer_src.2.ingress_queue_wait_after_nonempty_arrival_avg_cycles.demand_req = 1.20884
stat.switch.port.node.2.peer_src.2.ingress_pre_occ_bucket.demand_req.0 = 2597
stat.switch.port.node.2.peer_src.2.ingress_queue_wait_bucket.demand_req.0 = 17744
stat.switch.port.node.2.peer_src.2.ingress_pre_occ_bucket.demand_req.1_64 = 9667
stat.switch.port.node.2.peer_src.2.ingress_queue_wait_bucket.demand_req.1_63 = 3192
stat.switch.port.node.2.peer_src.2.ingress_pre_occ_bucket.demand_req.65_256 = 8649
stat.switch.port.node.2.peer_src.2.ingress_queue_wait_bucket.demand_req.64_255 = 0
stat.switch.port.node.2.peer_src.2.ingress_pre_occ_bucket.demand_req.257_1024 = 23
stat.switch.port.node.2.peer_src.2.ingress_queue_wait_bucket.demand_req.256_1023 = 0
stat.switch.port.node.2.peer_src.2.ingress_pre_occ_bucket.demand_req.1025_4096 = 0
stat.switch.port.node.2.peer_src.2.ingress_queue_wait_bucket.demand_req.1024_4095 = 0
stat.switch.port.node.2.peer_src.2.ingress_pre_occ_bucket.demand_req.4097_plus = 0
stat.switch.port.node.2.peer_src.2.ingress_queue_wait_bucket.demand_req.4096_plus = 0
stat.switch.port.node.2.peer_src.2.rx_bytes.write_req = 337280
stat.switch.port.node.2.peer_src.2.rx_pkts.write_req = 5270
stat.switch.port.node.2.peer_src.2.tx_bytes.write_req = 0
stat.switch.port.node.2.peer_src.2.tx_pkts.write_req = 0
stat.switch.port.node.2.peer_src.2.ingress_arrivals.write_req = 5270
stat.switch.port.node.2.peer_src.2.ingress_arrival_nonempty_packet_frac.write_req = 0.397154
stat.switch.port.node.2.peer_src.2.ingress_nonempty_arrival_pre_occ_avg_bytes.write_req = 72.2943
stat.switch.port.node.2.peer_src.2.ingress_nonempty_arrival_pre_occ_max_bytes.write_req = 264
stat.switch.port.node.2.peer_src.2.ingress_wait_avg_cycles.write_req = 145.151
stat.switch.port.node.2.peer_src.2.ingress_queue_wait_avg_cycles.write_req = 0.150854
stat.switch.port.node.2.peer_src.2.ingress_queue_wait_after_nonempty_arrival_avg_cycles.write_req = 0.379838
stat.switch.port.node.2.peer_src.2.ingress_pre_occ_bucket.write_req.0 = 3177
stat.switch.port.node.2.peer_src.2.ingress_queue_wait_bucket.write_req.0 = 5073
stat.switch.port.node.2.peer_src.2.ingress_pre_occ_bucket.write_req.1_64 = 1365
stat.switch.port.node.2.peer_src.2.ingress_queue_wait_bucket.write_req.1_63 = 197
stat.switch.port.node.2.peer_src.2.ingress_pre_occ_bucket.write_req.65_256 = 727
stat.switch.port.node.2.peer_src.2.ingress_queue_wait_bucket.write_req.64_255 = 0
stat.switch.port.node.2.peer_src.2.ingress_pre_occ_bucket.write_req.257_1024 = 1
stat.switch.port.node.2.peer_src.2.ingress_queue_wait_bucket.write_req.256_1023 = 0
stat.switch.port.node.2.peer_src.2.ingress_pre_occ_bucket.write_req.1025_4096 = 0
stat.switch.port.node.2.peer_src.2.ingress_queue_wait_bucket.write_req.1024_4095 = 0
stat.switch.port.node.2.peer_src.2.ingress_pre_occ_bucket.write_req.4097_plus = 0
stat.switch.port.node.2.peer_src.2.ingress_queue_wait_bucket.write_req.4096_plus = 0
stat.switch.port.node.2.peer_src.2.rx_bytes.other_req = 160
stat.switch.port.node.2.peer_src.2.rx_pkts.other_req = 20
stat.switch.port.node.2.peer_src.2.tx_bytes.other_req = 0
stat.switch.port.node.2.peer_src.2.tx_pkts.other_req = 0
stat.switch.port.node.2.peer_src.2.ingress_arrivals.other_req = 20
stat.switch.port.node.2.peer_src.2.ingress_arrival_nonempty_packet_frac.other_req = 0.9
stat.switch.port.node.2.peer_src.2.ingress_nonempty_arrival_pre_occ_avg_bytes.other_req = 63.1111
stat.switch.port.node.2.peer_src.2.ingress_nonempty_arrival_pre_occ_max_bytes.other_req = 176
stat.switch.port.node.2.peer_src.2.ingress_wait_avg_cycles.other_req = 124.6
stat.switch.port.node.2.peer_src.2.ingress_queue_wait_avg_cycles.other_req = 0.6
stat.switch.port.node.2.peer_src.2.ingress_queue_wait_after_nonempty_arrival_avg_cycles.other_req = 0.666667
stat.switch.port.node.2.peer_src.2.ingress_pre_occ_bucket.other_req.0 = 2
stat.switch.port.node.2.peer_src.2.ingress_queue_wait_bucket.other_req.0 = 14
stat.switch.port.node.2.peer_src.2.ingress_pre_occ_bucket.other_req.1_64 = 10
stat.switch.port.node.2.peer_src.2.ingress_queue_wait_bucket.other_req.1_63 = 6
stat.switch.port.node.2.peer_src.2.ingress_pre_occ_bucket.other_req.65_256 = 8
stat.switch.port.node.2.peer_src.2.ingress_queue_wait_bucket.other_req.64_255 = 0
stat.switch.port.node.2.peer_src.2.ingress_pre_occ_bucket.other_req.257_1024 = 0
stat.switch.port.node.2.peer_src.2.ingress_queue_wait_bucket.other_req.256_1023 = 0
stat.switch.port.node.2.peer_src.2.ingress_pre_occ_bucket.other_req.1025_4096 = 0
stat.switch.port.node.2.peer_src.2.ingress_queue_wait_bucket.other_req.1024_4095 = 0
stat.switch.port.node.2.peer_src.2.ingress_pre_occ_bucket.other_req.4097_plus = 0
stat.switch.port.node.2.peer_src.2.ingress_queue_wait_bucket.other_req.4096_plus = 0
stat.switch.port.node.2.peer_dst.100.rx_bytes.demand_req = 167488
stat.switch.port.node.2.peer_dst.100.rx_pkts.demand_req = 20936
stat.switch.port.node.2.peer_dst.100.tx_bytes.demand_req = 0
stat.switch.port.node.2.peer_dst.100.tx_pkts.demand_req = 0
stat.switch.port.node.2.peer_dst.100.ingress_arrivals.demand_req = 20936
stat.switch.port.node.2.peer_dst.100.ingress_arrival_nonempty_packet_frac.demand_req = 0.875955
stat.switch.port.node.2.peer_dst.100.ingress_nonempty_arrival_pre_occ_avg_bytes.demand_req = 65.6616
stat.switch.port.node.2.peer_dst.100.ingress_nonempty_arrival_pre_occ_max_bytes.demand_req = 296
stat.switch.port.node.2.peer_dst.100.ingress_wait_avg_cycles.demand_req = 125.059
stat.switch.port.node.2.peer_dst.100.ingress_queue_wait_avg_cycles.demand_req = 1.05889
stat.switch.port.node.2.peer_dst.100.ingress_queue_wait_after_nonempty_arrival_avg_cycles.demand_req = 1.20884
stat.switch.port.node.2.peer_dst.100.ingress_pre_occ_bucket.demand_req.0 = 2597
stat.switch.port.node.2.peer_dst.100.ingress_queue_wait_bucket.demand_req.0 = 17744
stat.switch.port.node.2.peer_dst.100.ingress_pre_occ_bucket.demand_req.1_64 = 9667
stat.switch.port.node.2.peer_dst.100.ingress_queue_wait_bucket.demand_req.1_63 = 3192
stat.switch.port.node.2.peer_dst.100.ingress_pre_occ_bucket.demand_req.65_256 = 8649
stat.switch.port.node.2.peer_dst.100.ingress_queue_wait_bucket.demand_req.64_255 = 0
stat.switch.port.node.2.peer_dst.100.ingress_pre_occ_bucket.demand_req.257_1024 = 23
stat.switch.port.node.2.peer_dst.100.ingress_queue_wait_bucket.demand_req.256_1023 = 0
stat.switch.port.node.2.peer_dst.100.ingress_pre_occ_bucket.demand_req.1025_4096 = 0
stat.switch.port.node.2.peer_dst.100.ingress_queue_wait_bucket.demand_req.1024_4095 = 0
stat.switch.port.node.2.peer_dst.100.ingress_pre_occ_bucket.demand_req.4097_plus = 0
stat.switch.port.node.2.peer_dst.100.ingress_queue_wait_bucket.demand_req.4096_plus = 0
stat.switch.port.node.2.peer_dst.100.rx_bytes.write_req = 337280
stat.switch.port.node.2.peer_dst.100.rx_pkts.write_req = 5270
stat.switch.port.node.2.peer_dst.100.tx_bytes.write_req = 0
stat.switch.port.node.2.peer_dst.100.tx_pkts.write_req = 0
stat.switch.port.node.2.peer_dst.100.ingress_arrivals.write_req = 5270
stat.switch.port.node.2.peer_dst.100.ingress_arrival_nonempty_packet_frac.write_req = 0.397154
stat.switch.port.node.2.peer_dst.100.ingress_nonempty_arrival_pre_occ_avg_bytes.write_req = 72.2943
stat.switch.port.node.2.peer_dst.100.ingress_nonempty_arrival_pre_occ_max_bytes.write_req = 264
stat.switch.port.node.2.peer_dst.100.ingress_wait_avg_cycles.write_req = 145.151
stat.switch.port.node.2.peer_dst.100.ingress_queue_wait_avg_cycles.write_req = 0.150854
stat.switch.port.node.2.peer_dst.100.ingress_queue_wait_after_nonempty_arrival_avg_cycles.write_req = 0.379838
stat.switch.port.node.2.peer_dst.100.ingress_pre_occ_bucket.write_req.0 = 3177
stat.switch.port.node.2.peer_dst.100.ingress_queue_wait_bucket.write_req.0 = 5073
stat.switch.port.node.2.peer_dst.100.ingress_pre_occ_bucket.write_req.1_64 = 1365
stat.switch.port.node.2.peer_dst.100.ingress_queue_wait_bucket.write_req.1_63 = 197
stat.switch.port.node.2.peer_dst.100.ingress_pre_occ_bucket.write_req.65_256 = 727
stat.switch.port.node.2.peer_dst.100.ingress_queue_wait_bucket.write_req.64_255 = 0
stat.switch.port.node.2.peer_dst.100.ingress_pre_occ_bucket.write_req.257_1024 = 1
stat.switch.port.node.2.peer_dst.100.ingress_queue_wait_bucket.write_req.256_1023 = 0
stat.switch.port.node.2.peer_dst.100.ingress_pre_occ_bucket.write_req.1025_4096 = 0
stat.switch.port.node.2.peer_dst.100.ingress_queue_wait_bucket.write_req.1024_4095 = 0
stat.switch.port.node.2.peer_dst.100.ingress_pre_occ_bucket.write_req.4097_plus = 0
stat.switch.port.node.2.peer_dst.100.ingress_queue_wait_bucket.write_req.4096_plus = 0
stat.switch.port.node.2.peer_dst.100.rx_bytes.other_req = 160
stat.switch.port.node.2.peer_dst.100.rx_pkts.other_req = 20
stat.switch.port.node.2.peer_dst.100.tx_bytes.other_req = 0
stat.switch.port.node.2.peer_dst.100.tx_pkts.other_req = 0
stat.switch.port.node.2.peer_dst.100.ingress_arrivals.other_req = 20
stat.switch.port.node.2.peer_dst.100.ingress_arrival_nonempty_packet_frac.other_req = 0.9
stat.switch.port.node.2.peer_dst.100.ingress_nonempty_arrival_pre_occ_avg_bytes.other_req = 63.1111
stat.switch.port.node.2.peer_dst.100.ingress_nonempty_arrival_pre_occ_max_bytes.other_req = 176
stat.switch.port.node.2.peer_dst.100.ingress_wait_avg_cycles.other_req = 124.6
stat.switch.port.node.2.peer_dst.100.ingress_queue_wait_avg_cycles.other_req = 0.6
stat.switch.port.node.2.peer_dst.100.ingress_queue_wait_after_nonempty_arrival_avg_cycles.other_req = 0.666667
stat.switch.port.node.2.peer_dst.100.ingress_pre_occ_bucket.other_req.0 = 2
stat.switch.port.node.2.peer_dst.100.ingress_queue_wait_bucket.other_req.0 = 14
stat.switch.port.node.2.peer_dst.100.ingress_pre_occ_bucket.other_req.1_64 = 10
stat.switch.port.node.2.peer_dst.100.ingress_queue_wait_bucket.other_req.1_63 = 6
stat.switch.port.node.2.peer_dst.100.ingress_pre_occ_bucket.other_req.65_256 = 8
stat.switch.port.node.2.peer_dst.100.ingress_queue_wait_bucket.other_req.64_255 = 0
stat.switch.port.node.2.peer_dst.100.ingress_pre_occ_bucket.other_req.257_1024 = 0
stat.switch.port.node.2.peer_dst.100.ingress_queue_wait_bucket.other_req.256_1023 = 0
stat.switch.port.node.2.peer_dst.100.ingress_pre_occ_bucket.other_req.1025_4096 = 0
stat.switch.port.node.2.peer_dst.100.ingress_queue_wait_bucket.other_req.1024_4095 = 0
stat.switch.port.node.2.peer_dst.100.ingress_pre_occ_bucket.other_req.4097_plus = 0
stat.switch.port.node.2.peer_dst.100.ingress_queue_wait_bucket.other_req.4096_plus = 0
stat.switch.port.node.2.tx_src.100.rx_bytes.response = 0
stat.switch.port.node.2.tx_src.100.rx_pkts.response = 0
stat.switch.port.node.2.tx_src.100.tx_bytes.response = 1341184
stat.switch.port.node.2.tx_src.100.tx_pkts.response = 20956
stat.switch.port.node.2.tx_src.100.ingress_arrivals.response = 0
stat.switch.port.node.2.tx_src.100.ingress_arrival_nonempty_packet_frac.response = 0
stat.switch.port.node.2.tx_src.100.ingress_nonempty_arrival_pre_occ_avg_bytes.response = 0
stat.switch.port.node.2.tx_src.100.ingress_nonempty_arrival_pre_occ_max_bytes.response = 0
stat.switch.port.node.2.tx_src.100.ingress_wait_avg_cycles.response = 0
stat.switch.port.node.2.tx_src.100.ingress_queue_wait_avg_cycles.response = 0
stat.switch.port.node.2.tx_src.100.ingress_queue_wait_after_nonempty_arrival_avg_cycles.response = 0
stat.switch.port.node.2.tx_src.100.ingress_pre_occ_bucket.response.0 = 0
stat.switch.port.node.2.tx_src.100.ingress_queue_wait_bucket.response.0 = 0
stat.switch.port.node.2.tx_src.100.ingress_pre_occ_bucket.response.1_64 = 0
stat.switch.port.node.2.tx_src.100.ingress_queue_wait_bucket.response.1_63 = 0
stat.switch.port.node.2.tx_src.100.ingress_pre_occ_bucket.response.65_256 = 0
stat.switch.port.node.2.tx_src.100.ingress_queue_wait_bucket.response.64_255 = 0
stat.switch.port.node.2.tx_src.100.ingress_pre_occ_bucket.response.257_1024 = 0
stat.switch.port.node.2.tx_src.100.ingress_queue_wait_bucket.response.256_1023 = 0
stat.switch.port.node.2.tx_src.100.ingress_pre_occ_bucket.response.1025_4096 = 0
stat.switch.port.node.2.tx_src.100.ingress_queue_wait_bucket.response.1024_4095 = 0
stat.switch.port.node.2.tx_src.100.ingress_pre_occ_bucket.response.4097_plus = 0
stat.switch.port.node.2.tx_src.100.ingress_queue_wait_bucket.response.4096_plus = 0
stat.switch.port.node.2.tx_dst.2.rx_bytes.response = 0
stat.switch.port.node.2.tx_dst.2.rx_pkts.response = 0
stat.switch.port.node.2.tx_dst.2.tx_bytes.response = 1341184
stat.switch.port.node.2.tx_dst.2.tx_pkts.response = 20956
stat.switch.port.node.2.tx_dst.2.ingress_arrivals.response = 0
stat.switch.port.node.2.tx_dst.2.ingress_arrival_nonempty_packet_frac.response = 0
stat.switch.port.node.2.tx_dst.2.ingress_nonempty_arrival_pre_occ_avg_bytes.response = 0
stat.switch.port.node.2.tx_dst.2.ingress_nonempty_arrival_pre_occ_max_bytes.response = 0
stat.switch.port.node.2.tx_dst.2.ingress_wait_avg_cycles.response = 0
stat.switch.port.node.2.tx_dst.2.ingress_queue_wait_avg_cycles.response = 0
stat.switch.port.node.2.tx_dst.2.ingress_queue_wait_after_nonempty_arrival_avg_cycles.response = 0
stat.switch.port.node.2.tx_dst.2.ingress_pre_occ_bucket.response.0 = 0
stat.switch.port.node.2.tx_dst.2.ingress_queue_wait_bucket.response.0 = 0
stat.switch.port.node.2.tx_dst.2.ingress_pre_occ_bucket.response.1_64 = 0
stat.switch.port.node.2.tx_dst.2.ingress_queue_wait_bucket.response.1_63 = 0
stat.switch.port.node.2.tx_dst.2.ingress_pre_occ_bucket.response.65_256 = 0
stat.switch.port.node.2.tx_dst.2.ingress_queue_wait_bucket.response.64_255 = 0
stat.switch.port.node.2.tx_dst.2.ingress_pre_occ_bucket.response.257_1024 = 0
stat.switch.port.node.2.tx_dst.2.ingress_queue_wait_bucket.response.256_1023 = 0
stat.switch.port.node.2.tx_dst.2.ingress_pre_occ_bucket.response.1025_4096 = 0
stat.switch.port.node.2.tx_dst.2.ingress_queue_wait_bucket.response.1024_4095 = 0
stat.switch.port.node.2.tx_dst.2.ingress_pre_occ_bucket.response.4097_plus = 0
stat.switch.port.node.2.tx_dst.2.ingress_queue_wait_bucket.response.4096_plus = 0
stat.switch.port.node.3.ingress_wait_avg_cycles = 129.096
stat.switch.port.node.3.ingress_wait_max_cycles = 158
stat.switch.port.node.3.egress_wait_avg_cycles = 1
stat.switch.port.node.3.egress_wait_max_cycles = 1
stat.switch.port.node.3.ingress_queue_wait_avg_cycles = 0.876077
stat.switch.port.node.3.ingress_queue_wait_max_cycles = 32
stat.switch.port.node.3.egress_occ_avg_bytes = 0
stat.switch.port.node.3.egress_occ_stddev_bytes = 0
stat.switch.port.node.3.egress_occ_max_bytes = 0
stat.switch.port.node.3.egress_occ_nonempty_frac = 0
stat.switch.port.node.3.egress_blocked_cycles = 0
stat.switch.port.node.3.egress_blocked_nonempty_frac = 0
stat.switch.port.node.3.egress_blocked_avg_occ_bytes = 0
stat.switch.port.node.3.egress_blocked_max_occ_bytes = 0
stat.switch.port.node.3.egress_send_burst_max_pkts = 1
stat.switch.port.node.3.egress_send_burst_max_bytes = 64
stat.switch.port.node.3.egress_send_burst_avg_pkts = 1
stat.switch.port.node.3.egress_send_burst_avg_bytes = 64
stat.switch.port.node.3.egress_send_burst_stddev_pkts = 0
stat.switch.port.node.3.egress_send_burst_stddev_bytes = 0
stat.switch.port.node.3.egress_send_nonempty_frac = 0.00451451
stat.switch.port.node.3.ingress_arrival_burst_avg_bytes = 19.2728
stat.switch.port.node.3.ingress_arrival_nonempty_frac = 0.005644
stat.switch.port.node.3.ingress_arrival_run_max_cycles = 6
stat.switch.port.node.3.ingress_arrival_run_avg_cycles = 1.04737
stat.switch.port.node.3.ingress_arrival_gap_max_cycles = 957
stat.switch.port.node.3.ingress_arrival_gap_avg_cycles = 164.264
stat.switch.port.node.3.ingress_release_burst_avg_bytes = 19.253
stat.switch.port.node.3.ingress_release_nonempty_frac = 0.00564982
stat.switch.port.node.3.ingress_release_run_max_cycles = 1
stat.switch.port.node.3.ingress_release_run_avg_cycles = 1
stat.switch.port.node.3.ingress_release_gap_max_cycles = 957
stat.switch.port.node.3.ingress_release_gap_avg_cycles = 156.685
stat.switch.port.node.3.ingress_occ_avg_bytes = 14.9545
stat.switch.port.node.3.ingress_occ_stddev_bytes = 33.8317
stat.switch.port.node.3.ingress_occ_max_bytes = 328
stat.switch.port.node.3.ingress_occ_nonempty_frac = 0.274931
stat.switch.port.node.3.ingress_occ_run_max_cycles = 529
stat.switch.port.node.3.ingress_occ_run_avg_cycles = 220.95
stat.switch.port.node.3.ingress_occ_gap_max_cycles = 835
stat.switch.port.node.3.ingress_occ_gap_avg_cycles = 495.044
stat.switch.port.node.3.ingress_wait_avg_cycles.demand_req = 125.059
stat.switch.port.node.3.ingress_wait_max_cycles.demand_req = 156
stat.switch.port.node.3.ingress_queue_wait_avg_cycles.demand_req = 1.05889
stat.switch.port.node.3.ingress_queue_wait_max_cycles.demand_req = 32
stat.switch.port.node.3.egress_wait_avg_cycles.demand_req = 0
stat.switch.port.node.3.egress_wait_max_cycles.demand_req = 0
stat.switch.port.node.3.egress_occ_avg_bytes.demand_req = 0
stat.switch.port.node.3.egress_occ_max_bytes.demand_req = 0
stat.switch.port.node.3.egress_blocked_cycles.demand_req = 0
stat.switch.port.node.3.ingress_arrival_empty_packets.demand_req = 2597
stat.switch.port.node.3.ingress_arrival_nonempty_packets.demand_req = 18339
stat.switch.port.node.3.ingress_arrival_nonempty_packet_frac.demand_req = 0.875955
stat.switch.port.node.3.ingress_nonempty_arrival_pre_occ_avg_bytes.demand_req = 65.6616
stat.switch.port.node.3.ingress_nonempty_arrival_pre_occ_max_bytes.demand_req = 296
stat.switch.port.node.3.ingress_release_after_empty_arrival_packets.demand_req = 2597
stat.switch.port.node.3.ingress_release_after_nonempty_arrival_packets.demand_req = 18339
stat.switch.port.node.3.ingress_wait_after_empty_arrival_avg_cycles.demand_req = 124
stat.switch.port.node.3.ingress_wait_after_nonempty_arrival_avg_cycles.demand_req = 125.209
stat.switch.port.node.3.ingress_queue_wait_after_empty_arrival_avg_cycles.demand_req = 0
stat.switch.port.node.3.ingress_queue_wait_after_nonempty_arrival_avg_cycles.demand_req = 1.20884
stat.switch.port.node.3.ingress_queue_wait_after_empty_arrival_max_cycles.demand_req = 0
stat.switch.port.node.3.ingress_queue_wait_after_nonempty_arrival_max_cycles.demand_req = 32
stat.switch.port.node.3.rx_bytes.demand_req = 167488
stat.switch.port.node.3.tx_bytes.demand_req = 0
stat.switch.port.node.3.rx_pkts.demand_req = 20936
stat.switch.port.node.3.tx_pkts.demand_req = 0
stat.switch.port.node.3.ingress_wait_avg_cycles.write_req = 145.151
stat.switch.port.node.3.ingress_wait_max_cycles.write_req = 158
stat.switch.port.node.3.ingress_queue_wait_avg_cycles.write_req = 0.150854
stat.switch.port.node.3.ingress_queue_wait_max_cycles.write_req = 13
stat.switch.port.node.3.egress_wait_avg_cycles.write_req = 0
stat.switch.port.node.3.egress_wait_max_cycles.write_req = 0
stat.switch.port.node.3.egress_occ_avg_bytes.write_req = 0
stat.switch.port.node.3.egress_occ_max_bytes.write_req = 0
stat.switch.port.node.3.egress_blocked_cycles.write_req = 0
stat.switch.port.node.3.ingress_arrival_empty_packets.write_req = 3177
stat.switch.port.node.3.ingress_arrival_nonempty_packets.write_req = 2093
stat.switch.port.node.3.ingress_arrival_nonempty_packet_frac.write_req = 0.397154
stat.switch.port.node.3.ingress_nonempty_arrival_pre_occ_avg_bytes.write_req = 72.2943
stat.switch.port.node.3.ingress_nonempty_arrival_pre_occ_max_bytes.write_req = 264
stat.switch.port.node.3.ingress_release_after_empty_arrival_packets.write_req = 3177
stat.switch.port.node.3.ingress_release_after_nonempty_arrival_packets.write_req = 2093
stat.switch.port.node.3.ingress_wait_after_empty_arrival_avg_cycles.write_req = 145
stat.switch.port.node.3.ingress_wait_after_nonempty_arrival_avg_cycles.write_req = 145.38
stat.switch.port.node.3.ingress_queue_wait_after_empty_arrival_avg_cycles.write_req = 0
stat.switch.port.node.3.ingress_queue_wait_after_nonempty_arrival_avg_cycles.write_req = 0.379838
stat.switch.port.node.3.ingress_queue_wait_after_empty_arrival_max_cycles.write_req = 0
stat.switch.port.node.3.ingress_queue_wait_after_nonempty_arrival_max_cycles.write_req = 13
stat.switch.port.node.3.rx_bytes.write_req = 337280
stat.switch.port.node.3.tx_bytes.write_req = 0
stat.switch.port.node.3.rx_pkts.write_req = 5270
stat.switch.port.node.3.tx_pkts.write_req = 0
stat.switch.port.node.3.ingress_wait_avg_cycles.response = 0
stat.switch.port.node.3.ingress_wait_max_cycles.response = 0
stat.switch.port.node.3.ingress_queue_wait_avg_cycles.response = 0
stat.switch.port.node.3.ingress_queue_wait_max_cycles.response = 0
stat.switch.port.node.3.egress_wait_avg_cycles.response = 1
stat.switch.port.node.3.egress_wait_max_cycles.response = 1
stat.switch.port.node.3.egress_occ_avg_bytes.response = 0
stat.switch.port.node.3.egress_occ_max_bytes.response = 0
stat.switch.port.node.3.egress_blocked_cycles.response = 0
stat.switch.port.node.3.ingress_arrival_empty_packets.response = 0
stat.switch.port.node.3.ingress_arrival_nonempty_packets.response = 0
stat.switch.port.node.3.ingress_arrival_nonempty_packet_frac.response = 0
stat.switch.port.node.3.ingress_nonempty_arrival_pre_occ_avg_bytes.response = 0
stat.switch.port.node.3.ingress_nonempty_arrival_pre_occ_max_bytes.response = 0
stat.switch.port.node.3.ingress_release_after_empty_arrival_packets.response = 0
stat.switch.port.node.3.ingress_release_after_nonempty_arrival_packets.response = 0
stat.switch.port.node.3.ingress_wait_after_empty_arrival_avg_cycles.response = 0
stat.switch.port.node.3.ingress_wait_after_nonempty_arrival_avg_cycles.response = 0
stat.switch.port.node.3.ingress_queue_wait_after_empty_arrival_avg_cycles.response = 0
stat.switch.port.node.3.ingress_queue_wait_after_nonempty_arrival_avg_cycles.response = 0
stat.switch.port.node.3.ingress_queue_wait_after_empty_arrival_max_cycles.response = 0
stat.switch.port.node.3.ingress_queue_wait_after_nonempty_arrival_max_cycles.response = 0
stat.switch.port.node.3.rx_bytes.response = 0
stat.switch.port.node.3.tx_bytes.response = 1341184
stat.switch.port.node.3.rx_pkts.response = 0
stat.switch.port.node.3.tx_pkts.response = 20956
stat.switch.port.node.3.ingress_wait_avg_cycles.other_req = 124.6
stat.switch.port.node.3.ingress_wait_max_cycles.other_req = 128
stat.switch.port.node.3.ingress_queue_wait_avg_cycles.other_req = 0.6
stat.switch.port.node.3.ingress_queue_wait_max_cycles.other_req = 4
stat.switch.port.node.3.egress_wait_avg_cycles.other_req = 0
stat.switch.port.node.3.egress_wait_max_cycles.other_req = 0
stat.switch.port.node.3.egress_occ_avg_bytes.other_req = 0
stat.switch.port.node.3.egress_occ_max_bytes.other_req = 0
stat.switch.port.node.3.egress_blocked_cycles.other_req = 0
stat.switch.port.node.3.ingress_arrival_empty_packets.other_req = 2
stat.switch.port.node.3.ingress_arrival_nonempty_packets.other_req = 18
stat.switch.port.node.3.ingress_arrival_nonempty_packet_frac.other_req = 0.9
stat.switch.port.node.3.ingress_nonempty_arrival_pre_occ_avg_bytes.other_req = 63.1111
stat.switch.port.node.3.ingress_nonempty_arrival_pre_occ_max_bytes.other_req = 176
stat.switch.port.node.3.ingress_release_after_empty_arrival_packets.other_req = 2
stat.switch.port.node.3.ingress_release_after_nonempty_arrival_packets.other_req = 18
stat.switch.port.node.3.ingress_wait_after_empty_arrival_avg_cycles.other_req = 124
stat.switch.port.node.3.ingress_wait_after_nonempty_arrival_avg_cycles.other_req = 124.667
stat.switch.port.node.3.ingress_queue_wait_after_empty_arrival_avg_cycles.other_req = 0
stat.switch.port.node.3.ingress_queue_wait_after_nonempty_arrival_avg_cycles.other_req = 0.666667
stat.switch.port.node.3.ingress_queue_wait_after_empty_arrival_max_cycles.other_req = 0
stat.switch.port.node.3.ingress_queue_wait_after_nonempty_arrival_max_cycles.other_req = 4
stat.switch.port.node.3.rx_bytes.other_req = 160
stat.switch.port.node.3.tx_bytes.other_req = 0
stat.switch.port.node.3.rx_pkts.other_req = 20
stat.switch.port.node.3.tx_pkts.other_req = 0
stat.switch.port.node.3.ingress_occ_bucket_bytes.0 = 3365713
stat.switch.port.node.3.ready_occ_bucket_bytes.0 = 4615692
stat.switch.port.node.3.ingress_occ_bucket_bytes.1_64 = 879884
stat.switch.port.node.3.ready_occ_bucket_bytes.1_64 = 26226
stat.switch.port.node.3.ingress_occ_bucket_bytes.65_256 = 395059
stat.switch.port.node.3.ready_occ_bucket_bytes.65_256 = 0
stat.switch.port.node.3.ingress_occ_bucket_bytes.257_1024 = 1262
stat.switch.port.node.3.ready_occ_bucket_bytes.257_1024 = 0
stat.switch.port.node.3.ingress_occ_bucket_bytes.1025_4096 = 0
stat.switch.port.node.3.ready_occ_bucket_bytes.1025_4096 = 0
stat.switch.port.node.3.ingress_occ_bucket_bytes.4097_plus = 0
stat.switch.port.node.3.ready_occ_bucket_bytes.4097_plus = 0
stat.switch.port.node.3.ingress_pre_occ_bucket.demand_req.0 = 2597
stat.switch.port.node.3.ingress_queue_wait_bucket.demand_req.0 = 17744
stat.switch.port.node.3.ingress_pre_occ_bucket.demand_req.1_64 = 9667
stat.switch.port.node.3.ingress_queue_wait_bucket.demand_req.1_63 = 3192
stat.switch.port.node.3.ingress_pre_occ_bucket.demand_req.65_256 = 8649
stat.switch.port.node.3.ingress_queue_wait_bucket.demand_req.64_255 = 0
stat.switch.port.node.3.ingress_pre_occ_bucket.demand_req.257_1024 = 23
stat.switch.port.node.3.ingress_queue_wait_bucket.demand_req.256_1023 = 0
stat.switch.port.node.3.ingress_pre_occ_bucket.demand_req.1025_4096 = 0
stat.switch.port.node.3.ingress_queue_wait_bucket.demand_req.1024_4095 = 0
stat.switch.port.node.3.ingress_pre_occ_bucket.demand_req.4097_plus = 0
stat.switch.port.node.3.ingress_queue_wait_bucket.demand_req.4096_plus = 0
stat.switch.port.node.3.ingress_pre_occ_bucket.write_req.0 = 3177
stat.switch.port.node.3.ingress_queue_wait_bucket.write_req.0 = 5073
stat.switch.port.node.3.ingress_pre_occ_bucket.write_req.1_64 = 1365
stat.switch.port.node.3.ingress_queue_wait_bucket.write_req.1_63 = 197
stat.switch.port.node.3.ingress_pre_occ_bucket.write_req.65_256 = 727
stat.switch.port.node.3.ingress_queue_wait_bucket.write_req.64_255 = 0
stat.switch.port.node.3.ingress_pre_occ_bucket.write_req.257_1024 = 1
stat.switch.port.node.3.ingress_queue_wait_bucket.write_req.256_1023 = 0
stat.switch.port.node.3.ingress_pre_occ_bucket.write_req.1025_4096 = 0
stat.switch.port.node.3.ingress_queue_wait_bucket.write_req.1024_4095 = 0
stat.switch.port.node.3.ingress_pre_occ_bucket.write_req.4097_plus = 0
stat.switch.port.node.3.ingress_queue_wait_bucket.write_req.4096_plus = 0
stat.switch.port.node.3.ingress_pre_occ_bucket.response.0 = 0
stat.switch.port.node.3.ingress_queue_wait_bucket.response.0 = 0
stat.switch.port.node.3.ingress_pre_occ_bucket.response.1_64 = 0
stat.switch.port.node.3.ingress_queue_wait_bucket.response.1_63 = 0
stat.switch.port.node.3.ingress_pre_occ_bucket.response.65_256 = 0
stat.switch.port.node.3.ingress_queue_wait_bucket.response.64_255 = 0
stat.switch.port.node.3.ingress_pre_occ_bucket.response.257_1024 = 0
stat.switch.port.node.3.ingress_queue_wait_bucket.response.256_1023 = 0
stat.switch.port.node.3.ingress_pre_occ_bucket.response.1025_4096 = 0
stat.switch.port.node.3.ingress_queue_wait_bucket.response.1024_4095 = 0
stat.switch.port.node.3.ingress_pre_occ_bucket.response.4097_plus = 0
stat.switch.port.node.3.ingress_queue_wait_bucket.response.4096_plus = 0
stat.switch.port.node.3.ingress_pre_occ_bucket.other_req.0 = 2
stat.switch.port.node.3.ingress_queue_wait_bucket.other_req.0 = 14
stat.switch.port.node.3.ingress_pre_occ_bucket.other_req.1_64 = 10
stat.switch.port.node.3.ingress_queue_wait_bucket.other_req.1_63 = 6
stat.switch.port.node.3.ingress_pre_occ_bucket.other_req.65_256 = 8
stat.switch.port.node.3.ingress_queue_wait_bucket.other_req.64_255 = 0
stat.switch.port.node.3.ingress_pre_occ_bucket.other_req.257_1024 = 0
stat.switch.port.node.3.ingress_queue_wait_bucket.other_req.256_1023 = 0
stat.switch.port.node.3.ingress_pre_occ_bucket.other_req.1025_4096 = 0
stat.switch.port.node.3.ingress_queue_wait_bucket.other_req.1024_4095 = 0
stat.switch.port.node.3.ingress_pre_occ_bucket.other_req.4097_plus = 0
stat.switch.port.node.3.ingress_queue_wait_bucket.other_req.4096_plus = 0
stat.switch.port.node.3.peer_src.3.rx_bytes.demand_req = 167488
stat.switch.port.node.3.peer_src.3.rx_pkts.demand_req = 20936
stat.switch.port.node.3.peer_src.3.tx_bytes.demand_req = 0
stat.switch.port.node.3.peer_src.3.tx_pkts.demand_req = 0
stat.switch.port.node.3.peer_src.3.ingress_arrivals.demand_req = 20936
stat.switch.port.node.3.peer_src.3.ingress_arrival_nonempty_packet_frac.demand_req = 0.875955
stat.switch.port.node.3.peer_src.3.ingress_nonempty_arrival_pre_occ_avg_bytes.demand_req = 65.6616
stat.switch.port.node.3.peer_src.3.ingress_nonempty_arrival_pre_occ_max_bytes.demand_req = 296
stat.switch.port.node.3.peer_src.3.ingress_wait_avg_cycles.demand_req = 125.059
stat.switch.port.node.3.peer_src.3.ingress_queue_wait_avg_cycles.demand_req = 1.05889
stat.switch.port.node.3.peer_src.3.ingress_queue_wait_after_nonempty_arrival_avg_cycles.demand_req = 1.20884
stat.switch.port.node.3.peer_src.3.ingress_pre_occ_bucket.demand_req.0 = 2597
stat.switch.port.node.3.peer_src.3.ingress_queue_wait_bucket.demand_req.0 = 17744
stat.switch.port.node.3.peer_src.3.ingress_pre_occ_bucket.demand_req.1_64 = 9667
stat.switch.port.node.3.peer_src.3.ingress_queue_wait_bucket.demand_req.1_63 = 3192
stat.switch.port.node.3.peer_src.3.ingress_pre_occ_bucket.demand_req.65_256 = 8649
stat.switch.port.node.3.peer_src.3.ingress_queue_wait_bucket.demand_req.64_255 = 0
stat.switch.port.node.3.peer_src.3.ingress_pre_occ_bucket.demand_req.257_1024 = 23
stat.switch.port.node.3.peer_src.3.ingress_queue_wait_bucket.demand_req.256_1023 = 0
stat.switch.port.node.3.peer_src.3.ingress_pre_occ_bucket.demand_req.1025_4096 = 0
stat.switch.port.node.3.peer_src.3.ingress_queue_wait_bucket.demand_req.1024_4095 = 0
stat.switch.port.node.3.peer_src.3.ingress_pre_occ_bucket.demand_req.4097_plus = 0
stat.switch.port.node.3.peer_src.3.ingress_queue_wait_bucket.demand_req.4096_plus = 0
stat.switch.port.node.3.peer_src.3.rx_bytes.write_req = 337280
stat.switch.port.node.3.peer_src.3.rx_pkts.write_req = 5270
stat.switch.port.node.3.peer_src.3.tx_bytes.write_req = 0
stat.switch.port.node.3.peer_src.3.tx_pkts.write_req = 0
stat.switch.port.node.3.peer_src.3.ingress_arrivals.write_req = 5270
stat.switch.port.node.3.peer_src.3.ingress_arrival_nonempty_packet_frac.write_req = 0.397154
stat.switch.port.node.3.peer_src.3.ingress_nonempty_arrival_pre_occ_avg_bytes.write_req = 72.2943
stat.switch.port.node.3.peer_src.3.ingress_nonempty_arrival_pre_occ_max_bytes.write_req = 264
stat.switch.port.node.3.peer_src.3.ingress_wait_avg_cycles.write_req = 145.151
stat.switch.port.node.3.peer_src.3.ingress_queue_wait_avg_cycles.write_req = 0.150854
stat.switch.port.node.3.peer_src.3.ingress_queue_wait_after_nonempty_arrival_avg_cycles.write_req = 0.379838
stat.switch.port.node.3.peer_src.3.ingress_pre_occ_bucket.write_req.0 = 3177
stat.switch.port.node.3.peer_src.3.ingress_queue_wait_bucket.write_req.0 = 5073
stat.switch.port.node.3.peer_src.3.ingress_pre_occ_bucket.write_req.1_64 = 1365
stat.switch.port.node.3.peer_src.3.ingress_queue_wait_bucket.write_req.1_63 = 197
stat.switch.port.node.3.peer_src.3.ingress_pre_occ_bucket.write_req.65_256 = 727
stat.switch.port.node.3.peer_src.3.ingress_queue_wait_bucket.write_req.64_255 = 0
stat.switch.port.node.3.peer_src.3.ingress_pre_occ_bucket.write_req.257_1024 = 1
stat.switch.port.node.3.peer_src.3.ingress_queue_wait_bucket.write_req.256_1023 = 0
stat.switch.port.node.3.peer_src.3.ingress_pre_occ_bucket.write_req.1025_4096 = 0
stat.switch.port.node.3.peer_src.3.ingress_queue_wait_bucket.write_req.1024_4095 = 0
stat.switch.port.node.3.peer_src.3.ingress_pre_occ_bucket.write_req.4097_plus = 0
stat.switch.port.node.3.peer_src.3.ingress_queue_wait_bucket.write_req.4096_plus = 0
stat.switch.port.node.3.peer_src.3.rx_bytes.other_req = 160
stat.switch.port.node.3.peer_src.3.rx_pkts.other_req = 20
stat.switch.port.node.3.peer_src.3.tx_bytes.other_req = 0
stat.switch.port.node.3.peer_src.3.tx_pkts.other_req = 0
stat.switch.port.node.3.peer_src.3.ingress_arrivals.other_req = 20
stat.switch.port.node.3.peer_src.3.ingress_arrival_nonempty_packet_frac.other_req = 0.9
stat.switch.port.node.3.peer_src.3.ingress_nonempty_arrival_pre_occ_avg_bytes.other_req = 63.1111
stat.switch.port.node.3.peer_src.3.ingress_nonempty_arrival_pre_occ_max_bytes.other_req = 176
stat.switch.port.node.3.peer_src.3.ingress_wait_avg_cycles.other_req = 124.6
stat.switch.port.node.3.peer_src.3.ingress_queue_wait_avg_cycles.other_req = 0.6
stat.switch.port.node.3.peer_src.3.ingress_queue_wait_after_nonempty_arrival_avg_cycles.other_req = 0.666667
stat.switch.port.node.3.peer_src.3.ingress_pre_occ_bucket.other_req.0 = 2
stat.switch.port.node.3.peer_src.3.ingress_queue_wait_bucket.other_req.0 = 14
stat.switch.port.node.3.peer_src.3.ingress_pre_occ_bucket.other_req.1_64 = 10
stat.switch.port.node.3.peer_src.3.ingress_queue_wait_bucket.other_req.1_63 = 6
stat.switch.port.node.3.peer_src.3.ingress_pre_occ_bucket.other_req.65_256 = 8
stat.switch.port.node.3.peer_src.3.ingress_queue_wait_bucket.other_req.64_255 = 0
stat.switch.port.node.3.peer_src.3.ingress_pre_occ_bucket.other_req.257_1024 = 0
stat.switch.port.node.3.peer_src.3.ingress_queue_wait_bucket.other_req.256_1023 = 0
stat.switch.port.node.3.peer_src.3.ingress_pre_occ_bucket.other_req.1025_4096 = 0
stat.switch.port.node.3.peer_src.3.ingress_queue_wait_bucket.other_req.1024_4095 = 0
stat.switch.port.node.3.peer_src.3.ingress_pre_occ_bucket.other_req.4097_plus = 0
stat.switch.port.node.3.peer_src.3.ingress_queue_wait_bucket.other_req.4096_plus = 0
stat.switch.port.node.3.peer_dst.100.rx_bytes.demand_req = 167488
stat.switch.port.node.3.peer_dst.100.rx_pkts.demand_req = 20936
stat.switch.port.node.3.peer_dst.100.tx_bytes.demand_req = 0
stat.switch.port.node.3.peer_dst.100.tx_pkts.demand_req = 0
stat.switch.port.node.3.peer_dst.100.ingress_arrivals.demand_req = 20936
stat.switch.port.node.3.peer_dst.100.ingress_arrival_nonempty_packet_frac.demand_req = 0.875955
stat.switch.port.node.3.peer_dst.100.ingress_nonempty_arrival_pre_occ_avg_bytes.demand_req = 65.6616
stat.switch.port.node.3.peer_dst.100.ingress_nonempty_arrival_pre_occ_max_bytes.demand_req = 296
stat.switch.port.node.3.peer_dst.100.ingress_wait_avg_cycles.demand_req = 125.059
stat.switch.port.node.3.peer_dst.100.ingress_queue_wait_avg_cycles.demand_req = 1.05889
stat.switch.port.node.3.peer_dst.100.ingress_queue_wait_after_nonempty_arrival_avg_cycles.demand_req = 1.20884
stat.switch.port.node.3.peer_dst.100.ingress_pre_occ_bucket.demand_req.0 = 2597
stat.switch.port.node.3.peer_dst.100.ingress_queue_wait_bucket.demand_req.0 = 17744
stat.switch.port.node.3.peer_dst.100.ingress_pre_occ_bucket.demand_req.1_64 = 9667
stat.switch.port.node.3.peer_dst.100.ingress_queue_wait_bucket.demand_req.1_63 = 3192
stat.switch.port.node.3.peer_dst.100.ingress_pre_occ_bucket.demand_req.65_256 = 8649
stat.switch.port.node.3.peer_dst.100.ingress_queue_wait_bucket.demand_req.64_255 = 0
stat.switch.port.node.3.peer_dst.100.ingress_pre_occ_bucket.demand_req.257_1024 = 23
stat.switch.port.node.3.peer_dst.100.ingress_queue_wait_bucket.demand_req.256_1023 = 0
stat.switch.port.node.3.peer_dst.100.ingress_pre_occ_bucket.demand_req.1025_4096 = 0
stat.switch.port.node.3.peer_dst.100.ingress_queue_wait_bucket.demand_req.1024_4095 = 0
stat.switch.port.node.3.peer_dst.100.ingress_pre_occ_bucket.demand_req.4097_plus = 0
stat.switch.port.node.3.peer_dst.100.ingress_queue_wait_bucket.demand_req.4096_plus = 0
stat.switch.port.node.3.peer_dst.100.rx_bytes.write_req = 337280
stat.switch.port.node.3.peer_dst.100.rx_pkts.write_req = 5270
stat.switch.port.node.3.peer_dst.100.tx_bytes.write_req = 0
stat.switch.port.node.3.peer_dst.100.tx_pkts.write_req = 0
stat.switch.port.node.3.peer_dst.100.ingress_arrivals.write_req = 5270
stat.switch.port.node.3.peer_dst.100.ingress_arrival_nonempty_packet_frac.write_req = 0.397154
stat.switch.port.node.3.peer_dst.100.ingress_nonempty_arrival_pre_occ_avg_bytes.write_req = 72.2943
stat.switch.port.node.3.peer_dst.100.ingress_nonempty_arrival_pre_occ_max_bytes.write_req = 264
stat.switch.port.node.3.peer_dst.100.ingress_wait_avg_cycles.write_req = 145.151
stat.switch.port.node.3.peer_dst.100.ingress_queue_wait_avg_cycles.write_req = 0.150854
stat.switch.port.node.3.peer_dst.100.ingress_queue_wait_after_nonempty_arrival_avg_cycles.write_req = 0.379838
stat.switch.port.node.3.peer_dst.100.ingress_pre_occ_bucket.write_req.0 = 3177
stat.switch.port.node.3.peer_dst.100.ingress_queue_wait_bucket.write_req.0 = 5073
stat.switch.port.node.3.peer_dst.100.ingress_pre_occ_bucket.write_req.1_64 = 1365
stat.switch.port.node.3.peer_dst.100.ingress_queue_wait_bucket.write_req.1_63 = 197
stat.switch.port.node.3.peer_dst.100.ingress_pre_occ_bucket.write_req.65_256 = 727
stat.switch.port.node.3.peer_dst.100.ingress_queue_wait_bucket.write_req.64_255 = 0
stat.switch.port.node.3.peer_dst.100.ingress_pre_occ_bucket.write_req.257_1024 = 1
stat.switch.port.node.3.peer_dst.100.ingress_queue_wait_bucket.write_req.256_1023 = 0
stat.switch.port.node.3.peer_dst.100.ingress_pre_occ_bucket.write_req.1025_4096 = 0
stat.switch.port.node.3.peer_dst.100.ingress_queue_wait_bucket.write_req.1024_4095 = 0
stat.switch.port.node.3.peer_dst.100.ingress_pre_occ_bucket.write_req.4097_plus = 0
stat.switch.port.node.3.peer_dst.100.ingress_queue_wait_bucket.write_req.4096_plus = 0
stat.switch.port.node.3.peer_dst.100.rx_bytes.other_req = 160
stat.switch.port.node.3.peer_dst.100.rx_pkts.other_req = 20
stat.switch.port.node.3.peer_dst.100.tx_bytes.other_req = 0
stat.switch.port.node.3.peer_dst.100.tx_pkts.other_req = 0
stat.switch.port.node.3.peer_dst.100.ingress_arrivals.other_req = 20
stat.switch.port.node.3.peer_dst.100.ingress_arrival_nonempty_packet_frac.other_req = 0.9
stat.switch.port.node.3.peer_dst.100.ingress_nonempty_arrival_pre_occ_avg_bytes.other_req = 63.1111
stat.switch.port.node.3.peer_dst.100.ingress_nonempty_arrival_pre_occ_max_bytes.other_req = 176
stat.switch.port.node.3.peer_dst.100.ingress_wait_avg_cycles.other_req = 124.6
stat.switch.port.node.3.peer_dst.100.ingress_queue_wait_avg_cycles.other_req = 0.6
stat.switch.port.node.3.peer_dst.100.ingress_queue_wait_after_nonempty_arrival_avg_cycles.other_req = 0.666667
stat.switch.port.node.3.peer_dst.100.ingress_pre_occ_bucket.other_req.0 = 2
stat.switch.port.node.3.peer_dst.100.ingress_queue_wait_bucket.other_req.0 = 14
stat.switch.port.node.3.peer_dst.100.ingress_pre_occ_bucket.other_req.1_64 = 10
stat.switch.port.node.3.peer_dst.100.ingress_queue_wait_bucket.other_req.1_63 = 6
stat.switch.port.node.3.peer_dst.100.ingress_pre_occ_bucket.other_req.65_256 = 8
stat.switch.port.node.3.peer_dst.100.ingress_queue_wait_bucket.other_req.64_255 = 0
stat.switch.port.node.3.peer_dst.100.ingress_pre_occ_bucket.other_req.257_1024 = 0
stat.switch.port.node.3.peer_dst.100.ingress_queue_wait_bucket.other_req.256_1023 = 0
stat.switch.port.node.3.peer_dst.100.ingress_pre_occ_bucket.other_req.1025_4096 = 0
stat.switch.port.node.3.peer_dst.100.ingress_queue_wait_bucket.other_req.1024_4095 = 0
stat.switch.port.node.3.peer_dst.100.ingress_pre_occ_bucket.other_req.4097_plus = 0
stat.switch.port.node.3.peer_dst.100.ingress_queue_wait_bucket.other_req.4096_plus = 0
stat.switch.port.node.3.tx_src.101.rx_bytes.response = 0
stat.switch.port.node.3.tx_src.101.rx_pkts.response = 0
stat.switch.port.node.3.tx_src.101.tx_bytes.response = 1341184
stat.switch.port.node.3.tx_src.101.tx_pkts.response = 20956
stat.switch.port.node.3.tx_src.101.ingress_arrivals.response = 0
stat.switch.port.node.3.tx_src.101.ingress_arrival_nonempty_packet_frac.response = 0
stat.switch.port.node.3.tx_src.101.ingress_nonempty_arrival_pre_occ_avg_bytes.response = 0
stat.switch.port.node.3.tx_src.101.ingress_nonempty_arrival_pre_occ_max_bytes.response = 0
stat.switch.port.node.3.tx_src.101.ingress_wait_avg_cycles.response = 0
stat.switch.port.node.3.tx_src.101.ingress_queue_wait_avg_cycles.response = 0
stat.switch.port.node.3.tx_src.101.ingress_queue_wait_after_nonempty_arrival_avg_cycles.response = 0
stat.switch.port.node.3.tx_src.101.ingress_pre_occ_bucket.response.0 = 0
stat.switch.port.node.3.tx_src.101.ingress_queue_wait_bucket.response.0 = 0
stat.switch.port.node.3.tx_src.101.ingress_pre_occ_bucket.response.1_64 = 0
stat.switch.port.node.3.tx_src.101.ingress_queue_wait_bucket.response.1_63 = 0
stat.switch.port.node.3.tx_src.101.ingress_pre_occ_bucket.response.65_256 = 0
stat.switch.port.node.3.tx_src.101.ingress_queue_wait_bucket.response.64_255 = 0
stat.switch.port.node.3.tx_src.101.ingress_pre_occ_bucket.response.257_1024 = 0
stat.switch.port.node.3.tx_src.101.ingress_queue_wait_bucket.response.256_1023 = 0
stat.switch.port.node.3.tx_src.101.ingress_pre_occ_bucket.response.1025_4096 = 0
stat.switch.port.node.3.tx_src.101.ingress_queue_wait_bucket.response.1024_4095 = 0
stat.switch.port.node.3.tx_src.101.ingress_pre_occ_bucket.response.4097_plus = 0
stat.switch.port.node.3.tx_src.101.ingress_queue_wait_bucket.response.4096_plus = 0
stat.switch.port.node.3.tx_dst.3.rx_bytes.response = 0
stat.switch.port.node.3.tx_dst.3.rx_pkts.response = 0
stat.switch.port.node.3.tx_dst.3.tx_bytes.response = 1341184
stat.switch.port.node.3.tx_dst.3.tx_pkts.response = 20956
stat.switch.port.node.3.tx_dst.3.ingress_arrivals.response = 0
stat.switch.port.node.3.tx_dst.3.ingress_arrival_nonempty_packet_frac.response = 0
stat.switch.port.node.3.tx_dst.3.ingress_nonempty_arrival_pre_occ_avg_bytes.response = 0
stat.switch.port.node.3.tx_dst.3.ingress_nonempty_arrival_pre_occ_max_bytes.response = 0
stat.switch.port.node.3.tx_dst.3.ingress_wait_avg_cycles.response = 0
stat.switch.port.node.3.tx_dst.3.ingress_queue_wait_avg_cycles.response = 0
stat.switch.port.node.3.tx_dst.3.ingress_queue_wait_after_nonempty_arrival_avg_cycles.response = 0
stat.switch.port.node.3.tx_dst.3.ingress_pre_occ_bucket.response.0 = 0
stat.switch.port.node.3.tx_dst.3.ingress_queue_wait_bucket.response.0 = 0
stat.switch.port.node.3.tx_dst.3.ingress_pre_occ_bucket.response.1_64 = 0
stat.switch.port.node.3.tx_dst.3.ingress_queue_wait_bucket.response.1_63 = 0
stat.switch.port.node.3.tx_dst.3.ingress_pre_occ_bucket.response.65_256 = 0
stat.switch.port.node.3.tx_dst.3.ingress_queue_wait_bucket.response.64_255 = 0
stat.switch.port.node.3.tx_dst.3.ingress_pre_occ_bucket.response.257_1024 = 0
stat.switch.port.node.3.tx_dst.3.ingress_queue_wait_bucket.response.256_1023 = 0
stat.switch.port.node.3.tx_dst.3.ingress_pre_occ_bucket.response.1025_4096 = 0
stat.switch.port.node.3.tx_dst.3.ingress_queue_wait_bucket.response.1024_4095 = 0
stat.switch.port.node.3.tx_dst.3.ingress_pre_occ_bucket.response.4097_plus = 0
stat.switch.port.node.3.tx_dst.3.ingress_queue_wait_bucket.response.4096_plus = 0
stat.switch.port.node.4.ingress_wait_avg_cycles = 129.094
stat.switch.port.node.4.ingress_wait_max_cycles = 158
stat.switch.port.node.4.egress_wait_avg_cycles = 1
stat.switch.port.node.4.egress_wait_max_cycles = 1
stat.switch.port.node.4.ingress_queue_wait_avg_cycles = 0.87398
stat.switch.port.node.4.ingress_queue_wait_max_cycles = 33
stat.switch.port.node.4.egress_occ_avg_bytes = 0
stat.switch.port.node.4.egress_occ_stddev_bytes = 0
stat.switch.port.node.4.egress_occ_max_bytes = 0
stat.switch.port.node.4.egress_occ_nonempty_frac = 0
stat.switch.port.node.4.egress_blocked_cycles = 0
stat.switch.port.node.4.egress_blocked_nonempty_frac = 0
stat.switch.port.node.4.egress_blocked_avg_occ_bytes = 0
stat.switch.port.node.4.egress_blocked_max_occ_bytes = 0
stat.switch.port.node.4.egress_send_burst_max_pkts = 1
stat.switch.port.node.4.egress_send_burst_max_bytes = 64
stat.switch.port.node.4.egress_send_burst_avg_pkts = 1
stat.switch.port.node.4.egress_send_burst_avg_bytes = 64
stat.switch.port.node.4.egress_send_burst_stddev_pkts = 0
stat.switch.port.node.4.egress_send_burst_stddev_bytes = 0
stat.switch.port.node.4.egress_send_nonempty_frac = 0.00451451
stat.switch.port.node.4.ingress_arrival_burst_avg_bytes = 19.2816
stat.switch.port.node.4.ingress_arrival_nonempty_frac = 0.00564142
stat.switch.port.node.4.ingress_arrival_run_max_cycles = 6
stat.switch.port.node.4.ingress_arrival_run_avg_cycles = 1.04756
stat.switch.port.node.4.ingress_arrival_gap_max_cycles = 1033
stat.switch.port.node.4.ingress_arrival_gap_avg_cycles = 164.383
stat.switch.port.node.4.ingress_release_burst_avg_bytes = 19.253
stat.switch.port.node.4.ingress_release_nonempty_frac = 0.00564982
stat.switch.port.node.4.ingress_release_run_max_cycles = 1
stat.switch.port.node.4.ingress_release_run_avg_cycles = 1
stat.switch.port.node.4.ingress_release_gap_max_cycles = 1033
stat.switch.port.node.4.ingress_release_gap_avg_cycles = 156.685
stat.switch.port.node.4.ingress_occ_avg_bytes = 14.9539
stat.switch.port.node.4.ingress_occ_stddev_bytes = 33.811
stat.switch.port.node.4.ingress_occ_max_bytes = 328
stat.switch.port.node.4.ingress_occ_nonempty_frac = 0.275293
stat.switch.port.node.4.ingress_occ_run_max_cycles = 589
stat.switch.port.node.4.ingress_occ_run_avg_cycles = 220.554
stat.switch.port.node.4.ingress_occ_gap_max_cycles = 911
stat.switch.port.node.4.ingress_occ_gap_avg_cycles = 493.216
stat.switch.port.node.4.ingress_wait_avg_cycles.demand_req = 125.058
stat.switch.port.node.4.ingress_wait_max_cycles.demand_req = 157
stat.switch.port.node.4.ingress_queue_wait_avg_cycles.demand_req = 1.05799
stat.switch.port.node.4.ingress_queue_wait_max_cycles.demand_req = 33
stat.switch.port.node.4.egress_wait_avg_cycles.demand_req = 0
stat.switch.port.node.4.egress_wait_max_cycles.demand_req = 0
stat.switch.port.node.4.egress_occ_avg_bytes.demand_req = 0
stat.switch.port.node.4.egress_occ_max_bytes.demand_req = 0
stat.switch.port.node.4.egress_blocked_cycles.demand_req = 0
stat.switch.port.node.4.ingress_arrival_empty_packets.demand_req = 2610
stat.switch.port.node.4.ingress_arrival_nonempty_packets.demand_req = 18326
stat.switch.port.node.4.ingress_arrival_nonempty_packet_frac.demand_req = 0.875334
stat.switch.port.node.4.ingress_nonempty_arrival_pre_occ_avg_bytes.demand_req = 65.6126
stat.switch.port.node.4.ingress_nonempty_arrival_pre_occ_max_bytes.demand_req = 296
stat.switch.port.node.4.ingress_release_after_empty_arrival_packets.demand_req = 2610
stat.switch.port.node.4.ingress_release_after_nonempty_arrival_packets.demand_req = 18326
stat.switch.port.node.4.ingress_wait_after_empty_arrival_avg_cycles.demand_req = 124
stat.switch.port.node.4.ingress_wait_after_nonempty_arrival_avg_cycles.demand_req = 125.209
stat.switch.port.node.4.ingress_queue_wait_after_empty_arrival_avg_cycles.demand_req = 0
stat.switch.port.node.4.ingress_queue_wait_after_nonempty_arrival_avg_cycles.demand_req = 1.20867
stat.switch.port.node.4.ingress_queue_wait_after_empty_arrival_max_cycles.demand_req = 0
stat.switch.port.node.4.ingress_queue_wait_after_nonempty_arrival_max_cycles.demand_req = 33
stat.switch.port.node.4.rx_bytes.demand_req = 167488
stat.switch.port.node.4.tx_bytes.demand_req = 0
stat.switch.port.node.4.rx_pkts.demand_req = 20936
stat.switch.port.node.4.tx_pkts.demand_req = 0
stat.switch.port.node.4.ingress_wait_avg_cycles.write_req = 145.144
stat.switch.port.node.4.ingress_wait_max_cycles.write_req = 158
stat.switch.port.node.4.ingress_queue_wait_avg_cycles.write_req = 0.144023
stat.switch.port.node.4.ingress_queue_wait_max_cycles.write_req = 13
stat.switch.port.node.4.egress_wait_avg_cycles.write_req = 0
stat.switch.port.node.4.egress_wait_max_cycles.write_req = 0
stat.switch.port.node.4.egress_occ_avg_bytes.write_req = 0
stat.switch.port.node.4.egress_occ_max_bytes.write_req = 0
stat.switch.port.node.4.egress_blocked_cycles.write_req = 0
stat.switch.port.node.4.ingress_arrival_empty_packets.write_req = 3182
stat.switch.port.node.4.ingress_arrival_nonempty_packets.write_req = 2088
stat.switch.port.node.4.ingress_arrival_nonempty_packet_frac.write_req = 0.396205
stat.switch.port.node.4.ingress_nonempty_arrival_pre_occ_avg_bytes.write_req = 72.0728
stat.switch.port.node.4.ingress_nonempty_arrival_pre_occ_max_bytes.write_req = 264
stat.switch.port.node.4.ingress_release_after_empty_arrival_packets.write_req = 3182
stat.switch.port.node.4.ingress_release_after_nonempty_arrival_packets.write_req = 2088
stat.switch.port.node.4.ingress_wait_after_empty_arrival_avg_cycles.write_req = 145
stat.switch.port.node.4.ingress_wait_after_nonempty_arrival_avg_cycles.write_req = 145.364
stat.switch.port.node.4.ingress_queue_wait_after_empty_arrival_avg_cycles.write_req = 0
stat.switch.port.node.4.ingress_queue_wait_after_nonempty_arrival_avg_cycles.write_req = 0.363506
stat.switch.port.node.4.ingress_queue_wait_after_empty_arrival_max_cycles.write_req = 0
stat.switch.port.node.4.ingress_queue_wait_after_nonempty_arrival_max_cycles.write_req = 13
stat.switch.port.node.4.rx_bytes.write_req = 337280
stat.switch.port.node.4.tx_bytes.write_req = 0
stat.switch.port.node.4.rx_pkts.write_req = 5270
stat.switch.port.node.4.tx_pkts.write_req = 0
stat.switch.port.node.4.ingress_wait_avg_cycles.response = 0
stat.switch.port.node.4.ingress_wait_max_cycles.response = 0
stat.switch.port.node.4.ingress_queue_wait_avg_cycles.response = 0
stat.switch.port.node.4.ingress_queue_wait_max_cycles.response = 0
stat.switch.port.node.4.egress_wait_avg_cycles.response = 1
stat.switch.port.node.4.egress_wait_max_cycles.response = 1
stat.switch.port.node.4.egress_occ_avg_bytes.response = 0
stat.switch.port.node.4.egress_occ_max_bytes.response = 0
stat.switch.port.node.4.egress_blocked_cycles.response = 0
stat.switch.port.node.4.ingress_arrival_empty_packets.response = 0
stat.switch.port.node.4.ingress_arrival_nonempty_packets.response = 0
stat.switch.port.node.4.ingress_arrival_nonempty_packet_frac.response = 0
stat.switch.port.node.4.ingress_nonempty_arrival_pre_occ_avg_bytes.response = 0
stat.switch.port.node.4.ingress_nonempty_arrival_pre_occ_max_bytes.response = 0
stat.switch.port.node.4.ingress_release_after_empty_arrival_packets.response = 0
stat.switch.port.node.4.ingress_release_after_nonempty_arrival_packets.response = 0
stat.switch.port.node.4.ingress_wait_after_empty_arrival_avg_cycles.response = 0
stat.switch.port.node.4.ingress_wait_after_nonempty_arrival_avg_cycles.response = 0
stat.switch.port.node.4.ingress_queue_wait_after_empty_arrival_avg_cycles.response = 0
stat.switch.port.node.4.ingress_queue_wait_after_nonempty_arrival_avg_cycles.response = 0
stat.switch.port.node.4.ingress_queue_wait_after_empty_arrival_max_cycles.response = 0
stat.switch.port.node.4.ingress_queue_wait_after_nonempty_arrival_max_cycles.response = 0
stat.switch.port.node.4.rx_bytes.response = 0
stat.switch.port.node.4.tx_bytes.response = 1341184
stat.switch.port.node.4.rx_pkts.response = 0
stat.switch.port.node.4.tx_pkts.response = 20956
stat.switch.port.node.4.ingress_wait_avg_cycles.other_req = 124.6
stat.switch.port.node.4.ingress_wait_max_cycles.other_req = 128
stat.switch.port.node.4.ingress_queue_wait_avg_cycles.other_req = 0.6
stat.switch.port.node.4.ingress_queue_wait_max_cycles.other_req = 4
stat.switch.port.node.4.egress_wait_avg_cycles.other_req = 0
stat.switch.port.node.4.egress_wait_max_cycles.other_req = 0
stat.switch.port.node.4.egress_occ_avg_bytes.other_req = 0
stat.switch.port.node.4.egress_occ_max_bytes.other_req = 0
stat.switch.port.node.4.egress_blocked_cycles.other_req = 0
stat.switch.port.node.4.ingress_arrival_empty_packets.other_req = 2
stat.switch.port.node.4.ingress_arrival_nonempty_packets.other_req = 18
stat.switch.port.node.4.ingress_arrival_nonempty_packet_frac.other_req = 0.9
stat.switch.port.node.4.ingress_nonempty_arrival_pre_occ_avg_bytes.other_req = 60
stat.switch.port.node.4.ingress_nonempty_arrival_pre_occ_max_bytes.other_req = 136
stat.switch.port.node.4.ingress_release_after_empty_arrival_packets.other_req = 2
stat.switch.port.node.4.ingress_release_after_nonempty_arrival_packets.other_req = 18
stat.switch.port.node.4.ingress_wait_after_empty_arrival_avg_cycles.other_req = 124
stat.switch.port.node.4.ingress_wait_after_nonempty_arrival_avg_cycles.other_req = 124.667
stat.switch.port.node.4.ingress_queue_wait_after_empty_arrival_avg_cycles.other_req = 0
stat.switch.port.node.4.ingress_queue_wait_after_nonempty_arrival_avg_cycles.other_req = 0.666667
stat.switch.port.node.4.ingress_queue_wait_after_empty_arrival_max_cycles.other_req = 0
stat.switch.port.node.4.ingress_queue_wait_after_nonempty_arrival_max_cycles.other_req = 4
stat.switch.port.node.4.rx_bytes.other_req = 160
stat.switch.port.node.4.tx_bytes.other_req = 0
stat.switch.port.node.4.rx_pkts.other_req = 20
stat.switch.port.node.4.tx_pkts.other_req = 0
stat.switch.port.node.4.ingress_occ_bucket_bytes.0 = 3364031
stat.switch.port.node.4.ready_occ_bucket_bytes.0 = 4615692
stat.switch.port.node.4.ingress_occ_bucket_bytes.1_64 = 881893
stat.switch.port.node.4.ready_occ_bucket_bytes.1_64 = 26226
stat.switch.port.node.4.ingress_occ_bucket_bytes.65_256 = 394784
stat.switch.port.node.4.ready_occ_bucket_bytes.65_256 = 0
stat.switch.port.node.4.ingress_occ_bucket_bytes.257_1024 = 1210
stat.switch.port.node.4.ready_occ_bucket_bytes.257_1024 = 0
stat.switch.port.node.4.ingress_occ_bucket_bytes.1025_4096 = 0
stat.switch.port.node.4.ready_occ_bucket_bytes.1025_4096 = 0
stat.switch.port.node.4.ingress_occ_bucket_bytes.4097_plus = 0
stat.switch.port.node.4.ready_occ_bucket_bytes.4097_plus = 0
stat.switch.port.node.4.ingress_pre_occ_bucket.demand_req.0 = 2610
stat.switch.port.node.4.ingress_queue_wait_bucket.demand_req.0 = 17752
stat.switch.port.node.4.ingress_pre_occ_bucket.demand_req.1_64 = 9665
stat.switch.port.node.4.ingress_queue_wait_bucket.demand_req.1_63 = 3184
stat.switch.port.node.4.ingress_pre_occ_bucket.demand_req.65_256 = 8636
stat.switch.port.node.4.ingress_queue_wait_bucket.demand_req.64_255 = 0
stat.switch.port.node.4.ingress_pre_occ_bucket.demand_req.257_1024 = 25
stat.switch.port.node.4.ingress_queue_wait_bucket.demand_req.256_1023 = 0
stat.switch.port.node.4.ingress_pre_occ_bucket.demand_req.1025_4096 = 0
stat.switch.port.node.4.ingress_queue_wait_bucket.demand_req.1024_4095 = 0
stat.switch.port.node.4.ingress_pre_occ_bucket.demand_req.4097_plus = 0
stat.switch.port.node.4.ingress_queue_wait_bucket.demand_req.4096_plus = 0
stat.switch.port.node.4.ingress_pre_occ_bucket.write_req.0 = 3182
stat.switch.port.node.4.ingress_queue_wait_bucket.write_req.0 = 5076
stat.switch.port.node.4.ingress_pre_occ_bucket.write_req.1_64 = 1371
stat.switch.port.node.4.ingress_queue_wait_bucket.write_req.1_63 = 194
stat.switch.port.node.4.ingress_pre_occ_bucket.write_req.65_256 = 716
stat.switch.port.node.4.ingress_queue_wait_bucket.write_req.64_255 = 0
stat.switch.port.node.4.ingress_pre_occ_bucket.write_req.257_1024 = 1
stat.switch.port.node.4.ingress_queue_wait_bucket.write_req.256_1023 = 0
stat.switch.port.node.4.ingress_pre_occ_bucket.write_req.1025_4096 = 0
stat.switch.port.node.4.ingress_queue_wait_bucket.write_req.1024_4095 = 0
stat.switch.port.node.4.ingress_pre_occ_bucket.write_req.4097_plus = 0
stat.switch.port.node.4.ingress_queue_wait_bucket.write_req.4096_plus = 0
stat.switch.port.node.4.ingress_pre_occ_bucket.response.0 = 0
stat.switch.port.node.4.ingress_queue_wait_bucket.response.0 = 0
stat.switch.port.node.4.ingress_pre_occ_bucket.response.1_64 = 0
stat.switch.port.node.4.ingress_queue_wait_bucket.response.1_63 = 0
stat.switch.port.node.4.ingress_pre_occ_bucket.response.65_256 = 0
stat.switch.port.node.4.ingress_queue_wait_bucket.response.64_255 = 0
stat.switch.port.node.4.ingress_pre_occ_bucket.response.257_1024 = 0
stat.switch.port.node.4.ingress_queue_wait_bucket.response.256_1023 = 0
stat.switch.port.node.4.ingress_pre_occ_bucket.response.1025_4096 = 0
stat.switch.port.node.4.ingress_queue_wait_bucket.response.1024_4095 = 0
stat.switch.port.node.4.ingress_pre_occ_bucket.response.4097_plus = 0
stat.switch.port.node.4.ingress_queue_wait_bucket.response.4096_plus = 0
stat.switch.port.node.4.ingress_pre_occ_bucket.other_req.0 = 2
stat.switch.port.node.4.ingress_queue_wait_bucket.other_req.0 = 14
stat.switch.port.node.4.ingress_pre_occ_bucket.other_req.1_64 = 10
stat.switch.port.node.4.ingress_queue_wait_bucket.other_req.1_63 = 6
stat.switch.port.node.4.ingress_pre_occ_bucket.other_req.65_256 = 8
stat.switch.port.node.4.ingress_queue_wait_bucket.other_req.64_255 = 0
stat.switch.port.node.4.ingress_pre_occ_bucket.other_req.257_1024 = 0
stat.switch.port.node.4.ingress_queue_wait_bucket.other_req.256_1023 = 0
stat.switch.port.node.4.ingress_pre_occ_bucket.other_req.1025_4096 = 0
stat.switch.port.node.4.ingress_queue_wait_bucket.other_req.1024_4095 = 0
stat.switch.port.node.4.ingress_pre_occ_bucket.other_req.4097_plus = 0
stat.switch.port.node.4.ingress_queue_wait_bucket.other_req.4096_plus = 0
stat.switch.port.node.4.peer_src.4.rx_bytes.demand_req = 167488
stat.switch.port.node.4.peer_src.4.rx_pkts.demand_req = 20936
stat.switch.port.node.4.peer_src.4.tx_bytes.demand_req = 0
stat.switch.port.node.4.peer_src.4.tx_pkts.demand_req = 0
stat.switch.port.node.4.peer_src.4.ingress_arrivals.demand_req = 20936
stat.switch.port.node.4.peer_src.4.ingress_arrival_nonempty_packet_frac.demand_req = 0.875334
stat.switch.port.node.4.peer_src.4.ingress_nonempty_arrival_pre_occ_avg_bytes.demand_req = 65.6126
stat.switch.port.node.4.peer_src.4.ingress_nonempty_arrival_pre_occ_max_bytes.demand_req = 296
stat.switch.port.node.4.peer_src.4.ingress_wait_avg_cycles.demand_req = 125.058
stat.switch.port.node.4.peer_src.4.ingress_queue_wait_avg_cycles.demand_req = 1.05799
stat.switch.port.node.4.peer_src.4.ingress_queue_wait_after_nonempty_arrival_avg_cycles.demand_req = 1.20867
stat.switch.port.node.4.peer_src.4.ingress_pre_occ_bucket.demand_req.0 = 2610
stat.switch.port.node.4.peer_src.4.ingress_queue_wait_bucket.demand_req.0 = 17752
stat.switch.port.node.4.peer_src.4.ingress_pre_occ_bucket.demand_req.1_64 = 9665
stat.switch.port.node.4.peer_src.4.ingress_queue_wait_bucket.demand_req.1_63 = 3184
stat.switch.port.node.4.peer_src.4.ingress_pre_occ_bucket.demand_req.65_256 = 8636
stat.switch.port.node.4.peer_src.4.ingress_queue_wait_bucket.demand_req.64_255 = 0
stat.switch.port.node.4.peer_src.4.ingress_pre_occ_bucket.demand_req.257_1024 = 25
stat.switch.port.node.4.peer_src.4.ingress_queue_wait_bucket.demand_req.256_1023 = 0
stat.switch.port.node.4.peer_src.4.ingress_pre_occ_bucket.demand_req.1025_4096 = 0
stat.switch.port.node.4.peer_src.4.ingress_queue_wait_bucket.demand_req.1024_4095 = 0
stat.switch.port.node.4.peer_src.4.ingress_pre_occ_bucket.demand_req.4097_plus = 0
stat.switch.port.node.4.peer_src.4.ingress_queue_wait_bucket.demand_req.4096_plus = 0
stat.switch.port.node.4.peer_src.4.rx_bytes.write_req = 337280
stat.switch.port.node.4.peer_src.4.rx_pkts.write_req = 5270
stat.switch.port.node.4.peer_src.4.tx_bytes.write_req = 0
stat.switch.port.node.4.peer_src.4.tx_pkts.write_req = 0
stat.switch.port.node.4.peer_src.4.ingress_arrivals.write_req = 5270
stat.switch.port.node.4.peer_src.4.ingress_arrival_nonempty_packet_frac.write_req = 0.396205
stat.switch.port.node.4.peer_src.4.ingress_nonempty_arrival_pre_occ_avg_bytes.write_req = 72.0728
stat.switch.port.node.4.peer_src.4.ingress_nonempty_arrival_pre_occ_max_bytes.write_req = 264
stat.switch.port.node.4.peer_src.4.ingress_wait_avg_cycles.write_req = 145.144
stat.switch.port.node.4.peer_src.4.ingress_queue_wait_avg_cycles.write_req = 0.144023
stat.switch.port.node.4.peer_src.4.ingress_queue_wait_after_nonempty_arrival_avg_cycles.write_req = 0.363506
stat.switch.port.node.4.peer_src.4.ingress_pre_occ_bucket.write_req.0 = 3182
stat.switch.port.node.4.peer_src.4.ingress_queue_wait_bucket.write_req.0 = 5076
stat.switch.port.node.4.peer_src.4.ingress_pre_occ_bucket.write_req.1_64 = 1371
stat.switch.port.node.4.peer_src.4.ingress_queue_wait_bucket.write_req.1_63 = 194
stat.switch.port.node.4.peer_src.4.ingress_pre_occ_bucket.write_req.65_256 = 716
stat.switch.port.node.4.peer_src.4.ingress_queue_wait_bucket.write_req.64_255 = 0
stat.switch.port.node.4.peer_src.4.ingress_pre_occ_bucket.write_req.257_1024 = 1
stat.switch.port.node.4.peer_src.4.ingress_queue_wait_bucket.write_req.256_1023 = 0
stat.switch.port.node.4.peer_src.4.ingress_pre_occ_bucket.write_req.1025_4096 = 0
stat.switch.port.node.4.peer_src.4.ingress_queue_wait_bucket.write_req.1024_4095 = 0
stat.switch.port.node.4.peer_src.4.ingress_pre_occ_bucket.write_req.4097_plus = 0
stat.switch.port.node.4.peer_src.4.ingress_queue_wait_bucket.write_req.4096_plus = 0
stat.switch.port.node.4.peer_src.4.rx_bytes.other_req = 160
stat.switch.port.node.4.peer_src.4.rx_pkts.other_req = 20
stat.switch.port.node.4.peer_src.4.tx_bytes.other_req = 0
stat.switch.port.node.4.peer_src.4.tx_pkts.other_req = 0
stat.switch.port.node.4.peer_src.4.ingress_arrivals.other_req = 20
stat.switch.port.node.4.peer_src.4.ingress_arrival_nonempty_packet_frac.other_req = 0.9
stat.switch.port.node.4.peer_src.4.ingress_nonempty_arrival_pre_occ_avg_bytes.other_req = 60
stat.switch.port.node.4.peer_src.4.ingress_nonempty_arrival_pre_occ_max_bytes.other_req = 136
stat.switch.port.node.4.peer_src.4.ingress_wait_avg_cycles.other_req = 124.6
stat.switch.port.node.4.peer_src.4.ingress_queue_wait_avg_cycles.other_req = 0.6
stat.switch.port.node.4.peer_src.4.ingress_queue_wait_after_nonempty_arrival_avg_cycles.other_req = 0.666667
stat.switch.port.node.4.peer_src.4.ingress_pre_occ_bucket.other_req.0 = 2
stat.switch.port.node.4.peer_src.4.ingress_queue_wait_bucket.other_req.0 = 14
stat.switch.port.node.4.peer_src.4.ingress_pre_occ_bucket.other_req.1_64 = 10
stat.switch.port.node.4.peer_src.4.ingress_queue_wait_bucket.other_req.1_63 = 6
stat.switch.port.node.4.peer_src.4.ingress_pre_occ_bucket.other_req.65_256 = 8
stat.switch.port.node.4.peer_src.4.ingress_queue_wait_bucket.other_req.64_255 = 0
stat.switch.port.node.4.peer_src.4.ingress_pre_occ_bucket.other_req.257_1024 = 0
stat.switch.port.node.4.peer_src.4.ingress_queue_wait_bucket.other_req.256_1023 = 0
stat.switch.port.node.4.peer_src.4.ingress_pre_occ_bucket.other_req.1025_4096 = 0
stat.switch.port.node.4.peer_src.4.ingress_queue_wait_bucket.other_req.1024_4095 = 0
stat.switch.port.node.4.peer_src.4.ingress_pre_occ_bucket.other_req.4097_plus = 0
stat.switch.port.node.4.peer_src.4.ingress_queue_wait_bucket.other_req.4096_plus = 0
stat.switch.port.node.4.peer_dst.100.rx_bytes.demand_req = 167488
stat.switch.port.node.4.peer_dst.100.rx_pkts.demand_req = 20936
stat.switch.port.node.4.peer_dst.100.tx_bytes.demand_req = 0
stat.switch.port.node.4.peer_dst.100.tx_pkts.demand_req = 0
stat.switch.port.node.4.peer_dst.100.ingress_arrivals.demand_req = 20936
stat.switch.port.node.4.peer_dst.100.ingress_arrival_nonempty_packet_frac.demand_req = 0.875334
stat.switch.port.node.4.peer_dst.100.ingress_nonempty_arrival_pre_occ_avg_bytes.demand_req = 65.6126
stat.switch.port.node.4.peer_dst.100.ingress_nonempty_arrival_pre_occ_max_bytes.demand_req = 296
stat.switch.port.node.4.peer_dst.100.ingress_wait_avg_cycles.demand_req = 125.058
stat.switch.port.node.4.peer_dst.100.ingress_queue_wait_avg_cycles.demand_req = 1.05799
stat.switch.port.node.4.peer_dst.100.ingress_queue_wait_after_nonempty_arrival_avg_cycles.demand_req = 1.20867
stat.switch.port.node.4.peer_dst.100.ingress_pre_occ_bucket.demand_req.0 = 2610
stat.switch.port.node.4.peer_dst.100.ingress_queue_wait_bucket.demand_req.0 = 17752
stat.switch.port.node.4.peer_dst.100.ingress_pre_occ_bucket.demand_req.1_64 = 9665
stat.switch.port.node.4.peer_dst.100.ingress_queue_wait_bucket.demand_req.1_63 = 3184
stat.switch.port.node.4.peer_dst.100.ingress_pre_occ_bucket.demand_req.65_256 = 8636
stat.switch.port.node.4.peer_dst.100.ingress_queue_wait_bucket.demand_req.64_255 = 0
stat.switch.port.node.4.peer_dst.100.ingress_pre_occ_bucket.demand_req.257_1024 = 25
stat.switch.port.node.4.peer_dst.100.ingress_queue_wait_bucket.demand_req.256_1023 = 0
stat.switch.port.node.4.peer_dst.100.ingress_pre_occ_bucket.demand_req.1025_4096 = 0
stat.switch.port.node.4.peer_dst.100.ingress_queue_wait_bucket.demand_req.1024_4095 = 0
stat.switch.port.node.4.peer_dst.100.ingress_pre_occ_bucket.demand_req.4097_plus = 0
stat.switch.port.node.4.peer_dst.100.ingress_queue_wait_bucket.demand_req.4096_plus = 0
stat.switch.port.node.4.peer_dst.100.rx_bytes.write_req = 337280
stat.switch.port.node.4.peer_dst.100.rx_pkts.write_req = 5270
stat.switch.port.node.4.peer_dst.100.tx_bytes.write_req = 0
stat.switch.port.node.4.peer_dst.100.tx_pkts.write_req = 0
stat.switch.port.node.4.peer_dst.100.ingress_arrivals.write_req = 5270
stat.switch.port.node.4.peer_dst.100.ingress_arrival_nonempty_packet_frac.write_req = 0.396205
stat.switch.port.node.4.peer_dst.100.ingress_nonempty_arrival_pre_occ_avg_bytes.write_req = 72.0728
stat.switch.port.node.4.peer_dst.100.ingress_nonempty_arrival_pre_occ_max_bytes.write_req = 264
stat.switch.port.node.4.peer_dst.100.ingress_wait_avg_cycles.write_req = 145.144
stat.switch.port.node.4.peer_dst.100.ingress_queue_wait_avg_cycles.write_req = 0.144023
stat.switch.port.node.4.peer_dst.100.ingress_queue_wait_after_nonempty_arrival_avg_cycles.write_req = 0.363506
stat.switch.port.node.4.peer_dst.100.ingress_pre_occ_bucket.write_req.0 = 3182
stat.switch.port.node.4.peer_dst.100.ingress_queue_wait_bucket.write_req.0 = 5076
stat.switch.port.node.4.peer_dst.100.ingress_pre_occ_bucket.write_req.1_64 = 1371
stat.switch.port.node.4.peer_dst.100.ingress_queue_wait_bucket.write_req.1_63 = 194
stat.switch.port.node.4.peer_dst.100.ingress_pre_occ_bucket.write_req.65_256 = 716
stat.switch.port.node.4.peer_dst.100.ingress_queue_wait_bucket.write_req.64_255 = 0
stat.switch.port.node.4.peer_dst.100.ingress_pre_occ_bucket.write_req.257_1024 = 1
stat.switch.port.node.4.peer_dst.100.ingress_queue_wait_bucket.write_req.256_1023 = 0
stat.switch.port.node.4.peer_dst.100.ingress_pre_occ_bucket.write_req.1025_4096 = 0
stat.switch.port.node.4.peer_dst.100.ingress_queue_wait_bucket.write_req.1024_4095 = 0
stat.switch.port.node.4.peer_dst.100.ingress_pre_occ_bucket.write_req.4097_plus = 0
stat.switch.port.node.4.peer_dst.100.ingress_queue_wait_bucket.write_req.4096_plus = 0
stat.switch.port.node.4.peer_dst.100.rx_bytes.other_req = 160
stat.switch.port.node.4.peer_dst.100.rx_pkts.other_req = 20
stat.switch.port.node.4.peer_dst.100.tx_bytes.other_req = 0
stat.switch.port.node.4.peer_dst.100.tx_pkts.other_req = 0
stat.switch.port.node.4.peer_dst.100.ingress_arrivals.other_req = 20
stat.switch.port.node.4.peer_dst.100.ingress_arrival_nonempty_packet_frac.other_req = 0.9
stat.switch.port.node.4.peer_dst.100.ingress_nonempty_arrival_pre_occ_avg_bytes.other_req = 60
stat.switch.port.node.4.peer_dst.100.ingress_nonempty_arrival_pre_occ_max_bytes.other_req = 136
stat.switch.port.node.4.peer_dst.100.ingress_wait_avg_cycles.other_req = 124.6
stat.switch.port.node.4.peer_dst.100.ingress_queue_wait_avg_cycles.other_req = 0.6
stat.switch.port.node.4.peer_dst.100.ingress_queue_wait_after_nonempty_arrival_avg_cycles.other_req = 0.666667
stat.switch.port.node.4.peer_dst.100.ingress_pre_occ_bucket.other_req.0 = 2
stat.switch.port.node.4.peer_dst.100.ingress_queue_wait_bucket.other_req.0 = 14
stat.switch.port.node.4.peer_dst.100.ingress_pre_occ_bucket.other_req.1_64 = 10
stat.switch.port.node.4.peer_dst.100.ingress_queue_wait_bucket.other_req.1_63 = 6
stat.switch.port.node.4.peer_dst.100.ingress_pre_occ_bucket.other_req.65_256 = 8
stat.switch.port.node.4.peer_dst.100.ingress_queue_wait_bucket.other_req.64_255 = 0
stat.switch.port.node.4.peer_dst.100.ingress_pre_occ_bucket.other_req.257_1024 = 0
stat.switch.port.node.4.peer_dst.100.ingress_queue_wait_bucket.other_req.256_1023 = 0
stat.switch.port.node.4.peer_dst.100.ingress_pre_occ_bucket.other_req.1025_4096 = 0
stat.switch.port.node.4.peer_dst.100.ingress_queue_wait_bucket.other_req.1024_4095 = 0
stat.switch.port.node.4.peer_dst.100.ingress_pre_occ_bucket.other_req.4097_plus = 0
stat.switch.port.node.4.peer_dst.100.ingress_queue_wait_bucket.other_req.4096_plus = 0
stat.switch.port.node.4.tx_src.100.rx_bytes.response = 0
stat.switch.port.node.4.tx_src.100.rx_pkts.response = 0
stat.switch.port.node.4.tx_src.100.tx_bytes.response = 1341184
stat.switch.port.node.4.tx_src.100.tx_pkts.response = 20956
stat.switch.port.node.4.tx_src.100.ingress_arrivals.response = 0
stat.switch.port.node.4.tx_src.100.ingress_arrival_nonempty_packet_frac.response = 0
stat.switch.port.node.4.tx_src.100.ingress_nonempty_arrival_pre_occ_avg_bytes.response = 0
stat.switch.port.node.4.tx_src.100.ingress_nonempty_arrival_pre_occ_max_bytes.response = 0
stat.switch.port.node.4.tx_src.100.ingress_wait_avg_cycles.response = 0
stat.switch.port.node.4.tx_src.100.ingress_queue_wait_avg_cycles.response = 0
stat.switch.port.node.4.tx_src.100.ingress_queue_wait_after_nonempty_arrival_avg_cycles.response = 0
stat.switch.port.node.4.tx_src.100.ingress_pre_occ_bucket.response.0 = 0
stat.switch.port.node.4.tx_src.100.ingress_queue_wait_bucket.response.0 = 0
stat.switch.port.node.4.tx_src.100.ingress_pre_occ_bucket.response.1_64 = 0
stat.switch.port.node.4.tx_src.100.ingress_queue_wait_bucket.response.1_63 = 0
stat.switch.port.node.4.tx_src.100.ingress_pre_occ_bucket.response.65_256 = 0
stat.switch.port.node.4.tx_src.100.ingress_queue_wait_bucket.response.64_255 = 0
stat.switch.port.node.4.tx_src.100.ingress_pre_occ_bucket.response.257_1024 = 0
stat.switch.port.node.4.tx_src.100.ingress_queue_wait_bucket.response.256_1023 = 0
stat.switch.port.node.4.tx_src.100.ingress_pre_occ_bucket.response.1025_4096 = 0
stat.switch.port.node.4.tx_src.100.ingress_queue_wait_bucket.response.1024_4095 = 0
stat.switch.port.node.4.tx_src.100.ingress_pre_occ_bucket.response.4097_plus = 0
stat.switch.port.node.4.tx_src.100.ingress_queue_wait_bucket.response.4096_plus = 0
stat.switch.port.node.4.tx_dst.4.rx_bytes.response = 0
stat.switch.port.node.4.tx_dst.4.rx_pkts.response = 0
stat.switch.port.node.4.tx_dst.4.tx_bytes.response = 1341184
stat.switch.port.node.4.tx_dst.4.tx_pkts.response = 20956
stat.switch.port.node.4.tx_dst.4.ingress_arrivals.response = 0
stat.switch.port.node.4.tx_dst.4.ingress_arrival_nonempty_packet_frac.response = 0
stat.switch.port.node.4.tx_dst.4.ingress_nonempty_arrival_pre_occ_avg_bytes.response = 0
stat.switch.port.node.4.tx_dst.4.ingress_nonempty_arrival_pre_occ_max_bytes.response = 0
stat.switch.port.node.4.tx_dst.4.ingress_wait_avg_cycles.response = 0
stat.switch.port.node.4.tx_dst.4.ingress_queue_wait_avg_cycles.response = 0
stat.switch.port.node.4.tx_dst.4.ingress_queue_wait_after_nonempty_arrival_avg_cycles.response = 0
stat.switch.port.node.4.tx_dst.4.ingress_pre_occ_bucket.response.0 = 0
stat.switch.port.node.4.tx_dst.4.ingress_queue_wait_bucket.response.0 = 0
stat.switch.port.node.4.tx_dst.4.ingress_pre_occ_bucket.response.1_64 = 0
stat.switch.port.node.4.tx_dst.4.ingress_queue_wait_bucket.response.1_63 = 0
stat.switch.port.node.4.tx_dst.4.ingress_pre_occ_bucket.response.65_256 = 0
stat.switch.port.node.4.tx_dst.4.ingress_queue_wait_bucket.response.64_255 = 0
stat.switch.port.node.4.tx_dst.4.ingress_pre_occ_bucket.response.257_1024 = 0
stat.switch.port.node.4.tx_dst.4.ingress_queue_wait_bucket.response.256_1023 = 0
stat.switch.port.node.4.tx_dst.4.ingress_pre_occ_bucket.response.1025_4096 = 0
stat.switch.port.node.4.tx_dst.4.ingress_queue_wait_bucket.response.1024_4095 = 0
stat.switch.port.node.4.tx_dst.4.ingress_pre_occ_bucket.response.4097_plus = 0
stat.switch.port.node.4.tx_dst.4.ingress_queue_wait_bucket.response.4096_plus = 0
stat.switch.port.node.5.ingress_wait_avg_cycles = 129.094
stat.switch.port.node.5.ingress_wait_max_cycles = 158
stat.switch.port.node.5.egress_wait_avg_cycles = 1
stat.switch.port.node.5.egress_wait_max_cycles = 1
stat.switch.port.node.5.ingress_queue_wait_avg_cycles = 0.87398
stat.switch.port.node.5.ingress_queue_wait_max_cycles = 33
stat.switch.port.node.5.egress_occ_avg_bytes = 0
stat.switch.port.node.5.egress_occ_stddev_bytes = 0
stat.switch.port.node.5.egress_occ_max_bytes = 0
stat.switch.port.node.5.egress_occ_nonempty_frac = 0
stat.switch.port.node.5.egress_blocked_cycles = 0
stat.switch.port.node.5.egress_blocked_nonempty_frac = 0
stat.switch.port.node.5.egress_blocked_avg_occ_bytes = 0
stat.switch.port.node.5.egress_blocked_max_occ_bytes = 0
stat.switch.port.node.5.egress_send_burst_max_pkts = 1
stat.switch.port.node.5.egress_send_burst_max_bytes = 64
stat.switch.port.node.5.egress_send_burst_avg_pkts = 1
stat.switch.port.node.5.egress_send_burst_avg_bytes = 64
stat.switch.port.node.5.egress_send_burst_stddev_pkts = 0
stat.switch.port.node.5.egress_send_burst_stddev_bytes = 0
stat.switch.port.node.5.egress_send_nonempty_frac = 0.00451451
stat.switch.port.node.5.ingress_arrival_burst_avg_bytes = 19.2816
stat.switch.port.node.5.ingress_arrival_nonempty_frac = 0.00564142
stat.switch.port.node.5.ingress_arrival_run_max_cycles = 6
stat.switch.port.node.5.ingress_arrival_run_avg_cycles = 1.04756
stat.switch.port.node.5.ingress_arrival_gap_max_cycles = 1033
stat.switch.port.node.5.ingress_arrival_gap_avg_cycles = 164.383
stat.switch.port.node.5.ingress_release_burst_avg_bytes = 19.253
stat.switch.port.node.5.ingress_release_nonempty_frac = 0.00564982
stat.switch.port.node.5.ingress_release_run_max_cycles = 1
stat.switch.port.node.5.ingress_release_run_avg_cycles = 1
stat.switch.port.node.5.ingress_release_gap_max_cycles = 1033
stat.switch.port.node.5.ingress_release_gap_avg_cycles = 156.685
stat.switch.port.node.5.ingress_occ_avg_bytes = 14.9539
stat.switch.port.node.5.ingress_occ_stddev_bytes = 33.811
stat.switch.port.node.5.ingress_occ_max_bytes = 328
stat.switch.port.node.5.ingress_occ_nonempty_frac = 0.275293
stat.switch.port.node.5.ingress_occ_run_max_cycles = 589
stat.switch.port.node.5.ingress_occ_run_avg_cycles = 220.554
stat.switch.port.node.5.ingress_occ_gap_max_cycles = 911
stat.switch.port.node.5.ingress_occ_gap_avg_cycles = 493.216
stat.switch.port.node.5.ingress_wait_avg_cycles.demand_req = 125.058
stat.switch.port.node.5.ingress_wait_max_cycles.demand_req = 157
stat.switch.port.node.5.ingress_queue_wait_avg_cycles.demand_req = 1.05799
stat.switch.port.node.5.ingress_queue_wait_max_cycles.demand_req = 33
stat.switch.port.node.5.egress_wait_avg_cycles.demand_req = 0
stat.switch.port.node.5.egress_wait_max_cycles.demand_req = 0
stat.switch.port.node.5.egress_occ_avg_bytes.demand_req = 0
stat.switch.port.node.5.egress_occ_max_bytes.demand_req = 0
stat.switch.port.node.5.egress_blocked_cycles.demand_req = 0
stat.switch.port.node.5.ingress_arrival_empty_packets.demand_req = 2610
stat.switch.port.node.5.ingress_arrival_nonempty_packets.demand_req = 18326
stat.switch.port.node.5.ingress_arrival_nonempty_packet_frac.demand_req = 0.875334
stat.switch.port.node.5.ingress_nonempty_arrival_pre_occ_avg_bytes.demand_req = 65.6126
stat.switch.port.node.5.ingress_nonempty_arrival_pre_occ_max_bytes.demand_req = 296
stat.switch.port.node.5.ingress_release_after_empty_arrival_packets.demand_req = 2610
stat.switch.port.node.5.ingress_release_after_nonempty_arrival_packets.demand_req = 18326
stat.switch.port.node.5.ingress_wait_after_empty_arrival_avg_cycles.demand_req = 124
stat.switch.port.node.5.ingress_wait_after_nonempty_arrival_avg_cycles.demand_req = 125.209
stat.switch.port.node.5.ingress_queue_wait_after_empty_arrival_avg_cycles.demand_req = 0
stat.switch.port.node.5.ingress_queue_wait_after_nonempty_arrival_avg_cycles.demand_req = 1.20867
stat.switch.port.node.5.ingress_queue_wait_after_empty_arrival_max_cycles.demand_req = 0
stat.switch.port.node.5.ingress_queue_wait_after_nonempty_arrival_max_cycles.demand_req = 33
stat.switch.port.node.5.rx_bytes.demand_req = 167488
stat.switch.port.node.5.tx_bytes.demand_req = 0
stat.switch.port.node.5.rx_pkts.demand_req = 20936
stat.switch.port.node.5.tx_pkts.demand_req = 0
stat.switch.port.node.5.ingress_wait_avg_cycles.write_req = 145.144
stat.switch.port.node.5.ingress_wait_max_cycles.write_req = 158
stat.switch.port.node.5.ingress_queue_wait_avg_cycles.write_req = 0.144023
stat.switch.port.node.5.ingress_queue_wait_max_cycles.write_req = 13
stat.switch.port.node.5.egress_wait_avg_cycles.write_req = 0
stat.switch.port.node.5.egress_wait_max_cycles.write_req = 0
stat.switch.port.node.5.egress_occ_avg_bytes.write_req = 0
stat.switch.port.node.5.egress_occ_max_bytes.write_req = 0
stat.switch.port.node.5.egress_blocked_cycles.write_req = 0
stat.switch.port.node.5.ingress_arrival_empty_packets.write_req = 3182
stat.switch.port.node.5.ingress_arrival_nonempty_packets.write_req = 2088
stat.switch.port.node.5.ingress_arrival_nonempty_packet_frac.write_req = 0.396205
stat.switch.port.node.5.ingress_nonempty_arrival_pre_occ_avg_bytes.write_req = 72.0728
stat.switch.port.node.5.ingress_nonempty_arrival_pre_occ_max_bytes.write_req = 264
stat.switch.port.node.5.ingress_release_after_empty_arrival_packets.write_req = 3182
stat.switch.port.node.5.ingress_release_after_nonempty_arrival_packets.write_req = 2088
stat.switch.port.node.5.ingress_wait_after_empty_arrival_avg_cycles.write_req = 145
stat.switch.port.node.5.ingress_wait_after_nonempty_arrival_avg_cycles.write_req = 145.364
stat.switch.port.node.5.ingress_queue_wait_after_empty_arrival_avg_cycles.write_req = 0
stat.switch.port.node.5.ingress_queue_wait_after_nonempty_arrival_avg_cycles.write_req = 0.363506
stat.switch.port.node.5.ingress_queue_wait_after_empty_arrival_max_cycles.write_req = 0
stat.switch.port.node.5.ingress_queue_wait_after_nonempty_arrival_max_cycles.write_req = 13
stat.switch.port.node.5.rx_bytes.write_req = 337280
stat.switch.port.node.5.tx_bytes.write_req = 0
stat.switch.port.node.5.rx_pkts.write_req = 5270
stat.switch.port.node.5.tx_pkts.write_req = 0
stat.switch.port.node.5.ingress_wait_avg_cycles.response = 0
stat.switch.port.node.5.ingress_wait_max_cycles.response = 0
stat.switch.port.node.5.ingress_queue_wait_avg_cycles.response = 0
stat.switch.port.node.5.ingress_queue_wait_max_cycles.response = 0
stat.switch.port.node.5.egress_wait_avg_cycles.response = 1
stat.switch.port.node.5.egress_wait_max_cycles.response = 1
stat.switch.port.node.5.egress_occ_avg_bytes.response = 0
stat.switch.port.node.5.egress_occ_max_bytes.response = 0
stat.switch.port.node.5.egress_blocked_cycles.response = 0
stat.switch.port.node.5.ingress_arrival_empty_packets.response = 0
stat.switch.port.node.5.ingress_arrival_nonempty_packets.response = 0
stat.switch.port.node.5.ingress_arrival_nonempty_packet_frac.response = 0
stat.switch.port.node.5.ingress_nonempty_arrival_pre_occ_avg_bytes.response = 0
stat.switch.port.node.5.ingress_nonempty_arrival_pre_occ_max_bytes.response = 0
stat.switch.port.node.5.ingress_release_after_empty_arrival_packets.response = 0
stat.switch.port.node.5.ingress_release_after_nonempty_arrival_packets.response = 0
stat.switch.port.node.5.ingress_wait_after_empty_arrival_avg_cycles.response = 0
stat.switch.port.node.5.ingress_wait_after_nonempty_arrival_avg_cycles.response = 0
stat.switch.port.node.5.ingress_queue_wait_after_empty_arrival_avg_cycles.response = 0
stat.switch.port.node.5.ingress_queue_wait_after_nonempty_arrival_avg_cycles.response = 0
stat.switch.port.node.5.ingress_queue_wait_after_empty_arrival_max_cycles.response = 0
stat.switch.port.node.5.ingress_queue_wait_after_nonempty_arrival_max_cycles.response = 0
stat.switch.port.node.5.rx_bytes.response = 0
stat.switch.port.node.5.tx_bytes.response = 1341184
stat.switch.port.node.5.rx_pkts.response = 0
stat.switch.port.node.5.tx_pkts.response = 20956
stat.switch.port.node.5.ingress_wait_avg_cycles.other_req = 124.6
stat.switch.port.node.5.ingress_wait_max_cycles.other_req = 128
stat.switch.port.node.5.ingress_queue_wait_avg_cycles.other_req = 0.6
stat.switch.port.node.5.ingress_queue_wait_max_cycles.other_req = 4
stat.switch.port.node.5.egress_wait_avg_cycles.other_req = 0
stat.switch.port.node.5.egress_wait_max_cycles.other_req = 0
stat.switch.port.node.5.egress_occ_avg_bytes.other_req = 0
stat.switch.port.node.5.egress_occ_max_bytes.other_req = 0
stat.switch.port.node.5.egress_blocked_cycles.other_req = 0
stat.switch.port.node.5.ingress_arrival_empty_packets.other_req = 2
stat.switch.port.node.5.ingress_arrival_nonempty_packets.other_req = 18
stat.switch.port.node.5.ingress_arrival_nonempty_packet_frac.other_req = 0.9
stat.switch.port.node.5.ingress_nonempty_arrival_pre_occ_avg_bytes.other_req = 60
stat.switch.port.node.5.ingress_nonempty_arrival_pre_occ_max_bytes.other_req = 136
stat.switch.port.node.5.ingress_release_after_empty_arrival_packets.other_req = 2
stat.switch.port.node.5.ingress_release_after_nonempty_arrival_packets.other_req = 18
stat.switch.port.node.5.ingress_wait_after_empty_arrival_avg_cycles.other_req = 124
stat.switch.port.node.5.ingress_wait_after_nonempty_arrival_avg_cycles.other_req = 124.667
stat.switch.port.node.5.ingress_queue_wait_after_empty_arrival_avg_cycles.other_req = 0
stat.switch.port.node.5.ingress_queue_wait_after_nonempty_arrival_avg_cycles.other_req = 0.666667
stat.switch.port.node.5.ingress_queue_wait_after_empty_arrival_max_cycles.other_req = 0
stat.switch.port.node.5.ingress_queue_wait_after_nonempty_arrival_max_cycles.other_req = 4
stat.switch.port.node.5.rx_bytes.other_req = 160
stat.switch.port.node.5.tx_bytes.other_req = 0
stat.switch.port.node.5.rx_pkts.other_req = 20
stat.switch.port.node.5.tx_pkts.other_req = 0
stat.switch.port.node.5.ingress_occ_bucket_bytes.0 = 3364031
stat.switch.port.node.5.ready_occ_bucket_bytes.0 = 4615692
stat.switch.port.node.5.ingress_occ_bucket_bytes.1_64 = 881893
stat.switch.port.node.5.ready_occ_bucket_bytes.1_64 = 26226
stat.switch.port.node.5.ingress_occ_bucket_bytes.65_256 = 394784
stat.switch.port.node.5.ready_occ_bucket_bytes.65_256 = 0
stat.switch.port.node.5.ingress_occ_bucket_bytes.257_1024 = 1210
stat.switch.port.node.5.ready_occ_bucket_bytes.257_1024 = 0
stat.switch.port.node.5.ingress_occ_bucket_bytes.1025_4096 = 0
stat.switch.port.node.5.ready_occ_bucket_bytes.1025_4096 = 0
stat.switch.port.node.5.ingress_occ_bucket_bytes.4097_plus = 0
stat.switch.port.node.5.ready_occ_bucket_bytes.4097_plus = 0
stat.switch.port.node.5.ingress_pre_occ_bucket.demand_req.0 = 2610
stat.switch.port.node.5.ingress_queue_wait_bucket.demand_req.0 = 17752
stat.switch.port.node.5.ingress_pre_occ_bucket.demand_req.1_64 = 9665
stat.switch.port.node.5.ingress_queue_wait_bucket.demand_req.1_63 = 3184
stat.switch.port.node.5.ingress_pre_occ_bucket.demand_req.65_256 = 8636
stat.switch.port.node.5.ingress_queue_wait_bucket.demand_req.64_255 = 0
stat.switch.port.node.5.ingress_pre_occ_bucket.demand_req.257_1024 = 25
stat.switch.port.node.5.ingress_queue_wait_bucket.demand_req.256_1023 = 0
stat.switch.port.node.5.ingress_pre_occ_bucket.demand_req.1025_4096 = 0
stat.switch.port.node.5.ingress_queue_wait_bucket.demand_req.1024_4095 = 0
stat.switch.port.node.5.ingress_pre_occ_bucket.demand_req.4097_plus = 0
stat.switch.port.node.5.ingress_queue_wait_bucket.demand_req.4096_plus = 0
stat.switch.port.node.5.ingress_pre_occ_bucket.write_req.0 = 3182
stat.switch.port.node.5.ingress_queue_wait_bucket.write_req.0 = 5076
stat.switch.port.node.5.ingress_pre_occ_bucket.write_req.1_64 = 1371
stat.switch.port.node.5.ingress_queue_wait_bucket.write_req.1_63 = 194
stat.switch.port.node.5.ingress_pre_occ_bucket.write_req.65_256 = 716
stat.switch.port.node.5.ingress_queue_wait_bucket.write_req.64_255 = 0
stat.switch.port.node.5.ingress_pre_occ_bucket.write_req.257_1024 = 1
stat.switch.port.node.5.ingress_queue_wait_bucket.write_req.256_1023 = 0
stat.switch.port.node.5.ingress_pre_occ_bucket.write_req.1025_4096 = 0
stat.switch.port.node.5.ingress_queue_wait_bucket.write_req.1024_4095 = 0
stat.switch.port.node.5.ingress_pre_occ_bucket.write_req.4097_plus = 0
stat.switch.port.node.5.ingress_queue_wait_bucket.write_req.4096_plus = 0
stat.switch.port.node.5.ingress_pre_occ_bucket.response.0 = 0
stat.switch.port.node.5.ingress_queue_wait_bucket.response.0 = 0
stat.switch.port.node.5.ingress_pre_occ_bucket.response.1_64 = 0
stat.switch.port.node.5.ingress_queue_wait_bucket.response.1_63 = 0
stat.switch.port.node.5.ingress_pre_occ_bucket.response.65_256 = 0
stat.switch.port.node.5.ingress_queue_wait_bucket.response.64_255 = 0
stat.switch.port.node.5.ingress_pre_occ_bucket.response.257_1024 = 0
stat.switch.port.node.5.ingress_queue_wait_bucket.response.256_1023 = 0
stat.switch.port.node.5.ingress_pre_occ_bucket.response.1025_4096 = 0
stat.switch.port.node.5.ingress_queue_wait_bucket.response.1024_4095 = 0
stat.switch.port.node.5.ingress_pre_occ_bucket.response.4097_plus = 0
stat.switch.port.node.5.ingress_queue_wait_bucket.response.4096_plus = 0
stat.switch.port.node.5.ingress_pre_occ_bucket.other_req.0 = 2
stat.switch.port.node.5.ingress_queue_wait_bucket.other_req.0 = 14
stat.switch.port.node.5.ingress_pre_occ_bucket.other_req.1_64 = 10
stat.switch.port.node.5.ingress_queue_wait_bucket.other_req.1_63 = 6
stat.switch.port.node.5.ingress_pre_occ_bucket.other_req.65_256 = 8
stat.switch.port.node.5.ingress_queue_wait_bucket.other_req.64_255 = 0
stat.switch.port.node.5.ingress_pre_occ_bucket.other_req.257_1024 = 0
stat.switch.port.node.5.ingress_queue_wait_bucket.other_req.256_1023 = 0
stat.switch.port.node.5.ingress_pre_occ_bucket.other_req.1025_4096 = 0
stat.switch.port.node.5.ingress_queue_wait_bucket.other_req.1024_4095 = 0
stat.switch.port.node.5.ingress_pre_occ_bucket.other_req.4097_plus = 0
stat.switch.port.node.5.ingress_queue_wait_bucket.other_req.4096_plus = 0
stat.switch.port.node.5.peer_src.5.rx_bytes.demand_req = 167488
stat.switch.port.node.5.peer_src.5.rx_pkts.demand_req = 20936
stat.switch.port.node.5.peer_src.5.tx_bytes.demand_req = 0
stat.switch.port.node.5.peer_src.5.tx_pkts.demand_req = 0
stat.switch.port.node.5.peer_src.5.ingress_arrivals.demand_req = 20936
stat.switch.port.node.5.peer_src.5.ingress_arrival_nonempty_packet_frac.demand_req = 0.875334
stat.switch.port.node.5.peer_src.5.ingress_nonempty_arrival_pre_occ_avg_bytes.demand_req = 65.6126
stat.switch.port.node.5.peer_src.5.ingress_nonempty_arrival_pre_occ_max_bytes.demand_req = 296
stat.switch.port.node.5.peer_src.5.ingress_wait_avg_cycles.demand_req = 125.058
stat.switch.port.node.5.peer_src.5.ingress_queue_wait_avg_cycles.demand_req = 1.05799
stat.switch.port.node.5.peer_src.5.ingress_queue_wait_after_nonempty_arrival_avg_cycles.demand_req = 1.20867
stat.switch.port.node.5.peer_src.5.ingress_pre_occ_bucket.demand_req.0 = 2610
stat.switch.port.node.5.peer_src.5.ingress_queue_wait_bucket.demand_req.0 = 17752
stat.switch.port.node.5.peer_src.5.ingress_pre_occ_bucket.demand_req.1_64 = 9665
stat.switch.port.node.5.peer_src.5.ingress_queue_wait_bucket.demand_req.1_63 = 3184
stat.switch.port.node.5.peer_src.5.ingress_pre_occ_bucket.demand_req.65_256 = 8636
stat.switch.port.node.5.peer_src.5.ingress_queue_wait_bucket.demand_req.64_255 = 0
stat.switch.port.node.5.peer_src.5.ingress_pre_occ_bucket.demand_req.257_1024 = 25
stat.switch.port.node.5.peer_src.5.ingress_queue_wait_bucket.demand_req.256_1023 = 0
stat.switch.port.node.5.peer_src.5.ingress_pre_occ_bucket.demand_req.1025_4096 = 0
stat.switch.port.node.5.peer_src.5.ingress_queue_wait_bucket.demand_req.1024_4095 = 0
stat.switch.port.node.5.peer_src.5.ingress_pre_occ_bucket.demand_req.4097_plus = 0
stat.switch.port.node.5.peer_src.5.ingress_queue_wait_bucket.demand_req.4096_plus = 0
stat.switch.port.node.5.peer_src.5.rx_bytes.write_req = 337280
stat.switch.port.node.5.peer_src.5.rx_pkts.write_req = 5270
stat.switch.port.node.5.peer_src.5.tx_bytes.write_req = 0
stat.switch.port.node.5.peer_src.5.tx_pkts.write_req = 0
stat.switch.port.node.5.peer_src.5.ingress_arrivals.write_req = 5270
stat.switch.port.node.5.peer_src.5.ingress_arrival_nonempty_packet_frac.write_req = 0.396205
stat.switch.port.node.5.peer_src.5.ingress_nonempty_arrival_pre_occ_avg_bytes.write_req = 72.0728
stat.switch.port.node.5.peer_src.5.ingress_nonempty_arrival_pre_occ_max_bytes.write_req = 264
stat.switch.port.node.5.peer_src.5.ingress_wait_avg_cycles.write_req = 145.144
stat.switch.port.node.5.peer_src.5.ingress_queue_wait_avg_cycles.write_req = 0.144023
stat.switch.port.node.5.peer_src.5.ingress_queue_wait_after_nonempty_arrival_avg_cycles.write_req = 0.363506
stat.switch.port.node.5.peer_src.5.ingress_pre_occ_bucket.write_req.0 = 3182
stat.switch.port.node.5.peer_src.5.ingress_queue_wait_bucket.write_req.0 = 5076
stat.switch.port.node.5.peer_src.5.ingress_pre_occ_bucket.write_req.1_64 = 1371
stat.switch.port.node.5.peer_src.5.ingress_queue_wait_bucket.write_req.1_63 = 194
stat.switch.port.node.5.peer_src.5.ingress_pre_occ_bucket.write_req.65_256 = 716
stat.switch.port.node.5.peer_src.5.ingress_queue_wait_bucket.write_req.64_255 = 0
stat.switch.port.node.5.peer_src.5.ingress_pre_occ_bucket.write_req.257_1024 = 1
stat.switch.port.node.5.peer_src.5.ingress_queue_wait_bucket.write_req.256_1023 = 0
stat.switch.port.node.5.peer_src.5.ingress_pre_occ_bucket.write_req.1025_4096 = 0
stat.switch.port.node.5.peer_src.5.ingress_queue_wait_bucket.write_req.1024_4095 = 0
stat.switch.port.node.5.peer_src.5.ingress_pre_occ_bucket.write_req.4097_plus = 0
stat.switch.port.node.5.peer_src.5.ingress_queue_wait_bucket.write_req.4096_plus = 0
stat.switch.port.node.5.peer_src.5.rx_bytes.other_req = 160
stat.switch.port.node.5.peer_src.5.rx_pkts.other_req = 20
stat.switch.port.node.5.peer_src.5.tx_bytes.other_req = 0
stat.switch.port.node.5.peer_src.5.tx_pkts.other_req = 0
stat.switch.port.node.5.peer_src.5.ingress_arrivals.other_req = 20
stat.switch.port.node.5.peer_src.5.ingress_arrival_nonempty_packet_frac.other_req = 0.9
stat.switch.port.node.5.peer_src.5.ingress_nonempty_arrival_pre_occ_avg_bytes.other_req = 60
stat.switch.port.node.5.peer_src.5.ingress_nonempty_arrival_pre_occ_max_bytes.other_req = 136
stat.switch.port.node.5.peer_src.5.ingress_wait_avg_cycles.other_req = 124.6
stat.switch.port.node.5.peer_src.5.ingress_queue_wait_avg_cycles.other_req = 0.6
stat.switch.port.node.5.peer_src.5.ingress_queue_wait_after_nonempty_arrival_avg_cycles.other_req = 0.666667
stat.switch.port.node.5.peer_src.5.ingress_pre_occ_bucket.other_req.0 = 2
stat.switch.port.node.5.peer_src.5.ingress_queue_wait_bucket.other_req.0 = 14
stat.switch.port.node.5.peer_src.5.ingress_pre_occ_bucket.other_req.1_64 = 10
stat.switch.port.node.5.peer_src.5.ingress_queue_wait_bucket.other_req.1_63 = 6
stat.switch.port.node.5.peer_src.5.ingress_pre_occ_bucket.other_req.65_256 = 8
stat.switch.port.node.5.peer_src.5.ingress_queue_wait_bucket.other_req.64_255 = 0
stat.switch.port.node.5.peer_src.5.ingress_pre_occ_bucket.other_req.257_1024 = 0
stat.switch.port.node.5.peer_src.5.ingress_queue_wait_bucket.other_req.256_1023 = 0
stat.switch.port.node.5.peer_src.5.ingress_pre_occ_bucket.other_req.1025_4096 = 0
stat.switch.port.node.5.peer_src.5.ingress_queue_wait_bucket.other_req.1024_4095 = 0
stat.switch.port.node.5.peer_src.5.ingress_pre_occ_bucket.other_req.4097_plus = 0
stat.switch.port.node.5.peer_src.5.ingress_queue_wait_bucket.other_req.4096_plus = 0
stat.switch.port.node.5.peer_dst.100.rx_bytes.demand_req = 167488
stat.switch.port.node.5.peer_dst.100.rx_pkts.demand_req = 20936
stat.switch.port.node.5.peer_dst.100.tx_bytes.demand_req = 0
stat.switch.port.node.5.peer_dst.100.tx_pkts.demand_req = 0
stat.switch.port.node.5.peer_dst.100.ingress_arrivals.demand_req = 20936
stat.switch.port.node.5.peer_dst.100.ingress_arrival_nonempty_packet_frac.demand_req = 0.875334
stat.switch.port.node.5.peer_dst.100.ingress_nonempty_arrival_pre_occ_avg_bytes.demand_req = 65.6126
stat.switch.port.node.5.peer_dst.100.ingress_nonempty_arrival_pre_occ_max_bytes.demand_req = 296
stat.switch.port.node.5.peer_dst.100.ingress_wait_avg_cycles.demand_req = 125.058
stat.switch.port.node.5.peer_dst.100.ingress_queue_wait_avg_cycles.demand_req = 1.05799
stat.switch.port.node.5.peer_dst.100.ingress_queue_wait_after_nonempty_arrival_avg_cycles.demand_req = 1.20867
stat.switch.port.node.5.peer_dst.100.ingress_pre_occ_bucket.demand_req.0 = 2610
stat.switch.port.node.5.peer_dst.100.ingress_queue_wait_bucket.demand_req.0 = 17752
stat.switch.port.node.5.peer_dst.100.ingress_pre_occ_bucket.demand_req.1_64 = 9665
stat.switch.port.node.5.peer_dst.100.ingress_queue_wait_bucket.demand_req.1_63 = 3184
stat.switch.port.node.5.peer_dst.100.ingress_pre_occ_bucket.demand_req.65_256 = 8636
stat.switch.port.node.5.peer_dst.100.ingress_queue_wait_bucket.demand_req.64_255 = 0
stat.switch.port.node.5.peer_dst.100.ingress_pre_occ_bucket.demand_req.257_1024 = 25
stat.switch.port.node.5.peer_dst.100.ingress_queue_wait_bucket.demand_req.256_1023 = 0
stat.switch.port.node.5.peer_dst.100.ingress_pre_occ_bucket.demand_req.1025_4096 = 0
stat.switch.port.node.5.peer_dst.100.ingress_queue_wait_bucket.demand_req.1024_4095 = 0
stat.switch.port.node.5.peer_dst.100.ingress_pre_occ_bucket.demand_req.4097_plus = 0
stat.switch.port.node.5.peer_dst.100.ingress_queue_wait_bucket.demand_req.4096_plus = 0
stat.switch.port.node.5.peer_dst.100.rx_bytes.write_req = 337280
stat.switch.port.node.5.peer_dst.100.rx_pkts.write_req = 5270
stat.switch.port.node.5.peer_dst.100.tx_bytes.write_req = 0
stat.switch.port.node.5.peer_dst.100.tx_pkts.write_req = 0
stat.switch.port.node.5.peer_dst.100.ingress_arrivals.write_req = 5270
stat.switch.port.node.5.peer_dst.100.ingress_arrival_nonempty_packet_frac.write_req = 0.396205
stat.switch.port.node.5.peer_dst.100.ingress_nonempty_arrival_pre_occ_avg_bytes.write_req = 72.0728
stat.switch.port.node.5.peer_dst.100.ingress_nonempty_arrival_pre_occ_max_bytes.write_req = 264
stat.switch.port.node.5.peer_dst.100.ingress_wait_avg_cycles.write_req = 145.144
stat.switch.port.node.5.peer_dst.100.ingress_queue_wait_avg_cycles.write_req = 0.144023
stat.switch.port.node.5.peer_dst.100.ingress_queue_wait_after_nonempty_arrival_avg_cycles.write_req = 0.363506
stat.switch.port.node.5.peer_dst.100.ingress_pre_occ_bucket.write_req.0 = 3182
stat.switch.port.node.5.peer_dst.100.ingress_queue_wait_bucket.write_req.0 = 5076
stat.switch.port.node.5.peer_dst.100.ingress_pre_occ_bucket.write_req.1_64 = 1371
stat.switch.port.node.5.peer_dst.100.ingress_queue_wait_bucket.write_req.1_63 = 194
stat.switch.port.node.5.peer_dst.100.ingress_pre_occ_bucket.write_req.65_256 = 716
stat.switch.port.node.5.peer_dst.100.ingress_queue_wait_bucket.write_req.64_255 = 0
stat.switch.port.node.5.peer_dst.100.ingress_pre_occ_bucket.write_req.257_1024 = 1
stat.switch.port.node.5.peer_dst.100.ingress_queue_wait_bucket.write_req.256_1023 = 0
stat.switch.port.node.5.peer_dst.100.ingress_pre_occ_bucket.write_req.1025_4096 = 0
stat.switch.port.node.5.peer_dst.100.ingress_queue_wait_bucket.write_req.1024_4095 = 0
stat.switch.port.node.5.peer_dst.100.ingress_pre_occ_bucket.write_req.4097_plus = 0
stat.switch.port.node.5.peer_dst.100.ingress_queue_wait_bucket.write_req.4096_plus = 0
stat.switch.port.node.5.peer_dst.100.rx_bytes.other_req = 160
stat.switch.port.node.5.peer_dst.100.rx_pkts.other_req = 20
stat.switch.port.node.5.peer_dst.100.tx_bytes.other_req = 0
stat.switch.port.node.5.peer_dst.100.tx_pkts.other_req = 0
stat.switch.port.node.5.peer_dst.100.ingress_arrivals.other_req = 20
stat.switch.port.node.5.peer_dst.100.ingress_arrival_nonempty_packet_frac.other_req = 0.9
stat.switch.port.node.5.peer_dst.100.ingress_nonempty_arrival_pre_occ_avg_bytes.other_req = 60
stat.switch.port.node.5.peer_dst.100.ingress_nonempty_arrival_pre_occ_max_bytes.other_req = 136
stat.switch.port.node.5.peer_dst.100.ingress_wait_avg_cycles.other_req = 124.6
stat.switch.port.node.5.peer_dst.100.ingress_queue_wait_avg_cycles.other_req = 0.6
stat.switch.port.node.5.peer_dst.100.ingress_queue_wait_after_nonempty_arrival_avg_cycles.other_req = 0.666667
stat.switch.port.node.5.peer_dst.100.ingress_pre_occ_bucket.other_req.0 = 2
stat.switch.port.node.5.peer_dst.100.ingress_queue_wait_bucket.other_req.0 = 14
stat.switch.port.node.5.peer_dst.100.ingress_pre_occ_bucket.other_req.1_64 = 10
stat.switch.port.node.5.peer_dst.100.ingress_queue_wait_bucket.other_req.1_63 = 6
stat.switch.port.node.5.peer_dst.100.ingress_pre_occ_bucket.other_req.65_256 = 8
stat.switch.port.node.5.peer_dst.100.ingress_queue_wait_bucket.other_req.64_255 = 0
stat.switch.port.node.5.peer_dst.100.ingress_pre_occ_bucket.other_req.257_1024 = 0
stat.switch.port.node.5.peer_dst.100.ingress_queue_wait_bucket.other_req.256_1023 = 0
stat.switch.port.node.5.peer_dst.100.ingress_pre_occ_bucket.other_req.1025_4096 = 0
stat.switch.port.node.5.peer_dst.100.ingress_queue_wait_bucket.other_req.1024_4095 = 0
stat.switch.port.node.5.peer_dst.100.ingress_pre_occ_bucket.other_req.4097_plus = 0
stat.switch.port.node.5.peer_dst.100.ingress_queue_wait_bucket.other_req.4096_plus = 0
stat.switch.port.node.5.tx_src.101.rx_bytes.response = 0
stat.switch.port.node.5.tx_src.101.rx_pkts.response = 0
stat.switch.port.node.5.tx_src.101.tx_bytes.response = 1341184
stat.switch.port.node.5.tx_src.101.tx_pkts.response = 20956
stat.switch.port.node.5.tx_src.101.ingress_arrivals.response = 0
stat.switch.port.node.5.tx_src.101.ingress_arrival_nonempty_packet_frac.response = 0
stat.switch.port.node.5.tx_src.101.ingress_nonempty_arrival_pre_occ_avg_bytes.response = 0
stat.switch.port.node.5.tx_src.101.ingress_nonempty_arrival_pre_occ_max_bytes.response = 0
stat.switch.port.node.5.tx_src.101.ingress_wait_avg_cycles.response = 0
stat.switch.port.node.5.tx_src.101.ingress_queue_wait_avg_cycles.response = 0
stat.switch.port.node.5.tx_src.101.ingress_queue_wait_after_nonempty_arrival_avg_cycles.response = 0
stat.switch.port.node.5.tx_src.101.ingress_pre_occ_bucket.response.0 = 0
stat.switch.port.node.5.tx_src.101.ingress_queue_wait_bucket.response.0 = 0
stat.switch.port.node.5.tx_src.101.ingress_pre_occ_bucket.response.1_64 = 0
stat.switch.port.node.5.tx_src.101.ingress_queue_wait_bucket.response.1_63 = 0
stat.switch.port.node.5.tx_src.101.ingress_pre_occ_bucket.response.65_256 = 0
stat.switch.port.node.5.tx_src.101.ingress_queue_wait_bucket.response.64_255 = 0
stat.switch.port.node.5.tx_src.101.ingress_pre_occ_bucket.response.257_1024 = 0
stat.switch.port.node.5.tx_src.101.ingress_queue_wait_bucket.response.256_1023 = 0
stat.switch.port.node.5.tx_src.101.ingress_pre_occ_bucket.response.1025_4096 = 0
stat.switch.port.node.5.tx_src.101.ingress_queue_wait_bucket.response.1024_4095 = 0
stat.switch.port.node.5.tx_src.101.ingress_pre_occ_bucket.response.4097_plus = 0
stat.switch.port.node.5.tx_src.101.ingress_queue_wait_bucket.response.4096_plus = 0
stat.switch.port.node.5.tx_dst.5.rx_bytes.response = 0
stat.switch.port.node.5.tx_dst.5.rx_pkts.response = 0
stat.switch.port.node.5.tx_dst.5.tx_bytes.response = 1341184
stat.switch.port.node.5.tx_dst.5.tx_pkts.response = 20956
stat.switch.port.node.5.tx_dst.5.ingress_arrivals.response = 0
stat.switch.port.node.5.tx_dst.5.ingress_arrival_nonempty_packet_frac.response = 0
stat.switch.port.node.5.tx_dst.5.ingress_nonempty_arrival_pre_occ_avg_bytes.response = 0
stat.switch.port.node.5.tx_dst.5.ingress_nonempty_arrival_pre_occ_max_bytes.response = 0
stat.switch.port.node.5.tx_dst.5.ingress_wait_avg_cycles.response = 0
stat.switch.port.node.5.tx_dst.5.ingress_queue_wait_avg_cycles.response = 0
stat.switch.port.node.5.tx_dst.5.ingress_queue_wait_after_nonempty_arrival_avg_cycles.response = 0
stat.switch.port.node.5.tx_dst.5.ingress_pre_occ_bucket.response.0 = 0
stat.switch.port.node.5.tx_dst.5.ingress_queue_wait_bucket.response.0 = 0
stat.switch.port.node.5.tx_dst.5.ingress_pre_occ_bucket.response.1_64 = 0
stat.switch.port.node.5.tx_dst.5.ingress_queue_wait_bucket.response.1_63 = 0
stat.switch.port.node.5.tx_dst.5.ingress_pre_occ_bucket.response.65_256 = 0
stat.switch.port.node.5.tx_dst.5.ingress_queue_wait_bucket.response.64_255 = 0
stat.switch.port.node.5.tx_dst.5.ingress_pre_occ_bucket.response.257_1024 = 0
stat.switch.port.node.5.tx_dst.5.ingress_queue_wait_bucket.response.256_1023 = 0
stat.switch.port.node.5.tx_dst.5.ingress_pre_occ_bucket.response.1025_4096 = 0
stat.switch.port.node.5.tx_dst.5.ingress_queue_wait_bucket.response.1024_4095 = 0
stat.switch.port.node.5.tx_dst.5.ingress_pre_occ_bucket.response.4097_plus = 0
stat.switch.port.node.5.tx_dst.5.ingress_queue_wait_bucket.response.4096_plus = 0
stat.switch.port.node.6.ingress_wait_avg_cycles = 129.094
stat.switch.port.node.6.ingress_wait_max_cycles = 158
stat.switch.port.node.6.egress_wait_avg_cycles = 1
stat.switch.port.node.6.egress_wait_max_cycles = 1
stat.switch.port.node.6.ingress_queue_wait_avg_cycles = 0.874662
stat.switch.port.node.6.ingress_queue_wait_max_cycles = 33
stat.switch.port.node.6.egress_occ_avg_bytes = 0
stat.switch.port.node.6.egress_occ_stddev_bytes = 0
stat.switch.port.node.6.egress_occ_max_bytes = 0
stat.switch.port.node.6.egress_occ_nonempty_frac = 0
stat.switch.port.node.6.egress_blocked_cycles = 0
stat.switch.port.node.6.egress_blocked_nonempty_frac = 0
stat.switch.port.node.6.egress_blocked_avg_occ_bytes = 0
stat.switch.port.node.6.egress_blocked_max_occ_bytes = 0
stat.switch.port.node.6.egress_send_burst_max_pkts = 1
stat.switch.port.node.6.egress_send_burst_max_bytes = 64
stat.switch.port.node.6.egress_send_burst_avg_pkts = 1
stat.switch.port.node.6.egress_send_burst_avg_bytes = 64
stat.switch.port.node.6.egress_send_burst_stddev_pkts = 0
stat.switch.port.node.6.egress_send_burst_stddev_bytes = 0
stat.switch.port.node.6.egress_send_nonempty_frac = 0.00451451
stat.switch.port.node.6.ingress_arrival_burst_avg_bytes = 19.2787
stat.switch.port.node.6.ingress_arrival_nonempty_frac = 0.00564228
stat.switch.port.node.6.ingress_arrival_run_max_cycles = 6
stat.switch.port.node.6.ingress_arrival_run_avg_cycles = 1.04726
stat.switch.port.node.6.ingress_arrival_gap_max_cycles = 1092
stat.switch.port.node.6.ingress_arrival_gap_avg_cycles = 164.323
stat.switch.port.node.6.ingress_release_burst_avg_bytes = 19.2512
stat.switch.port.node.6.ingress_release_nonempty_frac = 0.0056496
stat.switch.port.node.6.ingress_release_run_max_cycles = 1
stat.switch.port.node.6.ingress_release_run_avg_cycles = 1
stat.switch.port.node.6.ingress_release_gap_max_cycles = 1092
stat.switch.port.node.6.ingress_release_gap_avg_cycles = 156.691
stat.switch.port.node.6.ingress_occ_avg_bytes = 14.9518
stat.switch.port.node.6.ingress_occ_stddev_bytes = 33.7102
stat.switch.port.node.6.ingress_occ_max_bytes = 328
stat.switch.port.node.6.ingress_occ_nonempty_frac = 0.276341
stat.switch.port.node.6.ingress_occ_run_max_cycles = 529
stat.switch.port.node.6.ingress_occ_run_avg_cycles = 220.518
stat.switch.port.node.6.ingress_occ_gap_max_cycles = 970
stat.switch.port.node.6.ingress_occ_gap_avg_cycles = 490.514
stat.switch.port.node.6.ingress_wait_avg_cycles.demand_req = 125.06
stat.switch.port.node.6.ingress_wait_max_cycles.demand_req = 157
stat.switch.port.node.6.ingress_queue_wait_avg_cycles.demand_req = 1.0598
stat.switch.port.node.6.ingress_queue_wait_max_cycles.demand_req = 33
stat.switch.port.node.6.egress_wait_avg_cycles.demand_req = 0
stat.switch.port.node.6.egress_wait_max_cycles.demand_req = 0
stat.switch.port.node.6.egress_occ_avg_bytes.demand_req = 0
stat.switch.port.node.6.egress_occ_max_bytes.demand_req = 0
stat.switch.port.node.6.egress_blocked_cycles.demand_req = 0
stat.switch.port.node.6.ingress_arrival_empty_packets.demand_req = 2608
stat.switch.port.node.6.ingress_arrival_nonempty_packets.demand_req = 18328
stat.switch.port.node.6.ingress_arrival_nonempty_packet_frac.demand_req = 0.87543
stat.switch.port.node.6.ingress_nonempty_arrival_pre_occ_avg_bytes.demand_req = 65.3653
stat.switch.port.node.6.ingress_nonempty_arrival_pre_occ_max_bytes.demand_req = 296
stat.switch.port.node.6.ingress_release_after_empty_arrival_packets.demand_req = 2608
stat.switch.port.node.6.ingress_release_after_nonempty_arrival_packets.demand_req = 18328
stat.switch.port.node.6.ingress_wait_after_empty_arrival_avg_cycles.demand_req = 124
stat.switch.port.node.6.ingress_wait_after_nonempty_arrival_avg_cycles.demand_req = 125.211
stat.switch.port.node.6.ingress_queue_wait_after_empty_arrival_avg_cycles.demand_req = 0
stat.switch.port.node.6.ingress_queue_wait_after_nonempty_arrival_avg_cycles.demand_req = 1.21061
stat.switch.port.node.6.ingress_queue_wait_after_empty_arrival_max_cycles.demand_req = 0
stat.switch.port.node.6.ingress_queue_wait_after_nonempty_arrival_max_cycles.demand_req = 33
stat.switch.port.node.6.rx_bytes.demand_req = 167488
stat.switch.port.node.6.tx_bytes.demand_req = 0
stat.switch.port.node.6.rx_pkts.demand_req = 20936
stat.switch.port.node.6.tx_pkts.demand_req = 0
stat.switch.port.node.6.ingress_wait_avg_cycles.write_req = 145.14
stat.switch.port.node.6.ingress_wait_max_cycles.write_req = 158
stat.switch.port.node.6.ingress_queue_wait_avg_cycles.write_req = 0.140444
stat.switch.port.node.6.ingress_queue_wait_max_cycles.write_req = 13
stat.switch.port.node.6.egress_wait_avg_cycles.write_req = 0
stat.switch.port.node.6.egress_wait_max_cycles.write_req = 0
stat.switch.port.node.6.egress_occ_avg_bytes.write_req = 0
stat.switch.port.node.6.egress_occ_max_bytes.write_req = 0
stat.switch.port.node.6.egress_blocked_cycles.write_req = 0
stat.switch.port.node.6.ingress_arrival_empty_packets.write_req = 3207
stat.switch.port.node.6.ingress_arrival_nonempty_packets.write_req = 2063
stat.switch.port.node.6.ingress_arrival_nonempty_packet_frac.write_req = 0.391461
stat.switch.port.node.6.ingress_nonempty_arrival_pre_occ_avg_bytes.write_req = 71.8139
stat.switch.port.node.6.ingress_nonempty_arrival_pre_occ_max_bytes.write_req = 264
stat.switch.port.node.6.ingress_release_after_empty_arrival_packets.write_req = 3206
stat.switch.port.node.6.ingress_release_after_nonempty_arrival_packets.write_req = 2063
stat.switch.port.node.6.ingress_wait_after_empty_arrival_avg_cycles.write_req = 145
stat.switch.port.node.6.ingress_wait_after_nonempty_arrival_avg_cycles.write_req = 145.359
stat.switch.port.node.6.ingress_queue_wait_after_empty_arrival_avg_cycles.write_req = 0
stat.switch.port.node.6.ingress_queue_wait_after_nonempty_arrival_avg_cycles.write_req = 0.358701
stat.switch.port.node.6.ingress_queue_wait_after_empty_arrival_max_cycles.write_req = 0
stat.switch.port.node.6.ingress_queue_wait_after_nonempty_arrival_max_cycles.write_req = 13
stat.switch.port.node.6.rx_bytes.write_req = 337280
stat.switch.port.node.6.tx_bytes.write_req = 0
stat.switch.port.node.6.rx_pkts.write_req = 5270
stat.switch.port.node.6.tx_pkts.write_req = 0
stat.switch.port.node.6.ingress_wait_avg_cycles.response = 0
stat.switch.port.node.6.ingress_wait_max_cycles.response = 0
stat.switch.port.node.6.ingress_queue_wait_avg_cycles.response = 0
stat.switch.port.node.6.ingress_queue_wait_max_cycles.response = 0
stat.switch.port.node.6.egress_wait_avg_cycles.response = 1
stat.switch.port.node.6.egress_wait_max_cycles.response = 1
stat.switch.port.node.6.egress_occ_avg_bytes.response = 0
stat.switch.port.node.6.egress_occ_max_bytes.response = 0
stat.switch.port.node.6.egress_blocked_cycles.response = 0
stat.switch.port.node.6.ingress_arrival_empty_packets.response = 0
stat.switch.port.node.6.ingress_arrival_nonempty_packets.response = 0
stat.switch.port.node.6.ingress_arrival_nonempty_packet_frac.response = 0
stat.switch.port.node.6.ingress_nonempty_arrival_pre_occ_avg_bytes.response = 0
stat.switch.port.node.6.ingress_nonempty_arrival_pre_occ_max_bytes.response = 0
stat.switch.port.node.6.ingress_release_after_empty_arrival_packets.response = 0
stat.switch.port.node.6.ingress_release_after_nonempty_arrival_packets.response = 0
stat.switch.port.node.6.ingress_wait_after_empty_arrival_avg_cycles.response = 0
stat.switch.port.node.6.ingress_wait_after_nonempty_arrival_avg_cycles.response = 0
stat.switch.port.node.6.ingress_queue_wait_after_empty_arrival_avg_cycles.response = 0
stat.switch.port.node.6.ingress_queue_wait_after_nonempty_arrival_avg_cycles.response = 0
stat.switch.port.node.6.ingress_queue_wait_after_empty_arrival_max_cycles.response = 0
stat.switch.port.node.6.ingress_queue_wait_after_nonempty_arrival_max_cycles.response = 0
stat.switch.port.node.6.rx_bytes.response = 0
stat.switch.port.node.6.tx_bytes.response = 1341184
stat.switch.port.node.6.rx_pkts.response = 0
stat.switch.port.node.6.tx_pkts.response = 20956
stat.switch.port.node.6.ingress_wait_avg_cycles.other_req = 124.5
stat.switch.port.node.6.ingress_wait_max_cycles.other_req = 128
stat.switch.port.node.6.ingress_queue_wait_avg_cycles.other_req = 0.5
stat.switch.port.node.6.ingress_queue_wait_max_cycles.other_req = 4
stat.switch.port.node.6.egress_wait_avg_cycles.other_req = 0
stat.switch.port.node.6.egress_wait_max_cycles.other_req = 0
stat.switch.port.node.6.egress_occ_avg_bytes.other_req = 0
stat.switch.port.node.6.egress_occ_max_bytes.other_req = 0
stat.switch.port.node.6.egress_blocked_cycles.other_req = 0
stat.switch.port.node.6.ingress_arrival_empty_packets.other_req = 2
stat.switch.port.node.6.ingress_arrival_nonempty_packets.other_req = 18
stat.switch.port.node.6.ingress_arrival_nonempty_packet_frac.other_req = 0.9
stat.switch.port.node.6.ingress_nonempty_arrival_pre_occ_avg_bytes.other_req = 56.4444
stat.switch.port.node.6.ingress_nonempty_arrival_pre_occ_max_bytes.other_req = 176
stat.switch.port.node.6.ingress_release_after_empty_arrival_packets.other_req = 2
stat.switch.port.node.6.ingress_release_after_nonempty_arrival_packets.other_req = 18
stat.switch.port.node.6.ingress_wait_after_empty_arrival_avg_cycles.other_req = 124
stat.switch.port.node.6.ingress_wait_after_nonempty_arrival_avg_cycles.other_req = 124.556
stat.switch.port.node.6.ingress_queue_wait_after_empty_arrival_avg_cycles.other_req = 0
stat.switch.port.node.6.ingress_queue_wait_after_nonempty_arrival_avg_cycles.other_req = 0.555556
stat.switch.port.node.6.ingress_queue_wait_after_empty_arrival_max_cycles.other_req = 0
stat.switch.port.node.6.ingress_queue_wait_after_nonempty_arrival_max_cycles.other_req = 4
stat.switch.port.node.6.rx_bytes.other_req = 160
stat.switch.port.node.6.tx_bytes.other_req = 0
stat.switch.port.node.6.rx_pkts.other_req = 20
stat.switch.port.node.6.tx_pkts.other_req = 0
stat.switch.port.node.6.ingress_occ_bucket_bytes.0 = 3359166
stat.switch.port.node.6.ready_occ_bucket_bytes.0 = 4615693
stat.switch.port.node.6.ingress_occ_bucket_bytes.1_64 = 887632
stat.switch.port.node.6.ready_occ_bucket_bytes.1_64 = 26225
stat.switch.port.node.6.ingress_occ_bucket_bytes.65_256 = 393964
stat.switch.port.node.6.ready_occ_bucket_bytes.65_256 = 0
stat.switch.port.node.6.ingress_occ_bucket_bytes.257_1024 = 1156
stat.switch.port.node.6.ready_occ_bucket_bytes.257_1024 = 0
stat.switch.port.node.6.ingress_occ_bucket_bytes.1025_4096 = 0
stat.switch.port.node.6.ready_occ_bucket_bytes.1025_4096 = 0
stat.switch.port.node.6.ingress_occ_bucket_bytes.4097_plus = 0
stat.switch.port.node.6.ready_occ_bucket_bytes.4097_plus = 0
stat.switch.port.node.6.ingress_pre_occ_bucket.demand_req.0 = 2608
stat.switch.port.node.6.ingress_queue_wait_bucket.demand_req.0 = 17752
stat.switch.port.node.6.ingress_pre_occ_bucket.demand_req.1_64 = 9710
stat.switch.port.node.6.ingress_queue_wait_bucket.demand_req.1_63 = 3184
stat.switch.port.node.6.ingress_pre_occ_bucket.demand_req.65_256 = 8593
stat.switch.port.node.6.ingress_queue_wait_bucket.demand_req.64_255 = 0
stat.switch.port.node.6.ingress_pre_occ_bucket.demand_req.257_1024 = 25
stat.switch.port.node.6.ingress_queue_wait_bucket.demand_req.256_1023 = 0
stat.switch.port.node.6.ingress_pre_occ_bucket.demand_req.1025_4096 = 0
stat.switch.port.node.6.ingress_queue_wait_bucket.demand_req.1024_4095 = 0
stat.switch.port.node.6.ingress_pre_occ_bucket.demand_req.4097_plus = 0
stat.switch.port.node.6.ingress_queue_wait_bucket.demand_req.4096_plus = 0
stat.switch.port.node.6.ingress_pre_occ_bucket.write_req.0 = 3207
stat.switch.port.node.6.ingress_queue_wait_bucket.write_req.0 = 5086
stat.switch.port.node.6.ingress_pre_occ_bucket.write_req.1_64 = 1354
stat.switch.port.node.6.ingress_queue_wait_bucket.write_req.1_63 = 183
stat.switch.port.node.6.ingress_pre_occ_bucket.write_req.65_256 = 708
stat.switch.port.node.6.ingress_queue_wait_bucket.write_req.64_255 = 0
stat.switch.port.node.6.ingress_pre_occ_bucket.write_req.257_1024 = 1
stat.switch.port.node.6.ingress_queue_wait_bucket.write_req.256_1023 = 0
stat.switch.port.node.6.ingress_pre_occ_bucket.write_req.1025_4096 = 0
stat.switch.port.node.6.ingress_queue_wait_bucket.write_req.1024_4095 = 0
stat.switch.port.node.6.ingress_pre_occ_bucket.write_req.4097_plus = 0
stat.switch.port.node.6.ingress_queue_wait_bucket.write_req.4096_plus = 0
stat.switch.port.node.6.ingress_pre_occ_bucket.response.0 = 0
stat.switch.port.node.6.ingress_queue_wait_bucket.response.0 = 0
stat.switch.port.node.6.ingress_pre_occ_bucket.response.1_64 = 0
stat.switch.port.node.6.ingress_queue_wait_bucket.response.1_63 = 0
stat.switch.port.node.6.ingress_pre_occ_bucket.response.65_256 = 0
stat.switch.port.node.6.ingress_queue_wait_bucket.response.64_255 = 0
stat.switch.port.node.6.ingress_pre_occ_bucket.response.257_1024 = 0
stat.switch.port.node.6.ingress_queue_wait_bucket.response.256_1023 = 0
stat.switch.port.node.6.ingress_pre_occ_bucket.response.1025_4096 = 0
stat.switch.port.node.6.ingress_queue_wait_bucket.response.1024_4095 = 0
stat.switch.port.node.6.ingress_pre_occ_bucket.response.4097_plus = 0
stat.switch.port.node.6.ingress_queue_wait_bucket.response.4096_plus = 0
stat.switch.port.node.6.ingress_pre_occ_bucket.other_req.0 = 2
stat.switch.port.node.6.ingress_queue_wait_bucket.other_req.0 = 15
stat.switch.port.node.6.ingress_pre_occ_bucket.other_req.1_64 = 12
stat.switch.port.node.6.ingress_queue_wait_bucket.other_req.1_63 = 5
stat.switch.port.node.6.ingress_pre_occ_bucket.other_req.65_256 = 6
stat.switch.port.node.6.ingress_queue_wait_bucket.other_req.64_255 = 0
stat.switch.port.node.6.ingress_pre_occ_bucket.other_req.257_1024 = 0
stat.switch.port.node.6.ingress_queue_wait_bucket.other_req.256_1023 = 0
stat.switch.port.node.6.ingress_pre_occ_bucket.other_req.1025_4096 = 0
stat.switch.port.node.6.ingress_queue_wait_bucket.other_req.1024_4095 = 0
stat.switch.port.node.6.ingress_pre_occ_bucket.other_req.4097_plus = 0
stat.switch.port.node.6.ingress_queue_wait_bucket.other_req.4096_plus = 0
stat.switch.port.node.6.peer_src.6.rx_bytes.demand_req = 167488
stat.switch.port.node.6.peer_src.6.rx_pkts.demand_req = 20936
stat.switch.port.node.6.peer_src.6.tx_bytes.demand_req = 0
stat.switch.port.node.6.peer_src.6.tx_pkts.demand_req = 0
stat.switch.port.node.6.peer_src.6.ingress_arrivals.demand_req = 20936
stat.switch.port.node.6.peer_src.6.ingress_arrival_nonempty_packet_frac.demand_req = 0.87543
stat.switch.port.node.6.peer_src.6.ingress_nonempty_arrival_pre_occ_avg_bytes.demand_req = 65.3653
stat.switch.port.node.6.peer_src.6.ingress_nonempty_arrival_pre_occ_max_bytes.demand_req = 296
stat.switch.port.node.6.peer_src.6.ingress_wait_avg_cycles.demand_req = 125.06
stat.switch.port.node.6.peer_src.6.ingress_queue_wait_avg_cycles.demand_req = 1.0598
stat.switch.port.node.6.peer_src.6.ingress_queue_wait_after_nonempty_arrival_avg_cycles.demand_req = 1.21061
stat.switch.port.node.6.peer_src.6.ingress_pre_occ_bucket.demand_req.0 = 2608
stat.switch.port.node.6.peer_src.6.ingress_queue_wait_bucket.demand_req.0 = 17752
stat.switch.port.node.6.peer_src.6.ingress_pre_occ_bucket.demand_req.1_64 = 9710
stat.switch.port.node.6.peer_src.6.ingress_queue_wait_bucket.demand_req.1_63 = 3184
stat.switch.port.node.6.peer_src.6.ingress_pre_occ_bucket.demand_req.65_256 = 8593
stat.switch.port.node.6.peer_src.6.ingress_queue_wait_bucket.demand_req.64_255 = 0
stat.switch.port.node.6.peer_src.6.ingress_pre_occ_bucket.demand_req.257_1024 = 25
stat.switch.port.node.6.peer_src.6.ingress_queue_wait_bucket.demand_req.256_1023 = 0
stat.switch.port.node.6.peer_src.6.ingress_pre_occ_bucket.demand_req.1025_4096 = 0
stat.switch.port.node.6.peer_src.6.ingress_queue_wait_bucket.demand_req.1024_4095 = 0
stat.switch.port.node.6.peer_src.6.ingress_pre_occ_bucket.demand_req.4097_plus = 0
stat.switch.port.node.6.peer_src.6.ingress_queue_wait_bucket.demand_req.4096_plus = 0
stat.switch.port.node.6.peer_src.6.rx_bytes.write_req = 337280
stat.switch.port.node.6.peer_src.6.rx_pkts.write_req = 5270
stat.switch.port.node.6.peer_src.6.tx_bytes.write_req = 0
stat.switch.port.node.6.peer_src.6.tx_pkts.write_req = 0
stat.switch.port.node.6.peer_src.6.ingress_arrivals.write_req = 5270
stat.switch.port.node.6.peer_src.6.ingress_arrival_nonempty_packet_frac.write_req = 0.391461
stat.switch.port.node.6.peer_src.6.ingress_nonempty_arrival_pre_occ_avg_bytes.write_req = 71.8139
stat.switch.port.node.6.peer_src.6.ingress_nonempty_arrival_pre_occ_max_bytes.write_req = 264
stat.switch.port.node.6.peer_src.6.ingress_wait_avg_cycles.write_req = 145.14
stat.switch.port.node.6.peer_src.6.ingress_queue_wait_avg_cycles.write_req = 0.140444
stat.switch.port.node.6.peer_src.6.ingress_queue_wait_after_nonempty_arrival_avg_cycles.write_req = 0.358701
stat.switch.port.node.6.peer_src.6.ingress_pre_occ_bucket.write_req.0 = 3207
stat.switch.port.node.6.peer_src.6.ingress_queue_wait_bucket.write_req.0 = 5086
stat.switch.port.node.6.peer_src.6.ingress_pre_occ_bucket.write_req.1_64 = 1354
stat.switch.port.node.6.peer_src.6.ingress_queue_wait_bucket.write_req.1_63 = 183
stat.switch.port.node.6.peer_src.6.ingress_pre_occ_bucket.write_req.65_256 = 708
stat.switch.port.node.6.peer_src.6.ingress_queue_wait_bucket.write_req.64_255 = 0
stat.switch.port.node.6.peer_src.6.ingress_pre_occ_bucket.write_req.257_1024 = 1
stat.switch.port.node.6.peer_src.6.ingress_queue_wait_bucket.write_req.256_1023 = 0
stat.switch.port.node.6.peer_src.6.ingress_pre_occ_bucket.write_req.1025_4096 = 0
stat.switch.port.node.6.peer_src.6.ingress_queue_wait_bucket.write_req.1024_4095 = 0
stat.switch.port.node.6.peer_src.6.ingress_pre_occ_bucket.write_req.4097_plus = 0
stat.switch.port.node.6.peer_src.6.ingress_queue_wait_bucket.write_req.4096_plus = 0
stat.switch.port.node.6.peer_src.6.rx_bytes.other_req = 160
stat.switch.port.node.6.peer_src.6.rx_pkts.other_req = 20
stat.switch.port.node.6.peer_src.6.tx_bytes.other_req = 0
stat.switch.port.node.6.peer_src.6.tx_pkts.other_req = 0
stat.switch.port.node.6.peer_src.6.ingress_arrivals.other_req = 20
stat.switch.port.node.6.peer_src.6.ingress_arrival_nonempty_packet_frac.other_req = 0.9
stat.switch.port.node.6.peer_src.6.ingress_nonempty_arrival_pre_occ_avg_bytes.other_req = 56.4444
stat.switch.port.node.6.peer_src.6.ingress_nonempty_arrival_pre_occ_max_bytes.other_req = 176
stat.switch.port.node.6.peer_src.6.ingress_wait_avg_cycles.other_req = 124.5
stat.switch.port.node.6.peer_src.6.ingress_queue_wait_avg_cycles.other_req = 0.5
stat.switch.port.node.6.peer_src.6.ingress_queue_wait_after_nonempty_arrival_avg_cycles.other_req = 0.555556
stat.switch.port.node.6.peer_src.6.ingress_pre_occ_bucket.other_req.0 = 2
stat.switch.port.node.6.peer_src.6.ingress_queue_wait_bucket.other_req.0 = 15
stat.switch.port.node.6.peer_src.6.ingress_pre_occ_bucket.other_req.1_64 = 12
stat.switch.port.node.6.peer_src.6.ingress_queue_wait_bucket.other_req.1_63 = 5
stat.switch.port.node.6.peer_src.6.ingress_pre_occ_bucket.other_req.65_256 = 6
stat.switch.port.node.6.peer_src.6.ingress_queue_wait_bucket.other_req.64_255 = 0
stat.switch.port.node.6.peer_src.6.ingress_pre_occ_bucket.other_req.257_1024 = 0
stat.switch.port.node.6.peer_src.6.ingress_queue_wait_bucket.other_req.256_1023 = 0
stat.switch.port.node.6.peer_src.6.ingress_pre_occ_bucket.other_req.1025_4096 = 0
stat.switch.port.node.6.peer_src.6.ingress_queue_wait_bucket.other_req.1024_4095 = 0
stat.switch.port.node.6.peer_src.6.ingress_pre_occ_bucket.other_req.4097_plus = 0
stat.switch.port.node.6.peer_src.6.ingress_queue_wait_bucket.other_req.4096_plus = 0
stat.switch.port.node.6.peer_dst.100.rx_bytes.demand_req = 167488
stat.switch.port.node.6.peer_dst.100.rx_pkts.demand_req = 20936
stat.switch.port.node.6.peer_dst.100.tx_bytes.demand_req = 0
stat.switch.port.node.6.peer_dst.100.tx_pkts.demand_req = 0
stat.switch.port.node.6.peer_dst.100.ingress_arrivals.demand_req = 20936
stat.switch.port.node.6.peer_dst.100.ingress_arrival_nonempty_packet_frac.demand_req = 0.87543
stat.switch.port.node.6.peer_dst.100.ingress_nonempty_arrival_pre_occ_avg_bytes.demand_req = 65.3653
stat.switch.port.node.6.peer_dst.100.ingress_nonempty_arrival_pre_occ_max_bytes.demand_req = 296
stat.switch.port.node.6.peer_dst.100.ingress_wait_avg_cycles.demand_req = 125.06
stat.switch.port.node.6.peer_dst.100.ingress_queue_wait_avg_cycles.demand_req = 1.0598
stat.switch.port.node.6.peer_dst.100.ingress_queue_wait_after_nonempty_arrival_avg_cycles.demand_req = 1.21061
stat.switch.port.node.6.peer_dst.100.ingress_pre_occ_bucket.demand_req.0 = 2608
stat.switch.port.node.6.peer_dst.100.ingress_queue_wait_bucket.demand_req.0 = 17752
stat.switch.port.node.6.peer_dst.100.ingress_pre_occ_bucket.demand_req.1_64 = 9710
stat.switch.port.node.6.peer_dst.100.ingress_queue_wait_bucket.demand_req.1_63 = 3184
stat.switch.port.node.6.peer_dst.100.ingress_pre_occ_bucket.demand_req.65_256 = 8593
stat.switch.port.node.6.peer_dst.100.ingress_queue_wait_bucket.demand_req.64_255 = 0
stat.switch.port.node.6.peer_dst.100.ingress_pre_occ_bucket.demand_req.257_1024 = 25
stat.switch.port.node.6.peer_dst.100.ingress_queue_wait_bucket.demand_req.256_1023 = 0
stat.switch.port.node.6.peer_dst.100.ingress_pre_occ_bucket.demand_req.1025_4096 = 0
stat.switch.port.node.6.peer_dst.100.ingress_queue_wait_bucket.demand_req.1024_4095 = 0
stat.switch.port.node.6.peer_dst.100.ingress_pre_occ_bucket.demand_req.4097_plus = 0
stat.switch.port.node.6.peer_dst.100.ingress_queue_wait_bucket.demand_req.4096_plus = 0
stat.switch.port.node.6.peer_dst.100.rx_bytes.write_req = 337280
stat.switch.port.node.6.peer_dst.100.rx_pkts.write_req = 5270
stat.switch.port.node.6.peer_dst.100.tx_bytes.write_req = 0
stat.switch.port.node.6.peer_dst.100.tx_pkts.write_req = 0
stat.switch.port.node.6.peer_dst.100.ingress_arrivals.write_req = 5270
stat.switch.port.node.6.peer_dst.100.ingress_arrival_nonempty_packet_frac.write_req = 0.391461
stat.switch.port.node.6.peer_dst.100.ingress_nonempty_arrival_pre_occ_avg_bytes.write_req = 71.8139
stat.switch.port.node.6.peer_dst.100.ingress_nonempty_arrival_pre_occ_max_bytes.write_req = 264
stat.switch.port.node.6.peer_dst.100.ingress_wait_avg_cycles.write_req = 145.14
stat.switch.port.node.6.peer_dst.100.ingress_queue_wait_avg_cycles.write_req = 0.140444
stat.switch.port.node.6.peer_dst.100.ingress_queue_wait_after_nonempty_arrival_avg_cycles.write_req = 0.358701
stat.switch.port.node.6.peer_dst.100.ingress_pre_occ_bucket.write_req.0 = 3207
stat.switch.port.node.6.peer_dst.100.ingress_queue_wait_bucket.write_req.0 = 5086
stat.switch.port.node.6.peer_dst.100.ingress_pre_occ_bucket.write_req.1_64 = 1354
stat.switch.port.node.6.peer_dst.100.ingress_queue_wait_bucket.write_req.1_63 = 183
stat.switch.port.node.6.peer_dst.100.ingress_pre_occ_bucket.write_req.65_256 = 708
stat.switch.port.node.6.peer_dst.100.ingress_queue_wait_bucket.write_req.64_255 = 0
stat.switch.port.node.6.peer_dst.100.ingress_pre_occ_bucket.write_req.257_1024 = 1
stat.switch.port.node.6.peer_dst.100.ingress_queue_wait_bucket.write_req.256_1023 = 0
stat.switch.port.node.6.peer_dst.100.ingress_pre_occ_bucket.write_req.1025_4096 = 0
stat.switch.port.node.6.peer_dst.100.ingress_queue_wait_bucket.write_req.1024_4095 = 0
stat.switch.port.node.6.peer_dst.100.ingress_pre_occ_bucket.write_req.4097_plus = 0
stat.switch.port.node.6.peer_dst.100.ingress_queue_wait_bucket.write_req.4096_plus = 0
stat.switch.port.node.6.peer_dst.100.rx_bytes.other_req = 160
stat.switch.port.node.6.peer_dst.100.rx_pkts.other_req = 20
stat.switch.port.node.6.peer_dst.100.tx_bytes.other_req = 0
stat.switch.port.node.6.peer_dst.100.tx_pkts.other_req = 0
stat.switch.port.node.6.peer_dst.100.ingress_arrivals.other_req = 20
stat.switch.port.node.6.peer_dst.100.ingress_arrival_nonempty_packet_frac.other_req = 0.9
stat.switch.port.node.6.peer_dst.100.ingress_nonempty_arrival_pre_occ_avg_bytes.other_req = 56.4444
stat.switch.port.node.6.peer_dst.100.ingress_nonempty_arrival_pre_occ_max_bytes.other_req = 176
stat.switch.port.node.6.peer_dst.100.ingress_wait_avg_cycles.other_req = 124.5
stat.switch.port.node.6.peer_dst.100.ingress_queue_wait_avg_cycles.other_req = 0.5
stat.switch.port.node.6.peer_dst.100.ingress_queue_wait_after_nonempty_arrival_avg_cycles.other_req = 0.555556
stat.switch.port.node.6.peer_dst.100.ingress_pre_occ_bucket.other_req.0 = 2
stat.switch.port.node.6.peer_dst.100.ingress_queue_wait_bucket.other_req.0 = 15
stat.switch.port.node.6.peer_dst.100.ingress_pre_occ_bucket.other_req.1_64 = 12
stat.switch.port.node.6.peer_dst.100.ingress_queue_wait_bucket.other_req.1_63 = 5
stat.switch.port.node.6.peer_dst.100.ingress_pre_occ_bucket.other_req.65_256 = 6
stat.switch.port.node.6.peer_dst.100.ingress_queue_wait_bucket.other_req.64_255 = 0
stat.switch.port.node.6.peer_dst.100.ingress_pre_occ_bucket.other_req.257_1024 = 0
stat.switch.port.node.6.peer_dst.100.ingress_queue_wait_bucket.other_req.256_1023 = 0
stat.switch.port.node.6.peer_dst.100.ingress_pre_occ_bucket.other_req.1025_4096 = 0
stat.switch.port.node.6.peer_dst.100.ingress_queue_wait_bucket.other_req.1024_4095 = 0
stat.switch.port.node.6.peer_dst.100.ingress_pre_occ_bucket.other_req.4097_plus = 0
stat.switch.port.node.6.peer_dst.100.ingress_queue_wait_bucket.other_req.4096_plus = 0
stat.switch.port.node.6.tx_src.100.rx_bytes.response = 0
stat.switch.port.node.6.tx_src.100.rx_pkts.response = 0
stat.switch.port.node.6.tx_src.100.tx_bytes.response = 1341184
stat.switch.port.node.6.tx_src.100.tx_pkts.response = 20956
stat.switch.port.node.6.tx_src.100.ingress_arrivals.response = 0
stat.switch.port.node.6.tx_src.100.ingress_arrival_nonempty_packet_frac.response = 0
stat.switch.port.node.6.tx_src.100.ingress_nonempty_arrival_pre_occ_avg_bytes.response = 0
stat.switch.port.node.6.tx_src.100.ingress_nonempty_arrival_pre_occ_max_bytes.response = 0
stat.switch.port.node.6.tx_src.100.ingress_wait_avg_cycles.response = 0
stat.switch.port.node.6.tx_src.100.ingress_queue_wait_avg_cycles.response = 0
stat.switch.port.node.6.tx_src.100.ingress_queue_wait_after_nonempty_arrival_avg_cycles.response = 0
stat.switch.port.node.6.tx_src.100.ingress_pre_occ_bucket.response.0 = 0
stat.switch.port.node.6.tx_src.100.ingress_queue_wait_bucket.response.0 = 0
stat.switch.port.node.6.tx_src.100.ingress_pre_occ_bucket.response.1_64 = 0
stat.switch.port.node.6.tx_src.100.ingress_queue_wait_bucket.response.1_63 = 0
stat.switch.port.node.6.tx_src.100.ingress_pre_occ_bucket.response.65_256 = 0
stat.switch.port.node.6.tx_src.100.ingress_queue_wait_bucket.response.64_255 = 0
stat.switch.port.node.6.tx_src.100.ingress_pre_occ_bucket.response.257_1024 = 0
stat.switch.port.node.6.tx_src.100.ingress_queue_wait_bucket.response.256_1023 = 0
stat.switch.port.node.6.tx_src.100.ingress_pre_occ_bucket.response.1025_4096 = 0
stat.switch.port.node.6.tx_src.100.ingress_queue_wait_bucket.response.1024_4095 = 0
stat.switch.port.node.6.tx_src.100.ingress_pre_occ_bucket.response.4097_plus = 0
stat.switch.port.node.6.tx_src.100.ingress_queue_wait_bucket.response.4096_plus = 0
stat.switch.port.node.6.tx_dst.6.rx_bytes.response = 0
stat.switch.port.node.6.tx_dst.6.rx_pkts.response = 0
stat.switch.port.node.6.tx_dst.6.tx_bytes.response = 1341184
stat.switch.port.node.6.tx_dst.6.tx_pkts.response = 20956
stat.switch.port.node.6.tx_dst.6.ingress_arrivals.response = 0
stat.switch.port.node.6.tx_dst.6.ingress_arrival_nonempty_packet_frac.response = 0
stat.switch.port.node.6.tx_dst.6.ingress_nonempty_arrival_pre_occ_avg_bytes.response = 0
stat.switch.port.node.6.tx_dst.6.ingress_nonempty_arrival_pre_occ_max_bytes.response = 0
stat.switch.port.node.6.tx_dst.6.ingress_wait_avg_cycles.response = 0
stat.switch.port.node.6.tx_dst.6.ingress_queue_wait_avg_cycles.response = 0
stat.switch.port.node.6.tx_dst.6.ingress_queue_wait_after_nonempty_arrival_avg_cycles.response = 0
stat.switch.port.node.6.tx_dst.6.ingress_pre_occ_bucket.response.0 = 0
stat.switch.port.node.6.tx_dst.6.ingress_queue_wait_bucket.response.0 = 0
stat.switch.port.node.6.tx_dst.6.ingress_pre_occ_bucket.response.1_64 = 0
stat.switch.port.node.6.tx_dst.6.ingress_queue_wait_bucket.response.1_63 = 0
stat.switch.port.node.6.tx_dst.6.ingress_pre_occ_bucket.response.65_256 = 0
stat.switch.port.node.6.tx_dst.6.ingress_queue_wait_bucket.response.64_255 = 0
stat.switch.port.node.6.tx_dst.6.ingress_pre_occ_bucket.response.257_1024 = 0
stat.switch.port.node.6.tx_dst.6.ingress_queue_wait_bucket.response.256_1023 = 0
stat.switch.port.node.6.tx_dst.6.ingress_pre_occ_bucket.response.1025_4096 = 0
stat.switch.port.node.6.tx_dst.6.ingress_queue_wait_bucket.response.1024_4095 = 0
stat.switch.port.node.6.tx_dst.6.ingress_pre_occ_bucket.response.4097_plus = 0
stat.switch.port.node.6.tx_dst.6.ingress_queue_wait_bucket.response.4096_plus = 0
stat.switch.port.node.7.ingress_wait_avg_cycles = 129.094
stat.switch.port.node.7.ingress_wait_max_cycles = 158
stat.switch.port.node.7.egress_wait_avg_cycles = 1
stat.switch.port.node.7.egress_wait_max_cycles = 1
stat.switch.port.node.7.ingress_queue_wait_avg_cycles = 0.874662
stat.switch.port.node.7.ingress_queue_wait_max_cycles = 33
stat.switch.port.node.7.egress_occ_avg_bytes = 0
stat.switch.port.node.7.egress_occ_stddev_bytes = 0
stat.switch.port.node.7.egress_occ_max_bytes = 0
stat.switch.port.node.7.egress_occ_nonempty_frac = 0
stat.switch.port.node.7.egress_blocked_cycles = 0
stat.switch.port.node.7.egress_blocked_nonempty_frac = 0
stat.switch.port.node.7.egress_blocked_avg_occ_bytes = 0
stat.switch.port.node.7.egress_blocked_max_occ_bytes = 0
stat.switch.port.node.7.egress_send_burst_max_pkts = 1
stat.switch.port.node.7.egress_send_burst_max_bytes = 64
stat.switch.port.node.7.egress_send_burst_avg_pkts = 1
stat.switch.port.node.7.egress_send_burst_avg_bytes = 64
stat.switch.port.node.7.egress_send_burst_stddev_pkts = 0
stat.switch.port.node.7.egress_send_burst_stddev_bytes = 0
stat.switch.port.node.7.egress_send_nonempty_frac = 0.00451451
stat.switch.port.node.7.ingress_arrival_burst_avg_bytes = 19.2787
stat.switch.port.node.7.ingress_arrival_nonempty_frac = 0.00564228
stat.switch.port.node.7.ingress_arrival_run_max_cycles = 6
stat.switch.port.node.7.ingress_arrival_run_avg_cycles = 1.04726
stat.switch.port.node.7.ingress_arrival_gap_max_cycles = 1092
stat.switch.port.node.7.ingress_arrival_gap_avg_cycles = 164.323
stat.switch.port.node.7.ingress_release_burst_avg_bytes = 19.2512
stat.switch.port.node.7.ingress_release_nonempty_frac = 0.0056496
stat.switch.port.node.7.ingress_release_run_max_cycles = 1
stat.switch.port.node.7.ingress_release_run_avg_cycles = 1
stat.switch.port.node.7.ingress_release_gap_max_cycles = 1092
stat.switch.port.node.7.ingress_release_gap_avg_cycles = 156.691
stat.switch.port.node.7.ingress_occ_avg_bytes = 14.9518
stat.switch.port.node.7.ingress_occ_stddev_bytes = 33.7102
stat.switch.port.node.7.ingress_occ_max_bytes = 328
stat.switch.port.node.7.ingress_occ_nonempty_frac = 0.276341
stat.switch.port.node.7.ingress_occ_run_max_cycles = 529
stat.switch.port.node.7.ingress_occ_run_avg_cycles = 220.518
stat.switch.port.node.7.ingress_occ_gap_max_cycles = 970
stat.switch.port.node.7.ingress_occ_gap_avg_cycles = 490.514
stat.switch.port.node.7.ingress_wait_avg_cycles.demand_req = 125.06
stat.switch.port.node.7.ingress_wait_max_cycles.demand_req = 157
stat.switch.port.node.7.ingress_queue_wait_avg_cycles.demand_req = 1.0598
stat.switch.port.node.7.ingress_queue_wait_max_cycles.demand_req = 33
stat.switch.port.node.7.egress_wait_avg_cycles.demand_req = 0
stat.switch.port.node.7.egress_wait_max_cycles.demand_req = 0
stat.switch.port.node.7.egress_occ_avg_bytes.demand_req = 0
stat.switch.port.node.7.egress_occ_max_bytes.demand_req = 0
stat.switch.port.node.7.egress_blocked_cycles.demand_req = 0
stat.switch.port.node.7.ingress_arrival_empty_packets.demand_req = 2608
stat.switch.port.node.7.ingress_arrival_nonempty_packets.demand_req = 18328
stat.switch.port.node.7.ingress_arrival_nonempty_packet_frac.demand_req = 0.87543
stat.switch.port.node.7.ingress_nonempty_arrival_pre_occ_avg_bytes.demand_req = 65.3653
stat.switch.port.node.7.ingress_nonempty_arrival_pre_occ_max_bytes.demand_req = 296
stat.switch.port.node.7.ingress_release_after_empty_arrival_packets.demand_req = 2608
stat.switch.port.node.7.ingress_release_after_nonempty_arrival_packets.demand_req = 18328
stat.switch.port.node.7.ingress_wait_after_empty_arrival_avg_cycles.demand_req = 124
stat.switch.port.node.7.ingress_wait_after_nonempty_arrival_avg_cycles.demand_req = 125.211
stat.switch.port.node.7.ingress_queue_wait_after_empty_arrival_avg_cycles.demand_req = 0
stat.switch.port.node.7.ingress_queue_wait_after_nonempty_arrival_avg_cycles.demand_req = 1.21061
stat.switch.port.node.7.ingress_queue_wait_after_empty_arrival_max_cycles.demand_req = 0
stat.switch.port.node.7.ingress_queue_wait_after_nonempty_arrival_max_cycles.demand_req = 33
stat.switch.port.node.7.rx_bytes.demand_req = 167488
stat.switch.port.node.7.tx_bytes.demand_req = 0
stat.switch.port.node.7.rx_pkts.demand_req = 20936
stat.switch.port.node.7.tx_pkts.demand_req = 0
stat.switch.port.node.7.ingress_wait_avg_cycles.write_req = 145.14
stat.switch.port.node.7.ingress_wait_max_cycles.write_req = 158
stat.switch.port.node.7.ingress_queue_wait_avg_cycles.write_req = 0.140444
stat.switch.port.node.7.ingress_queue_wait_max_cycles.write_req = 13
stat.switch.port.node.7.egress_wait_avg_cycles.write_req = 0
stat.switch.port.node.7.egress_wait_max_cycles.write_req = 0
stat.switch.port.node.7.egress_occ_avg_bytes.write_req = 0
stat.switch.port.node.7.egress_occ_max_bytes.write_req = 0
stat.switch.port.node.7.egress_blocked_cycles.write_req = 0
stat.switch.port.node.7.ingress_arrival_empty_packets.write_req = 3207
stat.switch.port.node.7.ingress_arrival_nonempty_packets.write_req = 2063
stat.switch.port.node.7.ingress_arrival_nonempty_packet_frac.write_req = 0.391461
stat.switch.port.node.7.ingress_nonempty_arrival_pre_occ_avg_bytes.write_req = 71.8139
stat.switch.port.node.7.ingress_nonempty_arrival_pre_occ_max_bytes.write_req = 264
stat.switch.port.node.7.ingress_release_after_empty_arrival_packets.write_req = 3206
stat.switch.port.node.7.ingress_release_after_nonempty_arrival_packets.write_req = 2063
stat.switch.port.node.7.ingress_wait_after_empty_arrival_avg_cycles.write_req = 145
stat.switch.port.node.7.ingress_wait_after_nonempty_arrival_avg_cycles.write_req = 145.359
stat.switch.port.node.7.ingress_queue_wait_after_empty_arrival_avg_cycles.write_req = 0
stat.switch.port.node.7.ingress_queue_wait_after_nonempty_arrival_avg_cycles.write_req = 0.358701
stat.switch.port.node.7.ingress_queue_wait_after_empty_arrival_max_cycles.write_req = 0
stat.switch.port.node.7.ingress_queue_wait_after_nonempty_arrival_max_cycles.write_req = 13
stat.switch.port.node.7.rx_bytes.write_req = 337280
stat.switch.port.node.7.tx_bytes.write_req = 0
stat.switch.port.node.7.rx_pkts.write_req = 5270
stat.switch.port.node.7.tx_pkts.write_req = 0
stat.switch.port.node.7.ingress_wait_avg_cycles.response = 0
stat.switch.port.node.7.ingress_wait_max_cycles.response = 0
stat.switch.port.node.7.ingress_queue_wait_avg_cycles.response = 0
stat.switch.port.node.7.ingress_queue_wait_max_cycles.response = 0
stat.switch.port.node.7.egress_wait_avg_cycles.response = 1
stat.switch.port.node.7.egress_wait_max_cycles.response = 1
stat.switch.port.node.7.egress_occ_avg_bytes.response = 0
stat.switch.port.node.7.egress_occ_max_bytes.response = 0
stat.switch.port.node.7.egress_blocked_cycles.response = 0
stat.switch.port.node.7.ingress_arrival_empty_packets.response = 0
stat.switch.port.node.7.ingress_arrival_nonempty_packets.response = 0
stat.switch.port.node.7.ingress_arrival_nonempty_packet_frac.response = 0
stat.switch.port.node.7.ingress_nonempty_arrival_pre_occ_avg_bytes.response = 0
stat.switch.port.node.7.ingress_nonempty_arrival_pre_occ_max_bytes.response = 0
stat.switch.port.node.7.ingress_release_after_empty_arrival_packets.response = 0
stat.switch.port.node.7.ingress_release_after_nonempty_arrival_packets.response = 0
stat.switch.port.node.7.ingress_wait_after_empty_arrival_avg_cycles.response = 0
stat.switch.port.node.7.ingress_wait_after_nonempty_arrival_avg_cycles.response = 0
stat.switch.port.node.7.ingress_queue_wait_after_empty_arrival_avg_cycles.response = 0
stat.switch.port.node.7.ingress_queue_wait_after_nonempty_arrival_avg_cycles.response = 0
stat.switch.port.node.7.ingress_queue_wait_after_empty_arrival_max_cycles.response = 0
stat.switch.port.node.7.ingress_queue_wait_after_nonempty_arrival_max_cycles.response = 0
stat.switch.port.node.7.rx_bytes.response = 0
stat.switch.port.node.7.tx_bytes.response = 1341184
stat.switch.port.node.7.rx_pkts.response = 0
stat.switch.port.node.7.tx_pkts.response = 20956
stat.switch.port.node.7.ingress_wait_avg_cycles.other_req = 124.5
stat.switch.port.node.7.ingress_wait_max_cycles.other_req = 128
stat.switch.port.node.7.ingress_queue_wait_avg_cycles.other_req = 0.5
stat.switch.port.node.7.ingress_queue_wait_max_cycles.other_req = 4
stat.switch.port.node.7.egress_wait_avg_cycles.other_req = 0
stat.switch.port.node.7.egress_wait_max_cycles.other_req = 0
stat.switch.port.node.7.egress_occ_avg_bytes.other_req = 0
stat.switch.port.node.7.egress_occ_max_bytes.other_req = 0
stat.switch.port.node.7.egress_blocked_cycles.other_req = 0
stat.switch.port.node.7.ingress_arrival_empty_packets.other_req = 2
stat.switch.port.node.7.ingress_arrival_nonempty_packets.other_req = 18
stat.switch.port.node.7.ingress_arrival_nonempty_packet_frac.other_req = 0.9
stat.switch.port.node.7.ingress_nonempty_arrival_pre_occ_avg_bytes.other_req = 56.4444
stat.switch.port.node.7.ingress_nonempty_arrival_pre_occ_max_bytes.other_req = 176
stat.switch.port.node.7.ingress_release_after_empty_arrival_packets.other_req = 2
stat.switch.port.node.7.ingress_release_after_nonempty_arrival_packets.other_req = 18
stat.switch.port.node.7.ingress_wait_after_empty_arrival_avg_cycles.other_req = 124
stat.switch.port.node.7.ingress_wait_after_nonempty_arrival_avg_cycles.other_req = 124.556
stat.switch.port.node.7.ingress_queue_wait_after_empty_arrival_avg_cycles.other_req = 0
stat.switch.port.node.7.ingress_queue_wait_after_nonempty_arrival_avg_cycles.other_req = 0.555556
stat.switch.port.node.7.ingress_queue_wait_after_empty_arrival_max_cycles.other_req = 0
stat.switch.port.node.7.ingress_queue_wait_after_nonempty_arrival_max_cycles.other_req = 4
stat.switch.port.node.7.rx_bytes.other_req = 160
stat.switch.port.node.7.tx_bytes.other_req = 0
stat.switch.port.node.7.rx_pkts.other_req = 20
stat.switch.port.node.7.tx_pkts.other_req = 0
stat.switch.port.node.7.ingress_occ_bucket_bytes.0 = 3359166
stat.switch.port.node.7.ready_occ_bucket_bytes.0 = 4615693
stat.switch.port.node.7.ingress_occ_bucket_bytes.1_64 = 887632
stat.switch.port.node.7.ready_occ_bucket_bytes.1_64 = 26225
stat.switch.port.node.7.ingress_occ_bucket_bytes.65_256 = 393964
stat.switch.port.node.7.ready_occ_bucket_bytes.65_256 = 0
stat.switch.port.node.7.ingress_occ_bucket_bytes.257_1024 = 1156
stat.switch.port.node.7.ready_occ_bucket_bytes.257_1024 = 0
stat.switch.port.node.7.ingress_occ_bucket_bytes.1025_4096 = 0
stat.switch.port.node.7.ready_occ_bucket_bytes.1025_4096 = 0
stat.switch.port.node.7.ingress_occ_bucket_bytes.4097_plus = 0
stat.switch.port.node.7.ready_occ_bucket_bytes.4097_plus = 0
stat.switch.port.node.7.ingress_pre_occ_bucket.demand_req.0 = 2608
stat.switch.port.node.7.ingress_queue_wait_bucket.demand_req.0 = 17752
stat.switch.port.node.7.ingress_pre_occ_bucket.demand_req.1_64 = 9710
stat.switch.port.node.7.ingress_queue_wait_bucket.demand_req.1_63 = 3184
stat.switch.port.node.7.ingress_pre_occ_bucket.demand_req.65_256 = 8593
stat.switch.port.node.7.ingress_queue_wait_bucket.demand_req.64_255 = 0
stat.switch.port.node.7.ingress_pre_occ_bucket.demand_req.257_1024 = 25
stat.switch.port.node.7.ingress_queue_wait_bucket.demand_req.256_1023 = 0
stat.switch.port.node.7.ingress_pre_occ_bucket.demand_req.1025_4096 = 0
stat.switch.port.node.7.ingress_queue_wait_bucket.demand_req.1024_4095 = 0
stat.switch.port.node.7.ingress_pre_occ_bucket.demand_req.4097_plus = 0
stat.switch.port.node.7.ingress_queue_wait_bucket.demand_req.4096_plus = 0
stat.switch.port.node.7.ingress_pre_occ_bucket.write_req.0 = 3207
stat.switch.port.node.7.ingress_queue_wait_bucket.write_req.0 = 5086
stat.switch.port.node.7.ingress_pre_occ_bucket.write_req.1_64 = 1354
stat.switch.port.node.7.ingress_queue_wait_bucket.write_req.1_63 = 183
stat.switch.port.node.7.ingress_pre_occ_bucket.write_req.65_256 = 708
stat.switch.port.node.7.ingress_queue_wait_bucket.write_req.64_255 = 0
stat.switch.port.node.7.ingress_pre_occ_bucket.write_req.257_1024 = 1
stat.switch.port.node.7.ingress_queue_wait_bucket.write_req.256_1023 = 0
stat.switch.port.node.7.ingress_pre_occ_bucket.write_req.1025_4096 = 0
stat.switch.port.node.7.ingress_queue_wait_bucket.write_req.1024_4095 = 0
stat.switch.port.node.7.ingress_pre_occ_bucket.write_req.4097_plus = 0
stat.switch.port.node.7.ingress_queue_wait_bucket.write_req.4096_plus = 0
stat.switch.port.node.7.ingress_pre_occ_bucket.response.0 = 0
stat.switch.port.node.7.ingress_queue_wait_bucket.response.0 = 0
stat.switch.port.node.7.ingress_pre_occ_bucket.response.1_64 = 0
stat.switch.port.node.7.ingress_queue_wait_bucket.response.1_63 = 0
stat.switch.port.node.7.ingress_pre_occ_bucket.response.65_256 = 0
stat.switch.port.node.7.ingress_queue_wait_bucket.response.64_255 = 0
stat.switch.port.node.7.ingress_pre_occ_bucket.response.257_1024 = 0
stat.switch.port.node.7.ingress_queue_wait_bucket.response.256_1023 = 0
stat.switch.port.node.7.ingress_pre_occ_bucket.response.1025_4096 = 0
stat.switch.port.node.7.ingress_queue_wait_bucket.response.1024_4095 = 0
stat.switch.port.node.7.ingress_pre_occ_bucket.response.4097_plus = 0
stat.switch.port.node.7.ingress_queue_wait_bucket.response.4096_plus = 0
stat.switch.port.node.7.ingress_pre_occ_bucket.other_req.0 = 2
stat.switch.port.node.7.ingress_queue_wait_bucket.other_req.0 = 15
stat.switch.port.node.7.ingress_pre_occ_bucket.other_req.1_64 = 12
stat.switch.port.node.7.ingress_queue_wait_bucket.other_req.1_63 = 5
stat.switch.port.node.7.ingress_pre_occ_bucket.other_req.65_256 = 6
stat.switch.port.node.7.ingress_queue_wait_bucket.other_req.64_255 = 0
stat.switch.port.node.7.ingress_pre_occ_bucket.other_req.257_1024 = 0
stat.switch.port.node.7.ingress_queue_wait_bucket.other_req.256_1023 = 0
stat.switch.port.node.7.ingress_pre_occ_bucket.other_req.1025_4096 = 0
stat.switch.port.node.7.ingress_queue_wait_bucket.other_req.1024_4095 = 0
stat.switch.port.node.7.ingress_pre_occ_bucket.other_req.4097_plus = 0
stat.switch.port.node.7.ingress_queue_wait_bucket.other_req.4096_plus = 0
stat.switch.port.node.7.peer_src.7.rx_bytes.demand_req = 167488
stat.switch.port.node.7.peer_src.7.rx_pkts.demand_req = 20936
stat.switch.port.node.7.peer_src.7.tx_bytes.demand_req = 0
stat.switch.port.node.7.peer_src.7.tx_pkts.demand_req = 0
stat.switch.port.node.7.peer_src.7.ingress_arrivals.demand_req = 20936
stat.switch.port.node.7.peer_src.7.ingress_arrival_nonempty_packet_frac.demand_req = 0.87543
stat.switch.port.node.7.peer_src.7.ingress_nonempty_arrival_pre_occ_avg_bytes.demand_req = 65.3653
stat.switch.port.node.7.peer_src.7.ingress_nonempty_arrival_pre_occ_max_bytes.demand_req = 296
stat.switch.port.node.7.peer_src.7.ingress_wait_avg_cycles.demand_req = 125.06
stat.switch.port.node.7.peer_src.7.ingress_queue_wait_avg_cycles.demand_req = 1.0598
stat.switch.port.node.7.peer_src.7.ingress_queue_wait_after_nonempty_arrival_avg_cycles.demand_req = 1.21061
stat.switch.port.node.7.peer_src.7.ingress_pre_occ_bucket.demand_req.0 = 2608
stat.switch.port.node.7.peer_src.7.ingress_queue_wait_bucket.demand_req.0 = 17752
stat.switch.port.node.7.peer_src.7.ingress_pre_occ_bucket.demand_req.1_64 = 9710
stat.switch.port.node.7.peer_src.7.ingress_queue_wait_bucket.demand_req.1_63 = 3184
stat.switch.port.node.7.peer_src.7.ingress_pre_occ_bucket.demand_req.65_256 = 8593
stat.switch.port.node.7.peer_src.7.ingress_queue_wait_bucket.demand_req.64_255 = 0
stat.switch.port.node.7.peer_src.7.ingress_pre_occ_bucket.demand_req.257_1024 = 25
stat.switch.port.node.7.peer_src.7.ingress_queue_wait_bucket.demand_req.256_1023 = 0
stat.switch.port.node.7.peer_src.7.ingress_pre_occ_bucket.demand_req.1025_4096 = 0
stat.switch.port.node.7.peer_src.7.ingress_queue_wait_bucket.demand_req.1024_4095 = 0
stat.switch.port.node.7.peer_src.7.ingress_pre_occ_bucket.demand_req.4097_plus = 0
stat.switch.port.node.7.peer_src.7.ingress_queue_wait_bucket.demand_req.4096_plus = 0
stat.switch.port.node.7.peer_src.7.rx_bytes.write_req = 337280
stat.switch.port.node.7.peer_src.7.rx_pkts.write_req = 5270
stat.switch.port.node.7.peer_src.7.tx_bytes.write_req = 0
stat.switch.port.node.7.peer_src.7.tx_pkts.write_req = 0
stat.switch.port.node.7.peer_src.7.ingress_arrivals.write_req = 5270
stat.switch.port.node.7.peer_src.7.ingress_arrival_nonempty_packet_frac.write_req = 0.391461
stat.switch.port.node.7.peer_src.7.ingress_nonempty_arrival_pre_occ_avg_bytes.write_req = 71.8139
stat.switch.port.node.7.peer_src.7.ingress_nonempty_arrival_pre_occ_max_bytes.write_req = 264
stat.switch.port.node.7.peer_src.7.ingress_wait_avg_cycles.write_req = 145.14
stat.switch.port.node.7.peer_src.7.ingress_queue_wait_avg_cycles.write_req = 0.140444
stat.switch.port.node.7.peer_src.7.ingress_queue_wait_after_nonempty_arrival_avg_cycles.write_req = 0.358701
stat.switch.port.node.7.peer_src.7.ingress_pre_occ_bucket.write_req.0 = 3207
stat.switch.port.node.7.peer_src.7.ingress_queue_wait_bucket.write_req.0 = 5086
stat.switch.port.node.7.peer_src.7.ingress_pre_occ_bucket.write_req.1_64 = 1354
stat.switch.port.node.7.peer_src.7.ingress_queue_wait_bucket.write_req.1_63 = 183
stat.switch.port.node.7.peer_src.7.ingress_pre_occ_bucket.write_req.65_256 = 708
stat.switch.port.node.7.peer_src.7.ingress_queue_wait_bucket.write_req.64_255 = 0
stat.switch.port.node.7.peer_src.7.ingress_pre_occ_bucket.write_req.257_1024 = 1
stat.switch.port.node.7.peer_src.7.ingress_queue_wait_bucket.write_req.256_1023 = 0
stat.switch.port.node.7.peer_src.7.ingress_pre_occ_bucket.write_req.1025_4096 = 0
stat.switch.port.node.7.peer_src.7.ingress_queue_wait_bucket.write_req.1024_4095 = 0
stat.switch.port.node.7.peer_src.7.ingress_pre_occ_bucket.write_req.4097_plus = 0
stat.switch.port.node.7.peer_src.7.ingress_queue_wait_bucket.write_req.4096_plus = 0
stat.switch.port.node.7.peer_src.7.rx_bytes.other_req = 160
stat.switch.port.node.7.peer_src.7.rx_pkts.other_req = 20
stat.switch.port.node.7.peer_src.7.tx_bytes.other_req = 0
stat.switch.port.node.7.peer_src.7.tx_pkts.other_req = 0
stat.switch.port.node.7.peer_src.7.ingress_arrivals.other_req = 20
stat.switch.port.node.7.peer_src.7.ingress_arrival_nonempty_packet_frac.other_req = 0.9
stat.switch.port.node.7.peer_src.7.ingress_nonempty_arrival_pre_occ_avg_bytes.other_req = 56.4444
stat.switch.port.node.7.peer_src.7.ingress_nonempty_arrival_pre_occ_max_bytes.other_req = 176
stat.switch.port.node.7.peer_src.7.ingress_wait_avg_cycles.other_req = 124.5
stat.switch.port.node.7.peer_src.7.ingress_queue_wait_avg_cycles.other_req = 0.5
stat.switch.port.node.7.peer_src.7.ingress_queue_wait_after_nonempty_arrival_avg_cycles.other_req = 0.555556
stat.switch.port.node.7.peer_src.7.ingress_pre_occ_bucket.other_req.0 = 2
stat.switch.port.node.7.peer_src.7.ingress_queue_wait_bucket.other_req.0 = 15
stat.switch.port.node.7.peer_src.7.ingress_pre_occ_bucket.other_req.1_64 = 12
stat.switch.port.node.7.peer_src.7.ingress_queue_wait_bucket.other_req.1_63 = 5
stat.switch.port.node.7.peer_src.7.ingress_pre_occ_bucket.other_req.65_256 = 6
stat.switch.port.node.7.peer_src.7.ingress_queue_wait_bucket.other_req.64_255 = 0
stat.switch.port.node.7.peer_src.7.ingress_pre_occ_bucket.other_req.257_1024 = 0
stat.switch.port.node.7.peer_src.7.ingress_queue_wait_bucket.other_req.256_1023 = 0
stat.switch.port.node.7.peer_src.7.ingress_pre_occ_bucket.other_req.1025_4096 = 0
stat.switch.port.node.7.peer_src.7.ingress_queue_wait_bucket.other_req.1024_4095 = 0
stat.switch.port.node.7.peer_src.7.ingress_pre_occ_bucket.other_req.4097_plus = 0
stat.switch.port.node.7.peer_src.7.ingress_queue_wait_bucket.other_req.4096_plus = 0
stat.switch.port.node.7.peer_dst.100.rx_bytes.demand_req = 167488
stat.switch.port.node.7.peer_dst.100.rx_pkts.demand_req = 20936
stat.switch.port.node.7.peer_dst.100.tx_bytes.demand_req = 0
stat.switch.port.node.7.peer_dst.100.tx_pkts.demand_req = 0
stat.switch.port.node.7.peer_dst.100.ingress_arrivals.demand_req = 20936
stat.switch.port.node.7.peer_dst.100.ingress_arrival_nonempty_packet_frac.demand_req = 0.87543
stat.switch.port.node.7.peer_dst.100.ingress_nonempty_arrival_pre_occ_avg_bytes.demand_req = 65.3653
stat.switch.port.node.7.peer_dst.100.ingress_nonempty_arrival_pre_occ_max_bytes.demand_req = 296
stat.switch.port.node.7.peer_dst.100.ingress_wait_avg_cycles.demand_req = 125.06
stat.switch.port.node.7.peer_dst.100.ingress_queue_wait_avg_cycles.demand_req = 1.0598
stat.switch.port.node.7.peer_dst.100.ingress_queue_wait_after_nonempty_arrival_avg_cycles.demand_req = 1.21061
stat.switch.port.node.7.peer_dst.100.ingress_pre_occ_bucket.demand_req.0 = 2608
stat.switch.port.node.7.peer_dst.100.ingress_queue_wait_bucket.demand_req.0 = 17752
stat.switch.port.node.7.peer_dst.100.ingress_pre_occ_bucket.demand_req.1_64 = 9710
stat.switch.port.node.7.peer_dst.100.ingress_queue_wait_bucket.demand_req.1_63 = 3184
stat.switch.port.node.7.peer_dst.100.ingress_pre_occ_bucket.demand_req.65_256 = 8593
stat.switch.port.node.7.peer_dst.100.ingress_queue_wait_bucket.demand_req.64_255 = 0
stat.switch.port.node.7.peer_dst.100.ingress_pre_occ_bucket.demand_req.257_1024 = 25
stat.switch.port.node.7.peer_dst.100.ingress_queue_wait_bucket.demand_req.256_1023 = 0
stat.switch.port.node.7.peer_dst.100.ingress_pre_occ_bucket.demand_req.1025_4096 = 0
stat.switch.port.node.7.peer_dst.100.ingress_queue_wait_bucket.demand_req.1024_4095 = 0
stat.switch.port.node.7.peer_dst.100.ingress_pre_occ_bucket.demand_req.4097_plus = 0
stat.switch.port.node.7.peer_dst.100.ingress_queue_wait_bucket.demand_req.4096_plus = 0
stat.switch.port.node.7.peer_dst.100.rx_bytes.write_req = 337280
stat.switch.port.node.7.peer_dst.100.rx_pkts.write_req = 5270
stat.switch.port.node.7.peer_dst.100.tx_bytes.write_req = 0
stat.switch.port.node.7.peer_dst.100.tx_pkts.write_req = 0
stat.switch.port.node.7.peer_dst.100.ingress_arrivals.write_req = 5270
stat.switch.port.node.7.peer_dst.100.ingress_arrival_nonempty_packet_frac.write_req = 0.391461
stat.switch.port.node.7.peer_dst.100.ingress_nonempty_arrival_pre_occ_avg_bytes.write_req = 71.8139
stat.switch.port.node.7.peer_dst.100.ingress_nonempty_arrival_pre_occ_max_bytes.write_req = 264
stat.switch.port.node.7.peer_dst.100.ingress_wait_avg_cycles.write_req = 145.14
stat.switch.port.node.7.peer_dst.100.ingress_queue_wait_avg_cycles.write_req = 0.140444
stat.switch.port.node.7.peer_dst.100.ingress_queue_wait_after_nonempty_arrival_avg_cycles.write_req = 0.358701
stat.switch.port.node.7.peer_dst.100.ingress_pre_occ_bucket.write_req.0 = 3207
stat.switch.port.node.7.peer_dst.100.ingress_queue_wait_bucket.write_req.0 = 5086
stat.switch.port.node.7.peer_dst.100.ingress_pre_occ_bucket.write_req.1_64 = 1354
stat.switch.port.node.7.peer_dst.100.ingress_queue_wait_bucket.write_req.1_63 = 183
stat.switch.port.node.7.peer_dst.100.ingress_pre_occ_bucket.write_req.65_256 = 708
stat.switch.port.node.7.peer_dst.100.ingress_queue_wait_bucket.write_req.64_255 = 0
stat.switch.port.node.7.peer_dst.100.ingress_pre_occ_bucket.write_req.257_1024 = 1
stat.switch.port.node.7.peer_dst.100.ingress_queue_wait_bucket.write_req.256_1023 = 0
stat.switch.port.node.7.peer_dst.100.ingress_pre_occ_bucket.write_req.1025_4096 = 0
stat.switch.port.node.7.peer_dst.100.ingress_queue_wait_bucket.write_req.1024_4095 = 0
stat.switch.port.node.7.peer_dst.100.ingress_pre_occ_bucket.write_req.4097_plus = 0
stat.switch.port.node.7.peer_dst.100.ingress_queue_wait_bucket.write_req.4096_plus = 0
stat.switch.port.node.7.peer_dst.100.rx_bytes.other_req = 160
stat.switch.port.node.7.peer_dst.100.rx_pkts.other_req = 20
stat.switch.port.node.7.peer_dst.100.tx_bytes.other_req = 0
stat.switch.port.node.7.peer_dst.100.tx_pkts.other_req = 0
stat.switch.port.node.7.peer_dst.100.ingress_arrivals.other_req = 20
stat.switch.port.node.7.peer_dst.100.ingress_arrival_nonempty_packet_frac.other_req = 0.9
stat.switch.port.node.7.peer_dst.100.ingress_nonempty_arrival_pre_occ_avg_bytes.other_req = 56.4444
stat.switch.port.node.7.peer_dst.100.ingress_nonempty_arrival_pre_occ_max_bytes.other_req = 176
stat.switch.port.node.7.peer_dst.100.ingress_wait_avg_cycles.other_req = 124.5
stat.switch.port.node.7.peer_dst.100.ingress_queue_wait_avg_cycles.other_req = 0.5
stat.switch.port.node.7.peer_dst.100.ingress_queue_wait_after_nonempty_arrival_avg_cycles.other_req = 0.555556
stat.switch.port.node.7.peer_dst.100.ingress_pre_occ_bucket.other_req.0 = 2
stat.switch.port.node.7.peer_dst.100.ingress_queue_wait_bucket.other_req.0 = 15
stat.switch.port.node.7.peer_dst.100.ingress_pre_occ_bucket.other_req.1_64 = 12
stat.switch.port.node.7.peer_dst.100.ingress_queue_wait_bucket.other_req.1_63 = 5
stat.switch.port.node.7.peer_dst.100.ingress_pre_occ_bucket.other_req.65_256 = 6
stat.switch.port.node.7.peer_dst.100.ingress_queue_wait_bucket.other_req.64_255 = 0
stat.switch.port.node.7.peer_dst.100.ingress_pre_occ_bucket.other_req.257_1024 = 0
stat.switch.port.node.7.peer_dst.100.ingress_queue_wait_bucket.other_req.256_1023 = 0
stat.switch.port.node.7.peer_dst.100.ingress_pre_occ_bucket.other_req.1025_4096 = 0
stat.switch.port.node.7.peer_dst.100.ingress_queue_wait_bucket.other_req.1024_4095 = 0
stat.switch.port.node.7.peer_dst.100.ingress_pre_occ_bucket.other_req.4097_plus = 0
stat.switch.port.node.7.peer_dst.100.ingress_queue_wait_bucket.other_req.4096_plus = 0
stat.switch.port.node.7.tx_src.101.rx_bytes.response = 0
stat.switch.port.node.7.tx_src.101.rx_pkts.response = 0
stat.switch.port.node.7.tx_src.101.tx_bytes.response = 1341184
stat.switch.port.node.7.tx_src.101.tx_pkts.response = 20956
stat.switch.port.node.7.tx_src.101.ingress_arrivals.response = 0
stat.switch.port.node.7.tx_src.101.ingress_arrival_nonempty_packet_frac.response = 0
stat.switch.port.node.7.tx_src.101.ingress_nonempty_arrival_pre_occ_avg_bytes.response = 0
stat.switch.port.node.7.tx_src.101.ingress_nonempty_arrival_pre_occ_max_bytes.response = 0
stat.switch.port.node.7.tx_src.101.ingress_wait_avg_cycles.response = 0
stat.switch.port.node.7.tx_src.101.ingress_queue_wait_avg_cycles.response = 0
stat.switch.port.node.7.tx_src.101.ingress_queue_wait_after_nonempty_arrival_avg_cycles.response = 0
stat.switch.port.node.7.tx_src.101.ingress_pre_occ_bucket.response.0 = 0
stat.switch.port.node.7.tx_src.101.ingress_queue_wait_bucket.response.0 = 0
stat.switch.port.node.7.tx_src.101.ingress_pre_occ_bucket.response.1_64 = 0
stat.switch.port.node.7.tx_src.101.ingress_queue_wait_bucket.response.1_63 = 0
stat.switch.port.node.7.tx_src.101.ingress_pre_occ_bucket.response.65_256 = 0
stat.switch.port.node.7.tx_src.101.ingress_queue_wait_bucket.response.64_255 = 0
stat.switch.port.node.7.tx_src.101.ingress_pre_occ_bucket.response.257_1024 = 0
stat.switch.port.node.7.tx_src.101.ingress_queue_wait_bucket.response.256_1023 = 0
stat.switch.port.node.7.tx_src.101.ingress_pre_occ_bucket.response.1025_4096 = 0
stat.switch.port.node.7.tx_src.101.ingress_queue_wait_bucket.response.1024_4095 = 0
stat.switch.port.node.7.tx_src.101.ingress_pre_occ_bucket.response.4097_plus = 0
stat.switch.port.node.7.tx_src.101.ingress_queue_wait_bucket.response.4096_plus = 0
stat.switch.port.node.7.tx_dst.7.rx_bytes.response = 0
stat.switch.port.node.7.tx_dst.7.rx_pkts.response = 0
stat.switch.port.node.7.tx_dst.7.tx_bytes.response = 1341184
stat.switch.port.node.7.tx_dst.7.tx_pkts.response = 20956
stat.switch.port.node.7.tx_dst.7.ingress_arrivals.response = 0
stat.switch.port.node.7.tx_dst.7.ingress_arrival_nonempty_packet_frac.response = 0
stat.switch.port.node.7.tx_dst.7.ingress_nonempty_arrival_pre_occ_avg_bytes.response = 0
stat.switch.port.node.7.tx_dst.7.ingress_nonempty_arrival_pre_occ_max_bytes.response = 0
stat.switch.port.node.7.tx_dst.7.ingress_wait_avg_cycles.response = 0
stat.switch.port.node.7.tx_dst.7.ingress_queue_wait_avg_cycles.response = 0
stat.switch.port.node.7.tx_dst.7.ingress_queue_wait_after_nonempty_arrival_avg_cycles.response = 0
stat.switch.port.node.7.tx_dst.7.ingress_pre_occ_bucket.response.0 = 0
stat.switch.port.node.7.tx_dst.7.ingress_queue_wait_bucket.response.0 = 0
stat.switch.port.node.7.tx_dst.7.ingress_pre_occ_bucket.response.1_64 = 0
stat.switch.port.node.7.tx_dst.7.ingress_queue_wait_bucket.response.1_63 = 0
stat.switch.port.node.7.tx_dst.7.ingress_pre_occ_bucket.response.65_256 = 0
stat.switch.port.node.7.tx_dst.7.ingress_queue_wait_bucket.response.64_255 = 0
stat.switch.port.node.7.tx_dst.7.ingress_pre_occ_bucket.response.257_1024 = 0
stat.switch.port.node.7.tx_dst.7.ingress_queue_wait_bucket.response.256_1023 = 0
stat.switch.port.node.7.tx_dst.7.ingress_pre_occ_bucket.response.1025_4096 = 0
stat.switch.port.node.7.tx_dst.7.ingress_queue_wait_bucket.response.1024_4095 = 0
stat.switch.port.node.7.tx_dst.7.ingress_pre_occ_bucket.response.4097_plus = 0
stat.switch.port.node.7.tx_dst.7.ingress_queue_wait_bucket.response.4096_plus = 0
stat.switch.port.pool.0.ingress_wait_avg_cycles = 172.505
stat.switch.port.pool.0.ingress_wait_max_cycles = 1088
stat.switch.port.pool.0.egress_wait_avg_cycles = 1
stat.switch.port.pool.0.egress_wait_max_cycles = 1
stat.switch.port.pool.0.ingress_queue_wait_avg_cycles = 27.5053
stat.switch.port.pool.0.ingress_queue_wait_max_cycles = 943
stat.switch.port.pool.0.egress_occ_avg_bytes = 0
stat.switch.port.pool.0.egress_occ_stddev_bytes = 0
stat.switch.port.pool.0.egress_occ_max_bytes = 0
stat.switch.port.pool.0.egress_occ_nonempty_frac = 0
stat.switch.port.pool.0.egress_blocked_cycles = 0
stat.switch.port.pool.0.egress_blocked_nonempty_frac = 0
stat.switch.port.pool.0.egress_blocked_avg_occ_bytes = 0
stat.switch.port.pool.0.egress_blocked_max_occ_bytes = 0
stat.switch.port.pool.0.egress_send_burst_max_pkts = 4
stat.switch.port.pool.0.egress_send_burst_max_bytes = 136
stat.switch.port.pool.0.egress_send_burst_avg_pkts = 1.20311
stat.switch.port.pool.0.egress_send_burst_avg_bytes = 32.1705
stat.switch.port.pool.0.egress_send_burst_stddev_pkts = 0.405785
stat.switch.port.pool.0.egress_send_burst_stddev_bytes = 48.1301
stat.switch.port.pool.0.egress_send_nonempty_frac = 0.0225583
stat.switch.port.pool.0.ingress_arrival_burst_avg_bytes = 64.0023
stat.switch.port.pool.0.ingress_arrival_nonempty_frac = 0.0180574
stat.switch.port.pool.0.ingress_arrival_run_max_cycles = 2
stat.switch.port.pool.0.ingress_arrival_run_avg_cycles = 1.0001
stat.switch.port.pool.0.ingress_arrival_gap_max_cycles = 995
stat.switch.port.pool.0.ingress_arrival_gap_avg_cycles = 48.3352
stat.switch.port.pool.0.ingress_release_burst_avg_bytes = 64
stat.switch.port.pool.0.ingress_release_nonempty_frac = 0.0180581
stat.switch.port.pool.0.ingress_release_run_max_cycles = 1
stat.switch.port.pool.0.ingress_release_run_avg_cycles = 1
stat.switch.port.pool.0.ingress_release_gap_max_cycles = 458
stat.switch.port.pool.0.ingress_release_gap_avg_cycles = 48.3308
stat.switch.port.pool.0.ingress_occ_avg_bytes = 198.211
stat.switch.port.pool.0.ingress_occ_stddev_bytes = 158.583
stat.switch.port.pool.0.ingress_occ_max_bytes = 2816
stat.switch.port.pool.0.ingress_occ_nonempty_frac = 0.845463
stat.switch.port.pool.0.ingress_occ_run_max_cycles = 9490
stat.switch.port.pool.0.ingress_occ_run_avg_cycles = 694.491
stat.switch.port.pool.0.ingress_occ_gap_max_cycles = 315
stat.switch.port.pool.0.ingress_occ_gap_avg_cycles = 37.2819
stat.switch.port.pool.0.ingress_wait_avg_cycles.demand_req = 0
stat.switch.port.pool.0.ingress_wait_max_cycles.demand_req = 0
stat.switch.port.pool.0.ingress_queue_wait_avg_cycles.demand_req = 0
stat.switch.port.pool.0.ingress_queue_wait_max_cycles.demand_req = 0
stat.switch.port.pool.0.egress_wait_avg_cycles.demand_req = 1
stat.switch.port.pool.0.egress_wait_max_cycles.demand_req = 1
stat.switch.port.pool.0.egress_occ_avg_bytes.demand_req = 0
stat.switch.port.pool.0.egress_occ_max_bytes.demand_req = 0
stat.switch.port.pool.0.egress_blocked_cycles.demand_req = 0
stat.switch.port.pool.0.ingress_arrival_empty_packets.demand_req = 0
stat.switch.port.pool.0.ingress_arrival_nonempty_packets.demand_req = 0
stat.switch.port.pool.0.ingress_arrival_nonempty_packet_frac.demand_req = 0
stat.switch.port.pool.0.ingress_nonempty_arrival_pre_occ_avg_bytes.demand_req = 0
stat.switch.port.pool.0.ingress_nonempty_arrival_pre_occ_max_bytes.demand_req = 0
stat.switch.port.pool.0.ingress_release_after_empty_arrival_packets.demand_req = 0
stat.switch.port.pool.0.ingress_release_after_nonempty_arrival_packets.demand_req = 0
stat.switch.port.pool.0.ingress_wait_after_empty_arrival_avg_cycles.demand_req = 0
stat.switch.port.pool.0.ingress_wait_after_nonempty_arrival_avg_cycles.demand_req = 0
stat.switch.port.pool.0.ingress_queue_wait_after_empty_arrival_avg_cycles.demand_req = 0
stat.switch.port.pool.0.ingress_queue_wait_after_nonempty_arrival_avg_cycles.demand_req = 0
stat.switch.port.pool.0.ingress_queue_wait_after_empty_arrival_max_cycles.demand_req = 0
stat.switch.port.pool.0.ingress_queue_wait_after_nonempty_arrival_max_cycles.demand_req = 0
stat.switch.port.pool.0.rx_bytes.demand_req = 0
stat.switch.port.pool.0.tx_bytes.demand_req = 669952
stat.switch.port.pool.0.rx_pkts.demand_req = 0
stat.switch.port.pool.0.tx_pkts.demand_req = 83744
stat.switch.port.pool.0.ingress_wait_avg_cycles.write_req = 0
stat.switch.port.pool.0.ingress_wait_max_cycles.write_req = 0
stat.switch.port.pool.0.ingress_queue_wait_avg_cycles.write_req = 0
stat.switch.port.pool.0.ingress_queue_wait_max_cycles.write_req = 0
stat.switch.port.pool.0.egress_wait_avg_cycles.write_req = 1
stat.switch.port.pool.0.egress_wait_max_cycles.write_req = 1
stat.switch.port.pool.0.egress_occ_avg_bytes.write_req = 0
stat.switch.port.pool.0.egress_occ_max_bytes.write_req = 0
stat.switch.port.pool.0.egress_blocked_cycles.write_req = 0
stat.switch.port.pool.0.ingress_arrival_empty_packets.write_req = 0
stat.switch.port.pool.0.ingress_arrival_nonempty_packets.write_req = 0
stat.switch.port.pool.0.ingress_arrival_nonempty_packet_frac.write_req = 0
stat.switch.port.pool.0.ingress_nonempty_arrival_pre_occ_avg_bytes.write_req = 0
stat.switch.port.pool.0.ingress_nonempty_arrival_pre_occ_max_bytes.write_req = 0
stat.switch.port.pool.0.ingress_release_after_empty_arrival_packets.write_req = 0
stat.switch.port.pool.0.ingress_release_after_nonempty_arrival_packets.write_req = 0
stat.switch.port.pool.0.ingress_wait_after_empty_arrival_avg_cycles.write_req = 0
stat.switch.port.pool.0.ingress_wait_after_nonempty_arrival_avg_cycles.write_req = 0
stat.switch.port.pool.0.ingress_queue_wait_after_empty_arrival_avg_cycles.write_req = 0
stat.switch.port.pool.0.ingress_queue_wait_after_nonempty_arrival_avg_cycles.write_req = 0
stat.switch.port.pool.0.ingress_queue_wait_after_empty_arrival_max_cycles.write_req = 0
stat.switch.port.pool.0.ingress_queue_wait_after_nonempty_arrival_max_cycles.write_req = 0
stat.switch.port.pool.0.rx_bytes.write_req = 0
stat.switch.port.pool.0.tx_bytes.write_req = 2698112
stat.switch.port.pool.0.rx_pkts.write_req = 0
stat.switch.port.pool.0.tx_pkts.write_req = 42158
stat.switch.port.pool.0.ingress_wait_avg_cycles.response = 172.505
stat.switch.port.pool.0.ingress_wait_max_cycles.response = 1088
stat.switch.port.pool.0.ingress_queue_wait_avg_cycles.response = 27.5053
stat.switch.port.pool.0.ingress_queue_wait_max_cycles.response = 943
stat.switch.port.pool.0.egress_wait_avg_cycles.response = 0
stat.switch.port.pool.0.egress_wait_max_cycles.response = 0
stat.switch.port.pool.0.egress_occ_avg_bytes.response = 0
stat.switch.port.pool.0.egress_occ_max_bytes.response = 0
stat.switch.port.pool.0.egress_blocked_cycles.response = 0
stat.switch.port.pool.0.ingress_arrival_empty_packets.response = 5651
stat.switch.port.pool.0.ingress_arrival_nonempty_packets.response = 78173
stat.switch.port.pool.0.ingress_arrival_nonempty_packet_frac.response = 0.932585
stat.switch.port.pool.0.ingress_nonempty_arrival_pre_occ_avg_bytes.response = 246.935
stat.switch.port.pool.0.ingress_nonempty_arrival_pre_occ_max_bytes.response = 2752
stat.switch.port.pool.0.ingress_release_after_empty_arrival_packets.response = 5651
stat.switch.port.pool.0.ingress_release_after_nonempty_arrival_packets.response = 78173
stat.switch.port.pool.0.ingress_wait_after_empty_arrival_avg_cycles.response = 145
stat.switch.port.pool.0.ingress_wait_after_nonempty_arrival_avg_cycles.response = 174.494
stat.switch.port.pool.0.ingress_queue_wait_after_empty_arrival_avg_cycles.response = 0
stat.switch.port.pool.0.ingress_queue_wait_after_nonempty_arrival_avg_cycles.response = 29.4936
stat.switch.port.pool.0.ingress_queue_wait_after_empty_arrival_max_cycles.response = 0
stat.switch.port.pool.0.ingress_queue_wait_after_nonempty_arrival_max_cycles.response = 943
stat.switch.port.pool.0.rx_bytes.response = 5364736
stat.switch.port.pool.0.tx_bytes.response = 0
stat.switch.port.pool.0.rx_pkts.response = 83824
stat.switch.port.pool.0.tx_pkts.response = 0
stat.switch.port.pool.0.ingress_wait_avg_cycles.other_req = 0
stat.switch.port.pool.0.ingress_wait_max_cycles.other_req = 0
stat.switch.port.pool.0.ingress_queue_wait_avg_cycles.other_req = 0
stat.switch.port.pool.0.ingress_queue_wait_max_cycles.other_req = 0
stat.switch.port.pool.0.egress_wait_avg_cycles.other_req = 1
stat.switch.port.pool.0.egress_wait_max_cycles.other_req = 1
stat.switch.port.pool.0.egress_occ_avg_bytes.other_req = 0
stat.switch.port.pool.0.egress_occ_max_bytes.other_req = 0
stat.switch.port.pool.0.egress_blocked_cycles.other_req = 0
stat.switch.port.pool.0.ingress_arrival_empty_packets.other_req = 0
stat.switch.port.pool.0.ingress_arrival_nonempty_packets.other_req = 0
stat.switch.port.pool.0.ingress_arrival_nonempty_packet_frac.other_req = 0
stat.switch.port.pool.0.ingress_nonempty_arrival_pre_occ_avg_bytes.other_req = 0
stat.switch.port.pool.0.ingress_nonempty_arrival_pre_occ_max_bytes.other_req = 0
stat.switch.port.pool.0.ingress_release_after_empty_arrival_packets.other_req = 0
stat.switch.port.pool.0.ingress_release_after_nonempty_arrival_packets.other_req = 0
stat.switch.port.pool.0.ingress_wait_after_empty_arrival_avg_cycles.other_req = 0
stat.switch.port.pool.0.ingress_wait_after_nonempty_arrival_avg_cycles.other_req = 0
stat.switch.port.pool.0.ingress_queue_wait_after_empty_arrival_avg_cycles.other_req = 0
stat.switch.port.pool.0.ingress_queue_wait_after_nonempty_arrival_avg_cycles.other_req = 0
stat.switch.port.pool.0.ingress_queue_wait_after_empty_arrival_max_cycles.other_req = 0
stat.switch.port.pool.0.ingress_queue_wait_after_nonempty_arrival_max_cycles.other_req = 0
stat.switch.port.pool.0.rx_bytes.other_req = 0
stat.switch.port.pool.0.tx_bytes.other_req = 640
stat.switch.port.pool.0.rx_pkts.other_req = 0
stat.switch.port.pool.0.tx_pkts.other_req = 80
stat.switch.port.pool.0.ingress_occ_bucket_bytes.0 = 717348
stat.switch.port.pool.0.ready_occ_bucket_bytes.0 = 4558094
stat.switch.port.pool.0.ingress_occ_bucket_bytes.1_64 = 518168
stat.switch.port.pool.0.ready_occ_bucket_bytes.1_64 = 83824
stat.switch.port.pool.0.ingress_occ_bucket_bytes.65_256 = 2328951
stat.switch.port.pool.0.ready_occ_bucket_bytes.65_256 = 0
stat.switch.port.pool.0.ingress_occ_bucket_bytes.257_1024 = 1073602
stat.switch.port.pool.0.ready_occ_bucket_bytes.257_1024 = 0
stat.switch.port.pool.0.ingress_occ_bucket_bytes.1025_4096 = 3849
stat.switch.port.pool.0.ready_occ_bucket_bytes.1025_4096 = 0
stat.switch.port.pool.0.ingress_occ_bucket_bytes.4097_plus = 0
stat.switch.port.pool.0.ready_occ_bucket_bytes.4097_plus = 0
stat.switch.port.pool.0.ingress_pre_occ_bucket.demand_req.0 = 0
stat.switch.port.pool.0.ingress_queue_wait_bucket.demand_req.0 = 0
stat.switch.port.pool.0.ingress_pre_occ_bucket.demand_req.1_64 = 0
stat.switch.port.pool.0.ingress_queue_wait_bucket.demand_req.1_63 = 0
stat.switch.port.pool.0.ingress_pre_occ_bucket.demand_req.65_256 = 0
stat.switch.port.pool.0.ingress_queue_wait_bucket.demand_req.64_255 = 0
stat.switch.port.pool.0.ingress_pre_occ_bucket.demand_req.257_1024 = 0
stat.switch.port.pool.0.ingress_queue_wait_bucket.demand_req.256_1023 = 0
stat.switch.port.pool.0.ingress_pre_occ_bucket.demand_req.1025_4096 = 0
stat.switch.port.pool.0.ingress_queue_wait_bucket.demand_req.1024_4095 = 0
stat.switch.port.pool.0.ingress_pre_occ_bucket.demand_req.4097_plus = 0
stat.switch.port.pool.0.ingress_queue_wait_bucket.demand_req.4096_plus = 0
stat.switch.port.pool.0.ingress_pre_occ_bucket.write_req.0 = 0
stat.switch.port.pool.0.ingress_queue_wait_bucket.write_req.0 = 0
stat.switch.port.pool.0.ingress_pre_occ_bucket.write_req.1_64 = 0
stat.switch.port.pool.0.ingress_queue_wait_bucket.write_req.1_63 = 0
stat.switch.port.pool.0.ingress_pre_occ_bucket.write_req.65_256 = 0
stat.switch.port.pool.0.ingress_queue_wait_bucket.write_req.64_255 = 0
stat.switch.port.pool.0.ingress_pre_occ_bucket.write_req.257_1024 = 0
stat.switch.port.pool.0.ingress_queue_wait_bucket.write_req.256_1023 = 0
stat.switch.port.pool.0.ingress_pre_occ_bucket.write_req.1025_4096 = 0
stat.switch.port.pool.0.ingress_queue_wait_bucket.write_req.1024_4095 = 0
stat.switch.port.pool.0.ingress_pre_occ_bucket.write_req.4097_plus = 0
stat.switch.port.pool.0.ingress_queue_wait_bucket.write_req.4096_plus = 0
stat.switch.port.pool.0.ingress_pre_occ_bucket.response.0 = 5651
stat.switch.port.pool.0.ingress_queue_wait_bucket.response.0 = 29579
stat.switch.port.pool.0.ingress_pre_occ_bucket.response.1_64 = 11911
stat.switch.port.pool.0.ingress_queue_wait_bucket.response.1_63 = 45262
stat.switch.port.pool.0.ingress_pre_occ_bucket.response.65_256 = 41521
stat.switch.port.pool.0.ingress_queue_wait_bucket.response.64_255 = 8806
stat.switch.port.pool.0.ingress_pre_occ_bucket.response.257_1024 = 24607
stat.switch.port.pool.0.ingress_queue_wait_bucket.response.256_1023 = 177
stat.switch.port.pool.0.ingress_pre_occ_bucket.response.1025_4096 = 134
stat.switch.port.pool.0.ingress_queue_wait_bucket.response.1024_4095 = 0
stat.switch.port.pool.0.ingress_pre_occ_bucket.response.4097_plus = 0
stat.switch.port.pool.0.ingress_queue_wait_bucket.response.4096_plus = 0
stat.switch.port.pool.0.ingress_pre_occ_bucket.other_req.0 = 0
stat.switch.port.pool.0.ingress_queue_wait_bucket.other_req.0 = 0
stat.switch.port.pool.0.ingress_pre_occ_bucket.other_req.1_64 = 0
stat.switch.port.pool.0.ingress_queue_wait_bucket.other_req.1_63 = 0
stat.switch.port.pool.0.ingress_pre_occ_bucket.other_req.65_256 = 0
stat.switch.port.pool.0.ingress_queue_wait_bucket.other_req.64_255 = 0
stat.switch.port.pool.0.ingress_pre_occ_bucket.other_req.257_1024 = 0
stat.switch.port.pool.0.ingress_queue_wait_bucket.other_req.256_1023 = 0
stat.switch.port.pool.0.ingress_pre_occ_bucket.other_req.1025_4096 = 0
stat.switch.port.pool.0.ingress_queue_wait_bucket.other_req.1024_4095 = 0
stat.switch.port.pool.0.ingress_pre_occ_bucket.other_req.4097_plus = 0
stat.switch.port.pool.0.ingress_queue_wait_bucket.other_req.4096_plus = 0
stat.switch.port.pool.0.peer_src.100.rx_bytes.response = 5364736
stat.switch.port.pool.0.peer_src.100.rx_pkts.response = 83824
stat.switch.port.pool.0.peer_src.100.tx_bytes.response = 0
stat.switch.port.pool.0.peer_src.100.tx_pkts.response = 0
stat.switch.port.pool.0.peer_src.100.ingress_arrivals.response = 83824
stat.switch.port.pool.0.peer_src.100.ingress_arrival_nonempty_packet_frac.response = 0.932585
stat.switch.port.pool.0.peer_src.100.ingress_nonempty_arrival_pre_occ_avg_bytes.response = 246.935
stat.switch.port.pool.0.peer_src.100.ingress_nonempty_arrival_pre_occ_max_bytes.response = 2752
stat.switch.port.pool.0.peer_src.100.ingress_wait_avg_cycles.response = 172.505
stat.switch.port.pool.0.peer_src.100.ingress_queue_wait_avg_cycles.response = 27.5053
stat.switch.port.pool.0.peer_src.100.ingress_queue_wait_after_nonempty_arrival_avg_cycles.response = 29.4936
stat.switch.port.pool.0.peer_src.100.ingress_pre_occ_bucket.response.0 = 5651
stat.switch.port.pool.0.peer_src.100.ingress_queue_wait_bucket.response.0 = 29579
stat.switch.port.pool.0.peer_src.100.ingress_pre_occ_bucket.response.1_64 = 11911
stat.switch.port.pool.0.peer_src.100.ingress_queue_wait_bucket.response.1_63 = 45262
stat.switch.port.pool.0.peer_src.100.ingress_pre_occ_bucket.response.65_256 = 41521
stat.switch.port.pool.0.peer_src.100.ingress_queue_wait_bucket.response.64_255 = 8806
stat.switch.port.pool.0.peer_src.100.ingress_pre_occ_bucket.response.257_1024 = 24607
stat.switch.port.pool.0.peer_src.100.ingress_queue_wait_bucket.response.256_1023 = 177
stat.switch.port.pool.0.peer_src.100.ingress_pre_occ_bucket.response.1025_4096 = 134
stat.switch.port.pool.0.peer_src.100.ingress_queue_wait_bucket.response.1024_4095 = 0
stat.switch.port.pool.0.peer_src.100.ingress_pre_occ_bucket.response.4097_plus = 0
stat.switch.port.pool.0.peer_src.100.ingress_queue_wait_bucket.response.4096_plus = 0
stat.switch.port.pool.0.peer_dst.0.rx_bytes.response = 1341184
stat.switch.port.pool.0.peer_dst.0.rx_pkts.response = 20956
stat.switch.port.pool.0.peer_dst.0.tx_bytes.response = 0
stat.switch.port.pool.0.peer_dst.0.tx_pkts.response = 0
stat.switch.port.pool.0.peer_dst.0.ingress_arrivals.response = 20956
stat.switch.port.pool.0.peer_dst.0.ingress_arrival_nonempty_packet_frac.response = 0.91611
stat.switch.port.pool.0.peer_dst.0.ingress_nonempty_arrival_pre_occ_avg_bytes.response = 210.675
stat.switch.port.pool.0.peer_dst.0.ingress_nonempty_arrival_pre_occ_max_bytes.response = 2688
stat.switch.port.pool.0.peer_dst.0.ingress_wait_avg_cycles.response = 170.472
stat.switch.port.pool.0.peer_dst.0.ingress_queue_wait_avg_cycles.response = 25.4721
stat.switch.port.pool.0.peer_dst.0.ingress_queue_wait_after_nonempty_arrival_avg_cycles.response = 27.8046
stat.switch.port.pool.0.peer_dst.0.ingress_pre_occ_bucket.response.0 = 1758
stat.switch.port.pool.0.peer_dst.0.ingress_queue_wait_bucket.response.0 = 7411
stat.switch.port.pool.0.peer_dst.0.ingress_pre_occ_bucket.response.1_64 = 3392
stat.switch.port.pool.0.peer_dst.0.ingress_queue_wait_bucket.response.1_63 = 11641
stat.switch.port.pool.0.peer_dst.0.ingress_pre_occ_bucket.response.65_256 = 11480
stat.switch.port.pool.0.peer_dst.0.ingress_queue_wait_bucket.response.64_255 = 1881
stat.switch.port.pool.0.peer_dst.0.ingress_pre_occ_bucket.response.257_1024 = 4304
stat.switch.port.pool.0.peer_dst.0.ingress_queue_wait_bucket.response.256_1023 = 23
stat.switch.port.pool.0.peer_dst.0.ingress_pre_occ_bucket.response.1025_4096 = 22
stat.switch.port.pool.0.peer_dst.0.ingress_queue_wait_bucket.response.1024_4095 = 0
stat.switch.port.pool.0.peer_dst.0.ingress_pre_occ_bucket.response.4097_plus = 0
stat.switch.port.pool.0.peer_dst.0.ingress_queue_wait_bucket.response.4096_plus = 0
stat.switch.port.pool.0.peer_dst.2.rx_bytes.response = 1341184
stat.switch.port.pool.0.peer_dst.2.rx_pkts.response = 20956
stat.switch.port.pool.0.peer_dst.2.tx_bytes.response = 0
stat.switch.port.pool.0.peer_dst.2.tx_pkts.response = 0
stat.switch.port.pool.0.peer_dst.2.ingress_arrivals.response = 20956
stat.switch.port.pool.0.peer_dst.2.ingress_arrival_nonempty_packet_frac.response = 0.955287
stat.switch.port.pool.0.peer_dst.2.ingress_nonempty_arrival_pre_occ_avg_bytes.response = 263.983
stat.switch.port.pool.0.peer_dst.2.ingress_nonempty_arrival_pre_occ_max_bytes.response = 2752
stat.switch.port.pool.0.peer_dst.2.ingress_wait_avg_cycles.response = 172.341
stat.switch.port.pool.0.peer_dst.2.ingress_queue_wait_avg_cycles.response = 27.3414
stat.switch.port.pool.0.peer_dst.2.ingress_queue_wait_after_nonempty_arrival_avg_cycles.response = 28.6212
stat.switch.port.pool.0.peer_dst.2.ingress_pre_occ_bucket.response.0 = 937
stat.switch.port.pool.0.peer_dst.2.ingress_queue_wait_bucket.response.0 = 7252
stat.switch.port.pool.0.peer_dst.2.ingress_pre_occ_bucket.response.1_64 = 2422
stat.switch.port.pool.0.peer_dst.2.ingress_queue_wait_bucket.response.1_63 = 11379
stat.switch.port.pool.0.peer_dst.2.ingress_pre_occ_bucket.response.65_256 = 10129
stat.switch.port.pool.0.peer_dst.2.ingress_queue_wait_bucket.response.64_255 = 2303
stat.switch.port.pool.0.peer_dst.2.ingress_pre_occ_bucket.response.257_1024 = 7448
stat.switch.port.pool.0.peer_dst.2.ingress_queue_wait_bucket.response.256_1023 = 22
stat.switch.port.pool.0.peer_dst.2.ingress_pre_occ_bucket.response.1025_4096 = 20
stat.switch.port.pool.0.peer_dst.2.ingress_queue_wait_bucket.response.1024_4095 = 0
stat.switch.port.pool.0.peer_dst.2.ingress_pre_occ_bucket.response.4097_plus = 0
stat.switch.port.pool.0.peer_dst.2.ingress_queue_wait_bucket.response.4096_plus = 0
stat.switch.port.pool.0.peer_dst.4.rx_bytes.response = 1341184
stat.switch.port.pool.0.peer_dst.4.rx_pkts.response = 20956
stat.switch.port.pool.0.peer_dst.4.tx_bytes.response = 0
stat.switch.port.pool.0.peer_dst.4.tx_pkts.response = 0
stat.switch.port.pool.0.peer_dst.4.ingress_arrivals.response = 20956
stat.switch.port.pool.0.peer_dst.4.ingress_arrival_nonempty_packet_frac.response = 0.939015
stat.switch.port.pool.0.peer_dst.4.ingress_nonempty_arrival_pre_occ_avg_bytes.response = 260.065
stat.switch.port.pool.0.peer_dst.4.ingress_nonempty_arrival_pre_occ_max_bytes.response = 2752
stat.switch.port.pool.0.peer_dst.4.ingress_wait_avg_cycles.response = 173.317
stat.switch.port.pool.0.peer_dst.4.ingress_queue_wait_avg_cycles.response = 28.3169
stat.switch.port.pool.0.peer_dst.4.ingress_queue_wait_after_nonempty_arrival_avg_cycles.response = 30.156
stat.switch.port.pool.0.peer_dst.4.ingress_pre_occ_bucket.response.0 = 1278
stat.switch.port.pool.0.peer_dst.4.ingress_queue_wait_bucket.response.0 = 7425
stat.switch.port.pool.0.peer_dst.4.ingress_pre_occ_bucket.response.1_64 = 2906
stat.switch.port.pool.0.peer_dst.4.ingress_queue_wait_bucket.response.1_63 = 11132
stat.switch.port.pool.0.peer_dst.4.ingress_pre_occ_bucket.response.65_256 = 9972
stat.switch.port.pool.0.peer_dst.4.ingress_queue_wait_bucket.response.64_255 = 2352
stat.switch.port.pool.0.peer_dst.4.ingress_pre_occ_bucket.response.257_1024 = 6766
stat.switch.port.pool.0.peer_dst.4.ingress_queue_wait_bucket.response.256_1023 = 47
stat.switch.port.pool.0.peer_dst.4.ingress_pre_occ_bucket.response.1025_4096 = 34
stat.switch.port.pool.0.peer_dst.4.ingress_queue_wait_bucket.response.1024_4095 = 0
stat.switch.port.pool.0.peer_dst.4.ingress_pre_occ_bucket.response.4097_plus = 0
stat.switch.port.pool.0.peer_dst.4.ingress_queue_wait_bucket.response.4096_plus = 0
stat.switch.port.pool.0.peer_dst.6.rx_bytes.response = 1341184
stat.switch.port.pool.0.peer_dst.6.rx_pkts.response = 20956
stat.switch.port.pool.0.peer_dst.6.tx_bytes.response = 0
stat.switch.port.pool.0.peer_dst.6.tx_pkts.response = 0
stat.switch.port.pool.0.peer_dst.6.ingress_arrivals.response = 20956
stat.switch.port.pool.0.peer_dst.6.ingress_arrival_nonempty_packet_frac.response = 0.919927
stat.switch.port.pool.0.peer_dst.6.ingress_nonempty_arrival_pre_occ_avg_bytes.response = 251.937
stat.switch.port.pool.0.peer_dst.6.ingress_nonempty_arrival_pre_occ_max_bytes.response = 2752
stat.switch.port.pool.0.peer_dst.6.ingress_wait_avg_cycles.response = 173.891
stat.switch.port.pool.0.peer_dst.6.ingress_queue_wait_avg_cycles.response = 28.8908
stat.switch.port.pool.0.peer_dst.6.ingress_queue_wait_after_nonempty_arrival_avg_cycles.response = 31.4055
stat.switch.port.pool.0.peer_dst.6.ingress_pre_occ_bucket.response.0 = 1678
stat.switch.port.pool.0.peer_dst.6.ingress_queue_wait_bucket.response.0 = 7491
stat.switch.port.pool.0.peer_dst.6.ingress_pre_occ_bucket.response.1_64 = 3191
stat.switch.port.pool.0.peer_dst.6.ingress_queue_wait_bucket.response.1_63 = 11110
stat.switch.port.pool.0.peer_dst.6.ingress_pre_occ_bucket.response.65_256 = 9940
stat.switch.port.pool.0.peer_dst.6.ingress_queue_wait_bucket.response.64_255 = 2270
stat.switch.port.pool.0.peer_dst.6.ingress_pre_occ_bucket.response.257_1024 = 6089
stat.switch.port.pool.0.peer_dst.6.ingress_queue_wait_bucket.response.256_1023 = 85
stat.switch.port.pool.0.peer_dst.6.ingress_pre_occ_bucket.response.1025_4096 = 58
stat.switch.port.pool.0.peer_dst.6.ingress_queue_wait_bucket.response.1024_4095 = 0
stat.switch.port.pool.0.peer_dst.6.ingress_pre_occ_bucket.response.4097_plus = 0
stat.switch.port.pool.0.peer_dst.6.ingress_queue_wait_bucket.response.4096_plus = 0
stat.switch.port.pool.0.tx_src.0.rx_bytes.demand_req = 0
stat.switch.port.pool.0.tx_src.0.rx_pkts.demand_req = 0
stat.switch.port.pool.0.tx_src.0.tx_bytes.demand_req = 167488
stat.switch.port.pool.0.tx_src.0.tx_pkts.demand_req = 20936
stat.switch.port.pool.0.tx_src.0.ingress_arrivals.demand_req = 0
stat.switch.port.pool.0.tx_src.0.ingress_arrival_nonempty_packet_frac.demand_req = 0
stat.switch.port.pool.0.tx_src.0.ingress_nonempty_arrival_pre_occ_avg_bytes.demand_req = 0
stat.switch.port.pool.0.tx_src.0.ingress_nonempty_arrival_pre_occ_max_bytes.demand_req = 0
stat.switch.port.pool.0.tx_src.0.ingress_wait_avg_cycles.demand_req = 0
stat.switch.port.pool.0.tx_src.0.ingress_queue_wait_avg_cycles.demand_req = 0
stat.switch.port.pool.0.tx_src.0.ingress_queue_wait_after_nonempty_arrival_avg_cycles.demand_req = 0
stat.switch.port.pool.0.tx_src.0.ingress_pre_occ_bucket.demand_req.0 = 0
stat.switch.port.pool.0.tx_src.0.ingress_queue_wait_bucket.demand_req.0 = 0
stat.switch.port.pool.0.tx_src.0.ingress_pre_occ_bucket.demand_req.1_64 = 0
stat.switch.port.pool.0.tx_src.0.ingress_queue_wait_bucket.demand_req.1_63 = 0
stat.switch.port.pool.0.tx_src.0.ingress_pre_occ_bucket.demand_req.65_256 = 0
stat.switch.port.pool.0.tx_src.0.ingress_queue_wait_bucket.demand_req.64_255 = 0
stat.switch.port.pool.0.tx_src.0.ingress_pre_occ_bucket.demand_req.257_1024 = 0
stat.switch.port.pool.0.tx_src.0.ingress_queue_wait_bucket.demand_req.256_1023 = 0
stat.switch.port.pool.0.tx_src.0.ingress_pre_occ_bucket.demand_req.1025_4096 = 0
stat.switch.port.pool.0.tx_src.0.ingress_queue_wait_bucket.demand_req.1024_4095 = 0
stat.switch.port.pool.0.tx_src.0.ingress_pre_occ_bucket.demand_req.4097_plus = 0
stat.switch.port.pool.0.tx_src.0.ingress_queue_wait_bucket.demand_req.4096_plus = 0
stat.switch.port.pool.0.tx_src.0.rx_bytes.write_req = 0
stat.switch.port.pool.0.tx_src.0.rx_pkts.write_req = 0
stat.switch.port.pool.0.tx_src.0.tx_bytes.write_req = 337280
stat.switch.port.pool.0.tx_src.0.tx_pkts.write_req = 5270
stat.switch.port.pool.0.tx_src.0.ingress_arrivals.write_req = 0
stat.switch.port.pool.0.tx_src.0.ingress_arrival_nonempty_packet_frac.write_req = 0
stat.switch.port.pool.0.tx_src.0.ingress_nonempty_arrival_pre_occ_avg_bytes.write_req = 0
stat.switch.port.pool.0.tx_src.0.ingress_nonempty_arrival_pre_occ_max_bytes.write_req = 0
stat.switch.port.pool.0.tx_src.0.ingress_wait_avg_cycles.write_req = 0
stat.switch.port.pool.0.tx_src.0.ingress_queue_wait_avg_cycles.write_req = 0
stat.switch.port.pool.0.tx_src.0.ingress_queue_wait_after_nonempty_arrival_avg_cycles.write_req = 0
stat.switch.port.pool.0.tx_src.0.ingress_pre_occ_bucket.write_req.0 = 0
stat.switch.port.pool.0.tx_src.0.ingress_queue_wait_bucket.write_req.0 = 0
stat.switch.port.pool.0.tx_src.0.ingress_pre_occ_bucket.write_req.1_64 = 0
stat.switch.port.pool.0.tx_src.0.ingress_queue_wait_bucket.write_req.1_63 = 0
stat.switch.port.pool.0.tx_src.0.ingress_pre_occ_bucket.write_req.65_256 = 0
stat.switch.port.pool.0.tx_src.0.ingress_queue_wait_bucket.write_req.64_255 = 0
stat.switch.port.pool.0.tx_src.0.ingress_pre_occ_bucket.write_req.257_1024 = 0
stat.switch.port.pool.0.tx_src.0.ingress_queue_wait_bucket.write_req.256_1023 = 0
stat.switch.port.pool.0.tx_src.0.ingress_pre_occ_bucket.write_req.1025_4096 = 0
stat.switch.port.pool.0.tx_src.0.ingress_queue_wait_bucket.write_req.1024_4095 = 0
stat.switch.port.pool.0.tx_src.0.ingress_pre_occ_bucket.write_req.4097_plus = 0
stat.switch.port.pool.0.tx_src.0.ingress_queue_wait_bucket.write_req.4096_plus = 0
stat.switch.port.pool.0.tx_src.0.rx_bytes.other_req = 0
stat.switch.port.pool.0.tx_src.0.rx_pkts.other_req = 0
stat.switch.port.pool.0.tx_src.0.tx_bytes.other_req = 160
stat.switch.port.pool.0.tx_src.0.tx_pkts.other_req = 20
stat.switch.port.pool.0.tx_src.0.ingress_arrivals.other_req = 0
stat.switch.port.pool.0.tx_src.0.ingress_arrival_nonempty_packet_frac.other_req = 0
stat.switch.port.pool.0.tx_src.0.ingress_nonempty_arrival_pre_occ_avg_bytes.other_req = 0
stat.switch.port.pool.0.tx_src.0.ingress_nonempty_arrival_pre_occ_max_bytes.other_req = 0
stat.switch.port.pool.0.tx_src.0.ingress_wait_avg_cycles.other_req = 0
stat.switch.port.pool.0.tx_src.0.ingress_queue_wait_avg_cycles.other_req = 0
stat.switch.port.pool.0.tx_src.0.ingress_queue_wait_after_nonempty_arrival_avg_cycles.other_req = 0
stat.switch.port.pool.0.tx_src.0.ingress_pre_occ_bucket.other_req.0 = 0
stat.switch.port.pool.0.tx_src.0.ingress_queue_wait_bucket.other_req.0 = 0
stat.switch.port.pool.0.tx_src.0.ingress_pre_occ_bucket.other_req.1_64 = 0
stat.switch.port.pool.0.tx_src.0.ingress_queue_wait_bucket.other_req.1_63 = 0
stat.switch.port.pool.0.tx_src.0.ingress_pre_occ_bucket.other_req.65_256 = 0
stat.switch.port.pool.0.tx_src.0.ingress_queue_wait_bucket.other_req.64_255 = 0
stat.switch.port.pool.0.tx_src.0.ingress_pre_occ_bucket.other_req.257_1024 = 0
stat.switch.port.pool.0.tx_src.0.ingress_queue_wait_bucket.other_req.256_1023 = 0
stat.switch.port.pool.0.tx_src.0.ingress_pre_occ_bucket.other_req.1025_4096 = 0
stat.switch.port.pool.0.tx_src.0.ingress_queue_wait_bucket.other_req.1024_4095 = 0
stat.switch.port.pool.0.tx_src.0.ingress_pre_occ_bucket.other_req.4097_plus = 0
stat.switch.port.pool.0.tx_src.0.ingress_queue_wait_bucket.other_req.4096_plus = 0
stat.switch.port.pool.0.tx_src.1.rx_bytes.write_req = 0
stat.switch.port.pool.0.tx_src.1.rx_pkts.write_req = 0
stat.switch.port.pool.0.tx_src.1.tx_bytes.write_req = 337280
stat.switch.port.pool.0.tx_src.1.tx_pkts.write_req = 5270
stat.switch.port.pool.0.tx_src.1.ingress_arrivals.write_req = 0
stat.switch.port.pool.0.tx_src.1.ingress_arrival_nonempty_packet_frac.write_req = 0
stat.switch.port.pool.0.tx_src.1.ingress_nonempty_arrival_pre_occ_avg_bytes.write_req = 0
stat.switch.port.pool.0.tx_src.1.ingress_nonempty_arrival_pre_occ_max_bytes.write_req = 0
stat.switch.port.pool.0.tx_src.1.ingress_wait_avg_cycles.write_req = 0
stat.switch.port.pool.0.tx_src.1.ingress_queue_wait_avg_cycles.write_req = 0
stat.switch.port.pool.0.tx_src.1.ingress_queue_wait_after_nonempty_arrival_avg_cycles.write_req = 0
stat.switch.port.pool.0.tx_src.1.ingress_pre_occ_bucket.write_req.0 = 0
stat.switch.port.pool.0.tx_src.1.ingress_queue_wait_bucket.write_req.0 = 0
stat.switch.port.pool.0.tx_src.1.ingress_pre_occ_bucket.write_req.1_64 = 0
stat.switch.port.pool.0.tx_src.1.ingress_queue_wait_bucket.write_req.1_63 = 0
stat.switch.port.pool.0.tx_src.1.ingress_pre_occ_bucket.write_req.65_256 = 0
stat.switch.port.pool.0.tx_src.1.ingress_queue_wait_bucket.write_req.64_255 = 0
stat.switch.port.pool.0.tx_src.1.ingress_pre_occ_bucket.write_req.257_1024 = 0
stat.switch.port.pool.0.tx_src.1.ingress_queue_wait_bucket.write_req.256_1023 = 0
stat.switch.port.pool.0.tx_src.1.ingress_pre_occ_bucket.write_req.1025_4096 = 0
stat.switch.port.pool.0.tx_src.1.ingress_queue_wait_bucket.write_req.1024_4095 = 0
stat.switch.port.pool.0.tx_src.1.ingress_pre_occ_bucket.write_req.4097_plus = 0
stat.switch.port.pool.0.tx_src.1.ingress_queue_wait_bucket.write_req.4096_plus = 0
stat.switch.port.pool.0.tx_src.2.rx_bytes.demand_req = 0
stat.switch.port.pool.0.tx_src.2.rx_pkts.demand_req = 0
stat.switch.port.pool.0.tx_src.2.tx_bytes.demand_req = 167488
stat.switch.port.pool.0.tx_src.2.tx_pkts.demand_req = 20936
stat.switch.port.pool.0.tx_src.2.ingress_arrivals.demand_req = 0
stat.switch.port.pool.0.tx_src.2.ingress_arrival_nonempty_packet_frac.demand_req = 0
stat.switch.port.pool.0.tx_src.2.ingress_nonempty_arrival_pre_occ_avg_bytes.demand_req = 0
stat.switch.port.pool.0.tx_src.2.ingress_nonempty_arrival_pre_occ_max_bytes.demand_req = 0
stat.switch.port.pool.0.tx_src.2.ingress_wait_avg_cycles.demand_req = 0
stat.switch.port.pool.0.tx_src.2.ingress_queue_wait_avg_cycles.demand_req = 0
stat.switch.port.pool.0.tx_src.2.ingress_queue_wait_after_nonempty_arrival_avg_cycles.demand_req = 0
stat.switch.port.pool.0.tx_src.2.ingress_pre_occ_bucket.demand_req.0 = 0
stat.switch.port.pool.0.tx_src.2.ingress_queue_wait_bucket.demand_req.0 = 0
stat.switch.port.pool.0.tx_src.2.ingress_pre_occ_bucket.demand_req.1_64 = 0
stat.switch.port.pool.0.tx_src.2.ingress_queue_wait_bucket.demand_req.1_63 = 0
stat.switch.port.pool.0.tx_src.2.ingress_pre_occ_bucket.demand_req.65_256 = 0
stat.switch.port.pool.0.tx_src.2.ingress_queue_wait_bucket.demand_req.64_255 = 0
stat.switch.port.pool.0.tx_src.2.ingress_pre_occ_bucket.demand_req.257_1024 = 0
stat.switch.port.pool.0.tx_src.2.ingress_queue_wait_bucket.demand_req.256_1023 = 0
stat.switch.port.pool.0.tx_src.2.ingress_pre_occ_bucket.demand_req.1025_4096 = 0
stat.switch.port.pool.0.tx_src.2.ingress_queue_wait_bucket.demand_req.1024_4095 = 0
stat.switch.port.pool.0.tx_src.2.ingress_pre_occ_bucket.demand_req.4097_plus = 0
stat.switch.port.pool.0.tx_src.2.ingress_queue_wait_bucket.demand_req.4096_plus = 0
stat.switch.port.pool.0.tx_src.2.rx_bytes.write_req = 0
stat.switch.port.pool.0.tx_src.2.rx_pkts.write_req = 0
stat.switch.port.pool.0.tx_src.2.tx_bytes.write_req = 337280
stat.switch.port.pool.0.tx_src.2.tx_pkts.write_req = 5270
stat.switch.port.pool.0.tx_src.2.ingress_arrivals.write_req = 0
stat.switch.port.pool.0.tx_src.2.ingress_arrival_nonempty_packet_frac.write_req = 0
stat.switch.port.pool.0.tx_src.2.ingress_nonempty_arrival_pre_occ_avg_bytes.write_req = 0
stat.switch.port.pool.0.tx_src.2.ingress_nonempty_arrival_pre_occ_max_bytes.write_req = 0
stat.switch.port.pool.0.tx_src.2.ingress_wait_avg_cycles.write_req = 0
stat.switch.port.pool.0.tx_src.2.ingress_queue_wait_avg_cycles.write_req = 0
stat.switch.port.pool.0.tx_src.2.ingress_queue_wait_after_nonempty_arrival_avg_cycles.write_req = 0
stat.switch.port.pool.0.tx_src.2.ingress_pre_occ_bucket.write_req.0 = 0
stat.switch.port.pool.0.tx_src.2.ingress_queue_wait_bucket.write_req.0 = 0
stat.switch.port.pool.0.tx_src.2.ingress_pre_occ_bucket.write_req.1_64 = 0
stat.switch.port.pool.0.tx_src.2.ingress_queue_wait_bucket.write_req.1_63 = 0
stat.switch.port.pool.0.tx_src.2.ingress_pre_occ_bucket.write_req.65_256 = 0
stat.switch.port.pool.0.tx_src.2.ingress_queue_wait_bucket.write_req.64_255 = 0
stat.switch.port.pool.0.tx_src.2.ingress_pre_occ_bucket.write_req.257_1024 = 0
stat.switch.port.pool.0.tx_src.2.ingress_queue_wait_bucket.write_req.256_1023 = 0
stat.switch.port.pool.0.tx_src.2.ingress_pre_occ_bucket.write_req.1025_4096 = 0
stat.switch.port.pool.0.tx_src.2.ingress_queue_wait_bucket.write_req.1024_4095 = 0
stat.switch.port.pool.0.tx_src.2.ingress_pre_occ_bucket.write_req.4097_plus = 0
stat.switch.port.pool.0.tx_src.2.ingress_queue_wait_bucket.write_req.4096_plus = 0
stat.switch.port.pool.0.tx_src.2.rx_bytes.other_req = 0
stat.switch.port.pool.0.tx_src.2.rx_pkts.other_req = 0
stat.switch.port.pool.0.tx_src.2.tx_bytes.other_req = 160
stat.switch.port.pool.0.tx_src.2.tx_pkts.other_req = 20
stat.switch.port.pool.0.tx_src.2.ingress_arrivals.other_req = 0
stat.switch.port.pool.0.tx_src.2.ingress_arrival_nonempty_packet_frac.other_req = 0
stat.switch.port.pool.0.tx_src.2.ingress_nonempty_arrival_pre_occ_avg_bytes.other_req = 0
stat.switch.port.pool.0.tx_src.2.ingress_nonempty_arrival_pre_occ_max_bytes.other_req = 0
stat.switch.port.pool.0.tx_src.2.ingress_wait_avg_cycles.other_req = 0
stat.switch.port.pool.0.tx_src.2.ingress_queue_wait_avg_cycles.other_req = 0
stat.switch.port.pool.0.tx_src.2.ingress_queue_wait_after_nonempty_arrival_avg_cycles.other_req = 0
stat.switch.port.pool.0.tx_src.2.ingress_pre_occ_bucket.other_req.0 = 0
stat.switch.port.pool.0.tx_src.2.ingress_queue_wait_bucket.other_req.0 = 0
stat.switch.port.pool.0.tx_src.2.ingress_pre_occ_bucket.other_req.1_64 = 0
stat.switch.port.pool.0.tx_src.2.ingress_queue_wait_bucket.other_req.1_63 = 0
stat.switch.port.pool.0.tx_src.2.ingress_pre_occ_bucket.other_req.65_256 = 0
stat.switch.port.pool.0.tx_src.2.ingress_queue_wait_bucket.other_req.64_255 = 0
stat.switch.port.pool.0.tx_src.2.ingress_pre_occ_bucket.other_req.257_1024 = 0
stat.switch.port.pool.0.tx_src.2.ingress_queue_wait_bucket.other_req.256_1023 = 0
stat.switch.port.pool.0.tx_src.2.ingress_pre_occ_bucket.other_req.1025_4096 = 0
stat.switch.port.pool.0.tx_src.2.ingress_queue_wait_bucket.other_req.1024_4095 = 0
stat.switch.port.pool.0.tx_src.2.ingress_pre_occ_bucket.other_req.4097_plus = 0
stat.switch.port.pool.0.tx_src.2.ingress_queue_wait_bucket.other_req.4096_plus = 0
stat.switch.port.pool.0.tx_src.3.rx_bytes.write_req = 0
stat.switch.port.pool.0.tx_src.3.rx_pkts.write_req = 0
stat.switch.port.pool.0.tx_src.3.tx_bytes.write_req = 337280
stat.switch.port.pool.0.tx_src.3.tx_pkts.write_req = 5270
stat.switch.port.pool.0.tx_src.3.ingress_arrivals.write_req = 0
stat.switch.port.pool.0.tx_src.3.ingress_arrival_nonempty_packet_frac.write_req = 0
stat.switch.port.pool.0.tx_src.3.ingress_nonempty_arrival_pre_occ_avg_bytes.write_req = 0
stat.switch.port.pool.0.tx_src.3.ingress_nonempty_arrival_pre_occ_max_bytes.write_req = 0
stat.switch.port.pool.0.tx_src.3.ingress_wait_avg_cycles.write_req = 0
stat.switch.port.pool.0.tx_src.3.ingress_queue_wait_avg_cycles.write_req = 0
stat.switch.port.pool.0.tx_src.3.ingress_queue_wait_after_nonempty_arrival_avg_cycles.write_req = 0
stat.switch.port.pool.0.tx_src.3.ingress_pre_occ_bucket.write_req.0 = 0
stat.switch.port.pool.0.tx_src.3.ingress_queue_wait_bucket.write_req.0 = 0
stat.switch.port.pool.0.tx_src.3.ingress_pre_occ_bucket.write_req.1_64 = 0
stat.switch.port.pool.0.tx_src.3.ingress_queue_wait_bucket.write_req.1_63 = 0
stat.switch.port.pool.0.tx_src.3.ingress_pre_occ_bucket.write_req.65_256 = 0
stat.switch.port.pool.0.tx_src.3.ingress_queue_wait_bucket.write_req.64_255 = 0
stat.switch.port.pool.0.tx_src.3.ingress_pre_occ_bucket.write_req.257_1024 = 0
stat.switch.port.pool.0.tx_src.3.ingress_queue_wait_bucket.write_req.256_1023 = 0
stat.switch.port.pool.0.tx_src.3.ingress_pre_occ_bucket.write_req.1025_4096 = 0
stat.switch.port.pool.0.tx_src.3.ingress_queue_wait_bucket.write_req.1024_4095 = 0
stat.switch.port.pool.0.tx_src.3.ingress_pre_occ_bucket.write_req.4097_plus = 0
stat.switch.port.pool.0.tx_src.3.ingress_queue_wait_bucket.write_req.4096_plus = 0
stat.switch.port.pool.0.tx_src.4.rx_bytes.demand_req = 0
stat.switch.port.pool.0.tx_src.4.rx_pkts.demand_req = 0
stat.switch.port.pool.0.tx_src.4.tx_bytes.demand_req = 167488
stat.switch.port.pool.0.tx_src.4.tx_pkts.demand_req = 20936
stat.switch.port.pool.0.tx_src.4.ingress_arrivals.demand_req = 0
stat.switch.port.pool.0.tx_src.4.ingress_arrival_nonempty_packet_frac.demand_req = 0
stat.switch.port.pool.0.tx_src.4.ingress_nonempty_arrival_pre_occ_avg_bytes.demand_req = 0
stat.switch.port.pool.0.tx_src.4.ingress_nonempty_arrival_pre_occ_max_bytes.demand_req = 0
stat.switch.port.pool.0.tx_src.4.ingress_wait_avg_cycles.demand_req = 0
stat.switch.port.pool.0.tx_src.4.ingress_queue_wait_avg_cycles.demand_req = 0
stat.switch.port.pool.0.tx_src.4.ingress_queue_wait_after_nonempty_arrival_avg_cycles.demand_req = 0
stat.switch.port.pool.0.tx_src.4.ingress_pre_occ_bucket.demand_req.0 = 0
stat.switch.port.pool.0.tx_src.4.ingress_queue_wait_bucket.demand_req.0 = 0
stat.switch.port.pool.0.tx_src.4.ingress_pre_occ_bucket.demand_req.1_64 = 0
stat.switch.port.pool.0.tx_src.4.ingress_queue_wait_bucket.demand_req.1_63 = 0
stat.switch.port.pool.0.tx_src.4.ingress_pre_occ_bucket.demand_req.65_256 = 0
stat.switch.port.pool.0.tx_src.4.ingress_queue_wait_bucket.demand_req.64_255 = 0
stat.switch.port.pool.0.tx_src.4.ingress_pre_occ_bucket.demand_req.257_1024 = 0
stat.switch.port.pool.0.tx_src.4.ingress_queue_wait_bucket.demand_req.256_1023 = 0
stat.switch.port.pool.0.tx_src.4.ingress_pre_occ_bucket.demand_req.1025_4096 = 0
stat.switch.port.pool.0.tx_src.4.ingress_queue_wait_bucket.demand_req.1024_4095 = 0
stat.switch.port.pool.0.tx_src.4.ingress_pre_occ_bucket.demand_req.4097_plus = 0
stat.switch.port.pool.0.tx_src.4.ingress_queue_wait_bucket.demand_req.4096_plus = 0
stat.switch.port.pool.0.tx_src.4.rx_bytes.write_req = 0
stat.switch.port.pool.0.tx_src.4.rx_pkts.write_req = 0
stat.switch.port.pool.0.tx_src.4.tx_bytes.write_req = 337280
stat.switch.port.pool.0.tx_src.4.tx_pkts.write_req = 5270
stat.switch.port.pool.0.tx_src.4.ingress_arrivals.write_req = 0
stat.switch.port.pool.0.tx_src.4.ingress_arrival_nonempty_packet_frac.write_req = 0
stat.switch.port.pool.0.tx_src.4.ingress_nonempty_arrival_pre_occ_avg_bytes.write_req = 0
stat.switch.port.pool.0.tx_src.4.ingress_nonempty_arrival_pre_occ_max_bytes.write_req = 0
stat.switch.port.pool.0.tx_src.4.ingress_wait_avg_cycles.write_req = 0
stat.switch.port.pool.0.tx_src.4.ingress_queue_wait_avg_cycles.write_req = 0
stat.switch.port.pool.0.tx_src.4.ingress_queue_wait_after_nonempty_arrival_avg_cycles.write_req = 0
stat.switch.port.pool.0.tx_src.4.ingress_pre_occ_bucket.write_req.0 = 0
stat.switch.port.pool.0.tx_src.4.ingress_queue_wait_bucket.write_req.0 = 0
stat.switch.port.pool.0.tx_src.4.ingress_pre_occ_bucket.write_req.1_64 = 0
stat.switch.port.pool.0.tx_src.4.ingress_queue_wait_bucket.write_req.1_63 = 0
stat.switch.port.pool.0.tx_src.4.ingress_pre_occ_bucket.write_req.65_256 = 0
stat.switch.port.pool.0.tx_src.4.ingress_queue_wait_bucket.write_req.64_255 = 0
stat.switch.port.pool.0.tx_src.4.ingress_pre_occ_bucket.write_req.257_1024 = 0
stat.switch.port.pool.0.tx_src.4.ingress_queue_wait_bucket.write_req.256_1023 = 0
stat.switch.port.pool.0.tx_src.4.ingress_pre_occ_bucket.write_req.1025_4096 = 0
stat.switch.port.pool.0.tx_src.4.ingress_queue_wait_bucket.write_req.1024_4095 = 0
stat.switch.port.pool.0.tx_src.4.ingress_pre_occ_bucket.write_req.4097_plus = 0
stat.switch.port.pool.0.tx_src.4.ingress_queue_wait_bucket.write_req.4096_plus = 0
stat.switch.port.pool.0.tx_src.4.rx_bytes.other_req = 0
stat.switch.port.pool.0.tx_src.4.rx_pkts.other_req = 0
stat.switch.port.pool.0.tx_src.4.tx_bytes.other_req = 160
stat.switch.port.pool.0.tx_src.4.tx_pkts.other_req = 20
stat.switch.port.pool.0.tx_src.4.ingress_arrivals.other_req = 0
stat.switch.port.pool.0.tx_src.4.ingress_arrival_nonempty_packet_frac.other_req = 0
stat.switch.port.pool.0.tx_src.4.ingress_nonempty_arrival_pre_occ_avg_bytes.other_req = 0
stat.switch.port.pool.0.tx_src.4.ingress_nonempty_arrival_pre_occ_max_bytes.other_req = 0
stat.switch.port.pool.0.tx_src.4.ingress_wait_avg_cycles.other_req = 0
stat.switch.port.pool.0.tx_src.4.ingress_queue_wait_avg_cycles.other_req = 0
stat.switch.port.pool.0.tx_src.4.ingress_queue_wait_after_nonempty_arrival_avg_cycles.other_req = 0
stat.switch.port.pool.0.tx_src.4.ingress_pre_occ_bucket.other_req.0 = 0
stat.switch.port.pool.0.tx_src.4.ingress_queue_wait_bucket.other_req.0 = 0
stat.switch.port.pool.0.tx_src.4.ingress_pre_occ_bucket.other_req.1_64 = 0
stat.switch.port.pool.0.tx_src.4.ingress_queue_wait_bucket.other_req.1_63 = 0
stat.switch.port.pool.0.tx_src.4.ingress_pre_occ_bucket.other_req.65_256 = 0
stat.switch.port.pool.0.tx_src.4.ingress_queue_wait_bucket.other_req.64_255 = 0
stat.switch.port.pool.0.tx_src.4.ingress_pre_occ_bucket.other_req.257_1024 = 0
stat.switch.port.pool.0.tx_src.4.ingress_queue_wait_bucket.other_req.256_1023 = 0
stat.switch.port.pool.0.tx_src.4.ingress_pre_occ_bucket.other_req.1025_4096 = 0
stat.switch.port.pool.0.tx_src.4.ingress_queue_wait_bucket.other_req.1024_4095 = 0
stat.switch.port.pool.0.tx_src.4.ingress_pre_occ_bucket.other_req.4097_plus = 0
stat.switch.port.pool.0.tx_src.4.ingress_queue_wait_bucket.other_req.4096_plus = 0
stat.switch.port.pool.0.tx_src.5.rx_bytes.write_req = 0
stat.switch.port.pool.0.tx_src.5.rx_pkts.write_req = 0
stat.switch.port.pool.0.tx_src.5.tx_bytes.write_req = 337280
stat.switch.port.pool.0.tx_src.5.tx_pkts.write_req = 5270
stat.switch.port.pool.0.tx_src.5.ingress_arrivals.write_req = 0
stat.switch.port.pool.0.tx_src.5.ingress_arrival_nonempty_packet_frac.write_req = 0
stat.switch.port.pool.0.tx_src.5.ingress_nonempty_arrival_pre_occ_avg_bytes.write_req = 0
stat.switch.port.pool.0.tx_src.5.ingress_nonempty_arrival_pre_occ_max_bytes.write_req = 0
stat.switch.port.pool.0.tx_src.5.ingress_wait_avg_cycles.write_req = 0
stat.switch.port.pool.0.tx_src.5.ingress_queue_wait_avg_cycles.write_req = 0
stat.switch.port.pool.0.tx_src.5.ingress_queue_wait_after_nonempty_arrival_avg_cycles.write_req = 0
stat.switch.port.pool.0.tx_src.5.ingress_pre_occ_bucket.write_req.0 = 0
stat.switch.port.pool.0.tx_src.5.ingress_queue_wait_bucket.write_req.0 = 0
stat.switch.port.pool.0.tx_src.5.ingress_pre_occ_bucket.write_req.1_64 = 0
stat.switch.port.pool.0.tx_src.5.ingress_queue_wait_bucket.write_req.1_63 = 0
stat.switch.port.pool.0.tx_src.5.ingress_pre_occ_bucket.write_req.65_256 = 0
stat.switch.port.pool.0.tx_src.5.ingress_queue_wait_bucket.write_req.64_255 = 0
stat.switch.port.pool.0.tx_src.5.ingress_pre_occ_bucket.write_req.257_1024 = 0
stat.switch.port.pool.0.tx_src.5.ingress_queue_wait_bucket.write_req.256_1023 = 0
stat.switch.port.pool.0.tx_src.5.ingress_pre_occ_bucket.write_req.1025_4096 = 0
stat.switch.port.pool.0.tx_src.5.ingress_queue_wait_bucket.write_req.1024_4095 = 0
stat.switch.port.pool.0.tx_src.5.ingress_pre_occ_bucket.write_req.4097_plus = 0
stat.switch.port.pool.0.tx_src.5.ingress_queue_wait_bucket.write_req.4096_plus = 0
stat.switch.port.pool.0.tx_src.6.rx_bytes.demand_req = 0
stat.switch.port.pool.0.tx_src.6.rx_pkts.demand_req = 0
stat.switch.port.pool.0.tx_src.6.tx_bytes.demand_req = 167488
stat.switch.port.pool.0.tx_src.6.tx_pkts.demand_req = 20936
stat.switch.port.pool.0.tx_src.6.ingress_arrivals.demand_req = 0
stat.switch.port.pool.0.tx_src.6.ingress_arrival_nonempty_packet_frac.demand_req = 0
stat.switch.port.pool.0.tx_src.6.ingress_nonempty_arrival_pre_occ_avg_bytes.demand_req = 0
stat.switch.port.pool.0.tx_src.6.ingress_nonempty_arrival_pre_occ_max_bytes.demand_req = 0
stat.switch.port.pool.0.tx_src.6.ingress_wait_avg_cycles.demand_req = 0
stat.switch.port.pool.0.tx_src.6.ingress_queue_wait_avg_cycles.demand_req = 0
stat.switch.port.pool.0.tx_src.6.ingress_queue_wait_after_nonempty_arrival_avg_cycles.demand_req = 0
stat.switch.port.pool.0.tx_src.6.ingress_pre_occ_bucket.demand_req.0 = 0
stat.switch.port.pool.0.tx_src.6.ingress_queue_wait_bucket.demand_req.0 = 0
stat.switch.port.pool.0.tx_src.6.ingress_pre_occ_bucket.demand_req.1_64 = 0
stat.switch.port.pool.0.tx_src.6.ingress_queue_wait_bucket.demand_req.1_63 = 0
stat.switch.port.pool.0.tx_src.6.ingress_pre_occ_bucket.demand_req.65_256 = 0
stat.switch.port.pool.0.tx_src.6.ingress_queue_wait_bucket.demand_req.64_255 = 0
stat.switch.port.pool.0.tx_src.6.ingress_pre_occ_bucket.demand_req.257_1024 = 0
stat.switch.port.pool.0.tx_src.6.ingress_queue_wait_bucket.demand_req.256_1023 = 0
stat.switch.port.pool.0.tx_src.6.ingress_pre_occ_bucket.demand_req.1025_4096 = 0
stat.switch.port.pool.0.tx_src.6.ingress_queue_wait_bucket.demand_req.1024_4095 = 0
stat.switch.port.pool.0.tx_src.6.ingress_pre_occ_bucket.demand_req.4097_plus = 0
stat.switch.port.pool.0.tx_src.6.ingress_queue_wait_bucket.demand_req.4096_plus = 0
stat.switch.port.pool.0.tx_src.6.rx_bytes.write_req = 0
stat.switch.port.pool.0.tx_src.6.rx_pkts.write_req = 0
stat.switch.port.pool.0.tx_src.6.tx_bytes.write_req = 337216
stat.switch.port.pool.0.tx_src.6.tx_pkts.write_req = 5269
stat.switch.port.pool.0.tx_src.6.ingress_arrivals.write_req = 0
stat.switch.port.pool.0.tx_src.6.ingress_arrival_nonempty_packet_frac.write_req = 0
stat.switch.port.pool.0.tx_src.6.ingress_nonempty_arrival_pre_occ_avg_bytes.write_req = 0
stat.switch.port.pool.0.tx_src.6.ingress_nonempty_arrival_pre_occ_max_bytes.write_req = 0
stat.switch.port.pool.0.tx_src.6.ingress_wait_avg_cycles.write_req = 0
stat.switch.port.pool.0.tx_src.6.ingress_queue_wait_avg_cycles.write_req = 0
stat.switch.port.pool.0.tx_src.6.ingress_queue_wait_after_nonempty_arrival_avg_cycles.write_req = 0
stat.switch.port.pool.0.tx_src.6.ingress_pre_occ_bucket.write_req.0 = 0
stat.switch.port.pool.0.tx_src.6.ingress_queue_wait_bucket.write_req.0 = 0
stat.switch.port.pool.0.tx_src.6.ingress_pre_occ_bucket.write_req.1_64 = 0
stat.switch.port.pool.0.tx_src.6.ingress_queue_wait_bucket.write_req.1_63 = 0
stat.switch.port.pool.0.tx_src.6.ingress_pre_occ_bucket.write_req.65_256 = 0
stat.switch.port.pool.0.tx_src.6.ingress_queue_wait_bucket.write_req.64_255 = 0
stat.switch.port.pool.0.tx_src.6.ingress_pre_occ_bucket.write_req.257_1024 = 0
stat.switch.port.pool.0.tx_src.6.ingress_queue_wait_bucket.write_req.256_1023 = 0
stat.switch.port.pool.0.tx_src.6.ingress_pre_occ_bucket.write_req.1025_4096 = 0
stat.switch.port.pool.0.tx_src.6.ingress_queue_wait_bucket.write_req.1024_4095 = 0
stat.switch.port.pool.0.tx_src.6.ingress_pre_occ_bucket.write_req.4097_plus = 0
stat.switch.port.pool.0.tx_src.6.ingress_queue_wait_bucket.write_req.4096_plus = 0
stat.switch.port.pool.0.tx_src.6.rx_bytes.other_req = 0
stat.switch.port.pool.0.tx_src.6.rx_pkts.other_req = 0
stat.switch.port.pool.0.tx_src.6.tx_bytes.other_req = 160
stat.switch.port.pool.0.tx_src.6.tx_pkts.other_req = 20
stat.switch.port.pool.0.tx_src.6.ingress_arrivals.other_req = 0
stat.switch.port.pool.0.tx_src.6.ingress_arrival_nonempty_packet_frac.other_req = 0
stat.switch.port.pool.0.tx_src.6.ingress_nonempty_arrival_pre_occ_avg_bytes.other_req = 0
stat.switch.port.pool.0.tx_src.6.ingress_nonempty_arrival_pre_occ_max_bytes.other_req = 0
stat.switch.port.pool.0.tx_src.6.ingress_wait_avg_cycles.other_req = 0
stat.switch.port.pool.0.tx_src.6.ingress_queue_wait_avg_cycles.other_req = 0
stat.switch.port.pool.0.tx_src.6.ingress_queue_wait_after_nonempty_arrival_avg_cycles.other_req = 0
stat.switch.port.pool.0.tx_src.6.ingress_pre_occ_bucket.other_req.0 = 0
stat.switch.port.pool.0.tx_src.6.ingress_queue_wait_bucket.other_req.0 = 0
stat.switch.port.pool.0.tx_src.6.ingress_pre_occ_bucket.other_req.1_64 = 0
stat.switch.port.pool.0.tx_src.6.ingress_queue_wait_bucket.other_req.1_63 = 0
stat.switch.port.pool.0.tx_src.6.ingress_pre_occ_bucket.other_req.65_256 = 0
stat.switch.port.pool.0.tx_src.6.ingress_queue_wait_bucket.other_req.64_255 = 0
stat.switch.port.pool.0.tx_src.6.ingress_pre_occ_bucket.other_req.257_1024 = 0
stat.switch.port.pool.0.tx_src.6.ingress_queue_wait_bucket.other_req.256_1023 = 0
stat.switch.port.pool.0.tx_src.6.ingress_pre_occ_bucket.other_req.1025_4096 = 0
stat.switch.port.pool.0.tx_src.6.ingress_queue_wait_bucket.other_req.1024_4095 = 0
stat.switch.port.pool.0.tx_src.6.ingress_pre_occ_bucket.other_req.4097_plus = 0
stat.switch.port.pool.0.tx_src.6.ingress_queue_wait_bucket.other_req.4096_plus = 0
stat.switch.port.pool.0.tx_src.7.rx_bytes.write_req = 0
stat.switch.port.pool.0.tx_src.7.rx_pkts.write_req = 0
stat.switch.port.pool.0.tx_src.7.tx_bytes.write_req = 337216
stat.switch.port.pool.0.tx_src.7.tx_pkts.write_req = 5269
stat.switch.port.pool.0.tx_src.7.ingress_arrivals.write_req = 0
stat.switch.port.pool.0.tx_src.7.ingress_arrival_nonempty_packet_frac.write_req = 0
stat.switch.port.pool.0.tx_src.7.ingress_nonempty_arrival_pre_occ_avg_bytes.write_req = 0
stat.switch.port.pool.0.tx_src.7.ingress_nonempty_arrival_pre_occ_max_bytes.write_req = 0
stat.switch.port.pool.0.tx_src.7.ingress_wait_avg_cycles.write_req = 0
stat.switch.port.pool.0.tx_src.7.ingress_queue_wait_avg_cycles.write_req = 0
stat.switch.port.pool.0.tx_src.7.ingress_queue_wait_after_nonempty_arrival_avg_cycles.write_req = 0
stat.switch.port.pool.0.tx_src.7.ingress_pre_occ_bucket.write_req.0 = 0
stat.switch.port.pool.0.tx_src.7.ingress_queue_wait_bucket.write_req.0 = 0
stat.switch.port.pool.0.tx_src.7.ingress_pre_occ_bucket.write_req.1_64 = 0
stat.switch.port.pool.0.tx_src.7.ingress_queue_wait_bucket.write_req.1_63 = 0
stat.switch.port.pool.0.tx_src.7.ingress_pre_occ_bucket.write_req.65_256 = 0
stat.switch.port.pool.0.tx_src.7.ingress_queue_wait_bucket.write_req.64_255 = 0
stat.switch.port.pool.0.tx_src.7.ingress_pre_occ_bucket.write_req.257_1024 = 0
stat.switch.port.pool.0.tx_src.7.ingress_queue_wait_bucket.write_req.256_1023 = 0
stat.switch.port.pool.0.tx_src.7.ingress_pre_occ_bucket.write_req.1025_4096 = 0
stat.switch.port.pool.0.tx_src.7.ingress_queue_wait_bucket.write_req.1024_4095 = 0
stat.switch.port.pool.0.tx_src.7.ingress_pre_occ_bucket.write_req.4097_plus = 0
stat.switch.port.pool.0.tx_src.7.ingress_queue_wait_bucket.write_req.4096_plus = 0
stat.switch.port.pool.0.tx_dst.100.rx_bytes.demand_req = 0
stat.switch.port.pool.0.tx_dst.100.rx_pkts.demand_req = 0
stat.switch.port.pool.0.tx_dst.100.tx_bytes.demand_req = 669952
stat.switch.port.pool.0.tx_dst.100.tx_pkts.demand_req = 83744
stat.switch.port.pool.0.tx_dst.100.ingress_arrivals.demand_req = 0
stat.switch.port.pool.0.tx_dst.100.ingress_arrival_nonempty_packet_frac.demand_req = 0
stat.switch.port.pool.0.tx_dst.100.ingress_nonempty_arrival_pre_occ_avg_bytes.demand_req = 0
stat.switch.port.pool.0.tx_dst.100.ingress_nonempty_arrival_pre_occ_max_bytes.demand_req = 0
stat.switch.port.pool.0.tx_dst.100.ingress_wait_avg_cycles.demand_req = 0
stat.switch.port.pool.0.tx_dst.100.ingress_queue_wait_avg_cycles.demand_req = 0
stat.switch.port.pool.0.tx_dst.100.ingress_queue_wait_after_nonempty_arrival_avg_cycles.demand_req = 0
stat.switch.port.pool.0.tx_dst.100.ingress_pre_occ_bucket.demand_req.0 = 0
stat.switch.port.pool.0.tx_dst.100.ingress_queue_wait_bucket.demand_req.0 = 0
stat.switch.port.pool.0.tx_dst.100.ingress_pre_occ_bucket.demand_req.1_64 = 0
stat.switch.port.pool.0.tx_dst.100.ingress_queue_wait_bucket.demand_req.1_63 = 0
stat.switch.port.pool.0.tx_dst.100.ingress_pre_occ_bucket.demand_req.65_256 = 0
stat.switch.port.pool.0.tx_dst.100.ingress_queue_wait_bucket.demand_req.64_255 = 0
stat.switch.port.pool.0.tx_dst.100.ingress_pre_occ_bucket.demand_req.257_1024 = 0
stat.switch.port.pool.0.tx_dst.100.ingress_queue_wait_bucket.demand_req.256_1023 = 0
stat.switch.port.pool.0.tx_dst.100.ingress_pre_occ_bucket.demand_req.1025_4096 = 0
stat.switch.port.pool.0.tx_dst.100.ingress_queue_wait_bucket.demand_req.1024_4095 = 0
stat.switch.port.pool.0.tx_dst.100.ingress_pre_occ_bucket.demand_req.4097_plus = 0
stat.switch.port.pool.0.tx_dst.100.ingress_queue_wait_bucket.demand_req.4096_plus = 0
stat.switch.port.pool.0.tx_dst.100.rx_bytes.write_req = 0
stat.switch.port.pool.0.tx_dst.100.rx_pkts.write_req = 0
stat.switch.port.pool.0.tx_dst.100.tx_bytes.write_req = 2698112
stat.switch.port.pool.0.tx_dst.100.tx_pkts.write_req = 42158
stat.switch.port.pool.0.tx_dst.100.ingress_arrivals.write_req = 0
stat.switch.port.pool.0.tx_dst.100.ingress_arrival_nonempty_packet_frac.write_req = 0
stat.switch.port.pool.0.tx_dst.100.ingress_nonempty_arrival_pre_occ_avg_bytes.write_req = 0
stat.switch.port.pool.0.tx_dst.100.ingress_nonempty_arrival_pre_occ_max_bytes.write_req = 0
stat.switch.port.pool.0.tx_dst.100.ingress_wait_avg_cycles.write_req = 0
stat.switch.port.pool.0.tx_dst.100.ingress_queue_wait_avg_cycles.write_req = 0
stat.switch.port.pool.0.tx_dst.100.ingress_queue_wait_after_nonempty_arrival_avg_cycles.write_req = 0
stat.switch.port.pool.0.tx_dst.100.ingress_pre_occ_bucket.write_req.0 = 0
stat.switch.port.pool.0.tx_dst.100.ingress_queue_wait_bucket.write_req.0 = 0
stat.switch.port.pool.0.tx_dst.100.ingress_pre_occ_bucket.write_req.1_64 = 0
stat.switch.port.pool.0.tx_dst.100.ingress_queue_wait_bucket.write_req.1_63 = 0
stat.switch.port.pool.0.tx_dst.100.ingress_pre_occ_bucket.write_req.65_256 = 0
stat.switch.port.pool.0.tx_dst.100.ingress_queue_wait_bucket.write_req.64_255 = 0
stat.switch.port.pool.0.tx_dst.100.ingress_pre_occ_bucket.write_req.257_1024 = 0
stat.switch.port.pool.0.tx_dst.100.ingress_queue_wait_bucket.write_req.256_1023 = 0
stat.switch.port.pool.0.tx_dst.100.ingress_pre_occ_bucket.write_req.1025_4096 = 0
stat.switch.port.pool.0.tx_dst.100.ingress_queue_wait_bucket.write_req.1024_4095 = 0
stat.switch.port.pool.0.tx_dst.100.ingress_pre_occ_bucket.write_req.4097_plus = 0
stat.switch.port.pool.0.tx_dst.100.ingress_queue_wait_bucket.write_req.4096_plus = 0
stat.switch.port.pool.0.tx_dst.100.rx_bytes.other_req = 0
stat.switch.port.pool.0.tx_dst.100.rx_pkts.other_req = 0
stat.switch.port.pool.0.tx_dst.100.tx_bytes.other_req = 640
stat.switch.port.pool.0.tx_dst.100.tx_pkts.other_req = 80
stat.switch.port.pool.0.tx_dst.100.ingress_arrivals.other_req = 0
stat.switch.port.pool.0.tx_dst.100.ingress_arrival_nonempty_packet_frac.other_req = 0
stat.switch.port.pool.0.tx_dst.100.ingress_nonempty_arrival_pre_occ_avg_bytes.other_req = 0
stat.switch.port.pool.0.tx_dst.100.ingress_nonempty_arrival_pre_occ_max_bytes.other_req = 0
stat.switch.port.pool.0.tx_dst.100.ingress_wait_avg_cycles.other_req = 0
stat.switch.port.pool.0.tx_dst.100.ingress_queue_wait_avg_cycles.other_req = 0
stat.switch.port.pool.0.tx_dst.100.ingress_queue_wait_after_nonempty_arrival_avg_cycles.other_req = 0
stat.switch.port.pool.0.tx_dst.100.ingress_pre_occ_bucket.other_req.0 = 0
stat.switch.port.pool.0.tx_dst.100.ingress_queue_wait_bucket.other_req.0 = 0
stat.switch.port.pool.0.tx_dst.100.ingress_pre_occ_bucket.other_req.1_64 = 0
stat.switch.port.pool.0.tx_dst.100.ingress_queue_wait_bucket.other_req.1_63 = 0
stat.switch.port.pool.0.tx_dst.100.ingress_pre_occ_bucket.other_req.65_256 = 0
stat.switch.port.pool.0.tx_dst.100.ingress_queue_wait_bucket.other_req.64_255 = 0
stat.switch.port.pool.0.tx_dst.100.ingress_pre_occ_bucket.other_req.257_1024 = 0
stat.switch.port.pool.0.tx_dst.100.ingress_queue_wait_bucket.other_req.256_1023 = 0
stat.switch.port.pool.0.tx_dst.100.ingress_pre_occ_bucket.other_req.1025_4096 = 0
stat.switch.port.pool.0.tx_dst.100.ingress_queue_wait_bucket.other_req.1024_4095 = 0
stat.switch.port.pool.0.tx_dst.100.ingress_pre_occ_bucket.other_req.4097_plus = 0
stat.switch.port.pool.0.tx_dst.100.ingress_queue_wait_bucket.other_req.4096_plus = 0
stat.switch.port.pool.1.ingress_wait_avg_cycles = 172.505
stat.switch.port.pool.1.ingress_wait_max_cycles = 1088
stat.switch.port.pool.1.egress_wait_avg_cycles = 1
stat.switch.port.pool.1.egress_wait_max_cycles = 1
stat.switch.port.pool.1.ingress_queue_wait_avg_cycles = 27.5053
stat.switch.port.pool.1.ingress_queue_wait_max_cycles = 943
stat.switch.port.pool.1.egress_occ_avg_bytes = 0
stat.switch.port.pool.1.egress_occ_stddev_bytes = 0
stat.switch.port.pool.1.egress_occ_max_bytes = 0
stat.switch.port.pool.1.egress_occ_nonempty_frac = 0
stat.switch.port.pool.1.egress_blocked_cycles = 0
stat.switch.port.pool.1.egress_blocked_nonempty_frac = 0
stat.switch.port.pool.1.egress_blocked_avg_occ_bytes = 0
stat.switch.port.pool.1.egress_blocked_max_occ_bytes = 0
stat.switch.port.pool.1.egress_send_burst_max_pkts = 4
stat.switch.port.pool.1.egress_send_burst_max_bytes = 136
stat.switch.port.pool.1.egress_send_burst_avg_pkts = 1.20311
stat.switch.port.pool.1.egress_send_burst_avg_bytes = 32.1705
stat.switch.port.pool.1.egress_send_burst_stddev_pkts = 0.405785
stat.switch.port.pool.1.egress_send_burst_stddev_bytes = 48.1301
stat.switch.port.pool.1.egress_send_nonempty_frac = 0.0225583
stat.switch.port.pool.1.ingress_arrival_burst_avg_bytes = 64.0023
stat.switch.port.pool.1.ingress_arrival_nonempty_frac = 0.0180574
stat.switch.port.pool.1.ingress_arrival_run_max_cycles = 2
stat.switch.port.pool.1.ingress_arrival_run_avg_cycles = 1.0001
stat.switch.port.pool.1.ingress_arrival_gap_max_cycles = 995
stat.switch.port.pool.1.ingress_arrival_gap_avg_cycles = 48.3352
stat.switch.port.pool.1.ingress_release_burst_avg_bytes = 64
stat.switch.port.pool.1.ingress_release_nonempty_frac = 0.0180581
stat.switch.port.pool.1.ingress_release_run_max_cycles = 1
stat.switch.port.pool.1.ingress_release_run_avg_cycles = 1
stat.switch.port.pool.1.ingress_release_gap_max_cycles = 458
stat.switch.port.pool.1.ingress_release_gap_avg_cycles = 48.3308
stat.switch.port.pool.1.ingress_occ_avg_bytes = 198.211
stat.switch.port.pool.1.ingress_occ_stddev_bytes = 158.583
stat.switch.port.pool.1.ingress_occ_max_bytes = 2816
stat.switch.port.pool.1.ingress_occ_nonempty_frac = 0.845463
stat.switch.port.pool.1.ingress_occ_run_max_cycles = 9490
stat.switch.port.pool.1.ingress_occ_run_avg_cycles = 694.491
stat.switch.port.pool.1.ingress_occ_gap_max_cycles = 315
stat.switch.port.pool.1.ingress_occ_gap_avg_cycles = 37.2819
stat.switch.port.pool.1.ingress_wait_avg_cycles.demand_req = 0
stat.switch.port.pool.1.ingress_wait_max_cycles.demand_req = 0
stat.switch.port.pool.1.ingress_queue_wait_avg_cycles.demand_req = 0
stat.switch.port.pool.1.ingress_queue_wait_max_cycles.demand_req = 0
stat.switch.port.pool.1.egress_wait_avg_cycles.demand_req = 1
stat.switch.port.pool.1.egress_wait_max_cycles.demand_req = 1
stat.switch.port.pool.1.egress_occ_avg_bytes.demand_req = 0
stat.switch.port.pool.1.egress_occ_max_bytes.demand_req = 0
stat.switch.port.pool.1.egress_blocked_cycles.demand_req = 0
stat.switch.port.pool.1.ingress_arrival_empty_packets.demand_req = 0
stat.switch.port.pool.1.ingress_arrival_nonempty_packets.demand_req = 0
stat.switch.port.pool.1.ingress_arrival_nonempty_packet_frac.demand_req = 0
stat.switch.port.pool.1.ingress_nonempty_arrival_pre_occ_avg_bytes.demand_req = 0
stat.switch.port.pool.1.ingress_nonempty_arrival_pre_occ_max_bytes.demand_req = 0
stat.switch.port.pool.1.ingress_release_after_empty_arrival_packets.demand_req = 0
stat.switch.port.pool.1.ingress_release_after_nonempty_arrival_packets.demand_req = 0
stat.switch.port.pool.1.ingress_wait_after_empty_arrival_avg_cycles.demand_req = 0
stat.switch.port.pool.1.ingress_wait_after_nonempty_arrival_avg_cycles.demand_req = 0
stat.switch.port.pool.1.ingress_queue_wait_after_empty_arrival_avg_cycles.demand_req = 0
stat.switch.port.pool.1.ingress_queue_wait_after_nonempty_arrival_avg_cycles.demand_req = 0
stat.switch.port.pool.1.ingress_queue_wait_after_empty_arrival_max_cycles.demand_req = 0
stat.switch.port.pool.1.ingress_queue_wait_after_nonempty_arrival_max_cycles.demand_req = 0
stat.switch.port.pool.1.rx_bytes.demand_req = 0
stat.switch.port.pool.1.tx_bytes.demand_req = 669952
stat.switch.port.pool.1.rx_pkts.demand_req = 0
stat.switch.port.pool.1.tx_pkts.demand_req = 83744
stat.switch.port.pool.1.ingress_wait_avg_cycles.write_req = 0
stat.switch.port.pool.1.ingress_wait_max_cycles.write_req = 0
stat.switch.port.pool.1.ingress_queue_wait_avg_cycles.write_req = 0
stat.switch.port.pool.1.ingress_queue_wait_max_cycles.write_req = 0
stat.switch.port.pool.1.egress_wait_avg_cycles.write_req = 1
stat.switch.port.pool.1.egress_wait_max_cycles.write_req = 1
stat.switch.port.pool.1.egress_occ_avg_bytes.write_req = 0
stat.switch.port.pool.1.egress_occ_max_bytes.write_req = 0
stat.switch.port.pool.1.egress_blocked_cycles.write_req = 0
stat.switch.port.pool.1.ingress_arrival_empty_packets.write_req = 0
stat.switch.port.pool.1.ingress_arrival_nonempty_packets.write_req = 0
stat.switch.port.pool.1.ingress_arrival_nonempty_packet_frac.write_req = 0
stat.switch.port.pool.1.ingress_nonempty_arrival_pre_occ_avg_bytes.write_req = 0
stat.switch.port.pool.1.ingress_nonempty_arrival_pre_occ_max_bytes.write_req = 0
stat.switch.port.pool.1.ingress_release_after_empty_arrival_packets.write_req = 0
stat.switch.port.pool.1.ingress_release_after_nonempty_arrival_packets.write_req = 0
stat.switch.port.pool.1.ingress_wait_after_empty_arrival_avg_cycles.write_req = 0
stat.switch.port.pool.1.ingress_wait_after_nonempty_arrival_avg_cycles.write_req = 0
stat.switch.port.pool.1.ingress_queue_wait_after_empty_arrival_avg_cycles.write_req = 0
stat.switch.port.pool.1.ingress_queue_wait_after_nonempty_arrival_avg_cycles.write_req = 0
stat.switch.port.pool.1.ingress_queue_wait_after_empty_arrival_max_cycles.write_req = 0
stat.switch.port.pool.1.ingress_queue_wait_after_nonempty_arrival_max_cycles.write_req = 0
stat.switch.port.pool.1.rx_bytes.write_req = 0
stat.switch.port.pool.1.tx_bytes.write_req = 2698112
stat.switch.port.pool.1.rx_pkts.write_req = 0
stat.switch.port.pool.1.tx_pkts.write_req = 42158
stat.switch.port.pool.1.ingress_wait_avg_cycles.response = 172.505
stat.switch.port.pool.1.ingress_wait_max_cycles.response = 1088
stat.switch.port.pool.1.ingress_queue_wait_avg_cycles.response = 27.5053
stat.switch.port.pool.1.ingress_queue_wait_max_cycles.response = 943
stat.switch.port.pool.1.egress_wait_avg_cycles.response = 0
stat.switch.port.pool.1.egress_wait_max_cycles.response = 0
stat.switch.port.pool.1.egress_occ_avg_bytes.response = 0
stat.switch.port.pool.1.egress_occ_max_bytes.response = 0
stat.switch.port.pool.1.egress_blocked_cycles.response = 0
stat.switch.port.pool.1.ingress_arrival_empty_packets.response = 5651
stat.switch.port.pool.1.ingress_arrival_nonempty_packets.response = 78173
stat.switch.port.pool.1.ingress_arrival_nonempty_packet_frac.response = 0.932585
stat.switch.port.pool.1.ingress_nonempty_arrival_pre_occ_avg_bytes.response = 246.935
stat.switch.port.pool.1.ingress_nonempty_arrival_pre_occ_max_bytes.response = 2752
stat.switch.port.pool.1.ingress_release_after_empty_arrival_packets.response = 5651
stat.switch.port.pool.1.ingress_release_after_nonempty_arrival_packets.response = 78173
stat.switch.port.pool.1.ingress_wait_after_empty_arrival_avg_cycles.response = 145
stat.switch.port.pool.1.ingress_wait_after_nonempty_arrival_avg_cycles.response = 174.494
stat.switch.port.pool.1.ingress_queue_wait_after_empty_arrival_avg_cycles.response = 0
stat.switch.port.pool.1.ingress_queue_wait_after_nonempty_arrival_avg_cycles.response = 29.4936
stat.switch.port.pool.1.ingress_queue_wait_after_empty_arrival_max_cycles.response = 0
stat.switch.port.pool.1.ingress_queue_wait_after_nonempty_arrival_max_cycles.response = 943
stat.switch.port.pool.1.rx_bytes.response = 5364736
stat.switch.port.pool.1.tx_bytes.response = 0
stat.switch.port.pool.1.rx_pkts.response = 83824
stat.switch.port.pool.1.tx_pkts.response = 0
stat.switch.port.pool.1.ingress_wait_avg_cycles.other_req = 0
stat.switch.port.pool.1.ingress_wait_max_cycles.other_req = 0
stat.switch.port.pool.1.ingress_queue_wait_avg_cycles.other_req = 0
stat.switch.port.pool.1.ingress_queue_wait_max_cycles.other_req = 0
stat.switch.port.pool.1.egress_wait_avg_cycles.other_req = 1
stat.switch.port.pool.1.egress_wait_max_cycles.other_req = 1
stat.switch.port.pool.1.egress_occ_avg_bytes.other_req = 0
stat.switch.port.pool.1.egress_occ_max_bytes.other_req = 0
stat.switch.port.pool.1.egress_blocked_cycles.other_req = 0
stat.switch.port.pool.1.ingress_arrival_empty_packets.other_req = 0
stat.switch.port.pool.1.ingress_arrival_nonempty_packets.other_req = 0
stat.switch.port.pool.1.ingress_arrival_nonempty_packet_frac.other_req = 0
stat.switch.port.pool.1.ingress_nonempty_arrival_pre_occ_avg_bytes.other_req = 0
stat.switch.port.pool.1.ingress_nonempty_arrival_pre_occ_max_bytes.other_req = 0
stat.switch.port.pool.1.ingress_release_after_empty_arrival_packets.other_req = 0
stat.switch.port.pool.1.ingress_release_after_nonempty_arrival_packets.other_req = 0
stat.switch.port.pool.1.ingress_wait_after_empty_arrival_avg_cycles.other_req = 0
stat.switch.port.pool.1.ingress_wait_after_nonempty_arrival_avg_cycles.other_req = 0
stat.switch.port.pool.1.ingress_queue_wait_after_empty_arrival_avg_cycles.other_req = 0
stat.switch.port.pool.1.ingress_queue_wait_after_nonempty_arrival_avg_cycles.other_req = 0
stat.switch.port.pool.1.ingress_queue_wait_after_empty_arrival_max_cycles.other_req = 0
stat.switch.port.pool.1.ingress_queue_wait_after_nonempty_arrival_max_cycles.other_req = 0
stat.switch.port.pool.1.rx_bytes.other_req = 0
stat.switch.port.pool.1.tx_bytes.other_req = 640
stat.switch.port.pool.1.rx_pkts.other_req = 0
stat.switch.port.pool.1.tx_pkts.other_req = 80
stat.switch.port.pool.1.ingress_occ_bucket_bytes.0 = 717348
stat.switch.port.pool.1.ready_occ_bucket_bytes.0 = 4558094
stat.switch.port.pool.1.ingress_occ_bucket_bytes.1_64 = 518168
stat.switch.port.pool.1.ready_occ_bucket_bytes.1_64 = 83824
stat.switch.port.pool.1.ingress_occ_bucket_bytes.65_256 = 2328951
stat.switch.port.pool.1.ready_occ_bucket_bytes.65_256 = 0
stat.switch.port.pool.1.ingress_occ_bucket_bytes.257_1024 = 1073602
stat.switch.port.pool.1.ready_occ_bucket_bytes.257_1024 = 0
stat.switch.port.pool.1.ingress_occ_bucket_bytes.1025_4096 = 3849
stat.switch.port.pool.1.ready_occ_bucket_bytes.1025_4096 = 0
stat.switch.port.pool.1.ingress_occ_bucket_bytes.4097_plus = 0
stat.switch.port.pool.1.ready_occ_bucket_bytes.4097_plus = 0
stat.switch.port.pool.1.ingress_pre_occ_bucket.demand_req.0 = 0
stat.switch.port.pool.1.ingress_queue_wait_bucket.demand_req.0 = 0
stat.switch.port.pool.1.ingress_pre_occ_bucket.demand_req.1_64 = 0
stat.switch.port.pool.1.ingress_queue_wait_bucket.demand_req.1_63 = 0
stat.switch.port.pool.1.ingress_pre_occ_bucket.demand_req.65_256 = 0
stat.switch.port.pool.1.ingress_queue_wait_bucket.demand_req.64_255 = 0
stat.switch.port.pool.1.ingress_pre_occ_bucket.demand_req.257_1024 = 0
stat.switch.port.pool.1.ingress_queue_wait_bucket.demand_req.256_1023 = 0
stat.switch.port.pool.1.ingress_pre_occ_bucket.demand_req.1025_4096 = 0
stat.switch.port.pool.1.ingress_queue_wait_bucket.demand_req.1024_4095 = 0
stat.switch.port.pool.1.ingress_pre_occ_bucket.demand_req.4097_plus = 0
stat.switch.port.pool.1.ingress_queue_wait_bucket.demand_req.4096_plus = 0
stat.switch.port.pool.1.ingress_pre_occ_bucket.write_req.0 = 0
stat.switch.port.pool.1.ingress_queue_wait_bucket.write_req.0 = 0
stat.switch.port.pool.1.ingress_pre_occ_bucket.write_req.1_64 = 0
stat.switch.port.pool.1.ingress_queue_wait_bucket.write_req.1_63 = 0
stat.switch.port.pool.1.ingress_pre_occ_bucket.write_req.65_256 = 0
stat.switch.port.pool.1.ingress_queue_wait_bucket.write_req.64_255 = 0
stat.switch.port.pool.1.ingress_pre_occ_bucket.write_req.257_1024 = 0
stat.switch.port.pool.1.ingress_queue_wait_bucket.write_req.256_1023 = 0
stat.switch.port.pool.1.ingress_pre_occ_bucket.write_req.1025_4096 = 0
stat.switch.port.pool.1.ingress_queue_wait_bucket.write_req.1024_4095 = 0
stat.switch.port.pool.1.ingress_pre_occ_bucket.write_req.4097_plus = 0
stat.switch.port.pool.1.ingress_queue_wait_bucket.write_req.4096_plus = 0
stat.switch.port.pool.1.ingress_pre_occ_bucket.response.0 = 5651
stat.switch.port.pool.1.ingress_queue_wait_bucket.response.0 = 29579
stat.switch.port.pool.1.ingress_pre_occ_bucket.response.1_64 = 11911
stat.switch.port.pool.1.ingress_queue_wait_bucket.response.1_63 = 45262
stat.switch.port.pool.1.ingress_pre_occ_bucket.response.65_256 = 41521
stat.switch.port.pool.1.ingress_queue_wait_bucket.response.64_255 = 8806
stat.switch.port.pool.1.ingress_pre_occ_bucket.response.257_1024 = 24607
stat.switch.port.pool.1.ingress_queue_wait_bucket.response.256_1023 = 177
stat.switch.port.pool.1.ingress_pre_occ_bucket.response.1025_4096 = 134
stat.switch.port.pool.1.ingress_queue_wait_bucket.response.1024_4095 = 0
stat.switch.port.pool.1.ingress_pre_occ_bucket.response.4097_plus = 0
stat.switch.port.pool.1.ingress_queue_wait_bucket.response.4096_plus = 0
stat.switch.port.pool.1.ingress_pre_occ_bucket.other_req.0 = 0
stat.switch.port.pool.1.ingress_queue_wait_bucket.other_req.0 = 0
stat.switch.port.pool.1.ingress_pre_occ_bucket.other_req.1_64 = 0
stat.switch.port.pool.1.ingress_queue_wait_bucket.other_req.1_63 = 0
stat.switch.port.pool.1.ingress_pre_occ_bucket.other_req.65_256 = 0
stat.switch.port.pool.1.ingress_queue_wait_bucket.other_req.64_255 = 0
stat.switch.port.pool.1.ingress_pre_occ_bucket.other_req.257_1024 = 0
stat.switch.port.pool.1.ingress_queue_wait_bucket.other_req.256_1023 = 0
stat.switch.port.pool.1.ingress_pre_occ_bucket.other_req.1025_4096 = 0
stat.switch.port.pool.1.ingress_queue_wait_bucket.other_req.1024_4095 = 0
stat.switch.port.pool.1.ingress_pre_occ_bucket.other_req.4097_plus = 0
stat.switch.port.pool.1.ingress_queue_wait_bucket.other_req.4096_plus = 0
stat.switch.port.pool.1.peer_src.101.rx_bytes.response = 5364736
stat.switch.port.pool.1.peer_src.101.rx_pkts.response = 83824
stat.switch.port.pool.1.peer_src.101.tx_bytes.response = 0
stat.switch.port.pool.1.peer_src.101.tx_pkts.response = 0
stat.switch.port.pool.1.peer_src.101.ingress_arrivals.response = 83824
stat.switch.port.pool.1.peer_src.101.ingress_arrival_nonempty_packet_frac.response = 0.932585
stat.switch.port.pool.1.peer_src.101.ingress_nonempty_arrival_pre_occ_avg_bytes.response = 246.935
stat.switch.port.pool.1.peer_src.101.ingress_nonempty_arrival_pre_occ_max_bytes.response = 2752
stat.switch.port.pool.1.peer_src.101.ingress_wait_avg_cycles.response = 172.505
stat.switch.port.pool.1.peer_src.101.ingress_queue_wait_avg_cycles.response = 27.5053
stat.switch.port.pool.1.peer_src.101.ingress_queue_wait_after_nonempty_arrival_avg_cycles.response = 29.4936
stat.switch.port.pool.1.peer_src.101.ingress_pre_occ_bucket.response.0 = 5651
stat.switch.port.pool.1.peer_src.101.ingress_queue_wait_bucket.response.0 = 29579
stat.switch.port.pool.1.peer_src.101.ingress_pre_occ_bucket.response.1_64 = 11911
stat.switch.port.pool.1.peer_src.101.ingress_queue_wait_bucket.response.1_63 = 45262
stat.switch.port.pool.1.peer_src.101.ingress_pre_occ_bucket.response.65_256 = 41521
stat.switch.port.pool.1.peer_src.101.ingress_queue_wait_bucket.response.64_255 = 8806
stat.switch.port.pool.1.peer_src.101.ingress_pre_occ_bucket.response.257_1024 = 24607
stat.switch.port.pool.1.peer_src.101.ingress_queue_wait_bucket.response.256_1023 = 177
stat.switch.port.pool.1.peer_src.101.ingress_pre_occ_bucket.response.1025_4096 = 134
stat.switch.port.pool.1.peer_src.101.ingress_queue_wait_bucket.response.1024_4095 = 0
stat.switch.port.pool.1.peer_src.101.ingress_pre_occ_bucket.response.4097_plus = 0
stat.switch.port.pool.1.peer_src.101.ingress_queue_wait_bucket.response.4096_plus = 0
stat.switch.port.pool.1.peer_dst.1.rx_bytes.response = 1341184
stat.switch.port.pool.1.peer_dst.1.rx_pkts.response = 20956
stat.switch.port.pool.1.peer_dst.1.tx_bytes.response = 0
stat.switch.port.pool.1.peer_dst.1.tx_pkts.response = 0
stat.switch.port.pool.1.peer_dst.1.ingress_arrivals.response = 20956
stat.switch.port.pool.1.peer_dst.1.ingress_arrival_nonempty_packet_frac.response = 0.91611
stat.switch.port.pool.1.peer_dst.1.ingress_nonempty_arrival_pre_occ_avg_bytes.response = 210.675
stat.switch.port.pool.1.peer_dst.1.ingress_nonempty_arrival_pre_occ_max_bytes.response = 2688
stat.switch.port.pool.1.peer_dst.1.ingress_wait_avg_cycles.response = 170.472
stat.switch.port.pool.1.peer_dst.1.ingress_queue_wait_avg_cycles.response = 25.4721
stat.switch.port.pool.1.peer_dst.1.ingress_queue_wait_after_nonempty_arrival_avg_cycles.response = 27.8046
stat.switch.port.pool.1.peer_dst.1.ingress_pre_occ_bucket.response.0 = 1758
stat.switch.port.pool.1.peer_dst.1.ingress_queue_wait_bucket.response.0 = 7411
stat.switch.port.pool.1.peer_dst.1.ingress_pre_occ_bucket.response.1_64 = 3392
stat.switch.port.pool.1.peer_dst.1.ingress_queue_wait_bucket.response.1_63 = 11641
stat.switch.port.pool.1.peer_dst.1.ingress_pre_occ_bucket.response.65_256 = 11480
stat.switch.port.pool.1.peer_dst.1.ingress_queue_wait_bucket.response.64_255 = 1881
stat.switch.port.pool.1.peer_dst.1.ingress_pre_occ_bucket.response.257_1024 = 4304
stat.switch.port.pool.1.peer_dst.1.ingress_queue_wait_bucket.response.256_1023 = 23
stat.switch.port.pool.1.peer_dst.1.ingress_pre_occ_bucket.response.1025_4096 = 22
stat.switch.port.pool.1.peer_dst.1.ingress_queue_wait_bucket.response.1024_4095 = 0
stat.switch.port.pool.1.peer_dst.1.ingress_pre_occ_bucket.response.4097_plus = 0
stat.switch.port.pool.1.peer_dst.1.ingress_queue_wait_bucket.response.4096_plus = 0
stat.switch.port.pool.1.peer_dst.3.rx_bytes.response = 1341184
stat.switch.port.pool.1.peer_dst.3.rx_pkts.response = 20956
stat.switch.port.pool.1.peer_dst.3.tx_bytes.response = 0
stat.switch.port.pool.1.peer_dst.3.tx_pkts.response = 0
stat.switch.port.pool.1.peer_dst.3.ingress_arrivals.response = 20956
stat.switch.port.pool.1.peer_dst.3.ingress_arrival_nonempty_packet_frac.response = 0.955287
stat.switch.port.pool.1.peer_dst.3.ingress_nonempty_arrival_pre_occ_avg_bytes.response = 263.983
stat.switch.port.pool.1.peer_dst.3.ingress_nonempty_arrival_pre_occ_max_bytes.response = 2752
stat.switch.port.pool.1.peer_dst.3.ingress_wait_avg_cycles.response = 172.341
stat.switch.port.pool.1.peer_dst.3.ingress_queue_wait_avg_cycles.response = 27.3414
stat.switch.port.pool.1.peer_dst.3.ingress_queue_wait_after_nonempty_arrival_avg_cycles.response = 28.6212
stat.switch.port.pool.1.peer_dst.3.ingress_pre_occ_bucket.response.0 = 937
stat.switch.port.pool.1.peer_dst.3.ingress_queue_wait_bucket.response.0 = 7252
stat.switch.port.pool.1.peer_dst.3.ingress_pre_occ_bucket.response.1_64 = 2422
stat.switch.port.pool.1.peer_dst.3.ingress_queue_wait_bucket.response.1_63 = 11379
stat.switch.port.pool.1.peer_dst.3.ingress_pre_occ_bucket.response.65_256 = 10129
stat.switch.port.pool.1.peer_dst.3.ingress_queue_wait_bucket.response.64_255 = 2303
stat.switch.port.pool.1.peer_dst.3.ingress_pre_occ_bucket.response.257_1024 = 7448
stat.switch.port.pool.1.peer_dst.3.ingress_queue_wait_bucket.response.256_1023 = 22
stat.switch.port.pool.1.peer_dst.3.ingress_pre_occ_bucket.response.1025_4096 = 20
stat.switch.port.pool.1.peer_dst.3.ingress_queue_wait_bucket.response.1024_4095 = 0
stat.switch.port.pool.1.peer_dst.3.ingress_pre_occ_bucket.response.4097_plus = 0
stat.switch.port.pool.1.peer_dst.3.ingress_queue_wait_bucket.response.4096_plus = 0
stat.switch.port.pool.1.peer_dst.5.rx_bytes.response = 1341184
stat.switch.port.pool.1.peer_dst.5.rx_pkts.response = 20956
stat.switch.port.pool.1.peer_dst.5.tx_bytes.response = 0
stat.switch.port.pool.1.peer_dst.5.tx_pkts.response = 0
stat.switch.port.pool.1.peer_dst.5.ingress_arrivals.response = 20956
stat.switch.port.pool.1.peer_dst.5.ingress_arrival_nonempty_packet_frac.response = 0.939015
stat.switch.port.pool.1.peer_dst.5.ingress_nonempty_arrival_pre_occ_avg_bytes.response = 260.065
stat.switch.port.pool.1.peer_dst.5.ingress_nonempty_arrival_pre_occ_max_bytes.response = 2752
stat.switch.port.pool.1.peer_dst.5.ingress_wait_avg_cycles.response = 173.317
stat.switch.port.pool.1.peer_dst.5.ingress_queue_wait_avg_cycles.response = 28.3169
stat.switch.port.pool.1.peer_dst.5.ingress_queue_wait_after_nonempty_arrival_avg_cycles.response = 30.156
stat.switch.port.pool.1.peer_dst.5.ingress_pre_occ_bucket.response.0 = 1278
stat.switch.port.pool.1.peer_dst.5.ingress_queue_wait_bucket.response.0 = 7425
stat.switch.port.pool.1.peer_dst.5.ingress_pre_occ_bucket.response.1_64 = 2906
stat.switch.port.pool.1.peer_dst.5.ingress_queue_wait_bucket.response.1_63 = 11132
stat.switch.port.pool.1.peer_dst.5.ingress_pre_occ_bucket.response.65_256 = 9972
stat.switch.port.pool.1.peer_dst.5.ingress_queue_wait_bucket.response.64_255 = 2352
stat.switch.port.pool.1.peer_dst.5.ingress_pre_occ_bucket.response.257_1024 = 6766
stat.switch.port.pool.1.peer_dst.5.ingress_queue_wait_bucket.response.256_1023 = 47
stat.switch.port.pool.1.peer_dst.5.ingress_pre_occ_bucket.response.1025_4096 = 34
stat.switch.port.pool.1.peer_dst.5.ingress_queue_wait_bucket.response.1024_4095 = 0
stat.switch.port.pool.1.peer_dst.5.ingress_pre_occ_bucket.response.4097_plus = 0
stat.switch.port.pool.1.peer_dst.5.ingress_queue_wait_bucket.response.4096_plus = 0
stat.switch.port.pool.1.peer_dst.7.rx_bytes.response = 1341184
stat.switch.port.pool.1.peer_dst.7.rx_pkts.response = 20956
stat.switch.port.pool.1.peer_dst.7.tx_bytes.response = 0
stat.switch.port.pool.1.peer_dst.7.tx_pkts.response = 0
stat.switch.port.pool.1.peer_dst.7.ingress_arrivals.response = 20956
stat.switch.port.pool.1.peer_dst.7.ingress_arrival_nonempty_packet_frac.response = 0.919927
stat.switch.port.pool.1.peer_dst.7.ingress_nonempty_arrival_pre_occ_avg_bytes.response = 251.937
stat.switch.port.pool.1.peer_dst.7.ingress_nonempty_arrival_pre_occ_max_bytes.response = 2752
stat.switch.port.pool.1.peer_dst.7.ingress_wait_avg_cycles.response = 173.891
stat.switch.port.pool.1.peer_dst.7.ingress_queue_wait_avg_cycles.response = 28.8908
stat.switch.port.pool.1.peer_dst.7.ingress_queue_wait_after_nonempty_arrival_avg_cycles.response = 31.4055
stat.switch.port.pool.1.peer_dst.7.ingress_pre_occ_bucket.response.0 = 1678
stat.switch.port.pool.1.peer_dst.7.ingress_queue_wait_bucket.response.0 = 7491
stat.switch.port.pool.1.peer_dst.7.ingress_pre_occ_bucket.response.1_64 = 3191
stat.switch.port.pool.1.peer_dst.7.ingress_queue_wait_bucket.response.1_63 = 11110
stat.switch.port.pool.1.peer_dst.7.ingress_pre_occ_bucket.response.65_256 = 9940
stat.switch.port.pool.1.peer_dst.7.ingress_queue_wait_bucket.response.64_255 = 2270
stat.switch.port.pool.1.peer_dst.7.ingress_pre_occ_bucket.response.257_1024 = 6089
stat.switch.port.pool.1.peer_dst.7.ingress_queue_wait_bucket.response.256_1023 = 85
stat.switch.port.pool.1.peer_dst.7.ingress_pre_occ_bucket.response.1025_4096 = 58
stat.switch.port.pool.1.peer_dst.7.ingress_queue_wait_bucket.response.1024_4095 = 0
stat.switch.port.pool.1.peer_dst.7.ingress_pre_occ_bucket.response.4097_plus = 0
stat.switch.port.pool.1.peer_dst.7.ingress_queue_wait_bucket.response.4096_plus = 0
stat.switch.port.pool.1.tx_src.0.rx_bytes.write_req = 0
stat.switch.port.pool.1.tx_src.0.rx_pkts.write_req = 0
stat.switch.port.pool.1.tx_src.0.tx_bytes.write_req = 337280
stat.switch.port.pool.1.tx_src.0.tx_pkts.write_req = 5270
stat.switch.port.pool.1.tx_src.0.ingress_arrivals.write_req = 0
stat.switch.port.pool.1.tx_src.0.ingress_arrival_nonempty_packet_frac.write_req = 0
stat.switch.port.pool.1.tx_src.0.ingress_nonempty_arrival_pre_occ_avg_bytes.write_req = 0
stat.switch.port.pool.1.tx_src.0.ingress_nonempty_arrival_pre_occ_max_bytes.write_req = 0
stat.switch.port.pool.1.tx_src.0.ingress_wait_avg_cycles.write_req = 0
stat.switch.port.pool.1.tx_src.0.ingress_queue_wait_avg_cycles.write_req = 0
stat.switch.port.pool.1.tx_src.0.ingress_queue_wait_after_nonempty_arrival_avg_cycles.write_req = 0
stat.switch.port.pool.1.tx_src.0.ingress_pre_occ_bucket.write_req.0 = 0
stat.switch.port.pool.1.tx_src.0.ingress_queue_wait_bucket.write_req.0 = 0
stat.switch.port.pool.1.tx_src.0.ingress_pre_occ_bucket.write_req.1_64 = 0
stat.switch.port.pool.1.tx_src.0.ingress_queue_wait_bucket.write_req.1_63 = 0
stat.switch.port.pool.1.tx_src.0.ingress_pre_occ_bucket.write_req.65_256 = 0
stat.switch.port.pool.1.tx_src.0.ingress_queue_wait_bucket.write_req.64_255 = 0
stat.switch.port.pool.1.tx_src.0.ingress_pre_occ_bucket.write_req.257_1024 = 0
stat.switch.port.pool.1.tx_src.0.ingress_queue_wait_bucket.write_req.256_1023 = 0
stat.switch.port.pool.1.tx_src.0.ingress_pre_occ_bucket.write_req.1025_4096 = 0
stat.switch.port.pool.1.tx_src.0.ingress_queue_wait_bucket.write_req.1024_4095 = 0
stat.switch.port.pool.1.tx_src.0.ingress_pre_occ_bucket.write_req.4097_plus = 0
stat.switch.port.pool.1.tx_src.0.ingress_queue_wait_bucket.write_req.4096_plus = 0
stat.switch.port.pool.1.tx_src.1.rx_bytes.demand_req = 0
stat.switch.port.pool.1.tx_src.1.rx_pkts.demand_req = 0
stat.switch.port.pool.1.tx_src.1.tx_bytes.demand_req = 167488
stat.switch.port.pool.1.tx_src.1.tx_pkts.demand_req = 20936
stat.switch.port.pool.1.tx_src.1.ingress_arrivals.demand_req = 0
stat.switch.port.pool.1.tx_src.1.ingress_arrival_nonempty_packet_frac.demand_req = 0
stat.switch.port.pool.1.tx_src.1.ingress_nonempty_arrival_pre_occ_avg_bytes.demand_req = 0
stat.switch.port.pool.1.tx_src.1.ingress_nonempty_arrival_pre_occ_max_bytes.demand_req = 0
stat.switch.port.pool.1.tx_src.1.ingress_wait_avg_cycles.demand_req = 0
stat.switch.port.pool.1.tx_src.1.ingress_queue_wait_avg_cycles.demand_req = 0
stat.switch.port.pool.1.tx_src.1.ingress_queue_wait_after_nonempty_arrival_avg_cycles.demand_req = 0
stat.switch.port.pool.1.tx_src.1.ingress_pre_occ_bucket.demand_req.0 = 0
stat.switch.port.pool.1.tx_src.1.ingress_queue_wait_bucket.demand_req.0 = 0
stat.switch.port.pool.1.tx_src.1.ingress_pre_occ_bucket.demand_req.1_64 = 0
stat.switch.port.pool.1.tx_src.1.ingress_queue_wait_bucket.demand_req.1_63 = 0
stat.switch.port.pool.1.tx_src.1.ingress_pre_occ_bucket.demand_req.65_256 = 0
stat.switch.port.pool.1.tx_src.1.ingress_queue_wait_bucket.demand_req.64_255 = 0
stat.switch.port.pool.1.tx_src.1.ingress_pre_occ_bucket.demand_req.257_1024 = 0
stat.switch.port.pool.1.tx_src.1.ingress_queue_wait_bucket.demand_req.256_1023 = 0
stat.switch.port.pool.1.tx_src.1.ingress_pre_occ_bucket.demand_req.1025_4096 = 0
stat.switch.port.pool.1.tx_src.1.ingress_queue_wait_bucket.demand_req.1024_4095 = 0
stat.switch.port.pool.1.tx_src.1.ingress_pre_occ_bucket.demand_req.4097_plus = 0
stat.switch.port.pool.1.tx_src.1.ingress_queue_wait_bucket.demand_req.4096_plus = 0
stat.switch.port.pool.1.tx_src.1.rx_bytes.write_req = 0
stat.switch.port.pool.1.tx_src.1.rx_pkts.write_req = 0
stat.switch.port.pool.1.tx_src.1.tx_bytes.write_req = 337280
stat.switch.port.pool.1.tx_src.1.tx_pkts.write_req = 5270
stat.switch.port.pool.1.tx_src.1.ingress_arrivals.write_req = 0
stat.switch.port.pool.1.tx_src.1.ingress_arrival_nonempty_packet_frac.write_req = 0
stat.switch.port.pool.1.tx_src.1.ingress_nonempty_arrival_pre_occ_avg_bytes.write_req = 0
stat.switch.port.pool.1.tx_src.1.ingress_nonempty_arrival_pre_occ_max_bytes.write_req = 0
stat.switch.port.pool.1.tx_src.1.ingress_wait_avg_cycles.write_req = 0
stat.switch.port.pool.1.tx_src.1.ingress_queue_wait_avg_cycles.write_req = 0
stat.switch.port.pool.1.tx_src.1.ingress_queue_wait_after_nonempty_arrival_avg_cycles.write_req = 0
stat.switch.port.pool.1.tx_src.1.ingress_pre_occ_bucket.write_req.0 = 0
stat.switch.port.pool.1.tx_src.1.ingress_queue_wait_bucket.write_req.0 = 0
stat.switch.port.pool.1.tx_src.1.ingress_pre_occ_bucket.write_req.1_64 = 0
stat.switch.port.pool.1.tx_src.1.ingress_queue_wait_bucket.write_req.1_63 = 0
stat.switch.port.pool.1.tx_src.1.ingress_pre_occ_bucket.write_req.65_256 = 0
stat.switch.port.pool.1.tx_src.1.ingress_queue_wait_bucket.write_req.64_255 = 0
stat.switch.port.pool.1.tx_src.1.ingress_pre_occ_bucket.write_req.257_1024 = 0
stat.switch.port.pool.1.tx_src.1.ingress_queue_wait_bucket.write_req.256_1023 = 0
stat.switch.port.pool.1.tx_src.1.ingress_pre_occ_bucket.write_req.1025_4096 = 0
stat.switch.port.pool.1.tx_src.1.ingress_queue_wait_bucket.write_req.1024_4095 = 0
stat.switch.port.pool.1.tx_src.1.ingress_pre_occ_bucket.write_req.4097_plus = 0
stat.switch.port.pool.1.tx_src.1.ingress_queue_wait_bucket.write_req.4096_plus = 0
stat.switch.port.pool.1.tx_src.1.rx_bytes.other_req = 0
stat.switch.port.pool.1.tx_src.1.rx_pkts.other_req = 0
stat.switch.port.pool.1.tx_src.1.tx_bytes.other_req = 160
stat.switch.port.pool.1.tx_src.1.tx_pkts.other_req = 20
stat.switch.port.pool.1.tx_src.1.ingress_arrivals.other_req = 0
stat.switch.port.pool.1.tx_src.1.ingress_arrival_nonempty_packet_frac.other_req = 0
stat.switch.port.pool.1.tx_src.1.ingress_nonempty_arrival_pre_occ_avg_bytes.other_req = 0
stat.switch.port.pool.1.tx_src.1.ingress_nonempty_arrival_pre_occ_max_bytes.other_req = 0
stat.switch.port.pool.1.tx_src.1.ingress_wait_avg_cycles.other_req = 0
stat.switch.port.pool.1.tx_src.1.ingress_queue_wait_avg_cycles.other_req = 0
stat.switch.port.pool.1.tx_src.1.ingress_queue_wait_after_nonempty_arrival_avg_cycles.other_req = 0
stat.switch.port.pool.1.tx_src.1.ingress_pre_occ_bucket.other_req.0 = 0
stat.switch.port.pool.1.tx_src.1.ingress_queue_wait_bucket.other_req.0 = 0
stat.switch.port.pool.1.tx_src.1.ingress_pre_occ_bucket.other_req.1_64 = 0
stat.switch.port.pool.1.tx_src.1.ingress_queue_wait_bucket.other_req.1_63 = 0
stat.switch.port.pool.1.tx_src.1.ingress_pre_occ_bucket.other_req.65_256 = 0
stat.switch.port.pool.1.tx_src.1.ingress_queue_wait_bucket.other_req.64_255 = 0
stat.switch.port.pool.1.tx_src.1.ingress_pre_occ_bucket.other_req.257_1024 = 0
stat.switch.port.pool.1.tx_src.1.ingress_queue_wait_bucket.other_req.256_1023 = 0
stat.switch.port.pool.1.tx_src.1.ingress_pre_occ_bucket.other_req.1025_4096 = 0
stat.switch.port.pool.1.tx_src.1.ingress_queue_wait_bucket.other_req.1024_4095 = 0
stat.switch.port.pool.1.tx_src.1.ingress_pre_occ_bucket.other_req.4097_plus = 0
stat.switch.port.pool.1.tx_src.1.ingress_queue_wait_bucket.other_req.4096_plus = 0
stat.switch.port.pool.1.tx_src.2.rx_bytes.write_req = 0
stat.switch.port.pool.1.tx_src.2.rx_pkts.write_req = 0
stat.switch.port.pool.1.tx_src.2.tx_bytes.write_req = 337280
stat.switch.port.pool.1.tx_src.2.tx_pkts.write_req = 5270
stat.switch.port.pool.1.tx_src.2.ingress_arrivals.write_req = 0
stat.switch.port.pool.1.tx_src.2.ingress_arrival_nonempty_packet_frac.write_req = 0
stat.switch.port.pool.1.tx_src.2.ingress_nonempty_arrival_pre_occ_avg_bytes.write_req = 0
stat.switch.port.pool.1.tx_src.2.ingress_nonempty_arrival_pre_occ_max_bytes.write_req = 0
stat.switch.port.pool.1.tx_src.2.ingress_wait_avg_cycles.write_req = 0
stat.switch.port.pool.1.tx_src.2.ingress_queue_wait_avg_cycles.write_req = 0
stat.switch.port.pool.1.tx_src.2.ingress_queue_wait_after_nonempty_arrival_avg_cycles.write_req = 0
stat.switch.port.pool.1.tx_src.2.ingress_pre_occ_bucket.write_req.0 = 0
stat.switch.port.pool.1.tx_src.2.ingress_queue_wait_bucket.write_req.0 = 0
stat.switch.port.pool.1.tx_src.2.ingress_pre_occ_bucket.write_req.1_64 = 0
stat.switch.port.pool.1.tx_src.2.ingress_queue_wait_bucket.write_req.1_63 = 0
stat.switch.port.pool.1.tx_src.2.ingress_pre_occ_bucket.write_req.65_256 = 0
stat.switch.port.pool.1.tx_src.2.ingress_queue_wait_bucket.write_req.64_255 = 0
stat.switch.port.pool.1.tx_src.2.ingress_pre_occ_bucket.write_req.257_1024 = 0
stat.switch.port.pool.1.tx_src.2.ingress_queue_wait_bucket.write_req.256_1023 = 0
stat.switch.port.pool.1.tx_src.2.ingress_pre_occ_bucket.write_req.1025_4096 = 0
stat.switch.port.pool.1.tx_src.2.ingress_queue_wait_bucket.write_req.1024_4095 = 0
stat.switch.port.pool.1.tx_src.2.ingress_pre_occ_bucket.write_req.4097_plus = 0
stat.switch.port.pool.1.tx_src.2.ingress_queue_wait_bucket.write_req.4096_plus = 0
stat.switch.port.pool.1.tx_src.3.rx_bytes.demand_req = 0
stat.switch.port.pool.1.tx_src.3.rx_pkts.demand_req = 0
stat.switch.port.pool.1.tx_src.3.tx_bytes.demand_req = 167488
stat.switch.port.pool.1.tx_src.3.tx_pkts.demand_req = 20936
stat.switch.port.pool.1.tx_src.3.ingress_arrivals.demand_req = 0
stat.switch.port.pool.1.tx_src.3.ingress_arrival_nonempty_packet_frac.demand_req = 0
stat.switch.port.pool.1.tx_src.3.ingress_nonempty_arrival_pre_occ_avg_bytes.demand_req = 0
stat.switch.port.pool.1.tx_src.3.ingress_nonempty_arrival_pre_occ_max_bytes.demand_req = 0
stat.switch.port.pool.1.tx_src.3.ingress_wait_avg_cycles.demand_req = 0
stat.switch.port.pool.1.tx_src.3.ingress_queue_wait_avg_cycles.demand_req = 0
stat.switch.port.pool.1.tx_src.3.ingress_queue_wait_after_nonempty_arrival_avg_cycles.demand_req = 0
stat.switch.port.pool.1.tx_src.3.ingress_pre_occ_bucket.demand_req.0 = 0
stat.switch.port.pool.1.tx_src.3.ingress_queue_wait_bucket.demand_req.0 = 0
stat.switch.port.pool.1.tx_src.3.ingress_pre_occ_bucket.demand_req.1_64 = 0
stat.switch.port.pool.1.tx_src.3.ingress_queue_wait_bucket.demand_req.1_63 = 0
stat.switch.port.pool.1.tx_src.3.ingress_pre_occ_bucket.demand_req.65_256 = 0
stat.switch.port.pool.1.tx_src.3.ingress_queue_wait_bucket.demand_req.64_255 = 0
stat.switch.port.pool.1.tx_src.3.ingress_pre_occ_bucket.demand_req.257_1024 = 0
stat.switch.port.pool.1.tx_src.3.ingress_queue_wait_bucket.demand_req.256_1023 = 0
stat.switch.port.pool.1.tx_src.3.ingress_pre_occ_bucket.demand_req.1025_4096 = 0
stat.switch.port.pool.1.tx_src.3.ingress_queue_wait_bucket.demand_req.1024_4095 = 0
stat.switch.port.pool.1.tx_src.3.ingress_pre_occ_bucket.demand_req.4097_plus = 0
stat.switch.port.pool.1.tx_src.3.ingress_queue_wait_bucket.demand_req.4096_plus = 0
stat.switch.port.pool.1.tx_src.3.rx_bytes.write_req = 0
stat.switch.port.pool.1.tx_src.3.rx_pkts.write_req = 0
stat.switch.port.pool.1.tx_src.3.tx_bytes.write_req = 337280
stat.switch.port.pool.1.tx_src.3.tx_pkts.write_req = 5270
stat.switch.port.pool.1.tx_src.3.ingress_arrivals.write_req = 0
stat.switch.port.pool.1.tx_src.3.ingress_arrival_nonempty_packet_frac.write_req = 0
stat.switch.port.pool.1.tx_src.3.ingress_nonempty_arrival_pre_occ_avg_bytes.write_req = 0
stat.switch.port.pool.1.tx_src.3.ingress_nonempty_arrival_pre_occ_max_bytes.write_req = 0
stat.switch.port.pool.1.tx_src.3.ingress_wait_avg_cycles.write_req = 0
stat.switch.port.pool.1.tx_src.3.ingress_queue_wait_avg_cycles.write_req = 0
stat.switch.port.pool.1.tx_src.3.ingress_queue_wait_after_nonempty_arrival_avg_cycles.write_req = 0
stat.switch.port.pool.1.tx_src.3.ingress_pre_occ_bucket.write_req.0 = 0
stat.switch.port.pool.1.tx_src.3.ingress_queue_wait_bucket.write_req.0 = 0
stat.switch.port.pool.1.tx_src.3.ingress_pre_occ_bucket.write_req.1_64 = 0
stat.switch.port.pool.1.tx_src.3.ingress_queue_wait_bucket.write_req.1_63 = 0
stat.switch.port.pool.1.tx_src.3.ingress_pre_occ_bucket.write_req.65_256 = 0
stat.switch.port.pool.1.tx_src.3.ingress_queue_wait_bucket.write_req.64_255 = 0
stat.switch.port.pool.1.tx_src.3.ingress_pre_occ_bucket.write_req.257_1024 = 0
stat.switch.port.pool.1.tx_src.3.ingress_queue_wait_bucket.write_req.256_1023 = 0
stat.switch.port.pool.1.tx_src.3.ingress_pre_occ_bucket.write_req.1025_4096 = 0
stat.switch.port.pool.1.tx_src.3.ingress_queue_wait_bucket.write_req.1024_4095 = 0
stat.switch.port.pool.1.tx_src.3.ingress_pre_occ_bucket.write_req.4097_plus = 0
stat.switch.port.pool.1.tx_src.3.ingress_queue_wait_bucket.write_req.4096_plus = 0
stat.switch.port.pool.1.tx_src.3.rx_bytes.other_req = 0
stat.switch.port.pool.1.tx_src.3.rx_pkts.other_req = 0
stat.switch.port.pool.1.tx_src.3.tx_bytes.other_req = 160
stat.switch.port.pool.1.tx_src.3.tx_pkts.other_req = 20
stat.switch.port.pool.1.tx_src.3.ingress_arrivals.other_req = 0
stat.switch.port.pool.1.tx_src.3.ingress_arrival_nonempty_packet_frac.other_req = 0
stat.switch.port.pool.1.tx_src.3.ingress_nonempty_arrival_pre_occ_avg_bytes.other_req = 0
stat.switch.port.pool.1.tx_src.3.ingress_nonempty_arrival_pre_occ_max_bytes.other_req = 0
stat.switch.port.pool.1.tx_src.3.ingress_wait_avg_cycles.other_req = 0
stat.switch.port.pool.1.tx_src.3.ingress_queue_wait_avg_cycles.other_req = 0
stat.switch.port.pool.1.tx_src.3.ingress_queue_wait_after_nonempty_arrival_avg_cycles.other_req = 0
stat.switch.port.pool.1.tx_src.3.ingress_pre_occ_bucket.other_req.0 = 0
stat.switch.port.pool.1.tx_src.3.ingress_queue_wait_bucket.other_req.0 = 0
stat.switch.port.pool.1.tx_src.3.ingress_pre_occ_bucket.other_req.1_64 = 0
stat.switch.port.pool.1.tx_src.3.ingress_queue_wait_bucket.other_req.1_63 = 0
stat.switch.port.pool.1.tx_src.3.ingress_pre_occ_bucket.other_req.65_256 = 0
stat.switch.port.pool.1.tx_src.3.ingress_queue_wait_bucket.other_req.64_255 = 0
stat.switch.port.pool.1.tx_src.3.ingress_pre_occ_bucket.other_req.257_1024 = 0
stat.switch.port.pool.1.tx_src.3.ingress_queue_wait_bucket.other_req.256_1023 = 0
stat.switch.port.pool.1.tx_src.3.ingress_pre_occ_bucket.other_req.1025_4096 = 0
stat.switch.port.pool.1.tx_src.3.ingress_queue_wait_bucket.other_req.1024_4095 = 0
stat.switch.port.pool.1.tx_src.3.ingress_pre_occ_bucket.other_req.4097_plus = 0
stat.switch.port.pool.1.tx_src.3.ingress_queue_wait_bucket.other_req.4096_plus = 0
stat.switch.port.pool.1.tx_src.4.rx_bytes.write_req = 0
stat.switch.port.pool.1.tx_src.4.rx_pkts.write_req = 0
stat.switch.port.pool.1.tx_src.4.tx_bytes.write_req = 337280
stat.switch.port.pool.1.tx_src.4.tx_pkts.write_req = 5270
stat.switch.port.pool.1.tx_src.4.ingress_arrivals.write_req = 0
stat.switch.port.pool.1.tx_src.4.ingress_arrival_nonempty_packet_frac.write_req = 0
stat.switch.port.pool.1.tx_src.4.ingress_nonempty_arrival_pre_occ_avg_bytes.write_req = 0
stat.switch.port.pool.1.tx_src.4.ingress_nonempty_arrival_pre_occ_max_bytes.write_req = 0
stat.switch.port.pool.1.tx_src.4.ingress_wait_avg_cycles.write_req = 0
stat.switch.port.pool.1.tx_src.4.ingress_queue_wait_avg_cycles.write_req = 0
stat.switch.port.pool.1.tx_src.4.ingress_queue_wait_after_nonempty_arrival_avg_cycles.write_req = 0
stat.switch.port.pool.1.tx_src.4.ingress_pre_occ_bucket.write_req.0 = 0
stat.switch.port.pool.1.tx_src.4.ingress_queue_wait_bucket.write_req.0 = 0
stat.switch.port.pool.1.tx_src.4.ingress_pre_occ_bucket.write_req.1_64 = 0
stat.switch.port.pool.1.tx_src.4.ingress_queue_wait_bucket.write_req.1_63 = 0
stat.switch.port.pool.1.tx_src.4.ingress_pre_occ_bucket.write_req.65_256 = 0
stat.switch.port.pool.1.tx_src.4.ingress_queue_wait_bucket.write_req.64_255 = 0
stat.switch.port.pool.1.tx_src.4.ingress_pre_occ_bucket.write_req.257_1024 = 0
stat.switch.port.pool.1.tx_src.4.ingress_queue_wait_bucket.write_req.256_1023 = 0
stat.switch.port.pool.1.tx_src.4.ingress_pre_occ_bucket.write_req.1025_4096 = 0
stat.switch.port.pool.1.tx_src.4.ingress_queue_wait_bucket.write_req.1024_4095 = 0
stat.switch.port.pool.1.tx_src.4.ingress_pre_occ_bucket.write_req.4097_plus = 0
stat.switch.port.pool.1.tx_src.4.ingress_queue_wait_bucket.write_req.4096_plus = 0
stat.switch.port.pool.1.tx_src.5.rx_bytes.demand_req = 0
stat.switch.port.pool.1.tx_src.5.rx_pkts.demand_req = 0
stat.switch.port.pool.1.tx_src.5.tx_bytes.demand_req = 167488
stat.switch.port.pool.1.tx_src.5.tx_pkts.demand_req = 20936
stat.switch.port.pool.1.tx_src.5.ingress_arrivals.demand_req = 0
stat.switch.port.pool.1.tx_src.5.ingress_arrival_nonempty_packet_frac.demand_req = 0
stat.switch.port.pool.1.tx_src.5.ingress_nonempty_arrival_pre_occ_avg_bytes.demand_req = 0
stat.switch.port.pool.1.tx_src.5.ingress_nonempty_arrival_pre_occ_max_bytes.demand_req = 0
stat.switch.port.pool.1.tx_src.5.ingress_wait_avg_cycles.demand_req = 0
stat.switch.port.pool.1.tx_src.5.ingress_queue_wait_avg_cycles.demand_req = 0
stat.switch.port.pool.1.tx_src.5.ingress_queue_wait_after_nonempty_arrival_avg_cycles.demand_req = 0
stat.switch.port.pool.1.tx_src.5.ingress_pre_occ_bucket.demand_req.0 = 0
stat.switch.port.pool.1.tx_src.5.ingress_queue_wait_bucket.demand_req.0 = 0
stat.switch.port.pool.1.tx_src.5.ingress_pre_occ_bucket.demand_req.1_64 = 0
stat.switch.port.pool.1.tx_src.5.ingress_queue_wait_bucket.demand_req.1_63 = 0
stat.switch.port.pool.1.tx_src.5.ingress_pre_occ_bucket.demand_req.65_256 = 0
stat.switch.port.pool.1.tx_src.5.ingress_queue_wait_bucket.demand_req.64_255 = 0
stat.switch.port.pool.1.tx_src.5.ingress_pre_occ_bucket.demand_req.257_1024 = 0
stat.switch.port.pool.1.tx_src.5.ingress_queue_wait_bucket.demand_req.256_1023 = 0
stat.switch.port.pool.1.tx_src.5.ingress_pre_occ_bucket.demand_req.1025_4096 = 0
stat.switch.port.pool.1.tx_src.5.ingress_queue_wait_bucket.demand_req.1024_4095 = 0
stat.switch.port.pool.1.tx_src.5.ingress_pre_occ_bucket.demand_req.4097_plus = 0
stat.switch.port.pool.1.tx_src.5.ingress_queue_wait_bucket.demand_req.4096_plus = 0
stat.switch.port.pool.1.tx_src.5.rx_bytes.write_req = 0
stat.switch.port.pool.1.tx_src.5.rx_pkts.write_req = 0
stat.switch.port.pool.1.tx_src.5.tx_bytes.write_req = 337280
stat.switch.port.pool.1.tx_src.5.tx_pkts.write_req = 5270
stat.switch.port.pool.1.tx_src.5.ingress_arrivals.write_req = 0
stat.switch.port.pool.1.tx_src.5.ingress_arrival_nonempty_packet_frac.write_req = 0
stat.switch.port.pool.1.tx_src.5.ingress_nonempty_arrival_pre_occ_avg_bytes.write_req = 0
stat.switch.port.pool.1.tx_src.5.ingress_nonempty_arrival_pre_occ_max_bytes.write_req = 0
stat.switch.port.pool.1.tx_src.5.ingress_wait_avg_cycles.write_req = 0
stat.switch.port.pool.1.tx_src.5.ingress_queue_wait_avg_cycles.write_req = 0
stat.switch.port.pool.1.tx_src.5.ingress_queue_wait_after_nonempty_arrival_avg_cycles.write_req = 0
stat.switch.port.pool.1.tx_src.5.ingress_pre_occ_bucket.write_req.0 = 0
stat.switch.port.pool.1.tx_src.5.ingress_queue_wait_bucket.write_req.0 = 0
stat.switch.port.pool.1.tx_src.5.ingress_pre_occ_bucket.write_req.1_64 = 0
stat.switch.port.pool.1.tx_src.5.ingress_queue_wait_bucket.write_req.1_63 = 0
stat.switch.port.pool.1.tx_src.5.ingress_pre_occ_bucket.write_req.65_256 = 0
stat.switch.port.pool.1.tx_src.5.ingress_queue_wait_bucket.write_req.64_255 = 0
stat.switch.port.pool.1.tx_src.5.ingress_pre_occ_bucket.write_req.257_1024 = 0
stat.switch.port.pool.1.tx_src.5.ingress_queue_wait_bucket.write_req.256_1023 = 0
stat.switch.port.pool.1.tx_src.5.ingress_pre_occ_bucket.write_req.1025_4096 = 0
stat.switch.port.pool.1.tx_src.5.ingress_queue_wait_bucket.write_req.1024_4095 = 0
stat.switch.port.pool.1.tx_src.5.ingress_pre_occ_bucket.write_req.4097_plus = 0
stat.switch.port.pool.1.tx_src.5.ingress_queue_wait_bucket.write_req.4096_plus = 0
stat.switch.port.pool.1.tx_src.5.rx_bytes.other_req = 0
stat.switch.port.pool.1.tx_src.5.rx_pkts.other_req = 0
stat.switch.port.pool.1.tx_src.5.tx_bytes.other_req = 160
stat.switch.port.pool.1.tx_src.5.tx_pkts.other_req = 20
stat.switch.port.pool.1.tx_src.5.ingress_arrivals.other_req = 0
stat.switch.port.pool.1.tx_src.5.ingress_arrival_nonempty_packet_frac.other_req = 0
stat.switch.port.pool.1.tx_src.5.ingress_nonempty_arrival_pre_occ_avg_bytes.other_req = 0
stat.switch.port.pool.1.tx_src.5.ingress_nonempty_arrival_pre_occ_max_bytes.other_req = 0
stat.switch.port.pool.1.tx_src.5.ingress_wait_avg_cycles.other_req = 0
stat.switch.port.pool.1.tx_src.5.ingress_queue_wait_avg_cycles.other_req = 0
stat.switch.port.pool.1.tx_src.5.ingress_queue_wait_after_nonempty_arrival_avg_cycles.other_req = 0
stat.switch.port.pool.1.tx_src.5.ingress_pre_occ_bucket.other_req.0 = 0
stat.switch.port.pool.1.tx_src.5.ingress_queue_wait_bucket.other_req.0 = 0
stat.switch.port.pool.1.tx_src.5.ingress_pre_occ_bucket.other_req.1_64 = 0
stat.switch.port.pool.1.tx_src.5.ingress_queue_wait_bucket.other_req.1_63 = 0
stat.switch.port.pool.1.tx_src.5.ingress_pre_occ_bucket.other_req.65_256 = 0
stat.switch.port.pool.1.tx_src.5.ingress_queue_wait_bucket.other_req.64_255 = 0
stat.switch.port.pool.1.tx_src.5.ingress_pre_occ_bucket.other_req.257_1024 = 0
stat.switch.port.pool.1.tx_src.5.ingress_queue_wait_bucket.other_req.256_1023 = 0
stat.switch.port.pool.1.tx_src.5.ingress_pre_occ_bucket.other_req.1025_4096 = 0
stat.switch.port.pool.1.tx_src.5.ingress_queue_wait_bucket.other_req.1024_4095 = 0
stat.switch.port.pool.1.tx_src.5.ingress_pre_occ_bucket.other_req.4097_plus = 0
stat.switch.port.pool.1.tx_src.5.ingress_queue_wait_bucket.other_req.4096_plus = 0
stat.switch.port.pool.1.tx_src.6.rx_bytes.write_req = 0
stat.switch.port.pool.1.tx_src.6.rx_pkts.write_req = 0
stat.switch.port.pool.1.tx_src.6.tx_bytes.write_req = 337216
stat.switch.port.pool.1.tx_src.6.tx_pkts.write_req = 5269
stat.switch.port.pool.1.tx_src.6.ingress_arrivals.write_req = 0
stat.switch.port.pool.1.tx_src.6.ingress_arrival_nonempty_packet_frac.write_req = 0
stat.switch.port.pool.1.tx_src.6.ingress_nonempty_arrival_pre_occ_avg_bytes.write_req = 0
stat.switch.port.pool.1.tx_src.6.ingress_nonempty_arrival_pre_occ_max_bytes.write_req = 0
stat.switch.port.pool.1.tx_src.6.ingress_wait_avg_cycles.write_req = 0
stat.switch.port.pool.1.tx_src.6.ingress_queue_wait_avg_cycles.write_req = 0
stat.switch.port.pool.1.tx_src.6.ingress_queue_wait_after_nonempty_arrival_avg_cycles.write_req = 0
stat.switch.port.pool.1.tx_src.6.ingress_pre_occ_bucket.write_req.0 = 0
stat.switch.port.pool.1.tx_src.6.ingress_queue_wait_bucket.write_req.0 = 0
stat.switch.port.pool.1.tx_src.6.ingress_pre_occ_bucket.write_req.1_64 = 0
stat.switch.port.pool.1.tx_src.6.ingress_queue_wait_bucket.write_req.1_63 = 0
stat.switch.port.pool.1.tx_src.6.ingress_pre_occ_bucket.write_req.65_256 = 0
stat.switch.port.pool.1.tx_src.6.ingress_queue_wait_bucket.write_req.64_255 = 0
stat.switch.port.pool.1.tx_src.6.ingress_pre_occ_bucket.write_req.257_1024 = 0
stat.switch.port.pool.1.tx_src.6.ingress_queue_wait_bucket.write_req.256_1023 = 0
stat.switch.port.pool.1.tx_src.6.ingress_pre_occ_bucket.write_req.1025_4096 = 0
stat.switch.port.pool.1.tx_src.6.ingress_queue_wait_bucket.write_req.1024_4095 = 0
stat.switch.port.pool.1.tx_src.6.ingress_pre_occ_bucket.write_req.4097_plus = 0
stat.switch.port.pool.1.tx_src.6.ingress_queue_wait_bucket.write_req.4096_plus = 0
stat.switch.port.pool.1.tx_src.7.rx_bytes.demand_req = 0
stat.switch.port.pool.1.tx_src.7.rx_pkts.demand_req = 0
stat.switch.port.pool.1.tx_src.7.tx_bytes.demand_req = 167488
stat.switch.port.pool.1.tx_src.7.tx_pkts.demand_req = 20936
stat.switch.port.pool.1.tx_src.7.ingress_arrivals.demand_req = 0
stat.switch.port.pool.1.tx_src.7.ingress_arrival_nonempty_packet_frac.demand_req = 0
stat.switch.port.pool.1.tx_src.7.ingress_nonempty_arrival_pre_occ_avg_bytes.demand_req = 0
stat.switch.port.pool.1.tx_src.7.ingress_nonempty_arrival_pre_occ_max_bytes.demand_req = 0
stat.switch.port.pool.1.tx_src.7.ingress_wait_avg_cycles.demand_req = 0
stat.switch.port.pool.1.tx_src.7.ingress_queue_wait_avg_cycles.demand_req = 0
stat.switch.port.pool.1.tx_src.7.ingress_queue_wait_after_nonempty_arrival_avg_cycles.demand_req = 0
stat.switch.port.pool.1.tx_src.7.ingress_pre_occ_bucket.demand_req.0 = 0
stat.switch.port.pool.1.tx_src.7.ingress_queue_wait_bucket.demand_req.0 = 0
stat.switch.port.pool.1.tx_src.7.ingress_pre_occ_bucket.demand_req.1_64 = 0
stat.switch.port.pool.1.tx_src.7.ingress_queue_wait_bucket.demand_req.1_63 = 0
stat.switch.port.pool.1.tx_src.7.ingress_pre_occ_bucket.demand_req.65_256 = 0
stat.switch.port.pool.1.tx_src.7.ingress_queue_wait_bucket.demand_req.64_255 = 0
stat.switch.port.pool.1.tx_src.7.ingress_pre_occ_bucket.demand_req.257_1024 = 0
stat.switch.port.pool.1.tx_src.7.ingress_queue_wait_bucket.demand_req.256_1023 = 0
stat.switch.port.pool.1.tx_src.7.ingress_pre_occ_bucket.demand_req.1025_4096 = 0
stat.switch.port.pool.1.tx_src.7.ingress_queue_wait_bucket.demand_req.1024_4095 = 0
stat.switch.port.pool.1.tx_src.7.ingress_pre_occ_bucket.demand_req.4097_plus = 0
stat.switch.port.pool.1.tx_src.7.ingress_queue_wait_bucket.demand_req.4096_plus = 0
stat.switch.port.pool.1.tx_src.7.rx_bytes.write_req = 0
stat.switch.port.pool.1.tx_src.7.rx_pkts.write_req = 0
stat.switch.port.pool.1.tx_src.7.tx_bytes.write_req = 337216
stat.switch.port.pool.1.tx_src.7.tx_pkts.write_req = 5269
stat.switch.port.pool.1.tx_src.7.ingress_arrivals.write_req = 0
stat.switch.port.pool.1.tx_src.7.ingress_arrival_nonempty_packet_frac.write_req = 0
stat.switch.port.pool.1.tx_src.7.ingress_nonempty_arrival_pre_occ_avg_bytes.write_req = 0
stat.switch.port.pool.1.tx_src.7.ingress_nonempty_arrival_pre_occ_max_bytes.write_req = 0
stat.switch.port.pool.1.tx_src.7.ingress_wait_avg_cycles.write_req = 0
stat.switch.port.pool.1.tx_src.7.ingress_queue_wait_avg_cycles.write_req = 0
stat.switch.port.pool.1.tx_src.7.ingress_queue_wait_after_nonempty_arrival_avg_cycles.write_req = 0
stat.switch.port.pool.1.tx_src.7.ingress_pre_occ_bucket.write_req.0 = 0
stat.switch.port.pool.1.tx_src.7.ingress_queue_wait_bucket.write_req.0 = 0
stat.switch.port.pool.1.tx_src.7.ingress_pre_occ_bucket.write_req.1_64 = 0
stat.switch.port.pool.1.tx_src.7.ingress_queue_wait_bucket.write_req.1_63 = 0
stat.switch.port.pool.1.tx_src.7.ingress_pre_occ_bucket.write_req.65_256 = 0
stat.switch.port.pool.1.tx_src.7.ingress_queue_wait_bucket.write_req.64_255 = 0
stat.switch.port.pool.1.tx_src.7.ingress_pre_occ_bucket.write_req.257_1024 = 0
stat.switch.port.pool.1.tx_src.7.ingress_queue_wait_bucket.write_req.256_1023 = 0
stat.switch.port.pool.1.tx_src.7.ingress_pre_occ_bucket.write_req.1025_4096 = 0
stat.switch.port.pool.1.tx_src.7.ingress_queue_wait_bucket.write_req.1024_4095 = 0
stat.switch.port.pool.1.tx_src.7.ingress_pre_occ_bucket.write_req.4097_plus = 0
stat.switch.port.pool.1.tx_src.7.ingress_queue_wait_bucket.write_req.4096_plus = 0
stat.switch.port.pool.1.tx_src.7.rx_bytes.other_req = 0
stat.switch.port.pool.1.tx_src.7.rx_pkts.other_req = 0
stat.switch.port.pool.1.tx_src.7.tx_bytes.other_req = 160
stat.switch.port.pool.1.tx_src.7.tx_pkts.other_req = 20
stat.switch.port.pool.1.tx_src.7.ingress_arrivals.other_req = 0
stat.switch.port.pool.1.tx_src.7.ingress_arrival_nonempty_packet_frac.other_req = 0
stat.switch.port.pool.1.tx_src.7.ingress_nonempty_arrival_pre_occ_avg_bytes.other_req = 0
stat.switch.port.pool.1.tx_src.7.ingress_nonempty_arrival_pre_occ_max_bytes.other_req = 0
stat.switch.port.pool.1.tx_src.7.ingress_wait_avg_cycles.other_req = 0
stat.switch.port.pool.1.tx_src.7.ingress_queue_wait_avg_cycles.other_req = 0
stat.switch.port.pool.1.tx_src.7.ingress_queue_wait_after_nonempty_arrival_avg_cycles.other_req = 0
stat.switch.port.pool.1.tx_src.7.ingress_pre_occ_bucket.other_req.0 = 0
stat.switch.port.pool.1.tx_src.7.ingress_queue_wait_bucket.other_req.0 = 0
stat.switch.port.pool.1.tx_src.7.ingress_pre_occ_bucket.other_req.1_64 = 0
stat.switch.port.pool.1.tx_src.7.ingress_queue_wait_bucket.other_req.1_63 = 0
stat.switch.port.pool.1.tx_src.7.ingress_pre_occ_bucket.other_req.65_256 = 0
stat.switch.port.pool.1.tx_src.7.ingress_queue_wait_bucket.other_req.64_255 = 0
stat.switch.port.pool.1.tx_src.7.ingress_pre_occ_bucket.other_req.257_1024 = 0
stat.switch.port.pool.1.tx_src.7.ingress_queue_wait_bucket.other_req.256_1023 = 0
stat.switch.port.pool.1.tx_src.7.ingress_pre_occ_bucket.other_req.1025_4096 = 0
stat.switch.port.pool.1.tx_src.7.ingress_queue_wait_bucket.other_req.1024_4095 = 0
stat.switch.port.pool.1.tx_src.7.ingress_pre_occ_bucket.other_req.4097_plus = 0
stat.switch.port.pool.1.tx_src.7.ingress_queue_wait_bucket.other_req.4096_plus = 0
stat.switch.port.pool.1.tx_dst.101.rx_bytes.demand_req = 0
stat.switch.port.pool.1.tx_dst.101.rx_pkts.demand_req = 0
stat.switch.port.pool.1.tx_dst.101.tx_bytes.demand_req = 669952
stat.switch.port.pool.1.tx_dst.101.tx_pkts.demand_req = 83744
stat.switch.port.pool.1.tx_dst.101.ingress_arrivals.demand_req = 0
stat.switch.port.pool.1.tx_dst.101.ingress_arrival_nonempty_packet_frac.demand_req = 0
stat.switch.port.pool.1.tx_dst.101.ingress_nonempty_arrival_pre_occ_avg_bytes.demand_req = 0
stat.switch.port.pool.1.tx_dst.101.ingress_nonempty_arrival_pre_occ_max_bytes.demand_req = 0
stat.switch.port.pool.1.tx_dst.101.ingress_wait_avg_cycles.demand_req = 0
stat.switch.port.pool.1.tx_dst.101.ingress_queue_wait_avg_cycles.demand_req = 0
stat.switch.port.pool.1.tx_dst.101.ingress_queue_wait_after_nonempty_arrival_avg_cycles.demand_req = 0
stat.switch.port.pool.1.tx_dst.101.ingress_pre_occ_bucket.demand_req.0 = 0
stat.switch.port.pool.1.tx_dst.101.ingress_queue_wait_bucket.demand_req.0 = 0
stat.switch.port.pool.1.tx_dst.101.ingress_pre_occ_bucket.demand_req.1_64 = 0
stat.switch.port.pool.1.tx_dst.101.ingress_queue_wait_bucket.demand_req.1_63 = 0
stat.switch.port.pool.1.tx_dst.101.ingress_pre_occ_bucket.demand_req.65_256 = 0
stat.switch.port.pool.1.tx_dst.101.ingress_queue_wait_bucket.demand_req.64_255 = 0
stat.switch.port.pool.1.tx_dst.101.ingress_pre_occ_bucket.demand_req.257_1024 = 0
stat.switch.port.pool.1.tx_dst.101.ingress_queue_wait_bucket.demand_req.256_1023 = 0
stat.switch.port.pool.1.tx_dst.101.ingress_pre_occ_bucket.demand_req.1025_4096 = 0
stat.switch.port.pool.1.tx_dst.101.ingress_queue_wait_bucket.demand_req.1024_4095 = 0
stat.switch.port.pool.1.tx_dst.101.ingress_pre_occ_bucket.demand_req.4097_plus = 0
stat.switch.port.pool.1.tx_dst.101.ingress_queue_wait_bucket.demand_req.4096_plus = 0
stat.switch.port.pool.1.tx_dst.101.rx_bytes.write_req = 0
stat.switch.port.pool.1.tx_dst.101.rx_pkts.write_req = 0
stat.switch.port.pool.1.tx_dst.101.tx_bytes.write_req = 2698112
stat.switch.port.pool.1.tx_dst.101.tx_pkts.write_req = 42158
stat.switch.port.pool.1.tx_dst.101.ingress_arrivals.write_req = 0
stat.switch.port.pool.1.tx_dst.101.ingress_arrival_nonempty_packet_frac.write_req = 0
stat.switch.port.pool.1.tx_dst.101.ingress_nonempty_arrival_pre_occ_avg_bytes.write_req = 0
stat.switch.port.pool.1.tx_dst.101.ingress_nonempty_arrival_pre_occ_max_bytes.write_req = 0
stat.switch.port.pool.1.tx_dst.101.ingress_wait_avg_cycles.write_req = 0
stat.switch.port.pool.1.tx_dst.101.ingress_queue_wait_avg_cycles.write_req = 0
stat.switch.port.pool.1.tx_dst.101.ingress_queue_wait_after_nonempty_arrival_avg_cycles.write_req = 0
stat.switch.port.pool.1.tx_dst.101.ingress_pre_occ_bucket.write_req.0 = 0
stat.switch.port.pool.1.tx_dst.101.ingress_queue_wait_bucket.write_req.0 = 0
stat.switch.port.pool.1.tx_dst.101.ingress_pre_occ_bucket.write_req.1_64 = 0
stat.switch.port.pool.1.tx_dst.101.ingress_queue_wait_bucket.write_req.1_63 = 0
stat.switch.port.pool.1.tx_dst.101.ingress_pre_occ_bucket.write_req.65_256 = 0
stat.switch.port.pool.1.tx_dst.101.ingress_queue_wait_bucket.write_req.64_255 = 0
stat.switch.port.pool.1.tx_dst.101.ingress_pre_occ_bucket.write_req.257_1024 = 0
stat.switch.port.pool.1.tx_dst.101.ingress_queue_wait_bucket.write_req.256_1023 = 0
stat.switch.port.pool.1.tx_dst.101.ingress_pre_occ_bucket.write_req.1025_4096 = 0
stat.switch.port.pool.1.tx_dst.101.ingress_queue_wait_bucket.write_req.1024_4095 = 0
stat.switch.port.pool.1.tx_dst.101.ingress_pre_occ_bucket.write_req.4097_plus = 0
stat.switch.port.pool.1.tx_dst.101.ingress_queue_wait_bucket.write_req.4096_plus = 0
stat.switch.port.pool.1.tx_dst.101.rx_bytes.other_req = 0
stat.switch.port.pool.1.tx_dst.101.rx_pkts.other_req = 0
stat.switch.port.pool.1.tx_dst.101.tx_bytes.other_req = 640
stat.switch.port.pool.1.tx_dst.101.tx_pkts.other_req = 80
stat.switch.port.pool.1.tx_dst.101.ingress_arrivals.other_req = 0
stat.switch.port.pool.1.tx_dst.101.ingress_arrival_nonempty_packet_frac.other_req = 0
stat.switch.port.pool.1.tx_dst.101.ingress_nonempty_arrival_pre_occ_avg_bytes.other_req = 0
stat.switch.port.pool.1.tx_dst.101.ingress_nonempty_arrival_pre_occ_max_bytes.other_req = 0
stat.switch.port.pool.1.tx_dst.101.ingress_wait_avg_cycles.other_req = 0
stat.switch.port.pool.1.tx_dst.101.ingress_queue_wait_avg_cycles.other_req = 0
stat.switch.port.pool.1.tx_dst.101.ingress_queue_wait_after_nonempty_arrival_avg_cycles.other_req = 0
stat.switch.port.pool.1.tx_dst.101.ingress_pre_occ_bucket.other_req.0 = 0
stat.switch.port.pool.1.tx_dst.101.ingress_queue_wait_bucket.other_req.0 = 0
stat.switch.port.pool.1.tx_dst.101.ingress_pre_occ_bucket.other_req.1_64 = 0
stat.switch.port.pool.1.tx_dst.101.ingress_queue_wait_bucket.other_req.1_63 = 0
stat.switch.port.pool.1.tx_dst.101.ingress_pre_occ_bucket.other_req.65_256 = 0
stat.switch.port.pool.1.tx_dst.101.ingress_queue_wait_bucket.other_req.64_255 = 0
stat.switch.port.pool.1.tx_dst.101.ingress_pre_occ_bucket.other_req.257_1024 = 0
stat.switch.port.pool.1.tx_dst.101.ingress_queue_wait_bucket.other_req.256_1023 = 0
stat.switch.port.pool.1.tx_dst.101.ingress_pre_occ_bucket.other_req.1025_4096 = 0
stat.switch.port.pool.1.tx_dst.101.ingress_queue_wait_bucket.other_req.1024_4095 = 0
stat.switch.port.pool.1.tx_dst.101.ingress_pre_occ_bucket.other_req.4097_plus = 0
stat.switch.port.pool.1.tx_dst.101.ingress_queue_wait_bucket.other_req.4096_plus = 0
stat.switch.walltime_s = 109.211
stat.switch.active_time_s = 2.6709
Simulation is complete, simulated time: 1.93568 ms
