stat.node.0.llc.pool_accesses = 5734
stat.node.0.llc.pool_completed = 5734
stat.node.0.llc.avg_pool_roundtrip_lat = 657.058
stat.node.0.llc.cxl_miss = 5722
stat.node.0.llc.total_miss = 5722
stat.node.0.llc.avg_miss_lat = 658.059
stat.node.0.llc.avg_cxl_lat = 658.059
stat.node.0.llc.miss_lat_hist_bin_ns = 10
stat.node.0.llc.miss_lat_hist = [0,0,0,0,0,0,0,0,0,0,0,0,0,0,0,0,0,0,0,0,0,0,0,0,0,0,3034,1098,709,417,205,112,73,39,23,7,1,3,0,0,1]
stat.node.0.util.dram_avg = 9.03841e-06
stat.node.0.fabric.ingress_wait_avg_cycles = 145
stat.node.0.fabric.egress_wait_avg_cycles = 1
stat.node.0.fabric.ingress_wait_max_cycles = 145
stat.node.0.fabric.egress_wait_max_cycles = 1
stat.node.0.fabric.ingress_queue_wait_avg_cycles = 0
stat.node.0.fabric.ingress_queue_wait_max_cycles = 0
stat.node.0.fabric.egress_occ_avg_bytes = 0
stat.node.0.fabric.egress_occ_stddev_bytes = 0
stat.node.0.fabric.egress_occ_max_bytes = 0
stat.node.0.fabric.egress_occ_nonempty_frac = 0
stat.node.0.fabric.egress_blocked_cycles = 0
stat.node.0.fabric.egress_blocked_nonempty_frac = 0
stat.node.0.fabric.egress_blocked_avg_occ_bytes = 0
stat.node.0.fabric.egress_blocked_max_occ_bytes = 0
stat.node.0.fabric.egress_send_burst_max_pkts = 2
stat.node.0.fabric.egress_send_burst_max_bytes = 72
stat.node.0.fabric.egress_send_burst_avg_pkts = 1.00044
stat.node.1.llc.pool_accesses = 5734
stat.node.1.llc.pool_completed = 5734
stat.node.1.llc.avg_pool_roundtrip_lat = 657.058
stat.node.1.llc.cxl_miss = 5722
stat.node.1.llc.total_miss = 5722
stat.node.1.llc.avg_miss_lat = 658.059
stat.node.1.llc.avg_cxl_lat = 658.059
stat.node.1.llc.miss_lat_hist_bin_ns = 10
stat.node.1.llc.miss_lat_hist = [0,0,0,0,0,0,0,0,0,0,0,0,0,0,0,0,0,0,0,0,0,0,0,0,0,0,3034,1098,709,417,205,112,73,39,23,7,1,3,0,0,1]
stat.node.1.util.dram_avg = 9.03841e-06
stat.node.1.fabric.ingress_wait_avg_cycles = 145
stat.node.1.fabric.egress_wait_avg_cycles = 1
stat.node.1.fabric.ingress_wait_max_cycles = 145
stat.node.1.fabric.egress_wait_max_cycles = 1
stat.node.1.fabric.ingress_queue_wait_avg_cycles = 0
stat.node.1.fabric.ingress_queue_wait_max_cycles = 0
stat.node.1.fabric.egress_occ_avg_bytes = 0
stat.node.1.fabric.egress_occ_stddev_bytes = 0
stat.node.1.fabric.egress_occ_max_bytes = 0
stat.node.1.fabric.egress_occ_nonempty_frac = 0
stat.node.1.fabric.egress_blocked_cycles = 0
stat.node.1.fabric.egress_blocked_nonempty_frac = 0
stat.node.1.fabric.egress_blocked_avg_occ_bytes = 0
stat.node.1.fabric.egress_blocked_max_occ_bytes = 0
stat.node.1.fabric.egress_send_burst_max_pkts = 2
stat.node.1.fabric.egress_send_burst_max_bytes = 72
stat.node.0.fabric.egress_send_burst_avg_bytes = 26.2017
stat.node.0.fabric.egress_send_burst_stddev_pkts = 0.0210725
stat.node.0.fabric.egress_send_burst_stddev_bytes = 26.234
stat.node.0.fabric.egress_send_nonempty_frac = 0.00339091
stat.node.0.fabric.ingress_occ_bytes = 0
stat.node.0.fabric.ready_wait_avg_cycles = 0
stat.node.0.fabric.ready_wait_max_cycles = 0
stat.node.0.fabric.ready_occ_avg_pkts = 0.00229048
stat.node.0.fabric.ready_occ_pkts = 0
stat.node.0.fabric.ready_occ_max_pkts = 1
stat.node.0.fabric.ready_retry_count = 0
stat.node.0.fabric.ingress_arrival_burst_max_pkts = 1
stat.node.0.fabric.ingress_arrival_burst_max_bytes = 64
stat.node.0.fabric.ingress_arrival_burst_avg_pkts = 1
stat.node.1.fabric.egress_send_burst_avg_pkts = 1.00044
stat.node.1.fabric.egress_send_burst_avg_bytes = 26.2017
stat.node.1.fabric.egress_send_burst_stddev_pkts = 0.0210725
stat.node.1.fabric.egress_send_burst_stddev_bytes = 26.234
stat.node.1.fabric.egress_send_nonempty_frac = 0.00339091
stat.node.1.fabric.ingress_occ_bytes = 0
stat.node.1.fabric.ready_wait_avg_cycles = 0
stat.node.1.fabric.ready_wait_max_cycles = 0
stat.node.1.fabric.ready_occ_avg_pkts = 0.00229048
stat.node.1.fabric.ready_occ_pkts = 0
stat.node.1.fabric.ready_occ_max_pkts = 1
stat.node.1.fabric.ready_retry_count = 0
stat.node.1.fabric.ingress_arrival_burst_max_pkts = 1
stat.node.1.fabric.ingress_arrival_burst_max_bytes = 64
stat.node.1.fabric.ingress_arrival_burst_avg_pkts = 1
stat.node.1.fabric.ingress_arrival_burst_avg_bytes = 64
stat.node.1.fabric.ingress_arrival_burst_stddev_pkts = 0
stat.node.1.fabric.ingress_arrival_burst_stddev_bytes = 0
stat.node.1.fabric.ingress_arrival_nonempty_frac = 0.00229048
stat.node.0.fabric.ingress_arrival_burst_avg_bytes = 64
stat.node.0.fabric.ingress_arrival_burst_stddev_pkts = 0
stat.node.0.fabric.ingress_arrival_burst_stddev_bytes = 0
stat.node.0.fabric.ingress_arrival_nonempty_frac = 0.00229048
stat.node.0.fabric.ingress_arrival_run_max_cycles = 1
stat.node.0.fabric.ingress_arrival_run_avg_cycles = 1
stat.node.0.fabric.ingress_arrival_run_stddev_cycles = 0
stat.node.0.fabric.ingress_arrival_gap_max_cycles = 1450
stat.node.0.fabric.ingress_arrival_gap_avg_cycles = 351.704
stat.node.0.fabric.ingress_arrival_gap_stddev_cycles = 350.13
stat.node.0.fabric.ingress_release_burst_max_pkts = 1
stat.node.0.fabric.ingress_release_burst_max_bytes = 64
stat.node.0.fabric.ingress_release_burst_avg_pkts = 1
stat.node.0.fabric.ingress_release_burst_avg_bytes = 64
stat.node.0.fabric.ingress_release_burst_stddev_pkts = 0
stat.node.0.fabric.ingress_release_burst_stddev_bytes = 0
stat.node.0.fabric.ingress_release_nonempty_frac = 0.00229048
stat.node.0.fabric.ingress_release_run_max_cycles = 1
stat.node.0.fabric.ingress_release_run_avg_cycles = 1
stat.node.0.fabric.ingress_release_run_stddev_cycles = 0
stat.node.0.fabric.ingress_release_gap_max_cycles = 1450
stat.node.0.fabric.ingress_release_gap_avg_cycles = 351.653
stat.node.1.fabric.ingress_arrival_run_max_cycles = 1
stat.node.1.fabric.ingress_arrival_run_avg_cycles = 1
stat.node.1.fabric.ingress_arrival_run_stddev_cycles = 0
stat.node.1.fabric.ingress_arrival_gap_max_cycles = 1450
stat.node.1.fabric.ingress_arrival_gap_avg_cycles = 351.704
stat.node.1.fabric.ingress_arrival_gap_stddev_cycles = 350.13
stat.node.1.fabric.ingress_release_burst_max_pkts = 1
stat.node.0.fabric.ingress_release_gap_stddev_cycles = 350.124
stat.node.0.fabric.ingress_occ_avg_bytes = 21.1091
stat.node.0.fabric.ingress_occ_stddev_bytes = 46.6533
stat.node.0.fabric.ingress_occ_max_bytes = 384
stat.node.0.fabric.ingress_occ_nonempty_frac = 0.211818
stat.node.0.fabric.ingress_occ_run_max_cycles = 944
stat.node.1.fabric.ingress_release_burst_max_bytes = 64
stat.node.1.fabric.ingress_release_burst_avg_pkts = 1
stat.node.1.fabric.ingress_release_burst_avg_bytes = 64
stat.node.1.fabric.ingress_release_burst_stddev_pkts = 0
stat.node.1.fabric.ingress_release_burst_stddev_bytes = 0
stat.node.1.fabric.ingress_release_nonempty_frac = 0.00229048
stat.node.1.fabric.ingress_release_run_max_cycles = 1
stat.node.0.fabric.ingress_occ_run_avg_cycles = 194.417
stat.node.0.fabric.ingress_occ_run_stddev_cycles = 63.5242
stat.node.0.fabric.ingress_occ_gap_max_cycles = 1307
stat.node.0.fabric.ingress_occ_gap_avg_cycles = 547.021
stat.node.0.fabric.ingress_occ_gap_stddev_cycles = 196.001
stat.node.0.fabric.ingress_wait_avg_cycles.demand_req = 0
stat.node.0.fabric.ingress_wait_max_cycles.demand_req = 0
stat.node.0.fabric.ingress_queue_wait_avg_cycles.demand_req = 0
stat.node.0.fabric.ingress_queue_wait_max_cycles.demand_req = 0
stat.node.0.fabric.egress_wait_avg_cycles.demand_req = 1
stat.node.1.fabric.ingress_release_run_avg_cycles = 1
stat.node.1.fabric.ingress_release_run_stddev_cycles = 0
stat.node.1.fabric.ingress_release_gap_max_cycles = 1450
stat.node.1.fabric.ingress_release_gap_avg_cycles = 351.653
stat.node.1.fabric.ingress_release_gap_stddev_cycles = 350.124
stat.node.1.fabric.ingress_occ_avg_bytes = 21.1091
stat.node.1.fabric.ingress_occ_stddev_bytes = 46.6533
stat.node.1.fabric.ingress_occ_max_bytes = 384
stat.node.1.fabric.ingress_occ_nonempty_frac = 0.211818
stat.node.1.fabric.ingress_occ_run_max_cycles = 944
stat.node.1.fabric.ingress_occ_run_avg_cycles = 194.417
stat.node.1.fabric.ingress_occ_run_stddev_cycles = 63.5242
stat.node.1.fabric.ingress_occ_gap_max_cycles = 1307
stat.node.0.fabric.egress_wait_max_cycles.demand_req = 1
stat.node.0.fabric.egress_occ_avg_bytes.demand_req = 0
stat.node.0.fabric.egress_occ_max_bytes.demand_req = 0
stat.node.0.fabric.egress_blocked_cycles.demand_req = 0
stat.node.0.fabric.ingress_arrival_empty_packets.demand_req = 0
stat.node.0.fabric.ingress_arrival_nonempty_packets.demand_req = 0
stat.node.0.fabric.ingress_arrival_nonempty_packet_frac.demand_req = 0
stat.node.0.fabric.ingress_nonempty_arrival_pre_occ_avg_bytes.demand_req = 0
stat.node.1.fabric.ingress_occ_gap_avg_cycles = 547.021
stat.node.1.fabric.ingress_occ_gap_stddev_cycles = 196.001
stat.node.1.fabric.ingress_wait_avg_cycles.demand_req = 0
stat.node.1.fabric.ingress_wait_max_cycles.demand_req = 0
stat.node.1.fabric.ingress_queue_wait_avg_cycles.demand_req = 0
stat.node.1.fabric.ingress_queue_wait_max_cycles.demand_req = 0
stat.node.1.fabric.egress_wait_avg_cycles.demand_req = 1
stat.node.0.fabric.ingress_nonempty_arrival_pre_occ_max_bytes.demand_req = 0
stat.node.0.fabric.ingress_release_after_empty_arrival_packets.demand_req = 0
stat.node.0.fabric.ingress_release_after_nonempty_arrival_packets.demand_req = 0
stat.node.0.fabric.ingress_wait_after_empty_arrival_avg_cycles.demand_req = 0
stat.node.0.fabric.ingress_wait_after_nonempty_arrival_avg_cycles.demand_req = 0
stat.node.0.fabric.ingress_queue_wait_after_empty_arrival_avg_cycles.demand_req = 0
stat.node.0.fabric.ingress_queue_wait_after_nonempty_arrival_avg_cycles.demand_req = 0
stat.node.0.fabric.ingress_queue_wait_after_empty_arrival_max_cycles.demand_req = 0
stat.node.0.fabric.ingress_queue_wait_after_nonempty_arrival_max_cycles.demand_req = 0
stat.node.0.fabric.rx_bytes.demand_req = 0
stat.node.0.fabric.tx_bytes.demand_req = 48552
stat.node.0.fabric.rx_pkts.demand_req = 0
stat.node.0.fabric.tx_pkts.demand_req = 6069
stat.node.0.fabric.ingress_wait_avg_cycles.write_req = 0
stat.node.0.fabric.ingress_wait_max_cycles.write_req = 0
stat.node.0.fabric.ingress_queue_wait_avg_cycles.write_req = 0
stat.node.0.fabric.ingress_queue_wait_max_cycles.write_req = 0
stat.node.0.fabric.egress_wait_avg_cycles.write_req = 1
stat.node.0.fabric.egress_wait_max_cycles.write_req = 1
stat.node.0.fabric.egress_occ_avg_bytes.write_req = 0
stat.node.1.fabric.egress_wait_max_cycles.demand_req = 1
stat.node.1.fabric.egress_occ_avg_bytes.demand_req = 0
stat.node.1.fabric.egress_occ_max_bytes.demand_req = 0
stat.node.1.fabric.egress_blocked_cycles.demand_req = 0
stat.node.1.fabric.ingress_arrival_empty_packets.demand_req = 0
stat.node.1.fabric.ingress_arrival_nonempty_packets.demand_req = 0
stat.node.1.fabric.ingress_arrival_nonempty_packet_frac.demand_req = 0
stat.node.1.fabric.ingress_nonempty_arrival_pre_occ_avg_bytes.demand_req = 0
stat.node.1.fabric.ingress_nonempty_arrival_pre_occ_max_bytes.demand_req = 0
stat.node.0.fabric.egress_occ_max_bytes.write_req = 0
stat.node.0.fabric.egress_blocked_cycles.write_req = 0
stat.node.0.fabric.ingress_arrival_empty_packets.write_req = 0
stat.node.0.fabric.ingress_arrival_nonempty_packets.write_req = 0
stat.node.0.fabric.ingress_arrival_nonempty_packet_frac.write_req = 0
stat.node.0.fabric.ingress_nonempty_arrival_pre_occ_avg_bytes.write_req = 0
stat.node.0.fabric.ingress_nonempty_arrival_pre_occ_max_bytes.write_req = 0
stat.node.0.fabric.ingress_release_after_empty_arrival_packets.write_req = 0
stat.node.0.fabric.ingress_release_after_nonempty_arrival_packets.write_req = 0
stat.node.0.fabric.ingress_wait_after_empty_arrival_avg_cycles.write_req = 0
stat.node.0.fabric.ingress_wait_after_nonempty_arrival_avg_cycles.write_req = 0
stat.node.0.fabric.ingress_queue_wait_after_empty_arrival_avg_cycles.write_req = 0
stat.node.0.fabric.ingress_queue_wait_after_nonempty_arrival_avg_cycles.write_req = 0
stat.node.1.fabric.ingress_release_after_empty_arrival_packets.demand_req = 0
stat.node.1.fabric.ingress_release_after_nonempty_arrival_packets.demand_req = 0
stat.node.1.fabric.ingress_wait_after_empty_arrival_avg_cycles.demand_req = 0
stat.node.1.fabric.ingress_wait_after_nonempty_arrival_avg_cycles.demand_req = 0
stat.node.1.fabric.ingress_queue_wait_after_empty_arrival_avg_cycles.demand_req = 0
stat.node.1.fabric.ingress_queue_wait_after_nonempty_arrival_avg_cycles.demand_req = 0
stat.node.1.fabric.ingress_queue_wait_after_empty_arrival_max_cycles.demand_req = 0
stat.node.1.fabric.ingress_queue_wait_after_nonempty_arrival_max_cycles.demand_req = 0
stat.node.1.fabric.rx_bytes.demand_req = 0
stat.node.1.fabric.tx_bytes.demand_req = 48552
stat.node.1.fabric.rx_pkts.demand_req = 0
stat.node.1.fabric.tx_pkts.demand_req = 6069
stat.node.1.fabric.ingress_wait_avg_cycles.write_req = 0
stat.node.0.fabric.ingress_queue_wait_after_empty_arrival_max_cycles.write_req = 0
stat.node.0.fabric.ingress_queue_wait_after_nonempty_arrival_max_cycles.write_req = 0
stat.node.0.fabric.rx_bytes.write_req = 0
stat.node.0.fabric.tx_bytes.write_req = 187264
stat.node.0.fabric.rx_pkts.write_req = 0
stat.node.0.fabric.tx_pkts.write_req = 2926
stat.node.0.fabric.ingress_wait_avg_cycles.response = 145
stat.node.0.fabric.ingress_wait_max_cycles.response = 145
stat.node.0.fabric.ingress_queue_wait_avg_cycles.response = 0
stat.node.0.fabric.ingress_queue_wait_max_cycles.response = 0
stat.node.0.fabric.egress_wait_avg_cycles.response = 0
stat.node.0.fabric.egress_wait_max_cycles.response = 0
stat.node.0.fabric.egress_occ_avg_bytes.response = 0
stat.node.0.fabric.egress_occ_max_bytes.response = 0
stat.node.0.fabric.egress_blocked_cycles.response = 0
stat.node.0.fabric.ingress_arrival_empty_packets.response = 2893
stat.node.0.fabric.ingress_arrival_nonempty_packets.response = 3189
stat.node.0.fabric.ingress_arrival_nonempty_packet_frac.response = 0.524334
stat.node.0.fabric.ingress_nonempty_arrival_pre_occ_avg_bytes.response = 96.7727
stat.node.0.fabric.ingress_nonempty_arrival_pre_occ_max_bytes.response = 320
stat.node.0.fabric.ingress_release_after_empty_arrival_packets.response = 2893
stat.node.0.fabric.ingress_release_after_nonempty_arrival_packets.response = 3189
stat.node.0.fabric.ingress_wait_after_empty_arrival_avg_cycles.response = 145
stat.node.0.fabric.ingress_wait_after_nonempty_arrival_avg_cycles.response = 145
stat.node.0.fabric.ingress_queue_wait_after_empty_arrival_avg_cycles.response = 0
stat.node.0.fabric.ingress_queue_wait_after_nonempty_arrival_avg_cycles.response = 0
stat.node.0.fabric.ingress_queue_wait_after_empty_arrival_max_cycles.response = 0
stat.node.0.fabric.ingress_queue_wait_after_nonempty_arrival_max_cycles.response = 0
stat.node.1.fabric.ingress_wait_max_cycles.write_req = 0
stat.node.1.fabric.ingress_queue_wait_avg_cycles.write_req = 0
stat.node.1.fabric.ingress_queue_wait_max_cycles.write_req = 0
stat.node.1.fabric.egress_wait_avg_cycles.write_req = 1
stat.node.1.fabric.egress_wait_max_cycles.write_req = 1
stat.node.1.fabric.egress_occ_avg_bytes.write_req = 0
stat.node.1.fabric.egress_occ_max_bytes.write_req = 0
stat.node.1.fabric.egress_blocked_cycles.write_req = 0
stat.node.1.fabric.ingress_arrival_empty_packets.write_req = 0
stat.node.1.fabric.ingress_arrival_nonempty_packets.write_req = 0
stat.node.1.fabric.ingress_arrival_nonempty_packet_frac.write_req = 0
stat.node.1.fabric.ingress_nonempty_arrival_pre_occ_avg_bytes.write_req = 0
stat.node.1.fabric.ingress_nonempty_arrival_pre_occ_max_bytes.write_req = 0
stat.node.1.fabric.ingress_release_after_empty_arrival_packets.write_req = 0
stat.node.1.fabric.ingress_release_after_nonempty_arrival_packets.write_req = 0
stat.node.1.fabric.ingress_wait_after_empty_arrival_avg_cycles.write_req = 0
stat.node.1.fabric.ingress_wait_after_nonempty_arrival_avg_cycles.write_req = 0
stat.node.1.fabric.ingress_queue_wait_after_empty_arrival_avg_cycles.write_req = 0
stat.node.1.fabric.ingress_queue_wait_after_nonempty_arrival_avg_cycles.write_req = 0
stat.node.1.fabric.ingress_queue_wait_after_empty_arrival_max_cycles.write_req = 0
stat.node.1.fabric.ingress_queue_wait_after_nonempty_arrival_max_cycles.write_req = 0
stat.node.0.fabric.rx_bytes.response = 389248
stat.node.0.fabric.tx_bytes.response = 0
stat.node.0.fabric.rx_pkts.response = 6082
stat.node.0.fabric.tx_pkts.response = 0
stat.node.0.fabric.ingress_wait_avg_cycles.other_req = 0
stat.node.0.fabric.ingress_wait_max_cycles.other_req = 0
stat.node.0.fabric.ingress_queue_wait_avg_cycles.other_req = 0
stat.node.0.fabric.ingress_queue_wait_max_cycles.other_req = 0
stat.node.0.fabric.egress_wait_avg_cycles.other_req = 1
stat.node.0.fabric.egress_wait_max_cycles.other_req = 1
stat.node.0.fabric.egress_occ_avg_bytes.other_req = 0
stat.node.0.fabric.egress_occ_max_bytes.other_req = 0
stat.node.0.fabric.egress_blocked_cycles.other_req = 0
stat.node.0.fabric.ingress_arrival_empty_packets.other_req = 0
stat.node.0.fabric.ingress_arrival_nonempty_packets.other_req = 0
stat.node.0.fabric.ingress_arrival_nonempty_packet_frac.other_req = 0
stat.node.0.fabric.ingress_nonempty_arrival_pre_occ_avg_bytes.other_req = 0
stat.node.0.fabric.ingress_nonempty_arrival_pre_occ_max_bytes.other_req = 0
stat.node.0.fabric.ingress_release_after_empty_arrival_packets.other_req = 0
stat.node.0.fabric.ingress_release_after_nonempty_arrival_packets.other_req = 0
stat.node.0.fabric.ingress_wait_after_empty_arrival_avg_cycles.other_req = 0
stat.node.0.fabric.ingress_wait_after_nonempty_arrival_avg_cycles.other_req = 0
stat.node.0.fabric.ingress_queue_wait_after_empty_arrival_avg_cycles.other_req = 0
stat.node.0.fabric.ingress_queue_wait_after_nonempty_arrival_avg_cycles.other_req = 0
stat.node.1.fabric.rx_bytes.write_req = 0
stat.node.1.fabric.tx_bytes.write_req = 187264
stat.node.1.fabric.rx_pkts.write_req = 0
stat.node.1.fabric.tx_pkts.write_req = 2926
stat.node.1.fabric.ingress_wait_avg_cycles.response = 145
stat.node.1.fabric.ingress_wait_max_cycles.response = 145
stat.node.1.fabric.ingress_queue_wait_avg_cycles.response = 0
stat.node.1.fabric.ingress_queue_wait_max_cycles.response = 0
stat.node.1.fabric.egress_wait_avg_cycles.response = 0
stat.node.1.fabric.egress_wait_max_cycles.response = 0
stat.node.1.fabric.egress_occ_avg_bytes.response = 0
stat.node.1.fabric.egress_occ_max_bytes.response = 0
stat.node.1.fabric.egress_blocked_cycles.response = 0
stat.node.1.fabric.ingress_arrival_empty_packets.response = 2893
stat.node.1.fabric.ingress_arrival_nonempty_packets.response = 3189
stat.node.1.fabric.ingress_arrival_nonempty_packet_frac.response = 0.524334
stat.node.1.fabric.ingress_nonempty_arrival_pre_occ_avg_bytes.response = 96.7727
stat.node.1.fabric.ingress_nonempty_arrival_pre_occ_max_bytes.response = 320
stat.node.1.fabric.ingress_release_after_empty_arrival_packets.response = 2893
stat.node.1.fabric.ingress_release_after_nonempty_arrival_packets.response = 3189
stat.node.1.fabric.ingress_wait_after_empty_arrival_avg_cycles.response = 145
stat.node.1.fabric.ingress_wait_after_nonempty_arrival_avg_cycles.response = 145
stat.node.1.fabric.ingress_queue_wait_after_empty_arrival_avg_cycles.response = 0
stat.node.0.fabric.ingress_queue_wait_after_empty_arrival_max_cycles.other_req = 0
stat.node.0.fabric.ingress_queue_wait_after_nonempty_arrival_max_cycles.other_req = 0
stat.node.0.fabric.rx_bytes.other_req = 0
stat.node.0.fabric.tx_bytes.other_req = 104
stat.node.0.fabric.rx_pkts.other_req = 0
stat.node.0.fabric.tx_pkts.other_req = 13
stat.node.0.walltime_s = 67.8512
stat.node.0.active_time_s = 26.6662
stat.node.1.fabric.ingress_queue_wait_after_nonempty_arrival_avg_cycles.response = 0
stat.node.1.fabric.ingress_queue_wait_after_empty_arrival_max_cycles.response = 0
stat.node.1.fabric.ingress_queue_wait_after_nonempty_arrival_max_cycles.response = 0
stat.node.1.fabric.rx_bytes.response = 389248
stat.node.1.fabric.tx_bytes.response = 0
stat.node.1.fabric.rx_pkts.response = 6082
stat.node.1.fabric.tx_pkts.response = 0
stat.node.1.fabric.ingress_wait_avg_cycles.other_req = 0
stat.node.1.fabric.ingress_wait_max_cycles.other_req = 0
stat.node.1.fabric.ingress_queue_wait_avg_cycles.other_req = 0
stat.node.1.fabric.ingress_queue_wait_max_cycles.other_req = 0
stat.node.1.fabric.egress_wait_avg_cycles.other_req = 1
stat.node.1.fabric.egress_wait_max_cycles.other_req = 1
stat.node.1.fabric.egress_occ_avg_bytes.other_req = 0
stat.node.1.fabric.egress_occ_max_bytes.other_req = 0
stat.node.1.fabric.egress_blocked_cycles.other_req = 0
stat.node.1.fabric.ingress_arrival_empty_packets.other_req = 0
stat.node.1.fabric.ingress_arrival_nonempty_packets.other_req = 0
stat.node.1.fabric.ingress_arrival_nonempty_packet_frac.other_req = 0
stat.node.1.fabric.ingress_nonempty_arrival_pre_occ_avg_bytes.other_req = 0
stat.node.1.fabric.ingress_nonempty_arrival_pre_occ_max_bytes.other_req = 0
stat.node.1.fabric.ingress_release_after_empty_arrival_packets.other_req = 0
stat.node.1.fabric.ingress_release_after_nonempty_arrival_packets.other_req = 0
stat.node.1.fabric.ingress_wait_after_empty_arrival_avg_cycles.other_req = 0
stat.node.1.fabric.ingress_wait_after_nonempty_arrival_avg_cycles.other_req = 0
stat.node.1.fabric.ingress_queue_wait_after_empty_arrival_avg_cycles.other_req = 0
stat.node.1.fabric.ingress_queue_wait_after_nonempty_arrival_avg_cycles.other_req = 0
stat.node.1.fabric.ingress_queue_wait_after_empty_arrival_max_cycles.other_req = 0
stat.node.1.fabric.ingress_queue_wait_after_nonempty_arrival_max_cycles.other_req = 0
stat.node.1.fabric.rx_bytes.other_req = 0
stat.node.1.fabric.tx_bytes.other_req = 104
stat.node.1.fabric.rx_pkts.other_req = 0
stat.node.1.fabric.tx_pkts.other_req = 13
stat.node.1.walltime_s = 67.8512
stat.node.1.active_time_s = 30.4725
stat.node.2.llc.pool_accesses = 5734
stat.node.2.llc.pool_completed = 5734
stat.node.2.llc.avg_pool_roundtrip_lat = 657.935
stat.node.2.llc.cxl_miss = 5722
stat.node.2.llc.total_miss = 5722
stat.node.2.llc.avg_miss_lat = 658.902
stat.node.2.llc.avg_cxl_lat = 658.902
stat.node.2.llc.miss_lat_hist_bin_ns = 10
stat.node.2.llc.miss_lat_hist = [0,0,0,0,0,0,0,0,0,0,0,0,0,0,0,0,0,0,0,0,0,0,0,0,0,0,2926,1139,759,418,224,123,70,35,19,4,2,2,1]
stat.node.2.util.dram_avg = 9.019e-06
stat.node.2.fabric.ingress_wait_avg_cycles = 145
stat.node.2.fabric.egress_wait_avg_cycles = 1
stat.node.2.fabric.ingress_wait_max_cycles = 145
stat.node.2.fabric.egress_wait_max_cycles = 1
stat.node.2.fabric.ingress_queue_wait_avg_cycles = 0
stat.node.2.fabric.ingress_queue_wait_max_cycles = 0
stat.node.2.fabric.egress_occ_avg_bytes = 0
stat.node.2.fabric.egress_occ_stddev_bytes = 0
stat.node.2.fabric.egress_occ_max_bytes = 0
stat.node.2.fabric.egress_occ_nonempty_frac = 0
stat.node.2.fabric.egress_blocked_cycles = 0
stat.node.2.fabric.egress_blocked_nonempty_frac = 0
stat.node.2.fabric.egress_blocked_avg_occ_bytes = 0
stat.node.2.fabric.egress_blocked_max_occ_bytes = 0
stat.node.2.fabric.egress_send_burst_max_pkts = 2
stat.node.2.fabric.egress_send_burst_max_bytes = 72
stat.node.2.fabric.egress_send_burst_avg_pkts = 1.00022
stat.node.2.fabric.egress_send_burst_avg_bytes = 26.1959
stat.node.2.fabric.egress_send_burst_stddev_pkts = 0.0149005
stat.node.2.fabric.egress_send_burst_stddev_bytes = 26.2296
stat.node.2.fabric.egress_send_nonempty_frac = 0.00338438
stat.node.2.fabric.ingress_occ_bytes = 0
stat.node.2.fabric.ready_wait_avg_cycles = 0
stat.node.2.fabric.ready_wait_max_cycles = 0
stat.node.2.fabric.ready_occ_avg_pkts = 0.00228556
stat.node.2.fabric.ready_occ_pkts = 0
stat.node.2.fabric.ready_occ_max_pkts = 1
stat.node.2.fabric.ready_retry_count = 0
stat.node.2.fabric.ingress_arrival_burst_max_pkts = 1
stat.node.2.fabric.ingress_arrival_burst_max_bytes = 64
stat.node.2.fabric.ingress_arrival_burst_avg_pkts = 1
stat.node.2.fabric.ingress_arrival_burst_avg_bytes = 64
stat.node.2.fabric.ingress_arrival_burst_stddev_pkts = 0
stat.node.2.fabric.ingress_arrival_burst_stddev_bytes = 0
stat.node.2.fabric.ingress_arrival_nonempty_frac = 0.00228556
stat.node.2.fabric.ingress_arrival_run_max_cycles = 1
stat.node.2.fabric.ingress_arrival_run_avg_cycles = 1
stat.node.2.fabric.ingress_arrival_run_stddev_cycles = 0
stat.node.2.fabric.ingress_arrival_gap_max_cycles = 1373
stat.node.2.fabric.ingress_arrival_gap_avg_cycles = 352.64
stat.node.2.fabric.ingress_arrival_gap_stddev_cycles = 351.151
stat.node.2.fabric.ingress_release_burst_max_pkts = 1
stat.node.2.fabric.ingress_release_burst_max_bytes = 64
stat.node.2.fabric.ingress_release_burst_avg_pkts = 1
stat.node.2.fabric.ingress_release_burst_avg_bytes = 64
stat.node.2.fabric.ingress_release_burst_stddev_pkts = 0
stat.node.2.fabric.ingress_release_burst_stddev_bytes = 0
stat.node.2.fabric.ingress_release_nonempty_frac = 0.00228556
stat.node.2.fabric.ingress_release_run_max_cycles = 1
stat.node.2.fabric.ingress_release_run_avg_cycles = 1
stat.node.2.fabric.ingress_release_run_stddev_cycles = 0
stat.node.2.fabric.ingress_release_gap_max_cycles = 1373
stat.node.2.fabric.ingress_release_gap_avg_cycles = 352.589
stat.node.2.fabric.ingress_release_gap_stddev_cycles = 351.145
stat.node.2.fabric.ingress_occ_avg_bytes = 21.0638
stat.node.2.fabric.ingress_occ_stddev_bytes = 46.5272
stat.node.2.fabric.ingress_occ_max_bytes = 384
stat.node.2.fabric.ingress_occ_nonempty_frac = 0.211512
stat.node.3.llc.pool_accesses = 5734
stat.node.3.llc.pool_completed = 5734
stat.node.3.llc.avg_pool_roundtrip_lat = 657.935
stat.node.3.llc.cxl_miss = 5722
stat.node.3.llc.total_miss = 5722
stat.node.3.llc.avg_miss_lat = 658.902
stat.node.3.llc.avg_cxl_lat = 658.902
stat.node.3.llc.miss_lat_hist_bin_ns = 10
stat.node.3.llc.miss_lat_hist = [0,0,0,0,0,0,0,0,0,0,0,0,0,0,0,0,0,0,0,0,0,0,0,0,0,0,2926,1139,759,418,224,123,70,35,19,4,2,2,1]
stat.node.3.util.dram_avg = 9.019e-06
stat.node.3.fabric.ingress_wait_avg_cycles = 145
stat.node.3.fabric.egress_wait_avg_cycles = 1
stat.node.3.fabric.ingress_wait_max_cycles = 145
stat.node.3.fabric.egress_wait_max_cycles = 1
stat.node.3.fabric.ingress_queue_wait_avg_cycles = 0
stat.node.3.fabric.ingress_queue_wait_max_cycles = 0
stat.node.3.fabric.egress_occ_avg_bytes = 0
stat.node.3.fabric.egress_occ_stddev_bytes = 0
stat.node.3.fabric.egress_occ_max_bytes = 0
stat.node.3.fabric.egress_occ_nonempty_frac = 0
stat.node.3.fabric.egress_blocked_cycles = 0
stat.node.3.fabric.egress_blocked_nonempty_frac = 0
stat.node.3.fabric.egress_blocked_avg_occ_bytes = 0
stat.node.3.fabric.egress_blocked_max_occ_bytes = 0
stat.node.3.fabric.egress_send_burst_max_pkts = 2
stat.node.2.fabric.ingress_occ_run_max_cycles = 944
stat.node.2.fabric.ingress_occ_run_avg_cycles = 193.816
stat.node.2.fabric.ingress_occ_run_stddev_cycles = 64.7672
stat.node.2.fabric.ingress_occ_gap_max_cycles = 1230
stat.node.2.fabric.ingress_occ_gap_avg_cycles = 546.772
stat.node.2.fabric.ingress_occ_gap_stddev_cycles = 199.326
stat.node.2.fabric.ingress_wait_avg_cycles.demand_req = 0
stat.node.2.fabric.ingress_wait_max_cycles.demand_req = 0
stat.node.2.fabric.ingress_queue_wait_avg_cycles.demand_req = 0
stat.node.2.fabric.ingress_queue_wait_max_cycles.demand_req = 0
stat.node.3.fabric.egress_send_burst_max_bytes = 72
stat.node.3.fabric.egress_send_burst_avg_pkts = 1.00022
stat.node.3.fabric.egress_send_burst_avg_bytes = 26.1959
stat.node.3.fabric.egress_send_burst_stddev_pkts = 0.0149005
stat.node.3.fabric.egress_send_burst_stddev_bytes = 26.2296
stat.node.3.fabric.egress_send_nonempty_frac = 0.00338438
stat.node.3.fabric.ingress_occ_bytes = 0
stat.node.3.fabric.ready_wait_avg_cycles = 0
stat.node.3.fabric.ready_wait_max_cycles = 0
stat.node.3.fabric.ready_occ_avg_pkts = 0.00228556
stat.node.3.fabric.ready_occ_pkts = 0
stat.node.3.fabric.ready_occ_max_pkts = 1
stat.node.3.fabric.ready_retry_count = 0
stat.node.3.fabric.ingress_arrival_burst_max_pkts = 1
stat.node.3.fabric.ingress_arrival_burst_max_bytes = 64
stat.node.3.fabric.ingress_arrival_burst_avg_pkts = 1
stat.node.2.fabric.egress_wait_avg_cycles.demand_req = 1
stat.node.2.fabric.egress_wait_max_cycles.demand_req = 1
stat.node.2.fabric.egress_occ_avg_bytes.demand_req = 0
stat.node.2.fabric.egress_occ_max_bytes.demand_req = 0
stat.node.2.fabric.egress_blocked_cycles.demand_req = 0
stat.node.2.fabric.ingress_arrival_empty_packets.demand_req = 0
stat.node.2.fabric.ingress_arrival_nonempty_packets.demand_req = 0
stat.node.2.fabric.ingress_arrival_nonempty_packet_frac.demand_req = 0
stat.node.2.fabric.ingress_nonempty_arrival_pre_occ_avg_bytes.demand_req = 0
stat.node.2.fabric.ingress_nonempty_arrival_pre_occ_max_bytes.demand_req = 0
stat.node.2.fabric.ingress_release_after_empty_arrival_packets.demand_req = 0
stat.node.2.fabric.ingress_release_after_nonempty_arrival_packets.demand_req = 0
stat.node.2.fabric.ingress_wait_after_empty_arrival_avg_cycles.demand_req = 0
stat.node.2.fabric.ingress_wait_after_nonempty_arrival_avg_cycles.demand_req = 0
stat.node.2.fabric.ingress_queue_wait_after_empty_arrival_avg_cycles.demand_req = 0
stat.node.2.fabric.ingress_queue_wait_after_nonempty_arrival_avg_cycles.demand_req = 0
stat.node.2.fabric.ingress_queue_wait_after_empty_arrival_max_cycles.demand_req = 0
stat.node.2.fabric.ingress_queue_wait_after_nonempty_arrival_max_cycles.demand_req = 0
stat.node.2.fabric.rx_bytes.demand_req = 0
stat.node.2.fabric.tx_bytes.demand_req = 48552
stat.node.2.fabric.rx_pkts.demand_req = 0
stat.node.2.fabric.tx_pkts.demand_req = 6069
stat.node.2.fabric.ingress_wait_avg_cycles.write_req = 0
stat.node.3.fabric.ingress_arrival_burst_avg_bytes = 64
stat.node.3.fabric.ingress_arrival_burst_stddev_pkts = 0
stat.node.3.fabric.ingress_arrival_burst_stddev_bytes = 0
stat.node.3.fabric.ingress_arrival_nonempty_frac = 0.00228556
stat.node.3.fabric.ingress_arrival_run_max_cycles = 1
stat.node.3.fabric.ingress_arrival_run_avg_cycles = 1
stat.node.3.fabric.ingress_arrival_run_stddev_cycles = 0
stat.node.3.fabric.ingress_arrival_gap_max_cycles = 1373
stat.node.2.fabric.ingress_wait_max_cycles.write_req = 0
stat.node.2.fabric.ingress_queue_wait_avg_cycles.write_req = 0
stat.node.2.fabric.ingress_queue_wait_max_cycles.write_req = 0
stat.node.2.fabric.egress_wait_avg_cycles.write_req = 1
stat.node.2.fabric.egress_wait_max_cycles.write_req = 1
stat.node.2.fabric.egress_occ_avg_bytes.write_req = 0
stat.node.2.fabric.egress_occ_max_bytes.write_req = 0
stat.node.2.fabric.egress_blocked_cycles.write_req = 0
stat.node.2.fabric.ingress_arrival_empty_packets.write_req = 0
stat.node.2.fabric.ingress_arrival_nonempty_packets.write_req = 0
stat.node.2.fabric.ingress_arrival_nonempty_packet_frac.write_req = 0
stat.node.2.fabric.ingress_nonempty_arrival_pre_occ_avg_bytes.write_req = 0
stat.node.2.fabric.ingress_nonempty_arrival_pre_occ_max_bytes.write_req = 0
stat.node.2.fabric.ingress_release_after_empty_arrival_packets.write_req = 0
stat.node.2.fabric.ingress_release_after_nonempty_arrival_packets.write_req = 0
stat.node.2.fabric.ingress_wait_after_empty_arrival_avg_cycles.write_req = 0
stat.node.2.fabric.ingress_wait_after_nonempty_arrival_avg_cycles.write_req = 0
stat.node.2.fabric.ingress_queue_wait_after_empty_arrival_avg_cycles.write_req = 0
stat.node.2.fabric.ingress_queue_wait_after_nonempty_arrival_avg_cycles.write_req = 0
stat.node.2.fabric.ingress_queue_wait_after_empty_arrival_max_cycles.write_req = 0
stat.node.2.fabric.ingress_queue_wait_after_nonempty_arrival_max_cycles.write_req = 0
stat.node.3.fabric.ingress_arrival_gap_avg_cycles = 352.64
stat.node.3.fabric.ingress_arrival_gap_stddev_cycles = 351.151
stat.node.3.fabric.ingress_release_burst_max_pkts = 1
stat.node.3.fabric.ingress_release_burst_max_bytes = 64
stat.node.3.fabric.ingress_release_burst_avg_pkts = 1
stat.node.3.fabric.ingress_release_burst_avg_bytes = 64
stat.node.3.fabric.ingress_release_burst_stddev_pkts = 0
stat.node.3.fabric.ingress_release_burst_stddev_bytes = 0
stat.node.2.fabric.rx_bytes.write_req = 0
stat.node.2.fabric.tx_bytes.write_req = 187264
stat.node.2.fabric.rx_pkts.write_req = 0
stat.node.2.fabric.tx_pkts.write_req = 2926
stat.node.2.fabric.ingress_wait_avg_cycles.response = 145
stat.node.2.fabric.ingress_wait_max_cycles.response = 145
stat.node.2.fabric.ingress_queue_wait_avg_cycles.response = 0
stat.node.2.fabric.ingress_queue_wait_max_cycles.response = 0
stat.node.2.fabric.egress_wait_avg_cycles.response = 0
stat.node.2.fabric.egress_wait_max_cycles.response = 0
stat.node.2.fabric.egress_occ_avg_bytes.response = 0
stat.node.3.fabric.ingress_release_nonempty_frac = 0.00228556
stat.node.3.fabric.ingress_release_run_max_cycles = 1
stat.node.3.fabric.ingress_release_run_avg_cycles = 1
stat.node.3.fabric.ingress_release_run_stddev_cycles = 0
stat.node.3.fabric.ingress_release_gap_max_cycles = 1373
stat.node.3.fabric.ingress_release_gap_avg_cycles = 352.589
stat.node.3.fabric.ingress_release_gap_stddev_cycles = 351.145
stat.node.3.fabric.ingress_occ_avg_bytes = 21.0638
stat.node.3.fabric.ingress_occ_stddev_bytes = 46.5272
stat.node.3.fabric.ingress_occ_max_bytes = 384
stat.node.3.fabric.ingress_occ_nonempty_frac = 0.211512
stat.node.3.fabric.ingress_occ_run_max_cycles = 944
stat.node.2.fabric.egress_occ_max_bytes.response = 0
stat.node.2.fabric.egress_blocked_cycles.response = 0
stat.node.2.fabric.ingress_arrival_empty_packets.response = 2904
stat.node.2.fabric.ingress_arrival_nonempty_packets.response = 3178
stat.node.2.fabric.ingress_arrival_nonempty_packet_frac.response = 0.522525
stat.node.2.fabric.ingress_nonempty_arrival_pre_occ_avg_bytes.response = 95.6174
stat.node.2.fabric.ingress_nonempty_arrival_pre_occ_max_bytes.response = 320
stat.node.2.fabric.ingress_release_after_empty_arrival_packets.response = 2904
stat.node.2.fabric.ingress_release_after_nonempty_arrival_packets.response = 3178
stat.node.2.fabric.ingress_wait_after_empty_arrival_avg_cycles.response = 145
stat.node.2.fabric.ingress_wait_after_nonempty_arrival_avg_cycles.response = 145
stat.node.2.fabric.ingress_queue_wait_after_empty_arrival_avg_cycles.response = 0
stat.node.3.fabric.ingress_occ_run_avg_cycles = 193.816
stat.node.3.fabric.ingress_occ_run_stddev_cycles = 64.7672
stat.node.3.fabric.ingress_occ_gap_max_cycles = 1230
stat.node.3.fabric.ingress_occ_gap_avg_cycles = 546.772
stat.node.3.fabric.ingress_occ_gap_stddev_cycles = 199.326
stat.node.3.fabric.ingress_wait_avg_cycles.demand_req = 0
stat.node.3.fabric.ingress_wait_max_cycles.demand_req = 0
stat.node.2.fabric.ingress_queue_wait_after_nonempty_arrival_avg_cycles.response = 0
stat.node.2.fabric.ingress_queue_wait_after_empty_arrival_max_cycles.response = 0
stat.node.2.fabric.ingress_queue_wait_after_nonempty_arrival_max_cycles.response = 0
stat.node.2.fabric.rx_bytes.response = 389248
stat.node.2.fabric.tx_bytes.response = 0
stat.node.2.fabric.rx_pkts.response = 6082
stat.node.2.fabric.tx_pkts.response = 0
stat.node.2.fabric.ingress_wait_avg_cycles.other_req = 0
stat.node.2.fabric.ingress_wait_max_cycles.other_req = 0
stat.node.2.fabric.ingress_queue_wait_avg_cycles.other_req = 0
stat.node.2.fabric.ingress_queue_wait_max_cycles.other_req = 0
stat.node.2.fabric.egress_wait_avg_cycles.other_req = 1
stat.node.2.fabric.egress_wait_max_cycles.other_req = 1
stat.node.2.fabric.egress_occ_avg_bytes.other_req = 0
stat.node.2.fabric.egress_occ_max_bytes.other_req = 0
stat.node.2.fabric.egress_blocked_cycles.other_req = 0
stat.node.2.fabric.ingress_arrival_empty_packets.other_req = 0
stat.node.2.fabric.ingress_arrival_nonempty_packets.other_req = 0
stat.node.2.fabric.ingress_arrival_nonempty_packet_frac.other_req = 0
stat.node.2.fabric.ingress_nonempty_arrival_pre_occ_avg_bytes.other_req = 0
stat.node.2.fabric.ingress_nonempty_arrival_pre_occ_max_bytes.other_req = 0
stat.node.2.fabric.ingress_release_after_empty_arrival_packets.other_req = 0
stat.node.2.fabric.ingress_release_after_nonempty_arrival_packets.other_req = 0
stat.node.2.fabric.ingress_wait_after_empty_arrival_avg_cycles.other_req = 0
stat.node.3.fabric.ingress_queue_wait_avg_cycles.demand_req = 0
stat.node.3.fabric.ingress_queue_wait_max_cycles.demand_req = 0
stat.node.3.fabric.egress_wait_avg_cycles.demand_req = 1
stat.node.3.fabric.egress_wait_max_cycles.demand_req = 1
stat.node.3.fabric.egress_occ_avg_bytes.demand_req = 0
stat.node.3.fabric.egress_occ_max_bytes.demand_req = 0
stat.node.3.fabric.egress_blocked_cycles.demand_req = 0
stat.node.3.fabric.ingress_arrival_empty_packets.demand_req = 0
stat.node.3.fabric.ingress_arrival_nonempty_packets.demand_req = 0
stat.node.3.fabric.ingress_arrival_nonempty_packet_frac.demand_req = 0
stat.node.3.fabric.ingress_nonempty_arrival_pre_occ_avg_bytes.demand_req = 0
stat.node.2.fabric.ingress_wait_after_nonempty_arrival_avg_cycles.other_req = 0
stat.node.2.fabric.ingress_queue_wait_after_empty_arrival_avg_cycles.other_req = 0
stat.node.2.fabric.ingress_queue_wait_after_nonempty_arrival_avg_cycles.other_req = 0
stat.node.2.fabric.ingress_queue_wait_after_empty_arrival_max_cycles.other_req = 0
stat.node.2.fabric.ingress_queue_wait_after_nonempty_arrival_max_cycles.other_req = 0
stat.node.2.fabric.rx_bytes.other_req = 0
stat.node.2.fabric.tx_bytes.other_req = 104
stat.node.2.fabric.rx_pkts.other_req = 0
stat.node.2.fabric.tx_pkts.other_req = 13
stat.node.2.walltime_s = 67.9314
stat.node.2.active_time_s = 30.0667
stat.node.3.fabric.ingress_nonempty_arrival_pre_occ_max_bytes.demand_req = 0
stat.node.3.fabric.ingress_release_after_empty_arrival_packets.demand_req = 0
stat.node.3.fabric.ingress_release_after_nonempty_arrival_packets.demand_req = 0
stat.node.3.fabric.ingress_wait_after_empty_arrival_avg_cycles.demand_req = 0
stat.node.3.fabric.ingress_wait_after_nonempty_arrival_avg_cycles.demand_req = 0
stat.node.3.fabric.ingress_queue_wait_after_empty_arrival_avg_cycles.demand_req = 0
stat.node.3.fabric.ingress_queue_wait_after_nonempty_arrival_avg_cycles.demand_req = 0
stat.node.3.fabric.ingress_queue_wait_after_empty_arrival_max_cycles.demand_req = 0
stat.node.3.fabric.ingress_queue_wait_after_nonempty_arrival_max_cycles.demand_req = 0
stat.node.3.fabric.rx_bytes.demand_req = 0
stat.node.3.fabric.tx_bytes.demand_req = 48552
stat.node.3.fabric.rx_pkts.demand_req = 0
stat.node.3.fabric.tx_pkts.demand_req = 6069
stat.node.3.fabric.ingress_wait_avg_cycles.write_req = 0
stat.node.3.fabric.ingress_wait_max_cycles.write_req = 0
stat.node.3.fabric.ingress_queue_wait_avg_cycles.write_req = 0
stat.node.3.fabric.ingress_queue_wait_max_cycles.write_req = 0
stat.node.3.fabric.egress_wait_avg_cycles.write_req = 1
stat.node.3.fabric.egress_wait_max_cycles.write_req = 1
stat.node.3.fabric.egress_occ_avg_bytes.write_req = 0
stat.node.3.fabric.egress_occ_max_bytes.write_req = 0
stat.node.3.fabric.egress_blocked_cycles.write_req = 0
stat.node.3.fabric.ingress_arrival_empty_packets.write_req = 0
stat.node.3.fabric.ingress_arrival_nonempty_packets.write_req = 0
stat.node.3.fabric.ingress_arrival_nonempty_packet_frac.write_req = 0
stat.node.3.fabric.ingress_nonempty_arrival_pre_occ_avg_bytes.write_req = 0
stat.node.3.fabric.ingress_nonempty_arrival_pre_occ_max_bytes.write_req = 0
stat.node.3.fabric.ingress_release_after_empty_arrival_packets.write_req = 0
stat.node.3.fabric.ingress_release_after_nonempty_arrival_packets.write_req = 0
stat.node.3.fabric.ingress_wait_after_empty_arrival_avg_cycles.write_req = 0
stat.node.3.fabric.ingress_wait_after_nonempty_arrival_avg_cycles.write_req = 0
stat.node.3.fabric.ingress_queue_wait_after_empty_arrival_avg_cycles.write_req = 0
stat.node.3.fabric.ingress_queue_wait_after_nonempty_arrival_avg_cycles.write_req = 0
stat.node.3.fabric.ingress_queue_wait_after_empty_arrival_max_cycles.write_req = 0
stat.node.3.fabric.ingress_queue_wait_after_nonempty_arrival_max_cycles.write_req = 0
stat.node.3.fabric.rx_bytes.write_req = 0
stat.node.3.fabric.tx_bytes.write_req = 187264
stat.node.3.fabric.rx_pkts.write_req = 0
stat.node.3.fabric.tx_pkts.write_req = 2926
stat.node.3.fabric.ingress_wait_avg_cycles.response = 145
stat.node.3.fabric.ingress_wait_max_cycles.response = 145
stat.node.3.fabric.ingress_queue_wait_avg_cycles.response = 0
stat.node.3.fabric.ingress_queue_wait_max_cycles.response = 0
stat.node.3.fabric.egress_wait_avg_cycles.response = 0
stat.node.3.fabric.egress_wait_max_cycles.response = 0
stat.node.3.fabric.egress_occ_avg_bytes.response = 0
stat.node.3.fabric.egress_occ_max_bytes.response = 0
stat.node.3.fabric.egress_blocked_cycles.response = 0
stat.node.3.fabric.ingress_arrival_empty_packets.response = 2904
stat.node.3.fabric.ingress_arrival_nonempty_packets.response = 3178
stat.node.3.fabric.ingress_arrival_nonempty_packet_frac.response = 0.522525
stat.node.3.fabric.ingress_nonempty_arrival_pre_occ_avg_bytes.response = 95.6174
stat.node.3.fabric.ingress_nonempty_arrival_pre_occ_max_bytes.response = 320
stat.node.3.fabric.ingress_release_after_empty_arrival_packets.response = 2904
stat.node.3.fabric.ingress_release_after_nonempty_arrival_packets.response = 3178
stat.node.3.fabric.ingress_wait_after_empty_arrival_avg_cycles.response = 145
stat.node.3.fabric.ingress_wait_after_nonempty_arrival_avg_cycles.response = 145
stat.node.3.fabric.ingress_queue_wait_after_empty_arrival_avg_cycles.response = 0
stat.node.3.fabric.ingress_queue_wait_after_nonempty_arrival_avg_cycles.response = 0
stat.node.3.fabric.ingress_queue_wait_after_empty_arrival_max_cycles.response = 0
stat.node.3.fabric.ingress_queue_wait_after_nonempty_arrival_max_cycles.response = 0
stat.node.3.fabric.rx_bytes.response = 389248
stat.node.3.fabric.tx_bytes.response = 0
stat.node.3.fabric.rx_pkts.response = 6082
stat.node.3.fabric.tx_pkts.response = 0
stat.node.3.fabric.ingress_wait_avg_cycles.other_req = 0
stat.node.3.fabric.ingress_wait_max_cycles.other_req = 0
stat.node.3.fabric.ingress_queue_wait_avg_cycles.other_req = 0
stat.node.3.fabric.ingress_queue_wait_max_cycles.other_req = 0
stat.node.3.fabric.egress_wait_avg_cycles.other_req = 1
stat.node.3.fabric.egress_wait_max_cycles.other_req = 1
stat.node.3.fabric.egress_occ_avg_bytes.other_req = 0
stat.node.3.fabric.egress_occ_max_bytes.other_req = 0
stat.node.3.fabric.egress_blocked_cycles.other_req = 0
stat.node.3.fabric.ingress_arrival_empty_packets.other_req = 0
stat.node.3.fabric.ingress_arrival_nonempty_packets.other_req = 0
stat.node.3.fabric.ingress_arrival_nonempty_packet_frac.other_req = 0
stat.node.3.fabric.ingress_nonempty_arrival_pre_occ_avg_bytes.other_req = 0
stat.node.3.fabric.ingress_nonempty_arrival_pre_occ_max_bytes.other_req = 0
stat.node.3.fabric.ingress_release_after_empty_arrival_packets.other_req = 0
stat.node.3.fabric.ingress_release_after_nonempty_arrival_packets.other_req = 0
stat.node.3.fabric.ingress_wait_after_empty_arrival_avg_cycles.other_req = 0
stat.node.3.fabric.ingress_wait_after_nonempty_arrival_avg_cycles.other_req = 0
stat.node.3.fabric.ingress_queue_wait_after_empty_arrival_avg_cycles.other_req = 0
stat.node.3.fabric.ingress_queue_wait_after_nonempty_arrival_avg_cycles.other_req = 0
stat.node.3.fabric.ingress_queue_wait_after_empty_arrival_max_cycles.other_req = 0
stat.node.3.fabric.ingress_queue_wait_after_nonempty_arrival_max_cycles.other_req = 0
stat.node.3.fabric.rx_bytes.other_req = 0
stat.node.3.fabric.tx_bytes.other_req = 104
stat.node.3.fabric.rx_pkts.other_req = 0
stat.node.3.fabric.tx_pkts.other_req = 13
stat.node.3.walltime_s = 67.9315
stat.node.3.active_time_s = 26.9798
stat.node.4.llc.pool_accesses = 5734
stat.node.4.llc.pool_completed = 5734
stat.node.4.llc.avg_pool_roundtrip_lat = 660.196
stat.node.4.llc.cxl_miss = 5722
stat.node.4.llc.total_miss = 5722
stat.node.4.llc.avg_miss_lat = 661.207
stat.node.4.llc.avg_cxl_lat = 661.207
stat.node.4.llc.miss_lat_hist_bin_ns = 10
stat.node.4.llc.miss_lat_hist = [0,0,0,0,0,0,0,0,0,0,0,0,0,0,0,0,0,0,0,0,0,0,0,0,0,0,2847,1126,754,418,260,146,87,43,16,9,8,3,1,2,2]
stat.node.4.util.dram_avg = 9.00632e-06
stat.node.4.fabric.ingress_wait_avg_cycles = 145
stat.node.4.fabric.egress_wait_avg_cycles = 1
stat.node.4.fabric.ingress_wait_max_cycles = 145
stat.node.4.fabric.egress_wait_max_cycles = 1
stat.node.4.fabric.ingress_queue_wait_avg_cycles = 0
stat.node.4.fabric.ingress_queue_wait_max_cycles = 0
stat.node.5.llc.pool_accesses = 5734
stat.node.5.llc.pool_completed = 5734
stat.node.5.llc.avg_pool_roundtrip_lat = 660.196
stat.node.5.llc.cxl_miss = 5722
stat.node.5.llc.total_miss = 5722
stat.node.5.llc.avg_miss_lat = 661.207
stat.node.5.llc.avg_cxl_lat = 661.207
stat.node.5.llc.miss_lat_hist_bin_ns = 10
stat.node.5.llc.miss_lat_hist = [0,0,0,0,0,0,0,0,0,0,0,0,0,0,0,0,0,0,0,0,0,0,0,0,0,0,2847,1126,754,418,260,146,87,43,16,9,8,3,1,2,2]
stat.node.5.util.dram_avg = 9.00632e-06
stat.node.5.fabric.ingress_wait_avg_cycles = 145
stat.node.5.fabric.egress_wait_avg_cycles = 1
stat.node.5.fabric.ingress_wait_max_cycles = 145
stat.node.5.fabric.egress_wait_max_cycles = 1
stat.node.5.fabric.ingress_queue_wait_avg_cycles = 0
stat.node.5.fabric.ingress_queue_wait_max_cycles = 0
stat.node.5.fabric.egress_occ_avg_bytes = 0
stat.node.5.fabric.egress_occ_stddev_bytes = 0
stat.node.5.fabric.egress_occ_max_bytes = 0
stat.node.5.fabric.egress_occ_nonempty_frac = 0
stat.node.5.fabric.egress_blocked_cycles = 0
stat.node.5.fabric.egress_blocked_nonempty_frac = 0
stat.node.5.fabric.egress_blocked_avg_occ_bytes = 0
stat.node.5.fabric.egress_blocked_max_occ_bytes = 0
stat.node.4.fabric.egress_occ_avg_bytes = 0
stat.node.4.fabric.egress_occ_stddev_bytes = 0
stat.node.4.fabric.egress_occ_max_bytes = 0
stat.node.4.fabric.egress_occ_nonempty_frac = 0
stat.node.4.fabric.egress_blocked_cycles = 0
stat.node.5.fabric.egress_send_burst_max_pkts = 2
stat.node.5.fabric.egress_send_burst_max_bytes = 72
stat.node.5.fabric.egress_send_burst_avg_pkts = 1.00044
stat.node.5.fabric.egress_send_burst_avg_bytes = 26.2017
stat.node.5.fabric.egress_send_burst_stddev_pkts = 0.0210725
stat.node.5.fabric.egress_send_burst_stddev_bytes = 26.234
stat.node.5.fabric.egress_send_nonempty_frac = 0.00337887
stat.node.5.fabric.ingress_occ_bytes = 0
stat.node.5.fabric.ready_wait_avg_cycles = 0
stat.node.5.fabric.ready_wait_max_cycles = 0
stat.node.5.fabric.ready_occ_avg_pkts = 0.00228235
stat.node.5.fabric.ready_occ_pkts = 0
stat.node.5.fabric.ready_occ_max_pkts = 1
stat.node.5.fabric.ready_retry_count = 0
stat.node.5.fabric.ingress_arrival_burst_max_pkts = 1
stat.node.5.fabric.ingress_arrival_burst_max_bytes = 64
stat.node.4.fabric.egress_blocked_nonempty_frac = 0
stat.node.4.fabric.egress_blocked_avg_occ_bytes = 0
stat.node.4.fabric.egress_blocked_max_occ_bytes = 0
stat.node.4.fabric.egress_send_burst_max_pkts = 2
stat.node.4.fabric.egress_send_burst_max_bytes = 72
stat.node.4.fabric.egress_send_burst_avg_pkts = 1.00044
stat.node.4.fabric.egress_send_burst_avg_bytes = 26.2017
stat.node.4.fabric.egress_send_burst_stddev_pkts = 0.0210725
stat.node.4.fabric.egress_send_burst_stddev_bytes = 26.234
stat.node.4.fabric.egress_send_nonempty_frac = 0.00337887
stat.node.4.fabric.ingress_occ_bytes = 0
stat.node.5.fabric.ingress_arrival_burst_avg_pkts = 1
stat.node.5.fabric.ingress_arrival_burst_avg_bytes = 64
stat.node.5.fabric.ingress_arrival_burst_stddev_pkts = 0
stat.node.5.fabric.ingress_arrival_burst_stddev_bytes = 0
stat.node.5.fabric.ingress_arrival_nonempty_frac = 0.00228235
stat.node.5.fabric.ingress_arrival_run_max_cycles = 1
stat.node.5.fabric.ingress_arrival_run_avg_cycles = 1
stat.node.5.fabric.ingress_arrival_run_stddev_cycles = 0
stat.node.5.fabric.ingress_arrival_gap_max_cycles = 1373
stat.node.4.fabric.ready_wait_avg_cycles = 0
stat.node.4.fabric.ready_wait_max_cycles = 0
stat.node.4.fabric.ready_occ_avg_pkts = 0.00228235
stat.node.4.fabric.ready_occ_pkts = 0
stat.node.4.fabric.ready_occ_max_pkts = 1
stat.node.4.fabric.ready_retry_count = 0
stat.node.4.fabric.ingress_arrival_burst_max_pkts = 1
stat.node.4.fabric.ingress_arrival_burst_max_bytes = 64
stat.node.4.fabric.ingress_arrival_burst_avg_pkts = 1
stat.node.4.fabric.ingress_arrival_burst_avg_bytes = 64
stat.node.5.fabric.ingress_arrival_gap_avg_cycles = 353.252
stat.node.5.fabric.ingress_arrival_gap_stddev_cycles = 351.908
stat.node.5.fabric.ingress_release_burst_max_pkts = 1
stat.node.5.fabric.ingress_release_burst_max_bytes = 64
stat.node.5.fabric.ingress_release_burst_avg_pkts = 1
stat.node.5.fabric.ingress_release_burst_avg_bytes = 64
stat.node.5.fabric.ingress_release_burst_stddev_pkts = 0
stat.node.4.fabric.ingress_arrival_burst_stddev_pkts = 0
stat.node.4.fabric.ingress_arrival_burst_stddev_bytes = 0
stat.node.4.fabric.ingress_arrival_nonempty_frac = 0.00228235
stat.node.4.fabric.ingress_arrival_run_max_cycles = 1
stat.node.4.fabric.ingress_arrival_run_avg_cycles = 1
stat.node.4.fabric.ingress_arrival_run_stddev_cycles = 0
stat.node.5.fabric.ingress_release_burst_stddev_bytes = 0
stat.node.5.fabric.ingress_release_nonempty_frac = 0.00228235
stat.node.5.fabric.ingress_release_run_max_cycles = 1
stat.node.5.fabric.ingress_release_run_avg_cycles = 1
stat.node.5.fabric.ingress_release_run_stddev_cycles = 0
stat.node.5.fabric.ingress_release_gap_max_cycles = 1373
stat.node.4.fabric.ingress_arrival_gap_max_cycles = 1373
stat.node.4.fabric.ingress_arrival_gap_avg_cycles = 353.252
stat.node.4.fabric.ingress_arrival_gap_stddev_cycles = 351.908
stat.node.4.fabric.ingress_release_burst_max_pkts = 1
stat.node.4.fabric.ingress_release_burst_max_bytes = 64
stat.node.4.fabric.ingress_release_burst_avg_pkts = 1
stat.node.4.fabric.ingress_release_burst_avg_bytes = 64
stat.node.4.fabric.ingress_release_burst_stddev_pkts = 0
stat.node.4.fabric.ingress_release_burst_stddev_bytes = 0
stat.node.4.fabric.ingress_release_nonempty_frac = 0.00228235
stat.node.4.fabric.ingress_release_run_max_cycles = 1
stat.node.4.fabric.ingress_release_run_avg_cycles = 1
stat.node.4.fabric.ingress_release_run_stddev_cycles = 0
stat.node.5.fabric.ingress_release_gap_avg_cycles = 353.2
stat.node.5.fabric.ingress_release_gap_stddev_cycles = 351.902
stat.node.5.fabric.ingress_occ_avg_bytes = 21.0342
stat.node.5.fabric.ingress_occ_stddev_bytes = 46.4748
stat.node.5.fabric.ingress_occ_max_bytes = 384
stat.node.5.fabric.ingress_occ_nonempty_frac = 0.211487
stat.node.5.fabric.ingress_occ_run_max_cycles = 944
stat.node.5.fabric.ingress_occ_run_avg_cycles = 194.603
stat.node.5.fabric.ingress_occ_run_stddev_cycles = 65.3395
stat.node.4.fabric.ingress_release_gap_max_cycles = 1373
stat.node.4.fabric.ingress_release_gap_avg_cycles = 353.2
stat.node.4.fabric.ingress_release_gap_stddev_cycles = 351.902
stat.node.5.fabric.ingress_occ_gap_max_cycles = 1230
stat.node.5.fabric.ingress_occ_gap_avg_cycles = 549.317
stat.node.5.fabric.ingress_occ_gap_stddev_cycles = 198.882
stat.node.4.fabric.ingress_occ_avg_bytes = 21.0342
stat.node.4.fabric.ingress_occ_stddev_bytes = 46.4748
stat.node.4.fabric.ingress_occ_max_bytes = 384
stat.node.4.fabric.ingress_occ_nonempty_frac = 0.211487
stat.node.4.fabric.ingress_occ_run_max_cycles = 944
stat.node.4.fabric.ingress_occ_run_avg_cycles = 194.603
stat.node.4.fabric.ingress_occ_run_stddev_cycles = 65.3395
stat.node.4.fabric.ingress_occ_gap_max_cycles = 1230
stat.node.4.fabric.ingress_occ_gap_avg_cycles = 549.317
stat.node.4.fabric.ingress_occ_gap_stddev_cycles = 198.882
stat.node.4.fabric.ingress_wait_avg_cycles.demand_req = 0
stat.node.4.fabric.ingress_wait_max_cycles.demand_req = 0
stat.node.4.fabric.ingress_queue_wait_avg_cycles.demand_req = 0
stat.node.4.fabric.ingress_queue_wait_max_cycles.demand_req = 0
stat.node.4.fabric.egress_wait_avg_cycles.demand_req = 1
stat.node.4.fabric.egress_wait_max_cycles.demand_req = 1
stat.node.4.fabric.egress_occ_avg_bytes.demand_req = 0
stat.node.4.fabric.egress_occ_max_bytes.demand_req = 0
stat.node.4.fabric.egress_blocked_cycles.demand_req = 0
stat.node.4.fabric.ingress_arrival_empty_packets.demand_req = 0
stat.node.4.fabric.ingress_arrival_nonempty_packets.demand_req = 0
stat.node.4.fabric.ingress_arrival_nonempty_packet_frac.demand_req = 0
stat.node.4.fabric.ingress_nonempty_arrival_pre_occ_avg_bytes.demand_req = 0
stat.node.4.fabric.ingress_nonempty_arrival_pre_occ_max_bytes.demand_req = 0
stat.node.4.fabric.ingress_release_after_empty_arrival_packets.demand_req = 0
stat.node.4.fabric.ingress_release_after_nonempty_arrival_packets.demand_req = 0
stat.node.4.fabric.ingress_wait_after_empty_arrival_avg_cycles.demand_req = 0
stat.node.4.fabric.ingress_wait_after_nonempty_arrival_avg_cycles.demand_req = 0
stat.node.4.fabric.ingress_queue_wait_after_empty_arrival_avg_cycles.demand_req = 0
stat.node.4.fabric.ingress_queue_wait_after_nonempty_arrival_avg_cycles.demand_req = 0
stat.node.4.fabric.ingress_queue_wait_after_empty_arrival_max_cycles.demand_req = 0
stat.node.4.fabric.ingress_queue_wait_after_nonempty_arrival_max_cycles.demand_req = 0
stat.node.4.fabric.rx_bytes.demand_req = 0
stat.node.4.fabric.tx_bytes.demand_req = 48552
stat.node.4.fabric.rx_pkts.demand_req = 0
stat.node.4.fabric.tx_pkts.demand_req = 6069
stat.node.4.fabric.ingress_wait_avg_cycles.write_req = 0
stat.node.4.fabric.ingress_wait_max_cycles.write_req = 0
stat.node.4.fabric.ingress_queue_wait_avg_cycles.write_req = 0
stat.node.4.fabric.ingress_queue_wait_max_cycles.write_req = 0
stat.node.4.fabric.egress_wait_avg_cycles.write_req = 1
stat.node.4.fabric.egress_wait_max_cycles.write_req = 1
stat.node.4.fabric.egress_occ_avg_bytes.write_req = 0
stat.node.4.fabric.egress_occ_max_bytes.write_req = 0
stat.node.4.fabric.egress_blocked_cycles.write_req = 0
stat.node.4.fabric.ingress_arrival_empty_packets.write_req = 0
stat.node.4.fabric.ingress_arrival_nonempty_packets.write_req = 0
stat.node.4.fabric.ingress_arrival_nonempty_packet_frac.write_req = 0
stat.node.4.fabric.ingress_nonempty_arrival_pre_occ_avg_bytes.write_req = 0
stat.node.4.fabric.ingress_nonempty_arrival_pre_occ_max_bytes.write_req = 0
stat.node.4.fabric.ingress_release_after_empty_arrival_packets.write_req = 0
stat.node.4.fabric.ingress_release_after_nonempty_arrival_packets.write_req = 0
stat.node.4.fabric.ingress_wait_after_empty_arrival_avg_cycles.write_req = 0
stat.node.4.fabric.ingress_wait_after_nonempty_arrival_avg_cycles.write_req = 0
stat.node.4.fabric.ingress_queue_wait_after_empty_arrival_avg_cycles.write_req = 0
stat.node.4.fabric.ingress_queue_wait_after_nonempty_arrival_avg_cycles.write_req = 0
stat.node.4.fabric.ingress_queue_wait_after_empty_arrival_max_cycles.write_req = 0
stat.node.4.fabric.ingress_queue_wait_after_nonempty_arrival_max_cycles.write_req = 0
stat.node.4.fabric.rx_bytes.write_req = 0
stat.node.4.fabric.tx_bytes.write_req = 187264
stat.node.4.fabric.rx_pkts.write_req = 0
stat.node.4.fabric.tx_pkts.write_req = 2926
stat.node.4.fabric.ingress_wait_avg_cycles.response = 145
stat.node.4.fabric.ingress_wait_max_cycles.response = 145
stat.node.4.fabric.ingress_stat.node.5.fabric.ingress_wait_avg_cycles.demand_req = 0
stat.node.5.fabric.ingress_wait_max_cycles.demand_req = 0
stat.node.5.fabric.ingress_queue_wait_avg_cycles.demand_req = 0
stat.node.5.fabric.ingress_queue_wait_max_cycles.demand_req = 0
stat.node.5.fabric.egress_wait_avg_cycles.demand_req = 1
stat.node.5.fabric.egress_wait_max_cycles.demand_req = 1
stat.node.5.fabric.egress_occ_avg_bytes.demand_req = 0
stat.node.5.fabric.egress_occ_max_bytes.demand_req = 0
stat.node.5.fabric.egress_blocked_cycles.demand_req = 0
stat.node.5.fabric.ingress_arrival_empty_packets.demand_req = 0
stat.node.5.fabric.ingress_arrival_nonempty_packets.demand_req = 0
stat.node.5.fabric.ingress_arrival_nonempty_packet_frac.demand_req = 0
stat.node.5.fabric.ingress_nonempty_arrival_pre_occ_avg_bytes.demand_req = 0
stat.node.5.fabric.ingress_nonempty_arrival_pre_occ_max_bytes.demand_req = 0
stat.node.5.fabric.ingress_release_after_empty_arrival_packets.demand_req = 0
stat.node.5.fabric.ingress_release_after_nonempty_arrival_packets.demand_req = 0
stat.node.5.fabric.ingress_wait_after_empty_arrival_avg_cycles.demand_req = 0
stat.node.5.fabric.ingress_wait_after_nonempty_arrival_avg_cycles.demand_req = 0
stat.node.5.fabric.ingress_queue_wait_after_empty_arrival_avg_cycles.demand_req = 0
stat.node.5.fabric.ingress_queue_wait_after_nonempty_arrival_avg_cycles.demand_req = 0
stat.node.5.fabric.ingress_queue_wait_after_empty_arrival_max_cycles.demand_req = 0
stat.node.5.fabric.ingress_queue_wait_after_nonempty_arrival_max_cycles.demand_req = 0
stat.node.5.fabric.rx_bytes.demand_req = 0
stat.node.5.fabric.tx_bytes.demand_req = 48552
stat.node.5.fabric.rx_pkts.demand_req = 0
stat.node.5.fabric.tx_pkts.demand_req = 6069
stat.node.5.fabric.ingress_wait_avg_cycles.write_req = 0
stat.node.5.fabric.ingress_wait_max_cycles.write_req = 0
stat.node.5.fabric.ingress_queue_wait_avg_cycles.write_req = 0
stat.node.5.fabric.ingress_queue_wait_max_cycles.write_req = 0
stat.node.5.fabric.egress_wait_avg_cycles.write_req = 1
stat.node.5.fabric.egress_wait_max_cycles.write_req = 1
stat.node.5.fabric.egress_occ_avg_bytes.write_req = 0
stat.node.5.fabric.egress_occ_max_bytes.write_req = 0
stat.node.5.fabric.egress_blocked_cycles.write_req = 0
stat.node.5.fabric.ingress_arrival_empty_packets.write_req = 0
stat.node.5.fabric.ingress_arrival_nonempty_packets.write_req = 0
stat.node.5.fabric.ingress_arrival_nonempty_packet_frac.write_req = 0
stat.node.5.fabric.ingress_nonempty_arrival_pre_occ_avg_bytes.write_req = 0
stat.node.5.fabric.ingress_nonempty_arrival_pre_occ_max_bytes.write_req = 0
stat.node.5.fabric.ingress_release_after_empty_arrival_packets.write_req = 0
stat.node.5.fabric.ingress_release_after_nonempty_arrival_packets.write_req = 0
stat.node.5.fabric.ingress_wait_after_empty_arrival_avg_cycles.write_req = 0
stat.node.5.fabric.ingress_wait_after_nonempty_arrival_avg_cycles.write_req = 0
stat.node.5.fabric.ingress_queue_wait_after_empty_arrival_avg_cycles.write_req = 0
stat.node.5.fabric.ingress_queue_wait_after_nonempty_arrival_avg_cycles.write_req = 0
stat.node.5.fabric.ingress_queue_wait_after_empty_arrival_max_cycles.write_req = 0
stat.node.5.fabric.ingress_queue_wait_after_nonempty_arrival_max_cycles.write_req = 0
stat.node.5.fabric.rx_bytes.write_req = 0
stat.node.5.fabric.tx_bytes.write_req = 187264
stat.node.5.fabric.rx_pkts.write_req = 0
stat.node.5.fabric.tx_pkts.write_req = 2926
stat.node.5.fabric.ingress_wait_avg_cycles.response = 145
stat.node.5.fabric.ingress_wait_max_cycles.response = 145
stat.node.5.fabric.ingress_queue_wait_avg_cycles.response = 0
stat.node.5.fabric.ingress_queue_wait_max_cycles.response = 0
stat.node.5.fabric.egress_wait_avg_cycles.response = 0
stat.node.5.fabric.egress_wait_max_cycles.response = 0
stat.node.5.fabric.egress_occ_avg_bytes.response = 0
stat.node.5.fabric.egress_occ_max_bytes.response = 0
stat.node.5.fabric.egress_blocked_cycles.response = 0
stat.node.5.fabric.ingress_arrival_empty_packets.response = 2896
stat.node.5.fabric.ingress_arrival_nonempty_packets.response = 3186
stat.node.5.fabric.ingress_arrival_nonempty_packet_frac.response = 0.523841
stat.node.5.fabric.ingress_nonempty_arrival_pre_occ_avg_bytes.response = 95.5581
stat.node.5.fabric.ingress_nonempty_arrival_pre_occ_max_bytes.response = 320
stat.node.5.fabric.ingress_release_after_empty_arrival_packets.response = 2896
stat.node.5.fabric.ingress_release_after_nonempty_arrival_packets.response = 3186
stat.node.5.fabric.ingress_wait_after_empty_arrival_avg_cycles.response = 145
stat.node.5.fabric.ingress_wait_after_nonempty_arrival_avg_cycles.response = 145
stat.node.5.fabric.ingress_queue_wait_after_empty_arrival_avg_cycles.response = 0
stat.node.5.fabric.ingress_queue_wait_after_nonempty_arrival_avg_cycles.response = 0
stat.node.5.fabric.ingress_queue_wait_after_empty_arrival_max_cycles.response = 0
stat.node.5.fabric.ingress_queue_wait_after_nonempty_arrival_max_cycles.response = 0
stat.node.5.fabric.rx_bytes.response = 389248
stat.node.5.fabric.tx_bytes.response = 0
stat.node.5.fabric.rx_pkts.response = 6082
stat.node.5.fabric.tx_pkts.response = 0
stat.node.5.fabric.ingress_wait_avg_cycles.other_req = 0
stat.node.5.fabric.ingress_wait_max_cycles.other_req = 0
stat.node.5.fabric.ingress_queue_wait_avg_cycles.other_req = 0
stat.node.5.fabric.ingress_queue_wait_max_cycles.other_req = 0
stat.node.5.fabric.egress_wait_avg_cycles.other_req = 1
stat.node.5.fabric.egress_wait_max_cycles.other_req = 1
stat.node.5.fabric.egress_occ_avg_bytes.other_req = 0
stat.node.5.fabric.egress_occ_max_bytes.other_req = 0
stat.node.5.fabric.egress_blocked_cycles.other_req = 0
stat.node.5.fabric.ingress_arrival_empty_packets.other_req = 0
stat.node.5.fabric.ingress_arrival_nonempty_packets.other_req = 0
stat.node.5.fabric.ingress_arrival_nonempty_packet_frac.other_req = 0
stat.node.5.fabric.ingress_nonempty_arrival_pre_occ_avg_bytes.other_req = 0
stat.node.5.fabric.ingress_nonempty_arrival_pre_occ_max_bytes.other_req = 0
stat.node.5.fabric.ingress_release_after_empty_arrival_packets.other_req = 0
stat.node.5.fabric.ingress_release_after_nonempty_arrival_packets.other_req = 0
stat.node.5.fabric.ingress_wait_after_empty_arrival_avg_cycles.other_req = 0
stat.node.5.fabric.ingress_wait_after_nonempty_arrival_avg_cycles.other_req = 0
stat.node.5.fabric.ingress_queue_wait_after_empty_arrival_avg_cycles.other_req = 0
stat.node.5.fabric.ingress_queue_wait_after_nonempty_arrival_avg_cycles.other_req = 0
stat.node.5.fabric.ingress_queue_wait_after_empty_arrival_max_cycles.other_req = 0
stat.node.5.fabric.ingress_queue_wait_after_nonempty_arrival_max_cycles.other_req = 0
stat.node.5.fabric.rx_bytes.other_req = 0
stat.node.5.fabric.tx_bytes.other_req = 104
stat.node.5.fabric.rx_pkts.other_req = 0
stat.node.5.fabric.tx_pkts.other_req = 13
stat.node.5.walltime_s = 67.9801
stat.node.5.active_time_s = 26.9877
queue_wait_avg_cycles.response = 0
stat.node.4.fabric.ingress_queue_wait_max_cycles.response = 0
stat.node.4.fabric.egress_wait_avg_cycles.response = 0
stat.node.4.fabric.egress_wait_max_cycles.response = 0
stat.node.4.fabric.egress_occ_avg_bytes.response = 0
stat.node.4.fabric.egress_occ_max_bytes.response = 0
stat.node.4.fabric.egress_blocked_cycles.response = 0
stat.node.4.fabric.ingress_arrival_empty_packets.response = 2896
stat.node.4.fabric.ingress_arrival_nonempty_packets.response = 3186
stat.node.4.fabric.ingress_arrival_nonempty_packet_frac.response = 0.523841
stat.node.4.fabric.ingress_nonempty_arrival_pre_occ_avg_bytes.response = 95.5581
stat.node.4.fabric.ingress_nonempty_arrival_pre_occ_max_bytes.response = 320
stat.node.4.fabric.ingress_release_after_empty_arrival_packets.response = 2896
stat.node.4.fabric.ingress_release_after_nonempty_arrival_packets.response = 3186
stat.node.4.fabric.ingress_wait_after_empty_arrival_avg_cycles.response = 145
stat.node.4.fabric.ingress_wait_after_nonempty_arrival_avg_cycles.response = 145
stat.node.4.fabric.ingress_queue_wait_after_empty_arrival_avg_cycles.response = 0
stat.node.4.fabric.ingress_queue_wait_after_nonempty_arrival_avg_cycles.response = 0
stat.node.4.fabric.ingress_queue_wait_after_empty_arrival_max_cycles.response = 0
stat.node.4.fabric.ingress_queue_wait_after_nonempty_arrival_max_cycles.response = 0
stat.node.4.fabric.rx_bytes.response = 389248
stat.node.4.fabric.tx_bytes.response = 0
stat.node.4.fabric.rx_pkts.response = 6082
stat.node.4.fabric.tx_pkts.response = 0
stat.node.4.fabric.ingress_wait_avg_cycles.other_req = 0
stat.node.4.fabric.ingress_wait_max_cycles.other_req = 0
stat.node.4.fabric.ingress_queue_wait_avg_cycles.other_req = 0
stat.node.4.fabric.ingress_queue_wait_max_cycles.other_req = 0
stat.node.4.fabric.egress_wait_avg_cycles.other_req = 1
stat.node.4.fabric.egress_wait_max_cycles.other_req = 1
stat.node.4.fabric.egress_occ_avg_bytes.other_req = 0
stat.node.4.fabric.egress_occ_max_bytes.other_req = 0
stat.node.4.fabric.egress_blocked_cycles.other_req = 0
stat.node.4.fabric.ingress_arrival_empty_packets.other_req = 0
stat.node.4.fabric.ingress_arrival_nonempty_packets.other_req = 0
stat.node.4.fabric.ingress_arrival_nonempty_packet_frac.other_req = 0
stat.node.4.fabric.ingress_nonempty_arrival_pre_occ_avg_bytes.other_req = 0
stat.node.4.fabric.ingress_nonempty_arrival_pre_occ_max_bytes.other_req = 0
stat.node.4.fabric.ingress_release_after_empty_arrival_packets.other_req = 0
stat.node.4.fabric.ingress_release_after_nonempty_arrival_packets.other_req = 0
stat.node.4.fabric.ingress_wait_after_empty_arrival_avg_cycles.other_req = 0
stat.node.4.fabric.ingress_wait_after_nonempty_arrival_avg_cycles.other_req = 0
stat.node.4.fabric.ingress_queue_wait_after_empty_arrival_avg_cycles.other_req = 0
stat.node.4.fabric.ingress_queue_wait_after_nonempty_arrival_avg_cycles.other_req = 0
stat.node.4.fabric.ingress_queue_wait_after_empty_arrival_max_cycles.other_req = 0
stat.node.4.fabric.ingress_queue_wait_after_nonempty_arrival_max_cycles.other_req = 0
stat.node.4.fabric.rx_bytes.other_req = 0
stat.node.4.fabric.tx_bytes.other_req = 104
stat.node.4.fabric.rx_pkts.other_req = 0
stat.node.4.fabric.tx_pkts.other_req = 13
stat.node.4.walltime_s = 67.9801
stat.node.4.active_time_s = 27.0786
stat.node.6.llc.pool_accesses = 5734
stat.node.6.llc.pool_completed = 5734
stat.node.6.llc.avg_pool_roundtrip_lat = 660.483
stat.node.6.llc.cxl_miss = 5722
stat.node.6.llc.total_miss = 5722
stat.node.6.llc.avg_miss_lat = 661.444
stat.node.6.llc.avg_cxl_lat = 661.444
stat.node.6.llc.miss_lat_hist_bin_ns = 10
stat.node.6.llc.miss_lat_hist = [0,0,0,0,0,0,0,0,0,0,0,0,0,0,0,0,0,0,0,0,0,0,0,0,0,0,2806,1154,731,463,250,156,81,35,25,8,7,3,2,0,1]
stat.node.6.util.dram_avg = 8.9982e-06
stat.node.6.fabric.ingress_wait_avg_cycles = 145
stat.node.6.fabric.egress_wait_avg_cycles = 1
stat.node.6.fabric.ingress_wait_max_cycles = 145
stat.node.6.fabric.egress_wait_max_cycles = 1
stat.node.6.fabric.ingress_queue_wait_avg_cycles = 0
stat.node.6.fabric.ingress_queue_wait_max_cycles = 0
stat.node.7.llc.pool_accesses = 5734
stat.node.7.llc.pool_completed = 5734
stat.node.7.llc.avg_pool_roundtrip_lat = 660.483
stat.node.7.llc.cxl_miss = 5722
stat.node.7.llc.total_miss = 5722
stat.node.7.llc.avg_miss_lat = 661.444
stat.node.7.llc.avg_cxl_lat = 661.444
stat.node.7.llc.miss_lat_hist_bin_ns = 10
stat.node.7.llc.miss_lat_hist = [0,0,0,0,0,0,0,0,0,0,0,0,0,0,0,0,0,0,0,0,0,0,0,0,0,0,2806,1154,731,463,250,156,81,35,25,8,7,3,2,0,1]
stat.node.7.util.dram_avg = 8.9982e-06
stat.node.7.fabric.ingress_wait_avg_cycles = 145
stat.node.7.fabric.egress_wait_avg_cycles = 1
stat.node.7.fabric.ingress_wait_max_cycles = 145
stat.node.7.fabric.egress_wait_max_cycles = 1
stat.node.7.fabric.ingress_queue_wait_avg_cycles = 0
stat.node.7.fabric.ingress_queue_wait_max_cycles = 0
stat.node.7.fabric.egress_occ_avg_bytes = 0
stat.node.7.fabric.egress_occ_stddev_bytes = 0
stat.node.7.fabric.egress_occ_max_bytes = 0
stat.node.6.fabric.egress_occ_avg_bytes = 0
stat.node.6.fabric.egress_occ_stddev_bytes = 0
stat.node.6.fabric.egress_occ_max_bytes = 0
stat.node.6.fabric.egress_occ_nonempty_frac = 0
stat.node.6.fabric.egress_blocked_cycles = 0
stat.node.6.fabric.egress_blocked_nonempty_frac = 0
stat.node.6.fabric.egress_blocked_avg_occ_bytes = 0
stat.node.6.fabric.egress_blocked_max_occ_bytes = 0
stat.node.6.fabric.egress_send_burst_max_pkts = 2
stat.node.7.fabric.egress_occ_nonempty_frac = 0
stat.node.7.fabric.egress_blocked_cycles = 0
stat.node.7.fabric.egress_blocked_nonempty_frac = 0
stat.node.7.fabric.egress_blocked_avg_occ_bytes = 0
stat.node.7.fabric.egress_blocked_max_occ_bytes = 0
stat.node.7.fabric.egress_send_burst_max_pkts = 2
stat.node.7.fabric.egress_send_burst_max_bytes = 72
stat.node.7.fabric.egress_send_burst_avg_pkts = 1.00056
stat.node.7.fabric.egress_send_burst_avg_bytes = 26.2046
stat.node.6.fabric.egress_send_burst_max_bytes = 72
stat.node.6.fabric.egress_send_burst_avg_pkts = 1.00056
stat.node.6.fabric.egress_send_burst_avg_bytes = 26.2046
stat.node.6.fabric.egress_send_burst_stddev_pkts = 0.0235598
stat.node.6.fabric.egress_send_burst_stddev_bytes = 26.2361
stat.node.6.fabric.egress_send_nonempty_frac = 0.00337545
stat.node.6.fabric.ingress_occ_bytes = 0
stat.node.6.fabric.ready_wait_avg_cycles = 0
stat.node.6.fabric.ready_wait_max_cycles = 0
stat.node.6.fabric.ready_occ_avg_pkts = 0.00228029
stat.node.6.fabric.ready_occ_pkts = 0
stat.node.7.fabric.egress_send_burst_stddev_pkts = 0.0235598
stat.node.7.fabric.egress_send_burst_stddev_bytes = 26.2361
stat.node.7.fabric.egress_send_nonempty_frac = 0.00337545
stat.node.7.fabric.ingress_occ_bytes = 0
stat.node.7.fabric.ready_wait_avg_cycles = 0
stat.node.7.fabric.ready_wait_max_cycles = 0
stat.node.7.fabric.ready_occ_avg_pkts = 0.00228029
stat.node.7.fabric.ready_occ_pkts = 0
stat.node.7.fabric.ready_occ_max_pkts = 1
stat.node.7.fabric.ready_retry_count = 0
stat.node.7.fabric.ingress_arrival_burst_max_pkts = 1
stat.node.7.fabric.ingress_arrival_burst_max_bytes = 64
stat.node.7.fabric.ingress_arrival_burst_avg_pkts = 1
stat.node.7.fabric.ingress_arrival_burst_avg_bytes = 64
stat.node.6.fabric.ready_occ_max_pkts = 1
stat.node.6.fabric.ready_retry_count = 0
stat.node.6.fabric.ingress_arrival_burst_max_pkts = 1
stat.node.6.fabric.ingress_arrival_burst_max_bytes = 64
stat.node.6.fabric.ingress_arrival_burst_avg_pkts = 1
stat.node.6.fabric.ingress_arrival_burst_avg_bytes = 64
stat.node.6.fabric.ingress_arrival_burst_stddev_pkts = 0
stat.node.6.fabric.ingress_arrival_burst_stddev_bytes = 0
stat.node.7.fabric.ingress_arrival_burst_stddev_pkts = 0
stat.node.7.fabric.ingress_arrival_burst_stddev_bytes = 0
stat.node.7.fabric.ingress_arrival_nonempty_frac = 0.00228029
stat.node.7.fabric.ingress_arrival_run_max_cycles = 1
stat.node.7.fabric.ingress_arrival_run_avg_cycles = 1
stat.node.7.fabric.ingress_arrival_run_stddev_cycles = 0
stat.node.7.fabric.ingress_arrival_gap_max_cycles = 1416
stat.node.6.fabric.ingress_arrival_nonempty_frac = 0.00228029
stat.node.6.fabric.ingress_arrival_run_max_cycles = 1
stat.node.6.fabric.ingress_arrival_run_avg_cycles = 1
stat.node.6.fabric.ingress_arrival_run_stddev_cycles = 0
stat.node.6.fabric.ingress_arrival_gap_max_cycles = 1416
stat.node.7.fabric.ingress_arrival_gap_avg_cycles = 353.643
stat.node.7.fabric.ingress_arrival_gap_stddev_cycles = 352.038
stat.node.7.fabric.ingress_release_burst_max_pkts = 1
stat.node.7.fabric.ingress_release_burst_max_bytes = 64
stat.node.7.fabric.ingress_release_burst_avg_pkts = 1
stat.node.7.fabric.ingress_release_burst_avg_bytes = 64
stat.node.6.fabric.ingress_arrival_gap_avg_cycles = 353.643
stat.node.6.fabric.ingress_arrival_gap_stddev_cycles = 352.038
stat.node.6.fabric.ingress_release_burst_max_pkts = 1
stat.node.6.fabric.ingress_release_burst_max_bytes = 64
stat.node.6.fabric.ingress_release_burst_avg_pkts = 1
stat.node.6.fabric.ingress_release_burst_avg_bytes = 64
stat.node.6.fabric.ingress_release_burst_stddev_pkts = 0
stat.node.6.fabric.ingress_release_burst_stddev_bytes = 0
stat.node.6.fabric.ingress_release_nonempty_frac = 0.00228029
stat.node.7.fabric.ingress_release_burst_stddev_pkts = 0
stat.node.7.fabric.ingress_release_burst_stddev_bytes = 0
stat.node.7.fabric.ingress_release_nonempty_frac = 0.00228029
stat.node.7.fabric.ingress_release_run_max_cycles = 1
stat.node.7.fabric.ingress_release_run_avg_cycles = 1
stat.node.7.fabric.ingress_release_run_stddev_cycles = 0
stat.node.7.fabric.ingress_release_gap_max_cycles = 1416
stat.node.7.fabric.ingress_release_gap_avg_cycles = 353.592
stat.node.7.fabric.ingress_release_gap_stddev_cycles = 352.031
stat.node.6.fabric.ingress_release_run_max_cycles = 1
stat.node.6.fabric.ingress_release_run_avg_cycles = 1
stat.node.6.fabric.ingress_release_run_stddev_cycles = 0
stat.node.6.fabric.ingress_release_gap_max_cycles = 1416
stat.node.6.fabric.ingress_release_gap_avg_cycles = 353.592
stat.node.7.fabric.ingress_occ_avg_bytes = 21.0152
stat.node.7.fabric.ingress_occ_stddev_bytes = 46.3986
stat.node.7.fabric.ingress_occ_max_bytes = 384
stat.node.7.fabric.ingress_occ_nonempty_frac = 0.211411
stat.node.7.fabric.ingress_occ_run_max_cycles = 944
stat.node.7.fabric.ingress_occ_run_avg_cycles = 194.306
stat.node.6.fabric.ingress_release_gap_stddev_cycles = 352.031
stat.node.6.fabric.ingress_occ_avg_bytes = 21.0152
stat.node.6.fabric.ingress_occ_stddev_bytes = 46.3986
stat.node.6.fabric.ingress_occ_max_bytes = 384
stat.node.6.fabric.ingress_occ_nonempty_frac = 0.211411
stat.node.6.fabric.ingress_occ_run_max_cycles = 944
stat.node.6.fabric.ingress_occ_run_avg_cycles = 194.306
stat.node.6.fabric.ingress_occ_run_stddev_cycles = 63.6282
stat.node.6.fabric.ingress_occ_gap_max_cycles = 1273
stat.node.6.fabric.ingress_occ_gap_avg_cycles = 548.896
stat.node.6.fabric.ingress_occ_gap_stddev_cycles = 199.769
stat.node.6.fabric.ingress_wait_avg_cycles.demand_req = 0
stat.node.6.fabric.ingress_wait_max_cycles.demand_req = 0
stat.node.6.fabric.ingress_queue_wait_avg_cycles.demand_req = 0
stat.node.6.fabric.ingress_queue_wait_max_cycles.demand_req = 0
stat.node.6.fabric.egress_wait_avg_cycles.demand_req = 1
stat.node.6.fabric.egress_wait_max_cycles.demand_req = 1
stat.node.6.fabric.egress_occ_avg_bytes.demand_req = 0
stat.node.6.fabric.egress_occ_max_bytes.demand_req = 0
stat.node.6.fabric.egress_blocked_cycles.demand_req = 0
stat.node.6.fabric.ingress_arrival_empty_packets.demand_req = 0
stat.node.6.fabric.ingress_arrival_nonempty_packets.demand_req = 0
stat.node.6.fabric.ingress_arrival_nonempty_packet_frac.demand_req = 0
stat.node.6.fabric.ingress_nonempty_arrival_pre_occ_avg_bytes.demand_req = 0
stat.node.6.fabric.ingress_nonempty_arrival_pre_occ_max_bytes.demand_req = 0
stat.node.6.fabric.ingress_release_after_empty_arrival_packets.demand_req = 0
stat.node.6.fabric.ingress_release_after_nonempty_arrival_packets.demand_req = 0
stat.node.6.fabric.ingress_wait_after_empty_arrival_avg_cycles.demand_req = 0
stat.node.6.fabric.ingress_wait_after_nonempty_arrival_avg_cycles.demand_req = 0
stat.node.6.fabric.ingress_queue_wait_after_empty_arrival_avg_cycles.demand_req = 0
stat.node.6.fabric.ingress_queue_wait_after_nonempty_arrival_avg_cycles.demand_req = 0
stat.node.6.fabric.ingress_queue_wait_after_empty_arrival_max_cycles.demand_req = 0
stat.node.6.fabric.ingress_queue_wait_after_nonempty_arrival_max_cycles.demand_req = 0
stat.node.6.fabric.rx_bytes.demand_req = 0
stat.node.6.fabric.tx_bytes.demand_req = 48552
stat.node.6.fabric.rx_pkts.demand_req = 0
stat.node.6.fabric.tx_pkts.demand_req = 6069
stat.node.6.fabric.ingress_wait_avg_cycles.write_req = 0
stat.node.6.fabric.ingress_wait_max_cycles.write_req = 0
stat.node.6.fabric.ingress_queue_wait_avg_cycles.write_req = 0
stat.node.6.fabric.ingress_queue_wait_max_cycles.write_req = 0
stat.node.6.fabric.egress_wait_avg_cycles.write_req = 1
stat.node.6.fabric.egress_wait_max_cycles.write_req = 1
stat.node.6.fabric.egress_occ_avg_bytes.write_req = 0
stat.node.6.fabric.egress_occ_max_bytes.write_req = 0
stat.node.6.fabric.egress_blocked_cycles.write_req = 0
stat.node.6.fabric.ingress_arrival_empty_packets.write_req = 0
stat.node.6.fabric.ingress_arrival_nonempty_packets.write_req = 0
stat.node.6.fabric.ingress_arrival_nonempty_packet_frac.write_req = 0
stat.node.6.fabric.ingress_nonempty_arrival_pre_occ_avg_bytes.write_req = 0
stat.node.6.fabric.ingress_nonempty_arrival_pre_occ_max_bytes.write_req = 0
stat.node.6.fabric.ingress_release_after_empty_arrival_packets.write_req = 0
stat.node.6.fabric.ingress_release_after_nonempty_arrival_packets.write_req = 0
stat.node.6.fabric.ingress_wait_after_empty_arrival_avg_cycles.write_req = 0
stat.node.6.fabric.ingress_wait_after_nonempty_arrival_avg_cycles.write_req = 0
stat.node.6.fabric.ingress_queue_wait_after_empty_arrival_avg_cycles.write_req = 0
stat.node.6.fabric.ingress_queue_wait_after_nonempty_arrival_avg_cycles.write_req = 0
stat.node.6.fabric.ingress_queue_wait_after_empty_arrival_max_cycles.write_req = 0
stat.node.6.fabric.ingress_queue_wait_after_nonempty_arrival_max_cycles.write_req = 0
stat.node.6.fabric.rx_bytes.write_req = 0
stat.node.6.fabric.tx_bytes.write_req = 187264
stat.node.6.fabric.rx_pkts.write_req = 0
stat.node.6.fabric.tx_pkts.write_req = 2926
stat.node.6.fabric.ingress_wait_avg_cycles.response = 145
stat.node.6.fabric.ingstat.node.7.fabric.ingress_occ_run_stddev_cycles = 63.6282
stat.node.7.fabric.ingress_occ_gap_max_cycles = 1273
stat.node.7.fabric.ingress_occ_gap_avg_cycles = 548.896
stat.node.7.fabric.ingress_occ_gap_stddev_cycles = 199.769
stat.node.7.fabric.ingress_wait_avg_cycles.demand_req = 0
stat.node.7.fabric.ingress_wait_max_cycles.demand_req = 0
stat.node.7.fabric.ingress_queue_wait_avg_cycles.demand_req = 0
stat.node.7.fabric.ingress_queue_wait_max_cycles.demand_req = 0
stat.node.7.fabric.egress_wait_avg_cycles.demand_req = 1
stat.node.7.fabric.egress_wait_max_cycles.demand_req = 1
stat.node.7.fabric.egress_occ_avg_bytes.demand_req = 0
stat.node.7.fabric.egress_occ_max_bytes.demand_req = 0
stat.node.7.fabric.egress_blocked_cycles.demand_req = 0
stat.node.7.fabric.ingress_arrival_empty_packets.demand_req = 0
stat.node.7.fabric.ingress_arrival_nonempty_packets.demand_req = 0
stat.node.7.fabric.ingress_arrival_nonempty_packet_frac.demand_req = 0
stat.node.7.fabric.ingress_nonempty_arrival_pre_occ_avg_bytes.demand_req = 0
stat.node.7.fabric.ingress_nonempty_arrival_pre_occ_max_bytes.demand_req = 0
stat.node.7.fabric.ingress_release_after_empty_arrival_packets.demand_req = 0
stat.node.7.fabric.ingress_release_after_nonempty_arrival_packets.demand_req = 0
stat.node.7.fabric.ingress_wait_after_empty_arrival_avg_cycles.demand_req = 0
stat.node.7.fabric.ingress_wait_after_nonempty_arrival_avg_cycles.demand_req = 0
stat.node.7.fabric.ingress_queue_wait_after_empty_arrival_avg_cycles.demand_req = 0
stat.node.7.fabric.ingress_queue_wait_after_nonempty_arrival_avg_cycles.demand_req = 0
stat.node.7.fabric.ingress_queue_wait_after_empty_arrival_max_cycles.demand_req = 0
stat.node.7.fabric.ingress_queue_wait_after_nonempty_arrival_max_cycles.demand_req = 0
stat.node.7.fabric.rx_bytes.demand_req = 0
stat.node.7.fabric.tx_bytes.demand_req = 48552
stat.node.7.fabric.rx_pkts.demand_req = 0
stat.node.7.fabric.tx_pkts.demand_req = 6069
stat.node.7.fabric.ingress_wait_avg_cycles.write_req = 0
stat.node.7.fabric.ingress_wait_max_cycles.write_req = 0
stat.node.7.fabric.ingress_queue_wait_avg_cycles.write_req = 0
stat.node.7.fabric.ingress_queue_wait_max_cycles.write_req = 0
stat.node.7.fabric.egress_wait_avg_cycles.write_req = 1
stat.node.7.fabric.egress_wait_max_cycles.write_req = 1
stat.node.7.fabric.egress_occ_avg_bytes.write_req = 0
stat.node.7.fabric.egress_occ_max_bytes.write_req = 0
stat.node.7.fabric.egress_blocked_cycles.write_req = 0
stat.node.7.fabric.ingress_arrival_empty_packets.write_req = 0
stat.node.7.fabric.ingress_arrival_nonempty_packets.write_req = 0
stat.node.7.fabric.ingress_arrival_nonempty_packet_frac.write_req = 0
stat.node.7.fabric.ingress_nonempty_arrival_pre_occ_avg_bytes.write_req = 0
stat.node.7.fabric.ingress_nonempty_arrival_pre_occ_max_bytes.write_req = 0
stat.node.7.fabric.ingress_release_after_empty_arrival_packets.write_req = 0
stat.node.7.fabric.ingress_release_after_nonempty_arrival_packets.write_req = 0
stat.node.7.fabric.ingress_wait_after_empty_arrival_avg_cycles.write_req = 0
stat.node.7.fabric.ingress_wait_after_nonempty_arrival_avg_cycles.write_req = 0
stat.node.7.fabric.ingress_queue_wait_after_empty_arrival_avg_cycles.write_req = 0
stat.node.7.fabric.ingress_queue_wait_after_nonempty_arrival_avg_cycles.write_req = 0
stat.node.7.fabric.ingress_queue_wait_after_empty_arrival_max_cycles.write_req = 0
stat.node.7.fabric.ingress_queue_wait_after_nonempty_arrival_max_cycles.write_req = 0
stat.node.7.fabric.rx_bytes.write_req = 0
stat.node.7.fabric.tx_bytes.write_req = 187264
stat.node.7.fabric.rx_pkts.write_req = 0
stat.node.7.fabric.tx_pkts.write_req = 2926
stat.node.7.fabric.ingress_wait_avg_cycles.response = 145
stat.node.7.fabric.ingress_wait_max_cycles.response = 145
stat.node.7.fabric.ingress_queue_wait_avg_cycles.response = 0
stat.node.7.fabric.ingress_queue_wait_max_cycles.response = 0
stat.node.7.fabric.egress_wait_avg_cycles.response = 0
stat.node.7.fabric.egress_wait_max_cycles.response = 0
stat.node.7.fabric.egress_occ_avg_bytes.response = 0
stat.node.7.fabric.egress_occ_max_bytes.response = 0
staress_wait_max_cycles.response = 145
stat.node.6.fabric.ingress_queue_wait_avg_cycles.response = 0
stat.node.6.fabric.ingress_queue_wait_max_cycles.response = 0
stat.node.6.fabric.egress_wait_avg_cycles.response = 0
stat.node.6.fabric.egress_wait_max_cycles.response = 0
stat.node.6.fabric.egress_occ_avg_bytes.response = 0
stat.node.6.fabric.egress_occ_max_bytes.response = 0
stat.node.6.fabric.egress_blocked_cycles.response = 0
stat.node.6.fabric.ingress_arrival_empty_packets.response = 2902
stat.node.6.fabric.ingress_arrival_nonempty_packets.response = 3180
stat.node.6.fabric.ingress_arrival_nonempty_packet_frac.response = 0.522854
stat.node.6.fabric.ingress_nonempty_arrival_pre_occ_avg_bytes.response = 95.517
stat.node.6.fabric.ingress_nonempty_arrival_pre_occ_max_bytes.response = 320
stat.node.6.fabric.ingress_release_after_empty_arrival_packets.response = 2902
stat.node.6.fabric.ingress_release_after_nonempty_arrival_packets.response = 3180
stat.node.6.fabric.ingress_wait_after_empty_arrival_avg_cycles.response = 145
stat.node.6.fabric.ingress_wait_after_nonempty_arrival_avg_cycles.response = 145
stat.node.6.fabric.ingress_queue_wait_after_empty_arrival_avg_cycles.response = 0
stat.node.6.fabric.ingress_queue_wait_after_nonempty_arrival_avg_cycles.response = 0
stat.node.6.fabric.ingress_queue_wait_after_empty_arrival_max_cycles.response = 0
stat.node.6.fabric.ingress_queue_wait_after_nonempty_arrival_max_cycles.response = 0
stat.node.6.fabric.rx_bytes.response = 389248
stat.node.6.fabric.tx_bytes.response = 0
stat.node.6.fabric.rx_pkts.response = 6082
stat.node.6.fabric.tx_pkts.response = 0
stat.node.6.fabric.ingress_wait_avg_cycles.other_req = 0
stat.node.6.fabric.ingress_wait_max_cycles.other_req = 0
stat.node.6.fabric.ingress_queue_wait_avg_cycles.other_req = 0
stat.node.6.fabric.ingress_queue_wait_max_cycles.other_req = 0
stat.node.6.fabric.egress_wait_avg_cycles.other_req = 1
stat.node.6.fabric.egress_wait_max_cycles.other_req = 1
stat.node.6.fabric.egress_occ_avg_bytes.other_req = 0
stat.node.6.fabric.egress_occ_max_bytes.other_req = 0
stat.node.6.fabric.egress_blocked_cycles.other_req = 0
stat.node.6.fabric.ingress_arrival_empty_packets.other_req = 0
stat.node.6.fabric.ingress_arrival_nonempty_packets.other_req = 0
stat.node.6.fabric.ingress_arrival_nonempty_packet_frac.other_req = 0
stat.node.6.fabric.ingress_nonempty_arrival_pre_occ_avg_bytes.other_req = 0
stat.node.6.fabric.ingress_nonempty_arrival_pre_occ_max_bytes.other_req = 0
stat.node.6.fabric.ingress_release_after_empty_arrival_packets.other_req = 0
stat.node.6.fabric.ingress_release_after_nonempty_arrival_packets.other_req = 0
stat.node.6.fabric.ingress_wait_after_empty_arrival_avg_cycles.other_req = 0
stat.node.6.fabric.ingress_wait_after_nonempty_arrival_avg_cycles.other_req = 0
stat.node.6.fabric.ingress_queue_wait_after_empty_arrival_avg_cycles.other_req = 0
stat.node.6.fabric.ingress_queue_wait_after_nonempty_arrival_avg_cycles.other_req = 0
stat.node.6.fabric.ingress_queue_wait_after_empty_arrival_max_cycles.other_req = 0
stat.node.6.fabric.ingress_queue_wait_after_nonempty_arrival_max_cycles.other_req = 0
stat.node.6.fabric.rx_bytes.other_req = 0
stat.node.6.fabric.tx_bytes.other_req = 104
stat.node.6.fabric.rx_pkts.other_req = 0
stat.node.6.fabric.tx_pkts.other_req = 13
stat.node.6.walltime_s = 68.0101
stat.node.6.active_time_s = 26.8075
t.node.7.fabric.egress_blocked_cycles.response = 0
stat.node.7.fabric.ingress_arrival_empty_packets.response = 2902
stat.node.7.fabric.ingress_arrival_nonempty_packets.response = 3180
stat.node.7.fabric.ingress_arrival_nonempty_packet_frac.response = 0.522854
stat.node.7.fabric.ingress_nonempty_arrival_pre_occ_avg_bytes.response = 95.517
stat.node.7.fabric.ingress_nonempty_arrival_pre_occ_max_bytes.response = 320
stat.node.7.fabric.ingress_release_after_empty_arrival_packets.response = 2902
stat.node.7.fabric.ingress_release_after_nonempty_arrival_packets.response = 3180
stat.node.7.fabric.ingress_wait_after_empty_arrival_avg_cycles.response = 145
stat.node.7.fabric.ingress_wait_after_nonempty_arrival_avg_cycles.response = 145
stat.node.7.fabric.ingress_queue_wait_after_empty_arrival_avg_cycles.response = 0
stat.node.7.fabric.ingress_queue_wait_after_nonempty_arrival_avg_cycles.response = 0
stat.node.7.fabric.ingress_queue_wait_after_empty_arrival_max_cycles.response = 0
stat.node.7.fabric.ingress_queue_wait_after_nonempty_arrival_max_cycles.response = 0
stat.node.7.fabric.rx_bytes.response = 389248
stat.node.7.fabric.tx_bytes.response = 0
stat.node.7.fabric.rx_pkts.response = 6082
stat.node.7.fabric.tx_pkts.response = 0
stat.node.7.fabric.ingress_wait_avg_cycles.other_req = 0
stat.node.7.fabric.ingress_wait_max_cycles.other_req = 0
stat.node.7.fabric.ingress_queue_wait_avg_cycles.other_req = 0
stat.node.7.fabric.ingress_queue_wait_max_cycles.other_req = 0
stat.node.7.fabric.egress_wait_avg_cycles.other_req = 1
stat.node.7.fabric.egress_wait_max_cycles.other_req = 1
stat.node.7.fabric.egress_occ_avg_bytes.other_req = 0
stat.node.7.fabric.egress_occ_max_bytes.other_req = 0
stat.node.7.fabric.egress_blocked_cycles.other_req = 0
stat.node.7.fabric.ingress_arrival_empty_packets.other_req = 0
stat.node.7.fabric.ingress_arrival_nonempty_packets.other_req = 0
stat.node.7.fabric.ingress_arrival_nonempty_packet_frac.other_req = 0
stat.node.7.fabric.ingress_nonempty_arrival_pre_occ_avg_bytes.other_req = 0
stat.node.7.fabric.ingress_nonempty_arrival_pre_occ_max_bytes.other_req = 0
stat.node.7.fabric.ingress_release_after_empty_arrival_packets.other_req = 0
stat.node.7.fabric.ingress_release_after_nonempty_arrival_packets.other_req = 0
stat.node.7.fabric.ingress_wait_after_empty_arrival_avg_cycles.other_req = 0
stat.node.7.fabric.ingress_wait_after_nonempty_arrival_avg_cycles.other_req = 0
stat.node.7.fabric.ingress_queue_wait_after_empty_arrival_avg_cycles.other_req = 0
stat.node.7.fabric.ingress_queue_wait_after_nonempty_arrival_avg_cycles.other_req = 0
stat.node.7.fabric.ingress_queue_wait_after_empty_arrival_max_cycles.other_req = 0
stat.node.7.fabric.ingress_queue_wait_after_nonempty_arrival_max_cycles.other_req = 0
stat.node.7.fabric.rx_bytes.other_req = 0
stat.node.7.fabric.tx_bytes.other_req = 104
stat.node.7.fabric.rx_pkts.other_req = 0
stat.node.7.fabric.tx_pkts.other_req = 13
stat.node.7.walltime_s = 68.0101
stat.node.7.active_time_s = 26.957
stat.pool.101.util.mem_avg = 0.0715867
stat.pool.101.util.req_link_avg = 0.247891
stat.pool.101.memq.demand.completed = 24276
stat.pool.101.memq.demand.response_completed = 24276
stat.pool.101.memq.demand.queue_wait_avg_cycles = 1.52447
stat.pool.101.memq.demand.queue_wait_max_cycles = 11
stat.pool.101.memq.demand.service_avg_cycles = 75.2056
stat.pool.101.memq.demand.service_max_cycles = 123
stat.pool.101.memq.demand.total_avg_cycles = 76.7301
stat.pool.101.memq.demand.total_max_cycles = 134
stat.pool.101.memq.demand.ahead_pkts_avg.load = 0.75346
stat.pool.101.memq.demand.ahead_pkts_max.load = 7
stat.pool.101.memq.demand.ahead_bytes_avg.load = 48.2215
stat.pool.101.memq.demand.ahead_bytes_max.load = 448
stat.pool.101.memq.demand.ahead_pkts_avg.rfo = 0.69373
stat.pool.101.memq.demand.ahead_pkts_max.rfo = 15
stat.pool.101.memq.demand.ahead_bytes_avg.rfo = 44.3987
stat.pool.101.memq.demand.ahead_bytes_max.rfo = 960
stat.pool.101.memq.demand.ahead_pkts_avg.write = 1.45007
stat.pool.101.memq.demand.ahead_pkts_max.write = 3
stat.pool.101.memq.demand.ahead_bytes_avg.write = 92.8047
stat.pool.101.memq.demand.ahead_bytes_max.write = 192
stat.pool.101.memq.demand.ahead_pkts_avg.other = 0.00317186
stat.pool.101.memq.demand.ahead_pkts_max.other = 1
stat.pool.101.memq.demand.ahead_bytes_avg.other = 0.202999
stat.pool.101.memq.demand.ahead_bytes_max.other = 64
stat.pool.101.memq.queue_occ_avg_bytes = 87.4775
stat.pool.101.memq.queue_occ_stddev_bytes = 109.287
stat.pool.101.memq.queue_occ_max_bytes = 1024
stat.pool.101.memq.queue_occ_nonempty_frac = 0.529433
stat.pool.101.memq.enqueue_burst_avg_pkts = 1
stat.pool.101.memq.enqueue_burst_stddev_pkts = 0
stat.pool.101.memq.enqueue_burst_max_pkts = 1
stat.pool.101.memq.complete_burst_avg_pkts = 1
stat.pool.101.memq.complete_burst_stddev_pkts = 0
stat.pool.101.memq.complete_burst_max_pkts = 1
stat.pool.101.memq.queue_occ_avg_bytes.load = 27.0169
stat.pool.101.memq.queue_occ_max_bytes.load = 512
stat.pool.101.memq.queue_occ_avg_pkts.load = 0.42214
stat.pool.101.memq.queue_occ_max_pkts.load = 8
stat.pool.101.memq.enqueue_burst_avg_pkts.load = 0.307454
stat.pool.101.memq.enqueue_burst_max_pkts.load = 1
stat.pool.101.memq.complete_burst_avg_pkts.load = 0.307454
stat.pool.101.memq.complete_burst_max_pkts.load = 1
stat.pool.101.memq.queue_occ_avg_bytes.rfo = 17.6789
stat.pool.101.memq.queue_occ_max_bytes.rfo = 1024
stat.pool.101.memq.queue_occ_avg_pkts.rfo = 0.276233
stat.pool.101.memq.queue_occ_max_pkts.rfo = 16
stat.pool.101.memq.enqueue_burst_avg_pkts.rfo = 0.201115
stat.pool.101.memq.enqueue_burst_max_pkts.rfo = 1
stat.pool.101.memq.complete_burst_avg_pkts.rfo = 0.201115
stat.pool.101.memq.complete_burst_max_pkts.rfo = 1
stat.pool.101.memq.queue_occ_avg_bytes.write = 42.6851
stat.pool.101.memq.queue_occ_max_bytes.write = 256
stat.pool.101.memq.queue_occ_avg_pkts.write = 0.666955
stat.pool.101.memq.queue_occ_max_pkts.write = 4
stat.pool.101.memq.enqueue_burst_avg_pkts.write = 0.490342
stat.pool.101.memq.enqueue_burst_max_pkts.write = 1
stat.pool.101.memq.complete_burst_avg_pkts.write = 0.490342
stat.pool.101.memq.complete_burst_max_pkts.write = 1
stat.pool.101.memq.queue_occ_avg_bytes.other = 0.0965087
stat.pool.101.memq.queue_occ_max_bytes.other = 128
stat.pool.101.memq.queue_occ_avg_pkts.other = 0.00150795
stat.pool.101.memq.queue_occ_max_pkts.other = 2
stat.pool.101.memq.enqueue_burst_avg_pkts.other = 0.00108937
stat.pool.101.memq.enqueue_burst_max_pkts.other = 1
stat.pool.101.memq.complete_burst_avg_pkts.other = 0.00108937
stat.pool.101.memq.complete_burst_max_pkts.other = 1
stat.pool.101.memq.load.completed = 14676
stat.pool.101.memq.load.response_completed = 14676
stat.pool.101.memq.load.queue_wait_avg_cycles = 1.50988
stat.pool.101.memq.load.queue_wait_max_cycles = 10
stat.pool.101.memq.load.service_avg_cycles = 75.2093
stat.pool.101.memq.load.service_max_cycles = 123
stat.pool.101.memq.load.total_avg_cycles = 76.7192
stat.pool.101.memq.load.total_max_cycles = 133
stat.pool.101.memq.load.ahead_pkts_avg.load = 0.863042
stat.pool.101.memq.load.ahead_pkts_max.load = 7
stat.pool.101.memq.load.ahead_bytes_avg.load = 55.2347
stat.pool.101.memq.load.ahead_bytes_max.load = 448
stat.pool.101.memq.load.ahead_pkts_avg.rfo = 0.663669
stat.pool.101.memq.load.ahead_pkts_max.rfo = 8
stat.pool.101.memq.load.ahead_bytes_avg.rfo = 42.4748
stat.pool.101.memq.load.ahead_bytes_max.rfo = 512
stat.pool.101.memq.load.ahead_pkts_avg.write = 1.36618
stat.pool.101.memq.load.ahead_pkts_max.write = 3
stat.pool.101.memq.load.ahead_bytes_avg.write = 87.4353
stat.pool.101.memq.load.ahead_bytes_max.write = 192
stat.pool.101.memq.load.ahead_pkts_avg.other = 0.00395203
stat.pool.101.memq.load.ahead_pkts_max.other = 1
stat.pool.101.memq.load.ahead_bytes_avg.other = 0.25293
stat.pool.101.memq.load.ahead_bytes_max.other = 64
stat.pool.101.respq.load.attempted = 14676
stat.pool.101.respq.load.completed = 14676
stat.pool.101.respq.load.can_send_blocked = 0
stat.pool.101.respq.load.send_failed = 0
stat.pool.101.respq.load.wait_avg_cycles = 0
stat.pool.101.respq.load.wait_max_cycles = 0
stat.pool.100.util.mem_avg = 0.0715867
stat.pool.100.util.req_link_avg = 0.247891
stat.pool.100.memq.demand.completed = 24276
stat.pool.100.memq.demand.response_completed = 24276
stat.pool.100.memq.demand.queue_wait_avg_cycles = 1.52447
stat.pool.100.memq.demand.queue_wait_max_cycles = 11
stat.pool.100.memq.demand.service_avg_cycles = 75.2056
stat.pool.100.memq.demand.service_max_cycles = 123
stat.pool.100.memq.demand.total_avg_cycles = 76.7301
stat.pool.100.memq.demand.total_max_cycles = 134
stat.pool.100.memq.demand.ahead_pkts_avg.load = 0.75346
stat.pool.100.memq.demand.ahead_pkts_max.load = 7
stat.pool.100.memq.demand.ahead_bytes_avg.load = 48.2215
stat.pool.100.memq.demand.ahead_bytes_max.load = 448
stat.pool.100.memq.demand.ahead_pkts_avg.rfo = 0.69373
stat.pool.101.memq.rfo.completed = 9600
stat.pool.101.memq.rfo.response_completed = 9600
stat.pool.101.memq.rfo.queue_wait_avg_cycles = 1.54677
stat.pool.101.memq.rfo.queue_wait_max_cycles = 11
stat.pool.101.memq.rfo.service_avg_cycles = 75.2
stat.pool.101.memq.rfo.service_max_cycles = 123
stat.pool.101.memq.rfo.total_avg_cycles = 76.7468
stat.pool.101.memq.rfo.total_max_cycles = 134
stat.pool.101.memq.rfo.ahead_pkts_avg.load = 0.585938
stat.pool.101.memq.rfo.ahead_pkts_max.load = 7
stat.pool.101.memq.rfo.ahead_bytes_avg.load = 37.5
stat.pool.101.memq.rfo.ahead_bytes_max.load = 448
stat.pool.101.memq.rfo.ahead_pkts_avg.rfo = 0.739688
stat.pool.101.memq.rfo.ahead_pkts_max.rfo = 15
stat.pool.101.memq.rfo.ahead_bytes_avg.rfo = 47.34
stat.pool.101.memq.rfo.ahead_bytes_max.rfo = 960
stat.pool.101.memq.rfo.ahead_pkts_avg.write = 1.57833
stat.pool.101.memq.rfo.ahead_pkts_max.write = 3
stat.pool.101.memq.rfo.ahead_bytes_avg.write = 101.013
stat.pool.101.memq.rfo.ahead_bytes_max.write = 192
stat.pool.101.memq.rfo.ahead_pkts_avg.other = 0.00197917
stat.pool.101.memq.rfo.ahead_pkts_max.other = 1
stat.pool.101.memq.rfo.ahead_bytes_avg.other = 0.126667
stat.pool.101.memq.rfo.ahead_bytes_max.other = 64
stat.pool.101.respq.rfo.attempted = 9600
stat.pool.101.respq.rfo.completed = 9600
stat.pool.101.respq.rfo.can_send_blocked = 0
stat.pool.101.respq.rfo.send_failed = 0
stat.pool.101.respq.rfo.wait_avg_cycles = 0
stat.pool.101.respq.rfo.wait_max_cycles = 0
stat.pool.101.memq.write.completed = 23406
stat.pool.101.memq.write.response_completed = 0
stat.pool.101.memq.write.queue_wait_avg_cycles = 1
stat.pool.101.memq.write.queue_wait_max_cycles = 1
stat.pool.101.memq.write.service_avg_cycles = 75.0021
stat.pool.101.memq.write.service_max_cycles = 123
stat.pool.101.memq.write.total_avg_cycles = 76.0021
stat.pool.101.memq.write.total_max_cycles = 124
stat.pool.101.memq.write.ahead_pkts_avg.load = 0.262454
stat.pool.101.memq.write.ahead_pkts_max.load = 7
stat.pool.101.memq.write.ahead_bytes_avg.load = 16.7971
stat.pool.101.memq.write.ahead_bytes_max.load = 448
stat.pool.101.memq.write.ahead_pkts_avg.rfo = 0.196104
stat.pool.101.memq.write.ahead_pkts_max.rfo = 5
stat.pool.101.memq.write.ahead_bytes_avg.rfo = 12.5506
stat.pool.101.memq.write.ahead_bytes_max.rfo = 320
stat.pool.101.memq.write.ahead_pkts_avg.write = 1.45967
stat.pool.101.memq.write.ahead_pkts_max.write = 3
stat.pool.101.memq.write.ahead_bytes_avg.write = 93.4188
stat.pool.101.memq.write.ahead_bytes_max.write = 192
stat.pool.101.memq.write.ahead_pkts_avg.other = 0.00115355
stat.pool.101.memq.write.ahead_pkts_max.other = 1
stat.pool.101.memq.write.ahead_bytes_avg.other = 0.0738272
stat.pool.101.memq.write.ahead_bytes_max.other = 64
stat.pool.101.respq.write.attempted = 0
stat.pool.101.respq.write.completed = 0
stat.pool.101.respq.write.can_send_blocked = 0
stat.pool.101.respq.write.send_failed = 0
stat.pool.101.respq.write.wait_avg_cycles = 0
stat.pool.101.respq.write.wait_max_cycles = 0
stat.pool.101.memq.other.completed = 52
stat.pool.101.memq.other.response_completed = 52
stat.pool.101.memq.other.queue_wait_avg_cycles = 1.42308
stat.pool.101.memq.other.queue_wait_max_cycles = 5
stat.pool.101.memq.other.service_avg_cycles = 75.9231
stat.pool.101.memq.other.service_max_cycles = 123
stat.pool.101.memq.other.total_avg_cycles = 77.3462
stat.pool.101.memq.other.total_max_cycles = 124
stat.pool.101.memq.other.ahead_pkts_avg.load = 0.846154
stat.pool.101.memq.other.ahead_pkts_max.load = 4
stat.pool.101.memq.other.ahead_bytes_avg.load = 54.1538
stat.pool.101.memq.other.ahead_bytes_max.load = 256
stat.pool.101.memq.other.ahead_pkts_avg.rfo = 0.807692
stat.pool.101.memq.other.ahead_pkts_max.rfo = 6
stat.pool.101.memq.other.ahead_bytes_avg.rfo = 51.6923
stat.pool.101.memq.other.ahead_bytes_max.rfo = 384
stat.pool.101.memq.other.ahead_pkts_avg.write = 1.26923
stat.pool.101.memq.other.ahead_pkts_max.write = 3
stat.pool.101.memq.other.ahead_bytes_avg.write = 81.2308
stat.pool.101.memq.other.ahead_bytes_max.write = 192
stat.pool.101.memq.other.ahead_pkts_avg.other = 0.0192308
stat.pool.101.memq.other.ahead_pkts_max.other = 1
stat.pool.101.memq.other.ahead_bytes_avg.other = 1.23077
stat.pool.101.memq.other.ahead_bytes_max.other = 64
stat.pool.101.respq.other.attempted = 52
stat.pool.101.respq.other.completed = 52
stat.pool.101.respq.other.can_send_blocked = 0
stat.pool.101.respq.other.send_failed = 0
stat.pool.101.respq.other.wait_avg_cycles = 0
stat.pool.101.respq.other.wait_max_cycles = 0
stat.pool.101.response.returned_burst_max_pkts = 1
stat.pool.100.memq.demand.ahead_pkts_max.rfo = 15
stat.pool.100.memq.demand.ahead_bytes_avg.rfo = 44.3987
stat.pool.100.memq.demand.ahead_bytes_max.rfo = 960
stat.pool.100.memq.demand.ahead_pkts_avg.write = 1.45007
stat.pool.100.memq.demand.ahead_pkts_max.write = 3
stat.pool.100.memq.demand.ahead_bytes_avg.write = 92.8047
stat.pool.100.memq.demand.ahead_bytes_max.write = 192
stat.pool.100.memq.demand.ahead_pkts_avg.other = 0.00317186
stat.pool.100.memq.demand.ahead_pkts_max.other = 1
stat.pool.100.memq.demand.ahead_bytes_avg.other = 0.202999
stat.pool.100.memq.demand.ahead_bytes_max.other = 64
stat.pool.100.memq.queue_occ_avg_bytes = 87.4775
stat.pool.100.memq.queue_occ_stddev_bytes = 109.287
stat.pool.100.memq.queue_occ_max_bytes = 1024
stat.pool.100.memq.queue_occ_nonempty_frac = 0.529433
stat.pool.100.memq.enqueue_burst_avg_pkts = 1
stat.pool.100.memq.enqueue_burst_stddev_pkts = 0
stat.pool.100.memq.enqueue_burst_max_pkts = 1
stat.pool.100.memq.complete_burst_avg_pkts = 1
stat.pool.100.memq.complete_burst_stddev_pkts = 0
stat.pool.100.memq.complete_burst_max_pkts = 1
stat.pool.100.memq.queue_occ_avg_bytes.load = 27.0169
stat.pool.100.memq.queue_occ_max_bytes.load = 512
stat.pool.100.memq.queue_occ_avg_pkts.load = 0.42214
stat.pool.100.memq.queue_occ_max_pkts.load = 8
stat.pool.100.memq.enqueue_burst_avg_pkts.load = 0.307454
stat.pool.100.memq.enqueue_burst_max_pkts.load = 1
stat.pool.100.memq.complete_burst_avg_pkts.load = 0.307454
stat.pool.100.memq.complete_burst_max_pkts.load = 1
stat.pool.100.memq.queue_occ_avg_bytes.rfo = 17.6789
stat.pool.100.memq.queue_occ_max_bytes.rfo = 1024
stat.pool.100.memq.queue_occ_avg_pkts.rfo = 0.276233
stat.pool.100.memq.queue_occ_max_pkts.rfo = 16
stat.pool.100.memq.enqueue_burst_avg_pkts.rfo = 0.201115
stat.pool.100.memq.enqueue_burst_max_pkts.rfo = 1
stat.pool.100.memq.complete_burst_avg_pkts.rfo = 0.201115
stat.pool.100.memq.complete_burst_max_pkts.rfo = 1
stat.pool.100.memq.queue_occ_avg_bytes.write = 42.6851
stat.pool.100.memq.queue_occ_max_bytes.write = 256
stat.pool.100.memq.queue_occ_avg_pkts.write = 0.666955
stat.pool.100.memq.queue_occ_max_pkts.write = 4
stat.pool.100.memq.enqueue_burst_avg_pkts.write = 0.490342
stat.pool.100.memq.enqueue_burst_max_pkts.write = 1
stat.pool.100.memq.complete_burst_avg_pkts.write = 0.490342
stat.pool.100.memq.complete_burst_max_pkts.write = 1
stat.pool.100.memq.queue_occ_avg_bytes.other = 0.0965087
stat.pool.100.memq.queue_occ_max_bytes.other = 128
stat.pool.100.memq.queue_occ_avg_pkts.other = 0.00150795
stat.pool.100.memq.queue_occ_max_pkts.other = 2
stat.pool.100.memq.enqueue_burst_avg_pkts.other = 0.00108937
stat.pool.100.memq.enqueue_burst_max_pkts.other = 1
stat.pool.100.memq.complete_burst_avg_pkts.other = 0.00108937
stat.pool.100.memq.complete_burst_max_pkts.other = 1
stat.pool.100.memq.load.completed = 14676
stat.pool.100.memq.load.response_completed = 14676
stat.pool.100.memq.load.queue_wait_avg_cycles = 1.50988
stat.pool.100.memq.load.queue_wait_max_cycles = 10
stat.pool.100.memq.load.service_avg_cycles = 75.2093
stat.pool.100.memq.load.service_max_cycles = 123
stat.pool.100.memq.load.total_avg_cycles = 76.7192
stat.pool.100.memq.load.total_max_cycles = 133
stat.pool.100.memq.load.ahead_pkts_avg.load = 0.863042
stat.pool.100.memq.load.ahead_pkts_max.load = 7
stat.pool.100.memq.load.ahead_bytes_avg.load = 55.2347
stat.pool.100.memq.load.ahead_bytes_max.load = 448
stat.pool.100.memq.load.ahead_pkts_avg.rfo = 0.663669
stat.pool.100.memq.load.ahead_pkts_max.rfo = 8
stat.pool.100.memq.load.ahead_bytes_avg.rfo = 42.4748
stat.pool.100.memq.load.ahead_bytes_max.rfo = 512
stat.pool.100.memq.load.ahead_pkts_avg.write = 1.36618
stat.pool.100.memq.load.ahead_pkts_max.write = 3
stat.pool.100.memq.load.ahead_bytes_avg.write = 87.4353
stat.pool.100.memq.load.ahead_bytes_max.write = 192
stat.pool.100.memq.load.ahead_pkts_avg.other = 0.00395203
stat.pool.100.memq.load.ahead_pkts_max.other = 1
stat.pool.100.memq.load.ahead_bytes_avg.other = 0.25293
stat.pool.100.memq.load.ahead_bytes_max.other = 64
stat.pool.100.respq.load.attempted = 14676
stat.pool.100.respq.load.completed = 14676
stat.pool.100.respq.load.can_send_blocked = 0
stat.pool.100.respq.load.send_failed = 0
stat.pool.100.respq.load.wait_avg_cycles = 0
stat.pool.100.respq.load.wait_max_cycles = 0
stat.pool.100.memq.rfo.completed = 9600
stat.pool.100.memq.rfo.response_completed = 9600
stat.pool.100.memq.rfo.queue_wait_avg_cycles = 1.54677
stat.pool.100.memq.rfo.queue_wait_max_cycles = 11
stat.pool.100.memq.rfo.service_avg_cycles = 75.2
stat.pool.100.memq.rfo.service_max_cycles = 123
stat.pool.100.memq.rfo.total_avg_cycles = 76.7468
stat.pool.100.memq.rfo.total_max_cycles = 134
stat.pool.100.memq.rfo.ahead_pkts_avg.load = 0.585938
stat.pool.100.memq.rfo.ahead_pkts_max.load = 7
stat.pool.100.memq.rfo.ahead_bytes_avg.load = 37.5
stat.pool.100.memq.rfo.ahead_bytes_max.load = 448
stat.pool.100.memq.rfo.ahead_pkts_avg.rfo = 0.739688
stat.pool.100.memq.rfo.ahead_pkts_max.rfo = 15
stat.pool.100.memq.rfo.ahead_bytes_avg.rfo = 47.34
stat.pool.101.response.returned_burst_avg_pkts = 1
stat.pool.101.response.returned_burst_stddev_pkts = 0
stat.pool.101.response.returned_nonempty_frac = 0.00912117
stat.pool.101.response.sent_burst_max_pkts = 1
stat.pool.101.response.sent_burst_avg_pkts = 1
stat.pool.101.response.sent_burst_stddev_pkts = 0
stat.pool.101.response.sent_nonempty_frac = 0.00912117
stat.pool.101.response.blocked_cycles = 0
stat.pool.101.response.blocked_avg_pending_pkts = 0
stat.pool.101.response.blocked_max_pending_pkts = 0
stat.pool.101.response.returned_occ_avg_pkts = 0.00912117
stat.pool.101.response.returned_occ_stddev_pkts = 0.0950683
stat.pool.101.response.returned_occ_max_pkts = 1
stat.pool.101.response.pending_occ_avg = 0.709002
stat.pool.101.response.pending_occ_stddev = 1.20063
stat.pool.101.response.pending_occ_max = 16
stat.pool.101.fabric.ingress_wait_avg_cycles = 156.518
stat.pool.101.fabric.egress_wait_avg_cycles = 1
stat.pool.101.fabric.ingress_wait_max_cycles = 545
stat.pool.101.fabric.egress_wait_max_cycles = 1
stat.pool.101.fabric.ingress_queue_wait_avg_cycles = 22.2209
stat.pool.101.fabric.ingress_queue_wait_max_cycles = 400
stat.pool.101.fabric.ingress_occ_bytes = 0
stat.pool.101.fabric.ready_wait_avg_cycles = 0
stat.pool.101.fabric.ready_wait_max_cycles = 0
stat.pool.101.fabric.ready_occ_avg_pkts = 0.0178967
stat.pool.101.fabric.ready_occ_pkts = 0
stat.pool.101.fabric.ready_occ_max_pkts = 1
stat.pool.101.fabric.ready_retry_count = 0
stat.pool.101.fabric.ingress_arrival_burst_max_pkts = 4
stat.pool.101.fabric.ingress_arrival_burst_max_bytes = 136
stat.pool.101.fabric.ingress_arrival_burst_avg_pkts = 1.33376
stat.pool.101.fabric.ingress_arrival_burst_avg_bytes = 47.2941
stat.pool.100.memq.rfo.ahead_bytes_max.rfo = 960
stat.pool.100.memq.rfo.ahead_pkts_avg.write = 1.57833
stat.pool.100.memq.rfo.ahead_pkts_max.write = 3
stat.pool.100.memq.rfo.ahead_bytes_avg.write = 101.013
stat.pool.100.memq.rfo.ahead_bytes_max.write = 192
stat.pool.100.memq.rfo.ahead_pkts_avg.other = 0.00197917
stat.pool.100.memq.rfo.ahead_pkts_max.other = 1
stat.pool.100.memq.rfo.ahead_bytes_avg.other = 0.126667
stat.pool.100.memq.rfo.ahead_bytes_max.other = 64
stat.pool.100.respq.rfo.attempted = 9600
stat.pool.100.respq.rfo.completed = 9600
stat.pool.100.respq.rfo.can_send_blocked = 0
stat.pool.101.fabric.ingress_arrival_burst_stddev_pkts = 0.479663
stat.pool.101.fabric.ingress_arrival_burst_stddev_bytes = 56.3139
stat.pool.101.fabric.ingress_arrival_nonempty_frac = 0.0134182
stat.pool.101.fabric.ingress_arrival_run_max_cycles = 4
stat.pool.101.fabric.ingress_arrival_run_avg_cycles = 1.0125
stat.pool.101.fabric.ingress_arrival_run_stddev_cycles = 0.112891
stat.pool.101.fabric.ingress_arrival_gap_max_cycles = 750
stat.pool.101.fabric.ingress_arrival_gap_avg_cycles = 60.0031
stat.pool.101.fabric.ingress_arrival_gap_stddev_cycles = 80.8121
stat.pool.101.fabric.ingress_release_burst_max_pkts = 1
stat.pool.101.fabric.ingress_release_burst_max_bytes = 64
stat.pool.101.fabric.ingress_release_burst_avg_pkts = 1
stat.pool.101.fabric.ingress_release_burst_avg_bytes = 35.4592
stat.pool.100.respq.rfo.send_failed = 0
stat.pool.100.respq.rfo.wait_avg_cycles = 0
stat.pool.100.respq.rfo.wait_max_cycles = 0
stat.pool.100.memq.write.completed = 23406
stat.pool.100.memq.write.response_completed = 0
stat.pool.100.memq.write.queue_wait_avg_cycles = 1
stat.pool.100.memq.write.queue_wait_max_cycles = 1
stat.pool.100.memq.write.service_avg_cycles = 75.0021
stat.pool.100.memq.write.service_max_cycles = 123
stat.pool.100.memq.write.total_avg_cycles = 76.0021
stat.pool.100.memq.write.total_max_cycles = 124
stat.pool.100.memq.write.ahead_pkts_avg.load = 0.262454
stat.pool.101.fabric.ingress_release_burst_stddev_pkts = 0
stat.pool.101.fabric.ingress_release_burst_stddev_bytes = 27.9948
stat.pool.101.fabric.ingress_release_nonempty_frac = 0.0178967
stat.pool.101.fabric.ingress_release_run_max_cycles = 1
stat.pool.101.fabric.ingress_release_run_avg_cycles = 1
stat.pool.101.fabric.ingress_release_run_stddev_cycles = 0
stat.pool.101.fabric.ingress_release_gap_max_cycles = 686
stat.pool.101.fabric.ingress_release_gap_avg_cycles = 44.1895
stat.pool.101.fabric.ingress_release_gap_stddev_cycles = 72.6081
stat.pool.101.fabric.ingress_occ_avg_bytes = 106.744
stat.pool.101.fabric.ingress_occ_stddev_bytes = 142.117
stat.pool.101.fabric.ingress_occ_max_bytes = 1408
stat.pool.101.fabric.ingress_occ_nonempty_frac = 0.641207
stat.pool.101.fabric.ingress_occ_run_max_cycles = 3037
stat.pool.101.fabric.ingress_occ_run_avg_cycles = 451.963
stat.pool.101.fabric.ingress_occ_run_stddev_cycles = 295.049
stat.pool.101.fabric.ingress_occ_gap_max_cycles = 558
stat.pool.101.fabric.ingress_occ_gap_avg_cycles = 118.121
stat.pool.101.fabric.ingress_occ_gap_stddev_cycles = 106.26
stat.pool.101.fabric.rx_bytes.demand_req = 194208
stat.pool.101.fabric.tx_bytes.demand_req = 0
stat.pool.101.fabric.rx_pkts.demand_req = 24276
stat.pool.101.fabric.tx_pkts.demand_req = 0
stat.pool.101.fabric.rx_bytes.write_req = 1497984
stat.pool.101.fabric.tx_bytes.write_req = 0
stat.pool.101.fabric.rx_pkts.write_req = 23406
stat.pool.101.fabric.tx_pkts.write_req = 0
stat.pool.101.fabric.rx_bytes.response = 0
stat.pool.101.fabric.tx_bytes.response = 1556992
stat.pool.101.fabric.rx_pkts.response = 0
stat.pool.101.fabric.tx_pkts.response = 24328
stat.pool.101.fabric.rx_bytes.other_req = 416
stat.pool.101.fabric.tx_bytes.other_req = 0
stat.pool.101.fabric.rx_pkts.other_req = 52
stat.pool.101.fabric.tx_pkts.other_req = 0
stat.pool.101.port.switch.ingress_wait_avg_cycles = 156.518
stat.pool.101.port.switch.ingress_wait_max_cycles = 545
stat.pool.101.port.switch.egress_wait_avg_cycles = 1
stat.pool.101.port.switch.egress_wait_max_cycles = 1
stat.pool.101.port.switch.ingress_queue_wait_avg_cycles = 22.2209
stat.pool.101.port.switch.ingress_queue_wait_max_cycles = 400
stat.pool.101.port.switch.egress_occ_avg_bytes = 0
stat.pool.101.port.switch.egress_occ_stddev_bytes = 0
stat.pool.101.port.switch.egress_occ_max_bytes = 0
stat.pool.101.port.switch.egress_occ_nonempty_frac = 0
stat.pool.101.port.switch.egress_blocked_cycles = 0
stat.pool.101.port.switch.egress_blocked_nonempty_frac = 0
stat.pool.101.port.switch.egress_blocked_avg_occ_bytes = 0
stat.pool.101.port.switch.egress_blocked_max_occ_bytes = 0
stat.pool.101.port.switch.egress_send_burst_max_pkts = 1
stat.pool.101.port.switch.egress_send_burst_max_bytes = 64
stat.pool.101.port.switch.egress_send_burst_avg_pkts = 1
stat.pool.101.port.switch.egress_send_burst_avg_bytes = 64
stat.pool.101.port.switch.egress_send_burst_stddev_pkts = 0
stat.pool.101.port.switch.egress_send_burst_stddev_bytes = 0
stat.pool.101.port.switch.egress_send_nonempty_frac = 0.00912117
stat.pool.101.port.switch.ingress_arrival_burst_avg_bytes = 47.2941
stat.pool.101.port.switch.ingress_arrival_nonempty_frac = 0.0134182
stat.pool.101.port.switch.ingress_arrival_run_max_cycles = 4
stat.pool.101.port.switch.ingress_arrival_run_avg_cycles = 1.0125
stat.pool.101.port.switch.ingress_arrival_gap_max_cycles = 750
stat.pool.101.port.switch.ingress_arrival_gap_avg_cycles = 60.0031
stat.pool.101.port.switch.ingress_release_burst_avg_bytes = 35.4592
stat.pool.101.port.switch.ingress_release_nonempty_frac = 0.0178967
stat.pool.101.port.switch.ingress_release_run_max_cycles = 1
stat.pool.101.port.switch.ingress_release_run_avg_cycles = 1
stat.pool.101.port.switch.ingress_release_gap_max_cycles = 686
stat.pool.101.port.switch.ingress_release_gap_avg_cycles = 44.1895
stat.pool.101.port.switch.ingress_occ_avg_bytes = 106.744
stat.pool.101.port.switch.ingress_occ_stddev_bytes = 142.117
stat.pool.101.port.switch.ingress_occ_max_bytes = 1408
stat.pool.101.port.switch.ingress_occ_nonempty_frac = 0.641207
stat.pool.101.port.switch.ingress_ostat.pool.100.memq.write.ahead_pkts_max.load = 7
stat.pool.100.memq.write.ahead_bytes_avg.load = 16.7971
stat.pool.100.memq.write.ahead_bytes_max.load = 448
stat.pool.100.memq.write.ahead_pkts_avg.rfo = 0.196104
stat.pool.100.memq.write.ahead_pkts_max.rfo = 5
stat.pool.100.memq.write.ahead_bytes_avg.rfo = 12.5506
stat.pool.100.memq.write.ahead_bytes_max.rfo = 320
stat.pool.100.memq.write.ahead_pkts_avg.write = 1.45967
stat.pool.100.memq.write.ahead_pkts_max.write = 3
stat.pool.100.memq.write.ahead_bytes_avg.write = 93.4188
stat.pool.100.memq.write.ahead_bytes_max.write = 192
stat.pool.100.memq.write.ahead_pkts_avg.other = 0.00115355
stat.pool.100.memq.write.ahead_pkts_max.other = 1
stat.pool.100.memq.write.ahead_bytes_avg.other = 0.0738272
stat.pool.100.memq.write.ahead_bytes_max.other = 64
stat.pool.100.respq.write.attempted = 0
stat.pool.100.respq.write.completed = 0
stat.pool.100.respq.write.can_send_blocked = 0
stat.pool.100.respq.write.send_failed = 0
stat.pool.100.respq.write.wait_avg_cycles = 0
stat.pool.100.respq.write.wait_max_cycles = 0
stat.pool.100.memq.other.completed = 52
stat.pool.100.memq.other.response_completed = 52
stat.pool.100.memq.other.queue_wait_avg_cycles = 1.42308
stat.pool.100.memq.other.queue_wait_max_cycles = 5
stat.pool.100.memq.other.service_avg_cycles = 75.9231
stat.pool.100.memq.other.service_max_cycles = 123
stat.pool.100.memq.other.total_avg_cycles = 77.3462
stat.pool.100.memq.other.total_max_cycles = 124
stat.pool.100.memq.other.ahead_pkts_avg.load = 0.846154
stat.pool.100.memq.other.ahead_pkts_max.load = 4
stat.pool.100.memq.other.ahead_bytes_avg.load = 54.1538
stat.pool.100.memq.other.ahead_bytes_max.load = 256
stat.pool.100.memq.other.ahead_pkts_avg.rfo = 0.807692
stat.pool.100.memq.other.ahead_pkts_max.rfo = 6
stat.pool.100.memq.other.ahead_bytes_avg.rfo = 51.6923
stat.pool.100.memq.other.ahead_bytes_max.rfo = 384
stat.pool.100.memq.other.ahead_pkts_avg.write = 1.26923
stat.pool.100.memq.other.ahead_pkts_max.write = 3
stat.pool.100.memq.other.ahead_bytes_avg.write = 81.2308
stat.pool.100.memq.other.ahead_bytes_max.write = 192
stat.pool.100.memq.other.ahead_pkts_avg.other = 0.0192308
stat.pool.100.memq.other.ahead_pkts_max.other = 1
stat.pool.100.memq.other.ahead_bytes_avg.other = 1.23077
stat.pool.100.memq.other.ahead_bytes_max.other = 64
stat.pool.100.respq.other.attempted = 52
stat.pool.100.respq.other.completed = 52
stat.pool.100.respq.other.can_send_blocked = 0
stat.pool.100.respq.other.send_failed = 0
stat.pool.100.respq.other.wait_avg_cycles = 0
stat.pool.100.respq.other.wait_max_cycles = 0
stat.pool.100.response.returned_burst_max_pkts = 1
stat.pool.100.response.returned_burst_avg_pkts = 1
stat.pool.100.response.returned_burst_stddev_pkts = 0
stat.pool.100.response.returned_nonempty_frac = 0.00912117
stat.pool.100.response.sent_burst_max_pkts = 1
stat.pool.100.response.sent_burst_avg_pkts = 1
stat.pool.100.response.sent_burst_stddev_pkts = 0
stat.pool.100.response.sent_nonempty_frac = 0.00912117
stat.pool.100.response.blocked_cycles = 0
stat.pool.100.response.blocked_avg_pending_pkts = 0
stat.pool.100.response.blocked_max_pending_pkts = 0
stat.pool.100.response.returned_occ_avg_pkts = 0.00912117
stat.pool.100.response.returned_occ_stddev_pkts = 0.0950683
stat.pool.100.response.returned_occ_max_pkts = 1
stat.pool.100.response.pending_occ_avg = 0.709002
stat.pool.100.response.pending_occ_stddev = 1.20063
stat.pool.100.response.pending_occ_max = 16
stat.pool.100.fabric.ingress_wait_avg_cycles = 156.518
stat.pool.100.fabric.egress_wait_avg_cycles = 1
stat.pool.100.fabric.ingress_wait_max_cycles = 545
stat.pool.100.fabric.egress_wait_max_cycles = 1
stat.pool.100.fabric.ingress_queue_wait_avg_cycles = 22.2209
stat.pool.100.fabric.ingress_queue_wait_max_cycles = 400
stat.pool.100.fabric.ingress_occ_bytes = 0
stat.pool.100.fabric.ready_wait_avg_cycles = 0
stat.pool.100.fabric.ready_wait_max_cycles = 0
stat.pool.100.fabric.ready_occ_avg_pkts = 0.0178967
stat.pool.100.fabric.ready_occ_pkts = 0
stat.pool.100.fabric.ready_occ_max_pkts = 1
stat.pool.100.fabric.ready_retry_count = 0
stat.pool.100.fabric.ingress_arrival_burst_max_pkts = 4
stat.pool.100.fabric.ingress_arrival_burst_max_bytes = 136
stat.pool.100.fabric.ingress_arrival_burst_avg_pkts = 1.33376
stat.pool.100.fabric.ingress_arrival_burst_avg_bytes = 47.2941
stat.pool.100.fabric.ingress_arrival_burst_stddev_pkts = 0.479663
stat.pool.100.fabric.ingress_arrival_burst_stddev_bytes = 56.3139
stat.pool.100.fabric.ingress_arrival_nonempty_frac = 0.0134182
stat.pool.100.fabric.ingress_arrival_run_max_cycles = 4
stat.pool.100.fabric.ingress_arrival_run_avg_cycles = 1.0125
stat.pool.100.fabric.ingress_arrival_run_stddev_cycles = 0.112891
stat.pool.100.fabric.ingress_arrival_gap_max_cycles = 750
stat.pool.100.fabric.ingress_arrival_gap_avg_cycles = 60.0031
stat.pool.100.fabric.ingress_arrival_gap_stddev_cycles = 80.8121
stat.pool.100.fabric.ingress_release_burst_max_pkts = 1
stat.pool.100.fabric.ingress_release_burst_max_bytes = 64
stat.pool.100.fabric.ingress_release_burst_avg_pkts = 1
stat.pool.100.fabric.ingress_release_burst_avg_bytes = 35.4592
stat.pool.100.fabric.ingress_release_burst_stddev_pkts = 0
stat.pool.100.fabric.ingress_release_burst_stddev_bytes = 27.9948
stat.pool.100.fabric.ingress_release_nonempty_frac = 0.0178967
stat.pool.100.fabric.ingress_release_run_max_cycles = 1
stat.pool.100.fabric.ingress_release_run_avg_cycles = 1
stat.pool.100.fabric.ingress_release_run_stddev_cycles = 0
stat.pool.100.fabric.ingress_release_gap_max_cycles = 686
stat.pool.100.fabric.ingress_release_gap_avg_cycles = 44.1895
stat.pool.100.fabric.ingress_release_gap_stddev_cycles = 72.6081
stat.pool.100.fabric.ingress_occ_avg_bytes = 106.744
stat.pool.100.fabric.ingress_occ_stddev_bytes = 142.117
stat.pool.100.fabric.ingress_occ_max_bytes = 1408
stat.pool.100.fabric.ingress_occ_nonempty_frac = 0.641207
stat.pool.100.fabric.ingress_occ_run_max_cycles = 3037
stat.pool.100.fabric.ingress_occ_run_avg_cycles = 451.963
stat.pool.100.fabric.ingress_occ_run_stddev_cycles = 295.049
stat.pool.100.fabric.ingress_occ_gap_max_cycles = 558
stat.pool.100.fabric.ingress_occ_gap_avg_cycles = 118.121
stat.pool.100.fabric.ingress_occ_gap_stddev_cycles = 106.26
stat.pool.100.fabric.rx_bytes.demand_req = 194208
stat.pool.100.fabric.tx_bytes.demand_req = 0
stat.pool.100.fabric.rx_pkts.demand_req = 24276
stat.pool.100.fabric.tx_pkts.demand_req = 0
stat.pool.100.fabric.rx_bytes.write_req = 1497984
stat.pool.100.fabric.tx_bytes.write_req = 0
stat.pool.100.fabric.rx_pkts.write_req = 23406
stat.pool.100.fabric.tx_pkts.write_req = 0
stat.pool.100.fabric.rx_bytes.response = 0
stat.pool.100.fabric.tx_bytes.response = 1556992
stat.pool.100.fabric.rx_pkts.response = 0
stat.pool.100.fabric.tx_pkts.response = 24328
stat.pool.100.fabric.rx_bytes.other_req = 416
stat.pool.100.fabric.tx_bytes.other_req = 0
stat.pool.100.fabric.rx_pkts.other_req = 52
stat.pool.100.fabric.tx_pkts.other_req = 0
stat.pool.100.port.switch.ingress_wait_avg_cycles = 156.518
stat.pool.100.port.switch.ingress_wait_max_cycles = 545
stat.pool.100.port.switch.egress_wait_avg_cycles = 1
stat.pool.100.port.switch.egress_wait_max_cycles = 1
cc_run_max_cycles = 3037
stat.pool.101.port.switch.ingress_occ_run_avg_cycles = 451.963
stat.pool.101.port.switch.ingress_occ_gap_max_cycles = 558
stat.pool.101.port.switch.ingress_occ_gap_avg_cycles = 118.121
stat.pool.101.port.switch.ingress_wait_avg_cycles.demand_req = 140.76
stat.pool.101.port.switch.ingress_wait_max_cycles.demand_req = 384
stat.pool.101.port.switch.ingress_queue_wait_avg_cycles.demand_req = 16.7597
stat.pool.101.port.switch.ingress_queue_wait_max_cycles.demand_req = 260
stat.pool.101.port.switch.egress_wait_avg_cycles.demand_req = 0
stat.pool.101.port.switch.egress_wait_max_cycles.demand_req = 0
stat.pool.101.port.switch.egress_occ_avg_bytes.demand_req = 0
stat.pool.101.port.switch.egress_occ_max_bytes.demand_req = 0
stat.pool.101.port.switch.egress_blocked_cycles.demand_req = 0
stat.pool.101.port.switch.ingress_arrival_empty_packets.demand_req = 1566
stat.pool.101.port.switch.ingress_arrival_nonempty_packets.demand_req = 22710
stat.pool.101.port.switch.ingress_arrival_nonempty_packet_frac.demand_req = 0.935492
stat.pool.101.port.switch.ingress_nonempty_arrival_pre_occ_avg_bytes.demand_req = 203.388
stat.pool.101.port.switch.ingress_nonempty_arrival_pre_occ_max_bytes.demand_req = 1016
stat.pool.101.port.switch.ingress_release_after_empty_arrival_packets.demand_req = 1566
stat.pool.101.port.switch.ingress_release_after_nonempty_arrival_packets.demand_req = 22710
stat.pool.101.port.switch.ingress_wait_after_empty_arrival_avg_cycles.demand_req = 124
stat.pool.101.port.switch.ingress_wait_after_nonempty_arrival_avg_cycles.demand_req = 141.915
stat.pool.101.port.switch.ingress_queue_wait_after_empty_arrival_avg_cycles.demand_req = 0
stat.pool.101.port.switch.ingress_queue_wait_after_nonempty_arrival_avg_cycles.demand_req = 17.9154
stat.pool.101.port.switch.ingress_queue_wait_after_empty_arrival_max_cycles.demand_req = 0
stat.pool.101.port.switch.ingress_queue_wait_after_nonempty_arrival_max_cycles.demand_req = 260
stat.pool.101.port.switch.rx_bytes.demand_req = 194208
stat.pool.101.port.switch.tx_bytes.demand_req = 0
stat.pool.101.port.switch.rx_pkts.demand_req = 24276
stat.pool.101.port.switch.tx_pkts.demand_req = 0
stat.pool.101.port.switch.ingress_wait_avg_cycles.write_req = 172.904
stat.pool.101.port.switch.ingress_wait_max_cycles.write_req = 545
stat.pool.101.port.switch.ingress_queue_wait_avg_cycles.write_req = 27.9037
stat.pool.101.port.switch.ingress_queue_wait_max_cycles.write_req = 400
stat.pool.101.port.switch.egress_wait_avg_cycles.write_req = 0
stat.pool.101.port.switch.egress_wait_max_cycles.write_req = 0
stat.pool.101.port.switch.egress_occ_avg_bytes.write_req = 0
stat.pool.101.port.switch.egress_occ_max_bytes.write_req = 0
stat.pool.101.port.switch.egress_blocked_cycles.write_req = 0
stat.pool.101.port.switch.ingress_arrival_empty_packets.write_req = 2210
stat.pool.101.port.switch.ingress_arrival_nonempty_packets.write_req = 21196
stat.pool.101.port.switch.ingress_arrival_nonempty_packet_frac.write_req = 0.90558
stat.pool.101.port.switch.ingress_nonempty_arrival_pre_occ_avg_bytes.write_req = 215.98
stat.pool.101.port.switch.ingress_nonempty_arrival_pre_occ_max_bytes.write_req = 1344
stat.pool.101.port.switch.ingress_release_after_empty_arrival_packets.write_req = 2210
stat.pool.101.port.switch.ingress_release_after_nonempty_arrival_packets.write_req = 21196
stat.pool.101.port.switch.ingress_wait_after_empty_arrival_avg_cycles.write_req = 145
stat.pool.101.port.switch.ingress_wait_after_nonempty_arrival_avg_cycles.write_req = 175.813
stat.pool.101.port.switch.ingress_queue_wait_after_empty_arrival_avg_cycles.write_req = 0
stat.pool.101.port.switch.ingress_queue_wait_after_nonempty_arrival_avg_cycles.write_req = 30.8131
stat.pool.101.port.switch.ingress_queue_wait_after_empty_arrival_max_cycles.write_req = 0
stat.pool.101.port.switch.ingress_queue_wait_after_nonempty_arrival_max_cycles.write_req = 400
stat.pool.101.port.switch.rx_bytes.write_req = 1497984
stat.pool.101.port.switch.tx_bytes.write_req = 0
stat.pool.101.port.switch.rx_pkts.write_req = 23406
stat.pool.101.port.switch.tx_pkts.write_req = 0
stat.pool.101.port.switch.ingress_wait_avg_cycles.response = 0
stat.pool.101.port.switch.ingress_wait_max_cycles.response = 0
stat.pool.101.port.switch.ingress_queue_wait_avg_cycles.response = 0
stat.pool.101.port.switch.ingress_queue_wait_max_cycles.response = 0
stat.pool.101.port.switch.egress_wait_avg_cycles.response = 1
stat.pool.101.port.switch.egress_wait_max_cycles.response = 1
stat.pool.101.port.switch.egress_occ_avg_bytes.response = 0
stat.pool.101.port.switch.egress_occ_max_bytes.response = 0
stat.pool.101.port.switch.egress_blocked_cycles.response = 0
stat.pool.101.port.switch.ingress_arrival_empty_packets.response = 0
stat.pool.101.port.switch.ingress_arrival_nonempty_packets.response = 0
stat.pool.101.port.switch.ingress_arrival_nonempty_packet_frac.response = 0
stat.pool.101.port.switch.ingress_nonempty_arrival_pre_occ_avg_bytes.response = 0
stat.pool.101.port.switch.ingress_nonempty_arrival_pre_occ_max_bytes.response = 0
stat.pool.101.port.switch.ingress_release_after_empty_arrival_packets.response = 0
stat.pool.101.port.switch.ingress_release_after_nonempty_arrival_packets.response = 0
stat.pool.101.port.switch.ingress_wait_after_empty_arrival_avg_cycles.response = 0
stat.pool.101.port.switch.ingress_wait_after_nonempty_arrival_avg_cycles.response = 0
stat.pool.101.port.switch.ingress_queue_wait_after_empty_arrival_avg_cycles.response = 0
stat.pool.101.port.switch.ingress_queue_wait_after_nonempty_arrival_avg_cycles.response = 0
stat.pool.101.port.switch.ingress_queue_wait_after_empty_arrival_max_cycles.response = 0
stat.pool.101.port.switch.ingress_queue_wait_after_nonempty_arrival_max_cycles.response = 0
stat.pool.101.port.switch.rx_bytes.response = 0
stat.pool.101.port.switch.tx_bytes.response = 1556992
stat.pool.101.port.switch.rx_pkts.response = 0
stat.pool.101.port.switch.tx_pkts.response = 24328
stat.pool.101.port.switch.ingress_wait_avg_cycles.other_req = 137.846
stat.pool.101.port.switch.ingress_wait_max_cycles.other_req = 254
stat.pool.101.port.switch.ingress_queue_wait_avg_cycles.other_req = 13.8462
stat.pool.101.port.switch.ingress_queue_wait_max_cycles.other_req = 130
stat.pool.101.port.switch.egress_wait_avg_cycles.other_req = 0
stat.pool.101.port.switch.egress_wait_max_cycles.other_req = 0
stat.pool.101.port.switch.egress_occ_avg_bytes.other_req = 0
stat.pool.101.port.switch.egress_occ_max_bytes.other_req = 0
stat.pool.101.port.switch.egress_blocked_cycles.other_req = 0
stat.pool.101.port.switch.ingress_arrival_empty_packets.other_req = 8
stat.pool.101.port.switch.ingress_arrival_nonempty_packets.other_req = 44
stat.pool.101.port.switch.ingress_arrival_nonempty_packet_frac.other_req = 0.846154
stat.pool.101.port.switch.ingress_nonempty_arrival_pre_occ_avg_bytes.other_req = 179.091
stat.pool.101.port.switch.ingress_nonempty_arrival_pre_occ_max_bytes.other_req = 664
stat.pool.101.port.switch.ingress_release_after_empty_arrival_packets.other_req = 8
stat.pool.101.port.switch.ingress_release_after_nonempty_arrival_packets.other_req = 44
stat.pool.101.port.switch.ingress_wait_after_empty_arrival_avg_cycles.other_req = 124
stat.pool.100.port.switch.ingress_queue_wait_avg_cycles = 22.2209
stat.pool.100.port.switch.ingress_queue_wait_max_cycles = 400
stat.pool.100.port.switch.egress_occ_avg_bytes = 0
stat.pool.100.port.switch.egress_occ_stddev_bytes = 0
stat.pool.100.port.switch.egress_occ_max_bytes = 0
stat.pool.100.port.switch.egress_occ_nonempty_frac = 0
stat.pool.100.port.switch.egress_blocked_cycles = 0
stat.pool.100.port.switch.egress_blocked_nonempty_frac = 0
stat.pool.100.port.switch.egress_blocked_avg_occ_bytes = 0
stat.pool.100.port.switch.egress_blocked_max_occ_bytes = 0
stat.pool.100.port.switch.egress_send_burst_max_pkts = 1
stat.pool.100.port.switch.egress_send_burst_max_bytes = 64
stat.pool.100.port.switch.egress_send_burst_avg_pkts = 1
stat.pool.100.port.switch.egress_send_burst_avg_bytes = 64
stat.pool.100.port.switch.egress_send_burst_stddev_pkts = 0
stat.pool.100.port.switch.egress_send_burst_stddev_bytes = 0
stat.pool.100.port.switch.egress_send_nonempty_frac = 0.00912117
stat.pool.100.port.switch.ingress_arrival_burst_avg_bytes = 47.2941
stat.pool.100.port.switch.ingress_arrival_nonempty_frac = 0.0134182
stat.pool.100.port.switch.ingress_arrival_run_max_cycles = 4
stat.pool.101.port.switch.ingress_wait_after_nonempty_arrival_avg_cycles.other_req = 140.364
stat.pool.101.port.switch.ingress_queue_wait_after_empty_arrival_avg_cycles.other_req = 0
stat.pool.101.port.switch.ingress_queue_wait_after_nonempty_arrival_avg_cycles.other_req = 16.3636
stat.pool.101.port.switch.ingress_queue_wait_after_empty_arrival_max_cycles.other_req = 0
stat.pool.101.port.switch.ingress_queue_wait_after_nonempty_arrival_max_cycles.other_req = 130
stat.pool.101.port.switch.rx_bytes.other_req = 416
stat.pool.101.port.switch.tx_bytes.other_req = 0
stat.pool.101.port.switch.rx_pkts.other_req = 52
stat.pool.101.port.switch.tx_pkts.other_req = 0
stat.pool.101.walltime_s = 68.011
stat.pool.101.active_time_s = 0.652819
stat.pool.100.port.switch.ingress_arrival_run_avg_cycles = 1.0125
stat.pool.100.port.switch.ingress_arrival_gap_max_cycles = 750
stat.pool.100.port.switch.ingress_arrival_gap_avg_cycles = 60.0031
stat.pool.100.port.switch.ingress_release_burst_avg_bytes = 35.4592
stat.pool.100.port.switch.ingress_release_nonempty_frac = 0.0178967
stat.pool.100.port.switch.ingress_release_run_max_cycles = 1
stat.pool.100.port.switch.ingress_release_run_avg_cycles = 1
stat.pool.100.port.switch.ingress_release_gap_max_cycles = 686
stat.pool.100.port.switch.ingress_release_gap_avg_cycles = 44.1895
stat.pool.100.port.switch.ingress_occ_avg_bytes = 106.744
stat.pool.100.port.switch.ingress_occ_stddev_bytes = 142.117
stat.pool.100.port.switch.ingress_occ_max_bytes = 1408
stat.pool.100.port.switch.ingress_occ_nonempty_frac = 0.641207
stat.pool.100.port.switch.ingress_occ_run_max_cycles = 3037
stat.pool.100.port.switch.ingress_occ_run_avg_cycles = 451.963
stat.pool.100.port.switch.ingress_occ_gap_max_cycles = 558
stat.pool.100.port.switch.ingress_occ_gap_avg_cycles = 118.121
stat.pool.100.port.switch.ingress_wait_avg_cycles.demand_req = 140.76
stat.pool.100.port.switch.ingress_wait_max_cycles.demand_req = 384
stat.pool.100.port.switch.ingress_queue_wait_avg_cycles.demand_req = 16.7597
stat.pool.100.port.switch.ingress_queue_wait_max_cycles.demand_req = 260
stat.pool.100.port.switch.egress_wait_avg_cycles.demand_req = 0
stat.pool.100.port.switch.egress_wait_max_cycles.demand_req = 0
stat.pool.100.port.switch.egress_occ_avg_bytes.demand_req = 0
stat.pool.100.port.switch.egress_occ_max_bytes.demand_req = 0
stat.pool.100.port.switch.egress_blocked_cycles.demand_req = 0
stat.pool.100.port.switch.ingress_arrival_empty_packets.demand_req = 1566
stat.pool.100.port.switch.ingress_arrival_nonempty_packets.demand_req = 22710
stat.pool.100.port.switch.ingress_arrival_nonempty_packet_frac.demand_req = 0.935492
stat.pool.100.port.switch.ingress_nonempty_arrival_pre_occ_avg_bytes.demand_req = 203.388
stat.pool.100.port.switch.ingress_nonempty_arrival_pre_occ_max_bytes.demand_req = 1016
stat.pool.100.port.switch.ingress_release_after_empty_arrival_packets.demand_req = 1566
stat.pool.100.port.switch.ingress_release_after_nonempty_arrival_packets.demand_req = 22710
stat.pool.100.port.switch.ingress_wait_after_empty_arrival_avg_cycles.demand_req = 124
stat.pool.100.port.switch.ingress_wait_after_nonempty_arrival_avg_cycles.demand_req = 141.915
stat.pool.100.port.switch.ingress_queue_wait_after_empty_arrival_avg_cycles.demand_req = 0
stat.pool.100.port.switch.ingress_queue_wait_after_nonempty_arrival_avg_cycles.demand_req = 17.9154
stat.pool.100.port.switch.ingress_queue_wait_after_empty_arrival_max_cycles.demand_req = 0
stat.pool.100.port.switch.ingress_queue_wait_after_nonempty_arrival_max_cycles.demand_req = 260
stat.pool.100.port.switch.rx_bytes.demand_req = 194208
stat.pool.100.port.switch.tx_bytes.demand_req = 0
stat.pool.100.port.switch.rx_pkts.demand_req = 24276
stat.pool.100.port.switch.tx_pkts.demand_req = 0
stat.pool.100.port.switch.ingress_wait_avg_cycles.write_req = 172.904
stat.pool.100.port.switch.ingress_wait_max_cycles.write_req = 545
stat.pool.100.port.switch.ingress_queue_wait_avg_cycles.write_req = 27.9037
stat.pool.100.port.switch.ingress_queue_wait_max_cycles.write_req = 400
stat.pool.100.port.switch.egress_wait_avg_cycles.write_req = 0
stat.pool.100.port.switch.egress_wait_max_cycles.write_req = 0
stat.pool.100.port.switch.egress_occ_avg_bytes.write_req = 0
stat.pool.100.port.switch.egress_occ_max_bytes.write_req = 0
stat.pool.100.port.switch.egress_blocked_cycles.write_req = 0
stat.pool.100.port.switch.ingress_arrival_empty_packets.write_req = 2210
stat.pool.100.port.switch.ingress_arrival_nonempty_packets.write_req = 21196
stat.pool.100.port.switch.ingress_arrival_nonempty_packet_frac.write_req = 0.90558
stat.pool.100.port.switch.ingress_nonempty_arrival_pre_occ_avg_bytes.write_req = 215.98
stat.pool.100.port.switch.ingress_nonempty_arrival_pre_occ_max_bytes.write_req = 1344
stat.pool.100.port.switch.ingress_release_after_empty_arrival_packets.write_req = 2210
stat.pool.100.port.switch.ingress_release_after_nonempty_arrival_packets.write_req = 21196
stat.pool.100.port.switch.ingress_wait_after_empty_arrival_avg_cycles.write_req = 145
stat.pool.100.port.switch.ingress_wait_after_nonempty_arrival_avg_cycles.write_req = 175.813
stat.pool.100.port.switch.ingress_queue_wait_after_empty_arrival_avg_cycles.write_req = 0
stat.pool.100.port.switch.ingress_queue_wait_after_nonempty_arrival_avg_cycles.write_req = 30.8131
stat.pool.100.port.switch.ingress_queue_wait_after_empty_arrival_max_cycles.write_req = 0
stat.pool.100.port.switch.ingress_queue_wait_after_nonempty_arrival_max_cycles.write_req = 400
stat.pool.100.port.switch.rx_bytes.write_req = 1497984
stat.pool.100.port.switch.tx_bytes.write_req = 0
stat.pool.100.port.switch.rx_pkts.write_req = 23406
stat.pool.100.port.switch.tx_pkts.write_req = 0
stat.pool.100.port.switch.ingress_wait_avg_cycles.response = 0
stat.pool.100.port.switch.ingress_wait_max_cycles.response = 0
stat.pool.100.port.switch.ingress_queue_wait_avg_cycles.response = 0
stat.pool.100.port.switch.ingress_queue_wait_max_cycles.response = 0
stat.pool.100.port.switch.egress_wait_avg_cycles.response = 1
stat.pool.100.port.switch.egress_wait_max_cycles.response = 1
stat.pool.100.port.switch.egress_occ_avg_bytes.response = 0
stat.pool.100.port.switch.egress_occ_max_bytes.response = 0
stat.pool.100.port.switch.egress_blocked_cycles.response = 0
stat.pool.100.port.switch.ingress_arrival_empty_packets.response = 0
stat.pool.100.port.switch.ingress_arrival_nonempty_packets.response = 0
stat.pool.100.port.switch.ingress_arrival_nonempty_packet_frac.response = 0
stat.pool.100.port.switch.ingress_nonempty_arrival_pre_occ_avg_bytes.response = 0
stat.pool.100.port.switch.ingress_nonempty_arrival_pre_occ_max_bytes.response = 0
stat.pool.100.port.switch.ingress_release_after_empty_arrival_packets.response = 0
stat.pool.100.port.switch.ingress_release_after_nonempty_arrival_packets.response = 0
stat.pool.100.port.switch.ingress_wait_after_empty_arrival_avg_cycles.response = 0
stat.pool.100.port.switch.ingress_wait_after_nonempty_arrival_avg_cycles.response = 0
stat.pool.100.port.switch.ingress_queue_wait_after_empty_arrival_avg_cycles.response = 0
stat.pool.100.port.switch.ingress_queue_wait_after_nonempty_arrival_avg_cycles.response = 0
stat.pool.100.port.switch.ingress_queue_wait_after_empty_arrival_max_cycles.response = 0
stat.pool.100.port.switch.ingress_queue_wait_after_nonempty_arrival_max_cycles.response = 0
stat.pool.100.port.switch.rx_bytes.response = 0
stat.pool.100.port.switch.tx_bytes.response = 1556992
stat.pool.100.port.switch.rx_pkts.response = 0
stat.pool.100.port.switch.tx_pkts.response = 24328
stat.pool.100.port.switch.ingress_wait_avg_cycles.other_req = 137.846
stat.pool.100.port.switch.ingress_wait_max_cycles.other_req = 254
stat.pool.100.port.switch.ingress_queue_wait_avg_cycles.other_req = 13.8462
stat.pool.100.port.switch.ingress_queue_wait_max_cycles.other_req = 130
stat.pool.100.port.switch.egress_wait_avg_cycles.other_req = 0
stat.pool.100.port.switch.egress_wait_max_cycles.other_req = 0
stat.pool.100.port.switch.egress_occ_avg_bytes.other_req = 0
stat.pool.100.port.switch.egress_occ_max_bytes.other_req = 0
stat.pool.100.port.switch.egress_blocked_cycles.other_req = 0
stat.pool.100.port.switch.ingress_arrival_empty_packets.other_req = 8
stat.pool.100.port.switch.ingress_arrival_nonempty_packets.other_req = 44
stat.pool.100.port.switch.ingress_arrival_nonempty_packet_frac.other_req = 0.846154
stat.pool.100.port.switch.ingress_nonempty_arrival_pre_occ_avg_bytes.other_req = 179.091
stat.pool.100.port.switch.ingress_nonempty_arrival_pre_occ_max_bytes.other_req = 664
stat.pool.100.port.switch.ingress_release_after_empty_arrival_packets.other_req = 8
stat.pool.100.port.switch.ingress_release_after_nonempty_arrival_packets.other_req = 44
stat.pool.100.port.switch.ingress_wait_after_empty_arrival_avg_cycles.other_req = 124
stat.pool.100.port.switch.ingress_wait_after_nonempty_arrival_avg_cycles.other_req = 140.364
stat.pool.100.port.switch.ingress_queue_wait_after_empty_arrival_avg_cycles.other_req = 0
stat.pool.100.port.switch.ingress_queue_wait_after_nonempty_arrival_avg_cycles.other_req = 16.3636
stat.pool.100.port.switch.ingress_queue_wait_after_empty_arrival_max_cycles.other_req = 0
stat.pool.100.port.switch.ingress_queue_wait_after_nonempty_arrival_max_cycles.other_req = 130
stat.pool.100.port.switch.rx_bytes.other_req = 416
stat.pool.100.port.switch.tx_bytes.other_req = 0
stat.pool.100.port.switch.rx_pkts.other_req = 52
stat.pool.100.port.switch.tx_pkts.other_req = 0
stat.pool.100.walltime_s = 68.011
stat.pool.100.active_time_s = 0.507348
stat.switch.replicated_messages = 46812
stat.switch.util.node_ingress_avg = 0.0345496
stat.switch.util.pool_ingress_avg = 0.228029
stat.switch.fabric.node_ingress_wait_avg_cycles = 131.006
stat.switch.fabric.node_egress_wait_avg_cycles = 1
stat.switch.fabric.pool_ingress_wait_avg_cycles = 162.865
stat.switch.fabric.pool_egress_wait_avg_cycles = 1
stat.switch.fabric.node_ingress_queue_wait_avg_cycles = 0.185202
stat.switch.fabric.pool_ingress_queue_wait_avg_cycles = 17.8648
stat.switch.fabric.node_ready_wait_avg_cycles = 0
stat.switch.fabric.pool_ready_wait_avg_cycles = 0
stat.switch.fabric.node_ingress_wait_max_cycles = 152
stat.switch.fabric.node_egress_wait_max_cycles = 1
stat.switch.fabric.pool_ingress_wait_max_cycles = 676
stat.switch.fabric.pool_egress_wait_max_cycles = 1
stat.switch.fabric.node_ingress_queue_wait_max_cycles = 26
stat.switch.fabric.pool_ingress_queue_wait_max_cycles = 531
stat.switch.fabric.node_ready_wait_max_cycles = 0
stat.switch.fabric.pool_ready_wait_max_cycles = 0
stat.switch.fabric.node_ingress_occ_bytes = 128
stat.switch.fabric.pool_ingress_occ_bytes = 0
stat.switch.fabric.node_ready_occ_avg_pkts = 0.00337723
stat.switch.fabric.pool_ready_occ_avg_pkts = 0.00912117
stat.switch.fabric.node_ready_occ_pkts = 0
stat.switch.fabric.pool_ready_occ_pkts = 0
stat.switch.fabric.node_ready_occ_max_pkts = 1
stat.switch.fabric.pool_ready_occ_max_pkts = 1
stat.switch.fabric.node_ready_retry_count = 0
stat.switch.fabric.pool_ready_retry_count = 0
stat.switch.fabric.node_ingress_arrival_burst_max_pkts = 2
stat.switch.fabric.node_ingress_arrival_burst_max_bytes = 72
stat.switch.fabric.node_ingress_arrival_burst_avg_pkts = 1.00042
stat.switch.fabric.node_ingress_arrival_burst_avg_bytes = 26.201
stat.switch.fabric.node_ingress_arrival_burst_stddev_pkts = 0.0201513
stat.switch.fabric.node_ingress_arrival_burst_stddev_bytes = 26.2334
stat.switch.fabric.node_ingress_arrival_nonempty_frac = 0.00337592
stat.switch.fabric.node_ingress_arrival_run_max_cycles = 3
stat.switch.fabric.node_ingress_arrival_run_avg_cycles = 1.01322
stat.switch.fabric.node_ingress_arrival_run_stddev_cycles = 0.118324
stat.switch.fabric.node_ingress_arrival_gap_max_cycles = 1248
stat.switch.fabric.node_ingress_arrival_gap_avg_cycles = 241.192
stat.switch.fabric.node_ingress_arrival_gap_stddev_cycles = 269.385
stat.switch.fabric.node_ingress_release_burst_max_pkts = 1
stat.switch.fabric.node_ingress_release_burst_max_bytes = 64
stat.switch.fabric.node_ingress_release_burst_avg_pkts = 1
stat.switch.fabric.node_ingress_release_burst_avg_bytes = 26.189
stat.switch.fabric.node_ingress_release_burst_stddev_pkts = 0
stat.switch.fabric.node_ingress_release_burst_stddev_bytes = 26.2249
stat.switch.fabric.node_ingress_release_nonempty_frac = 0.00337723
stat.switch.fabric.node_ingress_release_run_max_cycles = 1
stat.switch.fabric.node_ingress_release_run_avg_cycles = 1
stat.switch.fabric.node_ingress_release_run_stddev_cycles = 0
stat.switch.fabric.node_ingress_release_gap_max_cycles = 11762
stat.switch.fabric.node_ingress_release_gap_avg_cycles = 238.483
stat.switch.fabric.node_ingress_release_gap_stddev_cycles = 284.384
stat.switch.fabric.pool_ingress_arrival_burst_max_pkts = 1
stat.switch.fabric.pool_ingress_arrival_burst_max_bytes = 64
stat.switch.fabric.pool_ingress_arrival_burst_avg_pkts = 1
stat.switch.fabric.pool_ingress_arrival_burst_avg_bytes = 64
stat.switch.fabric.pool_ingress_arrival_burst_stddev_pkts = 0
stat.switch.fabric.pool_ingress_arrival_burst_stddev_bytes = 0
stat.switch.fabric.pool_ingress_arrival_nonempty_frac = 0.00912117
stat.switch.fabric.pool_ingress_arrival_run_max_cycles = 1
stat.switch.fabric.pool_ingress_arrival_run_avg_cycles = 1
stat.switch.fabric.pool_ingress_arrival_run_stddev_cycles = 0
stat.switch.fabric.pool_ingress_arrival_gap_max_cycles = 1199
stat.switch.fabric.pool_ingress_arrival_gap_avg_cycles = 87.6529
stat.switch.fabric.pool_ingress_arrival_gap_stddev_cycles = 128.697
stat.switch.fabric.pool_ingress_release_burst_max_pkts = 1
stat.switch.fabric.pool_ingress_release_burst_max_bytes = 64
stat.switch.fabric.pool_ingress_release_burst_avg_pkts = 1
stat.switch.fabric.pool_ingress_release_burst_avg_bytes = 64
stat.switch.fabric.pool_ingress_release_burst_stddev_pkts = 0
stat.switch.fabric.pool_ingress_release_burst_stddev_bytes = 0
stat.switch.fabric.pool_ingress_release_nonempty_frac = 0.00912117
stat.switch.fabric.pool_ingress_release_run_max_cycles = 1
stat.switch.fabric.pool_ingress_release_run_avg_cycles = 1
stat.switch.fabric.pool_ingress_release_run_stddev_cycles = 0
stat.switch.fabric.pool_ingress_release_gap_max_cycles = 795
stat.switch.fabric.pool_ingress_release_gap_avg_cycles = 87.6571
stat.switch.fabric.pool_ingress_release_gap_stddev_cycles = 118.489
stat.switch.fabric.node_ingress_occ_avg_bytes = 12.3592
stat.switch.fabric.node_ingress_occ_stddev_bytes = 29.553
stat.switch.fabric.node_ingress_occ_max_bytes = 320
stat.switch.fabric.node_ingress_occ_nonempty_frac = 0.275529
stat.switch.fabric.node_ingress_occ_run_max_cycles = 700
stat.switch.fabric.node_ingress_occ_run_avg_cycles = 193.647
stat.switch.fabric.node_ingress_occ_run_stddev_cycles = 76.0349
stat.switch.fabric.node_ingress_occ_gap_max_cycles = 11763
stat.switch.fabric.node_ingress_occ_gap_avg_cycles = 374.843
stat.switch.fabric.node_ingress_occ_gap_stddev_cycles = 252.335
stat.switch.fabric.pool_ingress_occ_avg_bytes = 94.4894
stat.switch.fabric.pool_ingress_occ_stddev_bytes = 121.417
stat.switch.fabric.pool_ingress_occ_max_bytes = 1728
stat.switch.fabric.pool_ingress_occ_nonempty_frac = 0.5474
stat.switch.fabric.pool_ingress_occ_run_max_cycles = 1502
stat.switch.fabric.pool_ingress_occ_run_avg_cycles = 331.297
stat.switch.fabric.pool_ingress_occ_run_stddev_cycles = 176.303
stat.switch.fabric.pool_ingress_occ_gap_max_cycles = 652
stat.switch.fabric.pool_ingress_occ_gap_avg_cycles = 158.15
stat.switch.fabric.pool_ingress_occ_gap_stddev_cycles = 134.766
stat.switch.route.blocked_to_node = 0
stat.switch.route.blocked_to_pool = 0
stat.switch.route.blocked_replicated_write = 0
stat.switch.route.send_fail_to_node = 0
stat.switch.route.send_fail_to_pool = 0
stat.switch.route.attempt_to_node.demand_req = 0
stat.switch.route.attempt_to_pool.demand_req = 48552
stat.switch.route.blocked_to_node.demand_req = 0
stat.switch.route.blocked_to_pool.demand_req = 0
stat.switch.route.send_fail_to_node.demand_req = 0
stat.switch.route.send_fail_to_pool.demand_req = 0
stat.switch.route.replicated_clones.demand_req = 0
stat.switch.fabric.node_rx_bytes.demand_req = 388416
stat.switch.fabric.node_tx_bytes.demand_req = 0
stat.switch.fabric.pool_rx_bytes.demand_req = 0
stat.switch.fabric.pool_tx_bytes.demand_req = 388416
stat.switch.fabric.node_rx_pkts.demand_req = 48552
stat.switch.fabric.node_tx_pkts.demand_req = 0
stat.switch.fabric.pool_rx_pkts.demand_req = 0
stat.switch.fabric.pool_tx_pkts.demand_req = 48552
stat.switch.route.attempt_to_node.write_req = 0
stat.switch.route.attempt_to_pool.write_req = 46812
stat.switch.route.blocked_to_node.write_req = 0
stat.switch.route.blocked_to_pool.write_req = 0
stat.switch.route.send_fail_to_node.write_req = 0
stat.switch.route.send_fail_to_pool.write_req = 0
stat.switch.route.replicated_clones.write_req = 46812
stat.switch.fabric.node_rx_bytes.write_req = 1498112
stat.switch.fabric.node_tx_bytes.write_req = 0
stat.switch.fabric.pool_rx_bytes.write_req = 0
stat.switch.fabric.pool_tx_bytes.write_req = 2995968
stat.switch.fabric.node_rx_pkts.write_req = 23408
stat.switch.fabric.node_tx_pkts.write_req = 0
stat.switch.fabric.pool_rx_pkts.write_req = 0
stat.switch.fabric.pool_tx_pkts.write_req = 46812
stat.switch.route.attempt_to_node.response = 48656
stat.switch.route.attempt_to_pool.response = 0
stat.switch.route.blocked_to_node.response = 0
stat.switch.route.blocked_to_pool.response = 0
stat.switch.route.send_fail_to_node.response = 0
stat.switch.route.send_fail_to_pool.response = 0
stat.switch.route.replicated_clones.response = 0
stat.switch.fabric.node_rx_bytes.response = 0
stat.switch.fabric.node_tx_bytes.response = 3113984
stat.switch.fabric.pool_rx_bytes.response = 3113984
stat.switch.fabric.pool_tx_bytes.response = 0
stat.switch.fabric.node_rx_pkts.response = 0
stat.switch.fabric.node_tx_pkts.response = 48656
stat.switch.fabric.pool_rx_pkts.response = 48656
stat.switch.fabric.pool_tx_pkts.response = 0
stat.switch.route.attempt_to_node.other_req = 0
stat.switch.route.attempt_to_pool.other_req = 104
stat.switch.route.blocked_to_node.other_req = 0
stat.switch.route.blocked_to_pool.other_req = 0
stat.switch.route.send_fail_to_node.other_req = 0
stat.switch.route.send_fail_to_pool.other_req = 0
stat.switch.route.replicated_clones.other_req = 0
stat.switch.fabric.node_rx_bytes.other_req = 832
stat.switch.fabric.node_tx_bytes.other_req = 0
stat.switch.fabric.pool_rx_bytes.other_req = 0
stat.switch.fabric.pool_tx_bytes.other_req = 832
stat.switch.fabric.node_rx_pkts.other_req = 104
stat.switch.fabric.node_tx_pkts.other_req = 0
stat.switch.fabric.pool_rx_pkts.other_req = 0
stat.switch.fabric.pool_tx_pkts.other_req = 104
stat.switch.bw.host_to_switch_gbps = 1.69828
stat.switch.bw.switch_to_host_gbps = 2.80202
stat.switch.bw.host_link_total_gbps = 4.50031
stat.switch.port.node.0.ingress_wait_avg_cycles = 131.02
stat.switch.port.node.0.ingress_wait_max_cycles = 152
stat.switch.port.node.0.egress_wait_avg_cycles = 1
stat.switch.port.node.0.egress_wait_max_cycles = 1
stat.switch.port.node.0.ingress_queue_wait_avg_cycles = 0.198934
stat.switch.port.node.0.ingress_queue_wait_max_cycles = 25
stat.switch.port.node.0.egress_occ_avg_bytes = 0
stat.switch.port.node.0.egress_occ_stddev_bytes = 0
stat.switch.port.node.0.egress_occ_max_bytes = 0
stat.switch.port.node.0.egress_occ_nonempty_frac = 0
stat.switch.port.node.0.egress_blocked_cycles = 0
stat.switch.port.node.0.egress_blocked_nonempty_frac = 0
stat.switch.port.node.0.egress_blocked_avg_occ_bytes = 0
stat.switch.port.node.0.egress_blocked_max_occ_bytes = 0
stat.switch.port.node.0.egress_send_burst_max_pkts = 1
stat.switch.port.node.0.egress_send_burst_max_bytes = 64
stat.switch.port.node.0.egress_send_burst_avg_pkts = 1
stat.switch.port.node.0.egress_send_burst_avg_bytes = 64
stat.switch.port.node.0.egress_send_burst_stddev_pkts = 0
stat.switch.port.node.0.egress_send_burst_stddev_bytes = 0
stat.switch.port.node.0.egress_send_nonempty_frac = 0.00228029
stat.switch.port.node.0.ingress_arrival_burst_avg_bytes = 26.2017
stat.switch.port.node.0.ingress_arrival_nonempty_frac = 0.00337582
stat.switch.port.node.0.ingress_arrival_run_max_cycles = 3
stat.switch.port.node.0.ingress_arrival_run_avg_cycles = 1.01294
stat.switch.port.node.0.ingress_arrival_gap_max_cycles = 1224
stat.switch.port.node.0.ingress_arrival_gap_avg_cycles = 240.371
stat.switch.port.node.0.ingress_release_burst_avg_bytes = 26.1901
stat.switch.port.node.0.ingress_release_nonempty_frac = 0.00337732
stat.switch.port.node.0.ingress_release_run_max_cycles = 1
stat.switch.port.node.0.ingress_release_run_avg_cycles = 1
stat.switch.port.node.0.ingress_release_gap_max_cycles = 11762
stat.switch.port.node.0.ingress_release_gap_avg_cycles = 238.476
stat.switch.port.node.0.ingress_occ_avg_bytes = 12.3603
stat.switch.port.node.0.ingress_occ_stddev_bytes = 29.6276
stat.switch.port.node.0.ingress_occ_max_bytes = 320
stat.switch.port.node.0.ingress_occ_nonempty_frac = 0.274993
stat.switch.port.node.0.ingress_occ_run_max_cycles = 648
stat.switch.port.node.0.ingress_occ_run_avg_cycles = 193.628
stat.switch.port.node.0.ingress_occ_gap_max_cycles = 11763
stat.switch.port.node.0.ingress_occ_gap_avg_cycles = 375.888
stat.switch.port.node.0.ingress_wait_avg_cycles.demand_req = 124.285
stat.switch.port.node.0.ingress_wait_max_cycles.demand_req = 149
stat.switch.port.node.0.ingress_queue_wait_avg_cycles.demand_req = 0.284726
stat.switch.port.node.0.ingress_queue_wait_max_cycles.demand_req = 25
stat.switch.port.node.0.egress_wait_avg_cycles.demand_req = 0
stat.switch.port.node.0.egress_wait_max_cycles.demand_req = 0
stat.switch.port.node.0.egress_occ_avg_bytes.demand_req = 0
stat.switch.port.node.0.egress_occ_max_bytes.demand_req = 0
stat.switch.port.node.0.egress_blocked_cycles.demand_req = 0
stat.switch.port.node.0.ingress_arrival_empty_packets.demand_req = 1788
stat.switch.port.node.0.ingress_arrival_nonempty_packets.demand_req = 4281
stat.switch.port.node.0.ingress_arrival_nonempty_packet_frac.demand_req = 0.705388
stat.switch.port.node.0.ingress_nonempty_arrival_pre_occ_avg_bytes.demand_req = 48.1046
stat.switch.port.node.0.ingress_nonempty_arrival_pre_occ_max_bytes.demand_req = 264
stat.switch.port.node.0.ingress_release_after_empty_arrival_packets.demand_req = 1788
stat.switch.port.node.0.ingress_release_after_nonempty_arrival_packets.demand_req = 4281
stat.switch.port.node.0.ingress_wait_after_empty_arrival_avg_cycles.demand_req = 124
stat.switch.port.node.0.ingress_wait_after_nonempty_arrival_avg_cycles.demand_req = 124.404
stat.switch.port.node.0.ingress_queue_wait_after_empty_arrival_avg_cycles.demand_req = 0
stat.switch.port.node.0.ingress_queue_wait_after_nonempty_arrival_avg_cycles.demand_req = 0.403644
stat.switch.port.node.0.ingress_queue_wait_after_empty_arrival_max_cycles.demand_req = 0
stat.switch.port.node.0.ingress_queue_wait_after_nonempty_arrival_max_cycles.demand_req = 25
stat.switch.port.node.0.rx_bytes.demand_req = 48552
stat.switch.port.node.0.tx_bytes.demand_req = 0
stat.switch.port.node.0.rx_pkts.demand_req = 6069
stat.switch.port.node.0.tx_pkts.demand_req = 0
stat.switch.port.node.0.ingress_wait_avg_cycles.write_req = 145.014
stat.switch.port.node.0.ingress_wait_max_cycles.write_req = 152
stat.switch.port.node.0.ingress_queue_wait_avg_cycles.write_req = 0.0140123
stat.switch.port.node.0.ingress_queue_wait_max_cycles.write_req = 7
stat.switch.port.node.0.egress_wait_avg_cycles.write_req = 0
stat.switch.port.node.0.egress_wait_max_cycles.write_req = 0
stat.switch.port.node.0.egress_occ_avg_bytes.write_req = 0
stat.switch.port.node.0.egress_occ_max_bytes.write_req = 0
stat.switch.port.node.0.egress_blocked_cycles.write_req = 0
stat.switch.port.node.0.ingress_arrival_empty_packets.write_req = 1993
stat.switch.port.node.0.ingress_arrival_nonempty_packets.write_req = 933
stat.switch.port.node.0.ingress_arrival_nonempty_packet_frac.write_req = 0.318865
stat.switch.port.node.0.ingress_nonempty_arrival_pre_occ_avg_bytes.write_req = 76.2272
stat.switch.port.node.0.ingress_nonempty_arrival_pre_occ_max_bytes.write_req = 256
stat.switch.port.node.0.ingress_release_after_empty_arrival_packets.write_req = 1993
stat.switch.port.node.0.ingress_release_after_nonempty_arrival_packets.write_req = 933
stat.switch.port.node.0.ingress_wait_after_empty_arrival_avg_cycles.write_req = 145
stat.switch.port.node.0.ingress_wait_after_nonempty_arrival_avg_cycles.write_req = 145.044
stat.switch.port.node.0.ingress_queue_wait_after_empty_arrival_avg_cycles.write_req = 0
stat.switch.port.node.0.ingress_queue_wait_after_nonempty_arrival_avg_cycles.write_req = 0.0439443
stat.switch.port.node.0.ingress_queue_wait_after_empty_arrival_max_cycles.write_req = 0
stat.switch.port.node.0.ingress_queue_wait_after_nonempty_arrival_max_cycles.write_req = 7
stat.switch.port.node.0.rx_bytes.write_req = 187264
stat.switch.port.node.0.tx_bytes.write_req = 0
stat.switch.port.node.0.rx_pkts.write_req = 2926
stat.switch.port.node.0.tx_pkts.write_req = 0
stat.switch.port.node.0.ingress_wait_avg_cycles.response = 0
stat.switch.port.node.0.ingress_wait_max_cycles.response = 0
stat.switch.port.node.0.ingress_queue_wait_avg_cycles.response = 0
stat.switch.port.node.0.ingress_queue_wait_max_cycles.response = 0
stat.switch.port.node.0.egress_wait_avg_cycles.response = 1
stat.switch.port.node.0.egress_wait_max_cycles.response = 1
stat.switch.port.node.0.egress_occ_avg_bytes.response = 0
stat.switch.port.node.0.egress_occ_max_bytes.response = 0
stat.switch.port.node.0.egress_blocked_cycles.response = 0
stat.switch.port.node.0.ingress_arrival_empty_packets.response = 0
stat.switch.port.node.0.ingress_arrival_nonempty_packets.response = 0
stat.switch.port.node.0.ingress_arrival_nonempty_packet_frac.response = 0
stat.switch.port.node.0.ingress_nonempty_arrival_pre_occ_avg_bytes.response = 0
stat.switch.port.node.0.ingress_nonempty_arrival_pre_occ_max_bytes.response = 0
stat.switch.port.node.0.ingress_release_after_empty_arrival_packets.response = 0
stat.switch.port.node.0.ingress_release_after_nonempty_arrival_packets.response = 0
stat.switch.port.node.0.ingress_wait_after_empty_arrival_avg_cycles.response = 0
stat.switch.port.node.0.ingress_wait_after_nonempty_arrival_avg_cycles.response = 0
stat.switch.port.node.0.ingress_queue_wait_after_empty_arrival_avg_cycles.response = 0
stat.switch.port.node.0.ingress_queue_wait_after_nonempty_arrival_avg_cycles.response = 0
stat.switch.port.node.0.ingress_queue_wait_after_empty_arrival_max_cycles.response = 0
stat.switch.port.node.0.ingress_queue_wait_after_nonempty_arrival_max_cycles.response = 0
stat.switch.port.node.0.rx_bytes.response = 0
stat.switch.port.node.0.tx_bytes.response = 389248
stat.switch.port.node.0.rx_pkts.response = 0
stat.switch.port.node.0.tx_pkts.response = 6082
stat.switch.port.node.0.ingress_wait_avg_cycles.other_req = 125.769
stat.switch.port.node.0.ingress_wait_max_cycles.other_req = 147
stat.switch.port.node.0.ingress_queue_wait_avg_cycles.other_req = 1.76923
stat.switch.port.node.0.ingress_queue_wait_max_cycles.other_req = 23
stat.switch.port.node.0.egress_wait_avg_cycles.other_req = 0
stat.switch.port.node.0.egress_wait_max_cycles.other_req = 0
stat.switch.port.node.0.egress_occ_avg_bytes.other_req = 0
stat.switch.port.node.0.egress_occ_max_bytes.other_req = 0
stat.switch.port.node.0.egress_blocked_cycles.other_req = 0
stat.switch.port.node.0.ingress_arrival_empty_packets.other_req = 7
stat.switch.port.node.0.ingress_arrival_nonempty_packets.other_req = 6
stat.switch.port.node.0.ingress_arrival_nonempty_packet_frac.other_req = 0.461538
stat.switch.port.node.0.ingress_nonempty_arrival_pre_occ_avg_bytes.other_req = 53.3333
stat.switch.port.node.0.ingress_nonempty_arrival_pre_occ_max_bytes.other_req = 104
stat.switch.port.node.0.ingress_release_after_empty_arrival_packets.other_req = 7
stat.switch.port.node.0.ingress_release_after_nonempty_arrival_packets.other_req = 6
stat.switch.port.node.0.ingress_wait_after_empty_arrival_avg_cycles.other_req = 124
stat.switch.port.node.0.ingress_wait_after_nonempty_arrival_avg_cycles.other_req = 127.833
stat.switch.port.node.0.ingress_queue_wait_after_empty_arrival_avg_cycles.other_req = 0
stat.switch.port.node.0.ingress_queue_wait_after_nonempty_arrival_avg_cycles.other_req = 3.83333
stat.switch.port.node.0.ingress_queue_wait_after_empty_arrival_max_cycles.other_req = 0
stat.switch.port.node.0.ingress_queue_wait_after_nonempty_arrival_max_cycles.other_req = 23
stat.switch.port.node.0.rx_bytes.other_req = 104
stat.switch.port.node.0.tx_bytes.other_req = 0
stat.switch.port.node.0.rx_pkts.other_req = 13
stat.switch.port.node.0.tx_pkts.other_req = 0
stat.switch.port.node.1.ingress_wait_avg_cycles = 131.02
stat.switch.port.node.1.ingress_wait_max_cycles = 152
stat.switch.port.node.1.egress_wait_avg_cycles = 1
stat.switch.port.node.1.egress_wait_max_cycles = 1
stat.switch.port.node.1.ingress_queue_wait_avg_cycles = 0.198934
stat.switch.port.node.1.ingress_queue_wait_max_cycles = 25
stat.switch.port.node.1.egress_occ_avg_bytes = 0
stat.switch.port.node.1.egress_occ_stddev_bytes = 0
stat.switch.port.node.1.egress_occ_max_bytes = 0
stat.switch.port.node.1.egress_occ_nonempty_frac = 0
stat.switch.port.node.1.egress_blocked_cycles = 0
stat.switch.port.node.1.egress_blocked_nonempty_frac = 0
stat.switch.port.node.1.egress_blocked_avg_occ_bytes = 0
stat.switch.port.node.1.egress_blocked_max_occ_bytes = 0
stat.switch.port.node.1.egress_send_burst_max_pkts = 1
stat.switch.port.node.1.egress_send_burst_max_bytes = 64
stat.switch.port.node.1.egress_send_burst_avg_pkts = 1
stat.switch.port.node.1.egress_send_burst_avg_bytes = 64
stat.switch.port.node.1.egress_send_burst_stddev_pkts = 0
stat.switch.port.node.1.egress_send_burst_stddev_bytes = 0
stat.switch.port.node.1.egress_send_nonempty_frac = 0.00228029
stat.switch.port.node.1.ingress_arrival_burst_avg_bytes = 26.2017
stat.switch.port.node.1.ingress_arrival_nonempty_frac = 0.00337582
stat.switch.port.node.1.ingress_arrival_run_max_cycles = 3
stat.switch.port.node.1.ingress_arrival_run_avg_cycles = 1.01294
stat.switch.port.node.1.ingress_arrival_gap_max_cycles = 1224
stat.switch.port.node.1.ingress_arrival_gap_avg_cycles = 240.371
stat.switch.port.node.1.ingress_release_burst_avg_bytes = 26.1901
stat.switch.port.node.1.ingress_release_nonempty_frac = 0.00337732
stat.switch.port.node.1.ingress_release_run_max_cycles = 1
stat.switch.port.node.1.ingress_release_run_avg_cycles = 1
stat.switch.port.node.1.ingress_release_gap_max_cycles = 11762
stat.switch.port.node.1.ingress_release_gap_avg_cycles = 238.476
stat.switch.port.node.1.ingress_occ_avg_bytes = 12.3603
stat.switch.port.node.1.ingress_occ_stddev_bytes = 29.6276
stat.switch.port.node.1.ingress_occ_max_bytes = 320
stat.switch.port.node.1.ingress_occ_nonempty_frac = 0.274993
stat.switch.port.node.1.ingress_occ_run_max_cycles = 648
stat.switch.port.node.1.ingress_occ_run_avg_cycles = 193.628
stat.switch.port.node.1.ingress_occ_gap_max_cycles = 11763
stat.switch.port.node.1.ingress_occ_gap_avg_cycles = 375.888
stat.switch.port.node.1.ingress_wait_avg_cycles.demand_req = 124.285
stat.switch.port.node.1.ingress_wait_max_cycles.demand_req = 149
stat.switch.port.node.1.ingress_queue_wait_avg_cycles.demand_req = 0.284726
stat.switch.port.node.1.ingress_queue_wait_max_cycles.demand_req = 25
stat.switch.port.node.1.egress_wait_avg_cycles.demand_req = 0
stat.switch.port.node.1.egress_wait_max_cycles.demand_req = 0
stat.switch.port.node.1.egress_occ_avg_bytes.demand_req = 0
stat.switch.port.node.1.egress_occ_max_bytes.demand_req = 0
stat.switch.port.node.1.egress_blocked_cycles.demand_req = 0
stat.switch.port.node.1.ingress_arrival_empty_packets.demand_req = 1788
stat.switch.port.node.1.ingress_arrival_nonempty_packets.demand_req = 4281
stat.switch.port.node.1.ingress_arrival_nonempty_packet_frac.demand_req = 0.705388
stat.switch.port.node.1.ingress_nonempty_arrival_pre_occ_avg_bytes.demand_req = 48.1046
stat.switch.port.node.1.ingress_nonempty_arrival_pre_occ_max_bytes.demand_req = 264
stat.switch.port.node.1.ingress_release_after_empty_arrival_packets.demand_req = 1788
stat.switch.port.node.1.ingress_release_after_nonempty_arrival_packets.demand_req = 4281
stat.switch.port.node.1.ingress_wait_after_empty_arrival_avg_cycles.demand_req = 124
stat.switch.port.node.1.ingress_wait_after_nonempty_arrival_avg_cycles.demand_req = 124.404
stat.switch.port.node.1.ingress_queue_wait_after_empty_arrival_avg_cycles.demand_req = 0
stat.switch.port.node.1.ingress_queue_wait_after_nonempty_arrival_avg_cycles.demand_req = 0.403644
stat.switch.port.node.1.ingress_queue_wait_after_empty_arrival_max_cycles.demand_req = 0
stat.switch.port.node.1.ingress_queue_wait_after_nonempty_arrival_max_cycles.demand_req = 25
stat.switch.port.node.1.rx_bytes.demand_req = 48552
stat.switch.port.node.1.tx_bytes.demand_req = 0
stat.switch.port.node.1.rx_pkts.demand_req = 6069
stat.switch.port.node.1.tx_pkts.demand_req = 0
stat.switch.port.node.1.ingress_wait_avg_cycles.write_req = 145.014
stat.switch.port.node.1.ingress_wait_max_cycles.write_req = 152
stat.switch.port.node.1.ingress_queue_wait_avg_cycles.write_req = 0.0140123
stat.switch.port.node.1.ingress_queue_wait_max_cycles.write_req = 7
stat.switch.port.node.1.egress_wait_avg_cycles.write_req = 0
stat.switch.port.node.1.egress_wait_max_cycles.write_req = 0
stat.switch.port.node.1.egress_occ_avg_bytes.write_req = 0
stat.switch.port.node.1.egress_occ_max_bytes.write_req = 0
stat.switch.port.node.1.egress_blocked_cycles.write_req = 0
stat.switch.port.node.1.ingress_arrival_empty_packets.write_req = 1993
stat.switch.port.node.1.ingress_arrival_nonempty_packets.write_req = 933
stat.switch.port.node.1.ingress_arrival_nonempty_packet_frac.write_req = 0.318865
stat.switch.port.node.1.ingress_nonempty_arrival_pre_occ_avg_bytes.write_req = 76.2272
stat.switch.port.node.1.ingress_nonempty_arrival_pre_occ_max_bytes.write_req = 256
stat.switch.port.node.1.ingress_release_after_empty_arrival_packets.write_req = 1993
stat.switch.port.node.1.ingress_release_after_nonempty_arrival_packets.write_req = 933
stat.switch.port.node.1.ingress_wait_after_empty_arrival_avg_cycles.write_req = 145
stat.switch.port.node.1.ingress_wait_after_nonempty_arrival_avg_cycles.write_req = 145.044
stat.switch.port.node.1.ingress_queue_wait_after_empty_arrival_avg_cycles.write_req = 0
stat.switch.port.node.1.ingress_queue_wait_after_nonempty_arrival_avg_cycles.write_req = 0.0439443
stat.switch.port.node.1.ingress_queue_wait_after_empty_arrival_max_cycles.write_req = 0
stat.switch.port.node.1.ingress_queue_wait_after_nonempty_arrival_max_cycles.write_req = 7
stat.switch.port.node.1.rx_bytes.write_req = 187264
stat.switch.port.node.1.tx_bytes.write_req = 0
stat.switch.port.node.1.rx_pkts.write_req = 2926
stat.switch.port.node.1.tx_pkts.write_req = 0
stat.switch.port.node.1.ingress_wait_avg_cycles.response = 0
stat.switch.port.node.1.ingress_wait_max_cycles.response = 0
stat.switch.port.node.1.ingress_queue_wait_avg_cycles.response = 0
stat.switch.port.node.1.ingress_queue_wait_max_cycles.response = 0
stat.switch.port.node.1.egress_wait_avg_cycles.response = 1
stat.switch.port.node.1.egress_wait_max_cycles.response = 1
stat.switch.port.node.1.egress_occ_avg_bytes.response = 0
stat.switch.port.node.1.egress_occ_max_bytes.response = 0
stat.switch.port.node.1.egress_blocked_cycles.response = 0
stat.switch.port.node.1.ingress_arrival_empty_packets.response = 0
stat.switch.port.node.1.ingress_arrival_nonempty_packets.response = 0
stat.switch.port.node.1.ingress_arrival_nonempty_packet_frac.response = 0
stat.switch.port.node.1.ingress_nonempty_arrival_pre_occ_avg_bytes.response = 0
stat.switch.port.node.1.ingress_nonempty_arrival_pre_occ_max_bytes.response = 0
stat.switch.port.node.1.ingress_release_after_empty_arrival_packets.response = 0
stat.switch.port.node.1.ingress_release_after_nonempty_arrival_packets.response = 0
stat.switch.port.node.1.ingress_wait_after_empty_arrival_avg_cycles.response = 0
stat.switch.port.node.1.ingress_wait_after_nonempty_arrival_avg_cycles.response = 0
stat.switch.port.node.1.ingress_queue_wait_after_empty_arrival_avg_cycles.response = 0
stat.switch.port.node.1.ingress_queue_wait_after_nonempty_arrival_avg_cycles.response = 0
stat.switch.port.node.1.ingress_queue_wait_after_empty_arrival_max_cycles.response = 0
stat.switch.port.node.1.ingress_queue_wait_after_nonempty_arrival_max_cycles.response = 0
stat.switch.port.node.1.rx_bytes.response = 0
stat.switch.port.node.1.tx_bytes.response = 389248
stat.switch.port.node.1.rx_pkts.response = 0
stat.switch.port.node.1.tx_pkts.response = 6082
stat.switch.port.node.1.ingress_wait_avg_cycles.other_req = 125.769
stat.switch.port.node.1.ingress_wait_max_cycles.other_req = 147
stat.switch.port.node.1.ingress_queue_wait_avg_cycles.other_req = 1.76923
stat.switch.port.node.1.ingress_queue_wait_max_cycles.other_req = 23
stat.switch.port.node.1.egress_wait_avg_cycles.other_req = 0
stat.switch.port.node.1.egress_wait_max_cycles.other_req = 0
stat.switch.port.node.1.egress_occ_avg_bytes.other_req = 0
stat.switch.port.node.1.egress_occ_max_bytes.other_req = 0
stat.switch.port.node.1.egress_blocked_cycles.other_req = 0
stat.switch.port.node.1.ingress_arrival_empty_packets.other_req = 7
stat.switch.port.node.1.ingress_arrival_nonempty_packets.other_req = 6
stat.switch.port.node.1.ingress_arrival_nonempty_packet_frac.other_req = 0.461538
stat.switch.port.node.1.ingress_nonempty_arrival_pre_occ_avg_bytes.other_req = 53.3333
stat.switch.port.node.1.ingress_nonempty_arrival_pre_occ_max_bytes.other_req = 104
stat.switch.port.node.1.ingress_release_after_empty_arrival_packets.other_req = 7
stat.switch.port.node.1.ingress_release_after_nonempty_arrival_packets.other_req = 6
stat.switch.port.node.1.ingress_wait_after_empty_arrival_avg_cycles.other_req = 124
stat.switch.port.node.1.ingress_wait_after_nonempty_arrival_avg_cycles.other_req = 127.833
stat.switch.port.node.1.ingress_queue_wait_after_empty_arrival_avg_cycles.other_req = 0
stat.switch.port.node.1.ingress_queue_wait_after_nonempty_arrival_avg_cycles.other_req = 3.83333
stat.switch.port.node.1.ingress_queue_wait_after_empty_arrival_max_cycles.other_req = 0
stat.switch.port.node.1.ingress_queue_wait_after_nonempty_arrival_max_cycles.other_req = 23
stat.switch.port.node.1.rx_bytes.other_req = 104
stat.switch.port.node.1.tx_bytes.other_req = 0
stat.switch.port.node.1.rx_pkts.other_req = 13
stat.switch.port.node.1.tx_pkts.other_req = 0
stat.switch.port.node.2.ingress_wait_avg_cycles = 131.02
stat.switch.port.node.2.ingress_wait_max_cycles = 152
stat.switch.port.node.2.egress_wait_avg_cycles = 1
stat.switch.port.node.2.egress_wait_max_cycles = 1
stat.switch.port.node.2.ingress_queue_wait_avg_cycles = 0.198268
stat.switch.port.node.2.ingress_queue_wait_max_cycles = 26
stat.switch.port.node.2.egress_occ_avg_bytes = 0
stat.switch.port.node.2.egress_occ_stddev_bytes = 0
stat.switch.port.node.2.egress_occ_max_bytes = 0
stat.switch.port.node.2.egress_occ_nonempty_frac = 0
stat.switch.port.node.2.egress_blocked_cycles = 0
stat.switch.port.node.2.egress_blocked_nonempty_frac = 0
stat.switch.port.node.2.egress_blocked_avg_occ_bytes = 0
stat.switch.port.node.2.egress_blocked_max_occ_bytes = 0
stat.switch.port.node.2.egress_send_burst_max_pkts = 1
stat.switch.port.node.2.egress_send_burst_max_bytes = 64
stat.switch.port.node.2.egress_send_burst_avg_pkts = 1
stat.switch.port.node.2.egress_send_burst_avg_bytes = 64
stat.switch.port.node.2.egress_send_burst_stddev_pkts = 0
stat.switch.port.node.2.egress_send_burst_stddev_bytes = 0
stat.switch.port.node.2.egress_send_nonempty_frac = 0.00228029
stat.switch.port.node.2.ingress_arrival_burst_avg_bytes = 26.1959
stat.switch.port.node.2.ingress_arrival_nonempty_frac = 0.00337657
stat.switch.port.node.2.ingress_arrival_run_max_cycles = 3
stat.switch.port.node.2.ingress_arrival_run_avg_cycles = 1.01373
stat.switch.port.node.2.ingress_arrival_gap_max_cycles = 1248
stat.switch.port.node.2.ingress_arrival_gap_avg_cycles = 241.149
stat.switch.port.node.2.ingress_release_burst_avg_bytes = 26.1901
stat.switch.port.node.2.ingress_release_nonempty_frac = 0.00337732
stat.switch.port.node.2.ingress_release_run_max_cycles = 1
stat.switch.port.node.2.ingress_release_run_avg_cycles = 1
stat.switch.port.node.2.ingress_release_gap_max_cycles = 6046
stat.switch.port.node.2.ingress_release_gap_avg_cycles = 238.476
stat.switch.port.node.2.ingress_occ_avg_bytes = 12.3605
stat.switch.port.node.2.ingress_occ_stddev_bytes = 29.5553
stat.switch.port.node.2.ingress_occ_max_bytes = 320
stat.switch.port.node.2.ingress_occ_nonempty_frac = 0.27559
stat.switch.port.node.2.ingress_occ_run_max_cycles = 634
stat.switch.port.node.2.ingress_occ_run_avg_cycles = 193.384
stat.switch.port.node.2.ingress_occ_gap_max_cycles = 6047
stat.switch.port.node.2.ingress_occ_gap_avg_cycles = 374.183
stat.switch.port.node.2.ingress_wait_avg_cycles.demand_req = 124.285
stat.switch.port.node.2.ingress_wait_max_cycles.demand_req = 150
stat.switch.port.node.2.ingress_queue_wait_avg_cycles.demand_req = 0.285055
stat.switch.port.node.2.ingress_queue_wait_max_cycles.demand_req = 26
stat.switch.port.node.2.egress_wait_avg_cycles.demand_req = 0
stat.switch.port.node.2.egress_wait_max_cycles.demand_req = 0
stat.switch.port.node.2.egress_occ_avg_bytes.demand_req = 0
stat.switch.port.node.2.egress_occ_max_bytes.demand_req = 0
stat.switch.port.node.2.egress_blocked_cycles.demand_req = 0
stat.switch.port.node.2.ingress_arrival_empty_packets.demand_req = 1776
stat.switch.port.node.2.ingress_arrival_nonempty_packets.demand_req = 4293
stat.switch.port.node.2.ingress_arrival_nonempty_packet_frac.demand_req = 0.707365
stat.switch.port.node.2.ingress_nonempty_arrival_pre_occ_avg_bytes.demand_req = 47.2527
stat.switch.port.node.2.ingress_nonempty_arrival_pre_occ_max_bytes.demand_req = 264
stat.switch.port.node.2.ingress_release_after_empty_arrival_packets.demand_req = 1776
stat.switch.port.node.2.ingress_release_after_nonempty_arrival_packets.demand_req = 4293
stat.switch.port.node.2.ingress_wait_after_empty_arrival_avg_cycles.demand_req = 124
stat.switch.port.node.2.ingress_wait_after_nonempty_arrival_avg_cycles.demand_req = 124.403
stat.switch.port.node.2.ingress_queue_wait_after_empty_arrival_avg_cycles.demand_req = 0
stat.switch.port.node.2.ingress_queue_wait_after_nonempty_arrival_avg_cycles.demand_req = 0.402982
stat.switch.port.node.2.ingress_queue_wait_after_empty_arrival_max_cycles.demand_req = 0
stat.switch.port.node.2.ingress_queue_wait_after_nonempty_arrival_max_cycles.demand_req = 26
stat.switch.port.node.2.rx_bytes.demand_req = 48552
stat.switch.port.node.2.tx_bytes.demand_req = 0
stat.switch.port.node.2.rx_pkts.demand_req = 6069
stat.switch.port.node.2.tx_pkts.demand_req = 0
stat.switch.port.node.2.ingress_wait_avg_cycles.write_req = 145.017
stat.switch.port.node.2.ingress_wait_max_cycles.write_req = 152
stat.switch.port.node.2.ingress_queue_wait_avg_cycles.write_req = 0.0174299
stat.switch.port.node.2.ingress_queue_wait_max_cycles.write_req = 7
stat.switch.port.node.2.egress_wait_avg_cycles.write_req = 0
stat.switch.port.node.2.egress_wait_max_cycles.write_req = 0
stat.switch.port.node.2.egress_occ_avg_bytes.write_req = 0
stat.switch.port.node.2.egress_occ_max_bytes.write_req = 0
stat.switch.port.node.2.egress_blocked_cycles.write_req = 0
stat.switch.port.node.2.ingress_arrival_empty_packets.write_req = 2018
stat.switch.port.node.2.ingress_arrival_nonempty_packets.write_req = 908
stat.switch.port.node.2.ingress_arrival_nonempty_packet_frac.write_req = 0.310321
stat.switch.port.node.2.ingress_nonempty_arrival_pre_occ_avg_bytes.write_req = 75.6916
stat.switch.port.node.2.ingress_nonempty_arrival_pre_occ_max_bytes.write_req = 256
stat.switch.port.node.2.ingress_release_after_empty_arrival_packets.write_req = 2018
stat.switch.port.node.2.ingress_release_after_nonempty_arrival_packets.write_req = 908
stat.switch.port.node.2.ingress_wait_after_empty_arrival_avg_cycles.write_req = 145
stat.switch.port.node.2.ingress_wait_after_nonempty_arrival_avg_cycles.write_req = 145.056
stat.switch.port.node.2.ingress_queue_wait_after_empty_arrival_avg_cycles.write_req = 0
stat.switch.port.node.2.ingress_queue_wait_after_nonempty_arrival_avg_cycles.write_req = 0.0561674
stat.switch.port.node.2.ingress_queue_wait_after_empty_arrival_max_cycles.write_req = 0
stat.switch.port.node.2.ingress_queue_wait_after_nonempty_arrival_max_cycles.write_req = 7
stat.switch.port.node.2.rx_bytes.write_req = 187264
stat.switch.port.node.2.tx_bytes.write_req = 0
stat.switch.port.node.2.rx_pkts.write_req = 2926
stat.switch.port.node.2.tx_pkts.write_req = 0
stat.switch.port.node.2.ingress_wait_avg_cycles.response = 0
stat.switch.port.node.2.ingress_wait_max_cycles.response = 0
stat.switch.port.node.2.ingress_queue_wait_avg_cycles.response = 0
stat.switch.port.node.2.ingress_queue_wait_max_cycles.response = 0
stat.switch.port.node.2.egress_wait_avg_cycles.response = 1
stat.switch.port.node.2.egress_wait_max_cycles.response = 1
stat.switch.port.node.2.egress_occ_avg_bytes.response = 0
stat.switch.port.node.2.egress_occ_max_bytes.response = 0
stat.switch.port.node.2.egress_blocked_cycles.response = 0
stat.switch.port.node.2.ingress_arrival_empty_packets.response = 0
stat.switch.port.node.2.ingress_arrival_nonempty_packets.response = 0
stat.switch.port.node.2.ingress_arrival_nonempty_packet_frac.response = 0
stat.switch.port.node.2.ingress_nonempty_arrival_pre_occ_avg_bytes.response = 0
stat.switch.port.node.2.ingress_nonempty_arrival_pre_occ_max_bytes.response = 0
stat.switch.port.node.2.ingress_release_after_empty_arrival_packets.response = 0
stat.switch.port.node.2.ingress_release_after_nonempty_arrival_packets.response = 0
stat.switch.port.node.2.ingress_wait_after_empty_arrival_avg_cycles.response = 0
stat.switch.port.node.2.ingress_wait_after_nonempty_arrival_avg_cycles.response = 0
stat.switch.port.node.2.ingress_queue_wait_after_empty_arrival_avg_cycles.response = 0
stat.switch.port.node.2.ingress_queue_wait_after_nonempty_arrival_avg_cycles.response = 0
stat.switch.port.node.2.ingress_queue_wait_after_empty_arrival_max_cycles.response = 0
stat.switch.port.node.2.ingress_queue_wait_after_nonempty_arrival_max_cycles.response = 0
stat.switch.port.node.2.rx_bytes.response = 0
stat.switch.port.node.2.tx_bytes.response = 389248
stat.switch.port.node.2.rx_pkts.response = 0
stat.switch.port.node.2.tx_pkts.response = 6082
stat.switch.port.node.2.ingress_wait_avg_cycles.other_req = 124.385
stat.switch.port.node.2.ingress_wait_max_cycles.other_req = 129
stat.switch.port.node.2.ingress_queue_wait_avg_cycles.other_req = 0.384615
stat.switch.port.node.2.ingress_queue_wait_max_cycles.other_req = 5
stat.switch.port.node.2.egress_wait_avg_cycles.other_req = 0
stat.switch.port.node.2.egress_wait_max_cycles.other_req = 0
stat.switch.port.node.2.egress_occ_avg_bytes.other_req = 0
stat.switch.port.node.2.egress_occ_max_bytes.other_req = 0
stat.switch.port.node.2.egress_blocked_cycles.other_req = 0
stat.switch.port.node.2.ingress_arrival_empty_packets.other_req = 7
stat.switch.port.node.2.ingress_arrival_nonempty_packets.other_req = 6
stat.switch.port.node.2.ingress_arrival_nonempty_packet_frac.other_req = 0.461538
stat.switch.port.node.2.ingress_nonempty_arrival_pre_occ_avg_bytes.other_req = 53.3333
stat.switch.port.node.2.ingress_nonempty_arrival_pre_occ_max_bytes.other_req = 104
stat.switch.port.node.2.ingress_release_after_empty_arrival_packets.other_req = 7
stat.switch.port.node.2.ingress_release_after_nonempty_arrival_packets.other_req = 6
stat.switch.port.node.2.ingress_wait_after_empty_arrival_avg_cycles.other_req = 124
stat.switch.port.node.2.ingress_wait_after_nonempty_arrival_avg_cycles.other_req = 124.833
stat.switch.port.node.2.ingress_queue_wait_after_empty_arrival_avg_cycles.other_req = 0
stat.switch.port.node.2.ingress_queue_wait_after_nonempty_arrival_avg_cycles.other_req = 0.833333
stat.switch.port.node.2.ingress_queue_wait_after_empty_arrival_max_cycles.other_req = 0
stat.switch.port.node.2.ingress_queue_wait_after_nonempty_arrival_max_cycles.other_req = 5
stat.switch.port.node.2.rx_bytes.other_req = 104
stat.switch.port.node.2.tx_bytes.other_req = 0
stat.switch.port.node.2.rx_pkts.other_req = 13
stat.switch.port.node.2.tx_pkts.other_req = 0
stat.switch.port.node.3.ingress_wait_avg_cycles = 131.02
stat.switch.port.node.3.ingress_wait_max_cycles = 152
stat.switch.port.node.3.egress_wait_avg_cycles = 1
stat.switch.port.node.3.egress_wait_max_cycles = 1
stat.switch.port.node.3.ingress_queue_wait_avg_cycles = 0.198268
stat.switch.port.node.3.ingress_queue_wait_max_cycles = 26
stat.switch.port.node.3.egress_occ_avg_bytes = 0
stat.switch.port.node.3.egress_occ_stddev_bytes = 0
stat.switch.port.node.3.egress_occ_max_bytes = 0
stat.switch.port.node.3.egress_occ_nonempty_frac = 0
stat.switch.port.node.3.egress_blocked_cycles = 0
stat.switch.port.node.3.egress_blocked_nonempty_frac = 0
stat.switch.port.node.3.egress_blocked_avg_occ_bytes = 0
stat.switch.port.node.3.egress_blocked_max_occ_bytes = 0
stat.switch.port.node.3.egress_send_burst_max_pkts = 1
stat.switch.port.node.3.egress_send_burst_max_bytes = 64
stat.switch.port.node.3.egress_send_burst_avg_pkts = 1
stat.switch.port.node.3.egress_send_burst_avg_bytes = 64
stat.switch.port.node.3.egress_send_burst_stddev_pkts = 0
stat.switch.port.node.3.egress_send_burst_stddev_bytes = 0
stat.switch.port.node.3.egress_send_nonempty_frac = 0.00228029
stat.switch.port.node.3.ingress_arrival_burst_avg_bytes = 26.1959
stat.switch.port.node.3.ingress_arrival_nonempty_frac = 0.00337657
stat.switch.port.node.3.ingress_arrival_run_max_cycles = 3
stat.switch.port.node.3.ingress_arrival_run_avg_cycles = 1.01373
stat.switch.port.node.3.ingress_arrival_gap_max_cycles = 1248
stat.switch.port.node.3.ingress_arrival_gap_avg_cycles = 241.149
stat.switch.port.node.3.ingress_release_burst_avg_bytes = 26.1901
stat.switch.port.node.3.ingress_release_nonempty_frac = 0.00337732
stat.switch.port.node.3.ingress_release_run_max_cycles = 1
stat.switch.port.node.3.ingress_release_run_avg_cycles = 1
stat.switch.port.node.3.ingress_release_gap_max_cycles = 6046
stat.switch.port.node.3.ingress_release_gap_avg_cycles = 238.476
stat.switch.port.node.3.ingress_occ_avg_bytes = 12.3605
stat.switch.port.node.3.ingress_occ_stddev_bytes = 29.5553
stat.switch.port.node.3.ingress_occ_max_bytes = 320
stat.switch.port.node.3.ingress_occ_nonempty_frac = 0.27559
stat.switch.port.node.3.ingress_occ_run_max_cycles = 634
stat.switch.port.node.3.ingress_occ_run_avg_cycles = 193.384
stat.switch.port.node.3.ingress_occ_gap_max_cycles = 6047
stat.switch.port.node.3.ingress_occ_gap_avg_cycles = 374.183
stat.switch.port.node.3.ingress_wait_avg_cycles.demand_req = 124.285
stat.switch.port.node.3.ingress_wait_max_cycles.demand_req = 150
stat.switch.port.node.3.ingress_queue_wait_avg_cycles.demand_req = 0.285055
stat.switch.port.node.3.ingress_queue_wait_max_cycles.demand_req = 26
stat.switch.port.node.3.egress_wait_avg_cycles.demand_req = 0
stat.switch.port.node.3.egress_wait_max_cycles.demand_req = 0
stat.switch.port.node.3.egress_occ_avg_bytes.demand_req = 0
stat.switch.port.node.3.egress_occ_max_bytes.demand_req = 0
stat.switch.port.node.3.egress_blocked_cycles.demand_req = 0
stat.switch.port.node.3.ingress_arrival_empty_packets.demand_req = 1776
stat.switch.port.node.3.ingress_arrival_nonempty_packets.demand_req = 4293
stat.switch.port.node.3.ingress_arrival_nonempty_packet_frac.demand_req = 0.707365
stat.switch.port.node.3.ingress_nonempty_arrival_pre_occ_avg_bytes.demand_req = 47.2527
stat.switch.port.node.3.ingress_nonempty_arrival_pre_occ_max_bytes.demand_req = 264
stat.switch.port.node.3.ingress_release_after_empty_arrival_packets.demand_req = 1776
stat.switch.port.node.3.ingress_release_after_nonempty_arrival_packets.demand_req = 4293
stat.switch.port.node.3.ingress_wait_after_empty_arrival_avg_cycles.demand_req = 124
stat.switch.port.node.3.ingress_wait_after_nonempty_arrival_avg_cycles.demand_req = 124.403
stat.switch.port.node.3.ingress_queue_wait_after_empty_arrival_avg_cycles.demand_req = 0
stat.switch.port.node.3.ingress_queue_wait_after_nonempty_arrival_avg_cycles.demand_req = 0.402982
stat.switch.port.node.3.ingress_queue_wait_after_empty_arrival_max_cycles.demand_req = 0
stat.switch.port.node.3.ingress_queue_wait_after_nonempty_arrival_max_cycles.demand_req = 26
stat.switch.port.node.3.rx_bytes.demand_req = 48552
stat.switch.port.node.3.tx_bytes.demand_req = 0
stat.switch.port.node.3.rx_pkts.demand_req = 6069
stat.switch.port.node.3.tx_pkts.demand_req = 0
stat.switch.port.node.3.ingress_wait_avg_cycles.write_req = 145.017
stat.switch.port.node.3.ingress_wait_max_cycles.write_req = 152
stat.switch.port.node.3.ingress_queue_wait_avg_cycles.write_req = 0.0174299
stat.switch.port.node.3.ingress_queue_wait_max_cycles.write_req = 7
stat.switch.port.node.3.egress_wait_avg_cycles.write_req = 0
stat.switch.port.node.3.egress_wait_max_cycles.write_req = 0
stat.switch.port.node.3.egress_occ_avg_bytes.write_req = 0
stat.switch.port.node.3.egress_occ_max_bytes.write_req = 0
stat.switch.port.node.3.egress_blocked_cycles.write_req = 0
stat.switch.port.node.3.ingress_arrival_empty_packets.write_req = 2018
stat.switch.port.node.3.ingress_arrival_nonempty_packets.write_req = 908
stat.switch.port.node.3.ingress_arrival_nonempty_packet_frac.write_req = 0.310321
stat.switch.port.node.3.ingress_nonempty_arrival_pre_occ_avg_bytes.write_req = 75.6916
stat.switch.port.node.3.ingress_nonempty_arrival_pre_occ_max_bytes.write_req = 256
stat.switch.port.node.3.ingress_release_after_empty_arrival_packets.write_req = 2018
stat.switch.port.node.3.ingress_release_after_nonempty_arrival_packets.write_req = 908
stat.switch.port.node.3.ingress_wait_after_empty_arrival_avg_cycles.write_req = 145
stat.switch.port.node.3.ingress_wait_after_nonempty_arrival_avg_cycles.write_req = 145.056
stat.switch.port.node.3.ingress_queue_wait_after_empty_arrival_avg_cycles.write_req = 0
stat.switch.port.node.3.ingress_queue_wait_after_nonempty_arrival_avg_cycles.write_req = 0.0561674
stat.switch.port.node.3.ingress_queue_wait_after_empty_arrival_max_cycles.write_req = 0
stat.switch.port.node.3.ingress_queue_wait_after_nonempty_arrival_max_cycles.write_req = 7
stat.switch.port.node.3.rx_bytes.write_req = 187264
stat.switch.port.node.3.tx_bytes.write_req = 0
stat.switch.port.node.3.rx_pkts.write_req = 2926
stat.switch.port.node.3.tx_pkts.write_req = 0
stat.switch.port.node.3.ingress_wait_avg_cycles.response = 0
stat.switch.port.node.3.ingress_wait_max_cycles.response = 0
stat.switch.port.node.3.ingress_queue_wait_avg_cycles.response = 0
stat.switch.port.node.3.ingress_queue_wait_max_cycles.response = 0
stat.switch.port.node.3.egress_wait_avg_cycles.response = 1
stat.switch.port.node.3.egress_wait_max_cycles.response = 1
stat.switch.port.node.3.egress_occ_avg_bytes.response = 0
stat.switch.port.node.3.egress_occ_max_bytes.response = 0
stat.switch.port.node.3.egress_blocked_cycles.response = 0
stat.switch.port.node.3.ingress_arrival_empty_packets.response = 0
stat.switch.port.node.3.ingress_arrival_nonempty_packets.response = 0
stat.switch.port.node.3.ingress_arrival_nonempty_packet_frac.response = 0
stat.switch.port.node.3.ingress_nonempty_arrival_pre_occ_avg_bytes.response = 0
stat.switch.port.node.3.ingress_nonempty_arrival_pre_occ_max_bytes.response = 0
stat.switch.port.node.3.ingress_release_after_empty_arrival_packets.response = 0
stat.switch.port.node.3.ingress_release_after_nonempty_arrival_packets.response = 0
stat.switch.port.node.3.ingress_wait_after_empty_arrival_avg_cycles.response = 0
stat.switch.port.node.3.ingress_wait_after_nonempty_arrival_avg_cycles.response = 0
stat.switch.port.node.3.ingress_queue_wait_after_empty_arrival_avg_cycles.response = 0
stat.switch.port.node.3.ingress_queue_wait_after_nonempty_arrival_avg_cycles.response = 0
stat.switch.port.node.3.ingress_queue_wait_after_empty_arrival_max_cycles.response = 0
stat.switch.port.node.3.ingress_queue_wait_after_nonempty_arrival_max_cycles.response = 0
stat.switch.port.node.3.rx_bytes.response = 0
stat.switch.port.node.3.tx_bytes.response = 389248
stat.switch.port.node.3.rx_pkts.response = 0
stat.switch.port.node.3.tx_pkts.response = 6082
stat.switch.port.node.3.ingress_wait_avg_cycles.other_req = 124.385
stat.switch.port.node.3.ingress_wait_max_cycles.other_req = 129
stat.switch.port.node.3.ingress_queue_wait_avg_cycles.other_req = 0.384615
stat.switch.port.node.3.ingress_queue_wait_max_cycles.other_req = 5
stat.switch.port.node.3.egress_wait_avg_cycles.other_req = 0
stat.switch.port.node.3.egress_wait_max_cycles.other_req = 0
stat.switch.port.node.3.egress_occ_avg_bytes.other_req = 0
stat.switch.port.node.3.egress_occ_max_bytes.other_req = 0
stat.switch.port.node.3.egress_blocked_cycles.other_req = 0
stat.switch.port.node.3.ingress_arrival_empty_packets.other_req = 7
stat.switch.port.node.3.ingress_arrival_nonempty_packets.other_req = 6
stat.switch.port.node.3.ingress_arrival_nonempty_packet_frac.other_req = 0.461538
stat.switch.port.node.3.ingress_nonempty_arrival_pre_occ_avg_bytes.other_req = 53.3333
stat.switch.port.node.3.ingress_nonempty_arrival_pre_occ_max_bytes.other_req = 104
stat.switch.port.node.3.ingress_release_after_empty_arrival_packets.other_req = 7
stat.switch.port.node.3.ingress_release_after_nonempty_arrival_packets.other_req = 6
stat.switch.port.node.3.ingress_wait_after_empty_arrival_avg_cycles.other_req = 124
stat.switch.port.node.3.ingress_wait_after_nonempty_arrival_avg_cycles.other_req = 124.833
stat.switch.port.node.3.ingress_queue_wait_after_empty_arrival_avg_cycles.other_req = 0
stat.switch.port.node.3.ingress_queue_wait_after_nonempty_arrival_avg_cycles.other_req = 0.833333
stat.switch.port.node.3.ingress_queue_wait_after_empty_arrival_max_cycles.other_req = 0
stat.switch.port.node.3.ingress_queue_wait_after_nonempty_arrival_max_cycles.other_req = 5
stat.switch.port.node.3.rx_bytes.other_req = 104
stat.switch.port.node.3.tx_bytes.other_req = 0
stat.switch.port.node.3.rx_pkts.other_req = 13
stat.switch.port.node.3.tx_pkts.other_req = 0
stat.switch.port.node.4.ingress_wait_avg_cycles = 130.983
stat.switch.port.node.4.ingress_wait_max_cycles = 149
stat.switch.port.node.4.egress_wait_avg_cycles = 1
stat.switch.port.node.4.egress_wait_max_cycles = 1
stat.switch.port.node.4.ingress_queue_wait_avg_cycles = 0.162078
stat.switch.port.node.4.ingress_queue_wait_max_cycles = 25
stat.switch.port.node.4.egress_occ_avg_bytes = 0
stat.switch.port.node.4.egress_occ_stddev_bytes = 0
stat.switch.port.node.4.egress_occ_max_bytes = 0
stat.switch.port.node.4.egress_occ_nonempty_frac = 0
stat.switch.port.node.4.egress_blocked_cycles = 0
stat.switch.port.node.4.egress_blocked_nonempty_frac = 0
stat.switch.port.node.4.egress_blocked_avg_occ_bytes = 0
stat.switch.port.node.4.egress_blocked_max_occ_bytes = 0
stat.switch.port.node.4.egress_send_burst_max_pkts = 1
stat.switch.port.node.4.egress_send_burst_max_bytes = 64
stat.switch.port.node.4.egress_send_burst_avg_pkts = 1
stat.switch.port.node.4.egress_send_burst_avg_bytes = 64
stat.switch.port.node.4.egress_send_burst_stddev_pkts = 0
stat.switch.port.node.4.egress_send_burst_stddev_bytes = 0
stat.switch.port.node.4.egress_send_nonempty_frac = 0.00228029
stat.switch.port.node.4.ingress_arrival_burst_avg_bytes = 26.2017
stat.switch.port.node.4.ingress_arrival_nonempty_frac = 0.00337582
stat.switch.port.node.4.ingress_arrival_run_max_cycles = 3
stat.switch.port.node.4.ingress_arrival_run_avg_cycles = 1.01294
stat.switch.port.node.4.ingress_arrival_gap_max_cycles = 1238
stat.switch.port.node.4.ingress_arrival_gap_avg_cycles = 241.435
stat.switch.port.node.4.ingress_release_burst_avg_bytes = 26.1901
stat.switch.port.node.4.ingress_release_nonempty_frac = 0.00337732
stat.switch.port.node.4.ingress_release_run_max_cycles = 1
stat.switch.port.node.4.ingress_release_run_avg_cycles = 1
stat.switch.port.node.4.ingress_release_gap_max_cycles = 2300
stat.switch.port.node.4.ingress_release_gap_avg_cycles = 238.476
stat.switch.port.node.4.ingress_occ_avg_bytes = 12.3589
stat.switch.port.node.4.ingress_occ_stddev_bytes = 29.556
stat.switch.port.node.4.ingress_occ_max_bytes = 320
stat.switch.port.node.4.ingress_occ_nonempty_frac = 0.275665
stat.switch.port.node.4.ingress_occ_run_max_cycles = 700
stat.switch.port.node.4.ingress_occ_run_avg_cycles = 193.743
stat.switch.port.node.4.ingress_occ_gap_max_cycles = 2301
stat.switch.port.node.4.ingress_occ_gap_avg_cycles = 374.722
stat.switch.port.node.4.ingress_wait_avg_cycles.demand_req = 124.237
stat.switch.port.node.4.ingress_wait_max_cycles.demand_req = 149
stat.switch.port.node.4.ingress_queue_wait_avg_cycles.demand_req = 0.236942
stat.switch.port.node.4.ingress_queue_wait_max_cycles.demand_req = 25
stat.switch.port.node.4.egress_wait_avg_cycles.demand_req = 0
stat.switch.port.node.4.egress_wait_max_cycles.demand_req = 0
stat.switch.port.node.4.egress_occ_avg_bytes.demand_req = 0
stat.switch.port.node.4.egress_occ_max_bytes.demand_req = 0
stat.switch.port.node.4.egress_blocked_cycles.demand_req = 0
stat.switch.port.node.4.ingress_arrival_empty_packets.demand_req = 1786
stat.switch.port.node.4.ingress_arrival_nonempty_packets.demand_req = 4283
stat.switch.port.node.4.ingress_arrival_nonempty_packet_frac.demand_req = 0.705718
stat.switch.port.node.4.ingress_nonempty_arrival_pre_occ_avg_bytes.demand_req = 47.5536
stat.switch.port.node.4.ingress_nonempty_arrival_pre_occ_max_bytes.demand_req = 264
stat.switch.port.node.4.ingress_release_after_empty_arrival_packets.demand_req = 1786
stat.switch.port.node.4.ingress_release_after_nonempty_arrival_packets.demand_req = 4283
stat.switch.port.node.4.ingress_wait_after_empty_arrival_avg_cycles.demand_req = 124
stat.switch.port.node.4.ingress_wait_after_nonempty_arrival_avg_cycles.demand_req = 124.336
stat.switch.port.node.4.ingress_queue_wait_after_empty_arrival_avg_cycles.demand_req = 0
stat.switch.port.node.4.ingress_queue_wait_after_nonempty_arrival_avg_cycles.demand_req = 0.335746
stat.switch.port.node.4.ingress_queue_wait_after_empty_arrival_max_cycles.demand_req = 0
stat.switch.port.node.4.ingress_queue_wait_after_nonempty_arrival_max_cycles.demand_req = 25
stat.switch.port.node.4.rx_bytes.demand_req = 48552
stat.switch.port.node.4.tx_bytes.demand_req = 0
stat.switch.port.node.4.rx_pkts.demand_req = 6069
stat.switch.port.node.4.tx_pkts.demand_req = 0
stat.switch.port.node.4.ingress_wait_avg_cycles.write_req = 145.008
stat.switch.port.node.4.ingress_wait_max_cycles.write_req = 149
stat.switch.port.node.4.ingress_queue_wait_avg_cycles.write_req = 0.0075188
stat.switch.port.node.4.ingress_queue_wait_max_cycles.write_req = 4
stat.switch.port.node.4.egress_wait_avg_cycles.write_req = 0
stat.switch.port.node.4.egress_wait_max_cycles.write_req = 0
stat.switch.port.node.4.egress_occ_avg_bytes.write_req = 0
stat.switch.port.node.4.egress_occ_max_bytes.write_req = 0
stat.switch.port.node.4.egress_blocked_cycles.write_req = 0
stat.switch.port.node.4.ingress_arrival_empty_packets.write_req = 2002
stat.switch.port.node.4.ingress_arrival_nonempty_packets.write_req = 924
stat.switch.port.node.4.ingress_arrival_nonempty_packet_frac.write_req = 0.315789
stat.switch.port.node.4.ingress_nonempty_arrival_pre_occ_avg_bytes.write_req = 76.0173
stat.switch.port.node.4.ingress_nonempty_arrival_pre_occ_max_bytes.write_req = 256
stat.switch.port.node.4.ingress_release_after_empty_arrival_packets.write_req = 2002
stat.switch.port.node.4.ingress_release_after_nonempty_arrival_packets.write_req = 924
stat.switch.port.node.4.ingress_wait_after_empty_arrival_avg_cycles.write_req = 145
stat.switch.port.node.4.ingress_wait_after_nonempty_arrival_avg_cycles.write_req = 145.024
stat.switch.port.node.4.ingress_queue_wait_after_empty_arrival_avg_cycles.write_req = 0
stat.switch.port.node.4.ingress_queue_wait_after_nonempty_arrival_avg_cycles.write_req = 0.0238095
stat.switch.port.node.4.ingress_queue_wait_after_empty_arrival_max_cycles.write_req = 0
stat.switch.port.node.4.ingress_queue_wait_after_nonempty_arrival_max_cycles.write_req = 4
stat.switch.port.node.4.rx_bytes.write_req = 187264
stat.switch.port.node.4.tx_bytes.write_req = 0
stat.switch.port.node.4.rx_pkts.write_req = 2926
stat.switch.port.node.4.tx_pkts.write_req = 0
stat.switch.port.node.4.ingress_wait_avg_cycles.response = 0
stat.switch.port.node.4.ingress_wait_max_cycles.response = 0
stat.switch.port.node.4.ingress_queue_wait_avg_cycles.response = 0
stat.switch.port.node.4.ingress_queue_wait_max_cycles.response = 0
stat.switch.port.node.4.egress_wait_avg_cycles.response = 1
stat.switch.port.node.4.egress_wait_max_cycles.response = 1
stat.switch.port.node.4.egress_occ_avg_bytes.response = 0
stat.switch.port.node.4.egress_occ_max_bytes.response = 0
stat.switch.port.node.4.egress_blocked_cycles.response = 0
stat.switch.port.node.4.ingress_arrival_empty_packets.response = 0
stat.switch.port.node.4.ingress_arrival_nonempty_packets.response = 0
stat.switch.port.node.4.ingress_arrival_nonempty_packet_frac.response = 0
stat.switch.port.node.4.ingress_nonempty_arrival_pre_occ_avg_bytes.response = 0
stat.switch.port.node.4.ingress_nonempty_arrival_pre_occ_max_bytes.response = 0
stat.switch.port.node.4.ingress_release_after_empty_arrival_packets.response = 0
stat.switch.port.node.4.ingress_release_after_nonempty_arrival_packets.response = 0
stat.switch.port.node.4.ingress_wait_after_empty_arrival_avg_cycles.response = 0
stat.switch.port.node.4.ingress_wait_after_nonempty_arrival_avg_cycles.response = 0
stat.switch.port.node.4.ingress_queue_wait_after_empty_arrival_avg_cycles.response = 0
stat.switch.port.node.4.ingress_queue_wait_after_nonempty_arrival_avg_cycles.response = 0
stat.switch.port.node.4.ingress_queue_wait_after_empty_arrival_max_cycles.response = 0
stat.switch.port.node.4.ingress_queue_wait_after_nonempty_arrival_max_cycles.response = 0
stat.switch.port.node.4.rx_bytes.response = 0
stat.switch.port.node.4.tx_bytes.response = 389248
stat.switch.port.node.4.rx_pkts.response = 0
stat.switch.port.node.4.tx_pkts.response = 6082
stat.switch.port.node.4.ingress_wait_avg_cycles.other_req = 124
stat.switch.port.node.4.ingress_wait_max_cycles.other_req = 124
stat.switch.port.node.4.ingress_queue_wait_avg_cycles.other_req = 0
stat.switch.port.node.4.ingress_queue_wait_max_cycles.other_req = 0
stat.switch.port.node.4.egress_wait_avg_cycles.other_req = 0
stat.switch.port.node.4.egress_wait_max_cycles.other_req = 0
stat.switch.port.node.4.egress_occ_avg_bytes.other_req = 0
stat.switch.port.node.4.egress_occ_max_bytes.other_req = 0
stat.switch.port.node.4.egress_blocked_cycles.other_req = 0
stat.switch.port.node.4.ingress_arrival_empty_packets.other_req = 7
stat.switch.port.node.4.ingress_arrival_nonempty_packets.other_req = 6
stat.switch.port.node.4.ingress_arrival_nonempty_packet_frac.other_req = 0.461538
stat.switch.port.node.4.ingress_nonempty_arrival_pre_occ_avg_bytes.other_req = 53.3333
stat.switch.port.node.4.ingress_nonempty_arrival_pre_occ_max_bytes.other_req = 104
stat.switch.port.node.4.ingress_release_after_empty_arrival_packets.other_req = 7
stat.switch.port.node.4.ingress_release_after_nonempty_arrival_packets.other_req = 6
stat.switch.port.node.4.ingress_wait_after_empty_arrival_avg_cycles.other_req = 124
stat.switch.port.node.4.ingress_wait_after_nonempty_arrival_avg_cycles.other_req = 124
stat.switch.port.node.4.ingress_queue_wait_after_empty_arrival_avg_cycles.other_req = 0
stat.switch.port.node.4.ingress_queue_wait_after_nonempty_arrival_avg_cycles.other_req = 0
stat.switch.port.node.4.ingress_queue_wait_after_empty_arrival_max_cycles.other_req = 0
stat.switch.port.node.4.ingress_queue_wait_after_nonempty_arrival_max_cycles.other_req = 0
stat.switch.port.node.4.rx_bytes.other_req = 104
stat.switch.port.node.4.tx_bytes.other_req = 0
stat.switch.port.node.4.rx_pkts.other_req = 13
stat.switch.port.node.4.tx_pkts.other_req = 0
stat.switch.port.node.5.ingress_wait_avg_cycles = 130.983
stat.switch.port.node.5.ingress_wait_max_cycles = 149
stat.switch.port.node.5.egress_wait_avg_cycles = 1
stat.switch.port.node.5.egress_wait_max_cycles = 1
stat.switch.port.node.5.ingress_queue_wait_avg_cycles = 0.162078
stat.switch.port.node.5.ingress_queue_wait_max_cycles = 25
stat.switch.port.node.5.egress_occ_avg_bytes = 0
stat.switch.port.node.5.egress_occ_stddev_bytes = 0
stat.switch.port.node.5.egress_occ_max_bytes = 0
stat.switch.port.node.5.egress_occ_nonempty_frac = 0
stat.switch.port.node.5.egress_blocked_cycles = 0
stat.switch.port.node.5.egress_blocked_nonempty_frac = 0
stat.switch.port.node.5.egress_blocked_avg_occ_bytes = 0
stat.switch.port.node.5.egress_blocked_max_occ_bytes = 0
stat.switch.port.node.5.egress_send_burst_max_pkts = 1
stat.switch.port.node.5.egress_send_burst_max_bytes = 64
stat.switch.port.node.5.egress_send_burst_avg_pkts = 1
stat.switch.port.node.5.egress_send_burst_avg_bytes = 64
stat.switch.port.node.5.egress_send_burst_stddev_pkts = 0
stat.switch.port.node.5.egress_send_burst_stddev_bytes = 0
stat.switch.port.node.5.egress_send_nonempty_frac = 0.00228029
stat.switch.port.node.5.ingress_arrival_burst_avg_bytes = 26.2017
stat.switch.port.node.5.ingress_arrival_nonempty_frac = 0.00337582
stat.switch.port.node.5.ingress_arrival_run_max_cycles = 3
stat.switch.port.node.5.ingress_arrival_run_avg_cycles = 1.01294
stat.switch.port.node.5.ingress_arrival_gap_max_cycles = 1238
stat.switch.port.node.5.ingress_arrival_gap_avg_cycles = 241.435
stat.switch.port.node.5.ingress_release_burst_avg_bytes = 26.1901
stat.switch.port.node.5.ingress_release_nonempty_frac = 0.00337732
stat.switch.port.node.5.ingress_release_run_max_cycles = 1
stat.switch.port.node.5.ingress_release_run_avg_cycles = 1
stat.switch.port.node.5.ingress_release_gap_max_cycles = 2300
stat.switch.port.node.5.ingress_release_gap_avg_cycles = 238.476
stat.switch.port.node.5.ingress_occ_avg_bytes = 12.3589
stat.switch.port.node.5.ingress_occ_stddev_bytes = 29.556
stat.switch.port.node.5.ingress_occ_max_bytes = 320
stat.switch.port.node.5.ingress_occ_nonempty_frac = 0.275665
stat.switch.port.node.5.ingress_occ_run_max_cycles = 700
stat.switch.port.node.5.ingress_occ_run_avg_cycles = 193.743
stat.switch.port.node.5.ingress_occ_gap_max_cycles = 2301
stat.switch.port.node.5.ingress_occ_gap_avg_cycles = 374.722
stat.switch.port.node.5.ingress_wait_avg_cycles.demand_req = 124.237
stat.switch.port.node.5.ingress_wait_max_cycles.demand_req = 149
stat.switch.port.node.5.ingress_queue_wait_avg_cycles.demand_req = 0.236942
stat.switch.port.node.5.ingress_queue_wait_max_cycles.demand_req = 25
stat.switch.port.node.5.egress_wait_avg_cycles.demand_req = 0
stat.switch.port.node.5.egress_wait_max_cycles.demand_req = 0
stat.switch.port.node.5.egress_occ_avg_bytes.demand_req = 0
stat.switch.port.node.5.egress_occ_max_bytes.demand_req = 0
stat.switch.port.node.5.egress_blocked_cycles.demand_req = 0
stat.switch.port.node.5.ingress_arrival_empty_packets.demand_req = 1786
stat.switch.port.node.5.ingress_arrival_nonempty_packets.demand_req = 4283
stat.switch.port.node.5.ingress_arrival_nonempty_packet_frac.demand_req = 0.705718
stat.switch.port.node.5.ingress_nonempty_arrival_pre_occ_avg_bytes.demand_req = 47.5536
stat.switch.port.node.5.ingress_nonempty_arrival_pre_occ_max_bytes.demand_req = 264
stat.switch.port.node.5.ingress_release_after_empty_arrival_packets.demand_req = 1786
stat.switch.port.node.5.ingress_release_after_nonempty_arrival_packets.demand_req = 4283
stat.switch.port.node.5.ingress_wait_after_empty_arrival_avg_cycles.demand_req = 124
stat.switch.port.node.5.ingress_wait_after_nonempty_arrival_avg_cycles.demand_req = 124.336
stat.switch.port.node.5.ingress_queue_wait_after_empty_arrival_avg_cycles.demand_req = 0
stat.switch.port.node.5.ingress_queue_wait_after_nonempty_arrival_avg_cycles.demand_req = 0.335746
stat.switch.port.node.5.ingress_queue_wait_after_empty_arrival_max_cycles.demand_req = 0
stat.switch.port.node.5.ingress_queue_wait_after_nonempty_arrival_max_cycles.demand_req = 25
stat.switch.port.node.5.rx_bytes.demand_req = 48552
stat.switch.port.node.5.tx_bytes.demand_req = 0
stat.switch.port.node.5.rx_pkts.demand_req = 6069
stat.switch.port.node.5.tx_pkts.demand_req = 0
stat.switch.port.node.5.ingress_wait_avg_cycles.write_req = 145.008
stat.switch.port.node.5.ingress_wait_max_cycles.write_req = 149
stat.switch.port.node.5.ingress_queue_wait_avg_cycles.write_req = 0.0075188
stat.switch.port.node.5.ingress_queue_wait_max_cycles.write_req = 4
stat.switch.port.node.5.egress_wait_avg_cycles.write_req = 0
stat.switch.port.node.5.egress_wait_max_cycles.write_req = 0
stat.switch.port.node.5.egress_occ_avg_bytes.write_req = 0
stat.switch.port.node.5.egress_occ_max_bytes.write_req = 0
stat.switch.port.node.5.egress_blocked_cycles.write_req = 0
stat.switch.port.node.5.ingress_arrival_empty_packets.write_req = 2002
stat.switch.port.node.5.ingress_arrival_nonempty_packets.write_req = 924
stat.switch.port.node.5.ingress_arrival_nonempty_packet_frac.write_req = 0.315789
stat.switch.port.node.5.ingress_nonempty_arrival_pre_occ_avg_bytes.write_req = 76.0173
stat.switch.port.node.5.ingress_nonempty_arrival_pre_occ_max_bytes.write_req = 256
stat.switch.port.node.5.ingress_release_after_empty_arrival_packets.write_req = 2002
stat.switch.port.node.5.ingress_release_after_nonempty_arrival_packets.write_req = 924
stat.switch.port.node.5.ingress_wait_after_empty_arrival_avg_cycles.write_req = 145
stat.switch.port.node.5.ingress_wait_after_nonempty_arrival_avg_cycles.write_req = 145.024
stat.switch.port.node.5.ingress_queue_wait_after_empty_arrival_avg_cycles.write_req = 0
stat.switch.port.node.5.ingress_queue_wait_after_nonempty_arrival_avg_cycles.write_req = 0.0238095
stat.switch.port.node.5.ingress_queue_wait_after_empty_arrival_max_cycles.write_req = 0
stat.switch.port.node.5.ingress_queue_wait_after_nonempty_arrival_max_cycles.write_req = 4
stat.switch.port.node.5.rx_bytes.write_req = 187264
stat.switch.port.node.5.tx_bytes.write_req = 0
stat.switch.port.node.5.rx_pkts.write_req = 2926
stat.switch.port.node.5.tx_pkts.write_req = 0
stat.switch.port.node.5.ingress_wait_avg_cycles.response = 0
stat.switch.port.node.5.ingress_wait_max_cycles.response = 0
stat.switch.port.node.5.ingress_queue_wait_avg_cycles.response = 0
stat.switch.port.node.5.ingress_queue_wait_max_cycles.response = 0
stat.switch.port.node.5.egress_wait_avg_cycles.response = 1
stat.switch.port.node.5.egress_wait_max_cycles.response = 1
stat.switch.port.node.5.egress_occ_avg_bytes.response = 0
stat.switch.port.node.5.egress_occ_max_bytes.response = 0
stat.switch.port.node.5.egress_blocked_cycles.response = 0
stat.switch.port.node.5.ingress_arrival_empty_packets.response = 0
stat.switch.port.node.5.ingress_arrival_nonempty_packets.response = 0
stat.switch.port.node.5.ingress_arrival_nonempty_packet_frac.response = 0
stat.switch.port.node.5.ingress_nonempty_arrival_pre_occ_avg_bytes.response = 0
stat.switch.port.node.5.ingress_nonempty_arrival_pre_occ_max_bytes.response = 0
stat.switch.port.node.5.ingress_release_after_empty_arrival_packets.response = 0
stat.switch.port.node.5.ingress_release_after_nonempty_arrival_packets.response = 0
stat.switch.port.node.5.ingress_wait_after_empty_arrival_avg_cycles.response = 0
stat.switch.port.node.5.ingress_wait_after_nonempty_arrival_avg_cycles.response = 0
stat.switch.port.node.5.ingress_queue_wait_after_empty_arrival_avg_cycles.response = 0
stat.switch.port.node.5.ingress_queue_wait_after_nonempty_arrival_avg_cycles.response = 0
stat.switch.port.node.5.ingress_queue_wait_after_empty_arrival_max_cycles.response = 0
stat.switch.port.node.5.ingress_queue_wait_after_nonempty_arrival_max_cycles.response = 0
stat.switch.port.node.5.rx_bytes.response = 0
stat.switch.port.node.5.tx_bytes.response = 389248
stat.switch.port.node.5.rx_pkts.response = 0
stat.switch.port.node.5.tx_pkts.response = 6082
stat.switch.port.node.5.ingress_wait_avg_cycles.other_req = 124
stat.switch.port.node.5.ingress_wait_max_cycles.other_req = 124
stat.switch.port.node.5.ingress_queue_wait_avg_cycles.other_req = 0
stat.switch.port.node.5.ingress_queue_wait_max_cycles.other_req = 0
stat.switch.port.node.5.egress_wait_avg_cycles.other_req = 0
stat.switch.port.node.5.egress_wait_max_cycles.other_req = 0
stat.switch.port.node.5.egress_occ_avg_bytes.other_req = 0
stat.switch.port.node.5.egress_occ_max_bytes.other_req = 0
stat.switch.port.node.5.egress_blocked_cycles.other_req = 0
stat.switch.port.node.5.ingress_arrival_empty_packets.other_req = 7
stat.switch.port.node.5.ingress_arrival_nonempty_packets.other_req = 6
stat.switch.port.node.5.ingress_arrival_nonempty_packet_frac.other_req = 0.461538
stat.switch.port.node.5.ingress_nonempty_arrival_pre_occ_avg_bytes.other_req = 53.3333
stat.switch.port.node.5.ingress_nonempty_arrival_pre_occ_max_bytes.other_req = 104
stat.switch.port.node.5.ingress_release_after_empty_arrival_packets.other_req = 7
stat.switch.port.node.5.ingress_release_after_nonempty_arrival_packets.other_req = 6
stat.switch.port.node.5.ingress_wait_after_empty_arrival_avg_cycles.other_req = 124
stat.switch.port.node.5.ingress_wait_after_nonempty_arrival_avg_cycles.other_req = 124
stat.switch.port.node.5.ingress_queue_wait_after_empty_arrival_avg_cycles.other_req = 0
stat.switch.port.node.5.ingress_queue_wait_after_nonempty_arrival_avg_cycles.other_req = 0
stat.switch.port.node.5.ingress_queue_wait_after_empty_arrival_max_cycles.other_req = 0
stat.switch.port.node.5.ingress_queue_wait_after_nonempty_arrival_max_cycles.other_req = 0
stat.switch.port.node.5.rx_bytes.other_req = 104
stat.switch.port.node.5.tx_bytes.other_req = 0
stat.switch.port.node.5.rx_pkts.other_req = 13
stat.switch.port.node.5.tx_pkts.other_req = 0
stat.switch.port.node.6.ingress_wait_avg_cycles = 131.001
stat.switch.port.node.6.ingress_wait_max_cycles = 149
stat.switch.port.node.6.egress_wait_avg_cycles = 1
stat.switch.port.node.6.egress_wait_max_cycles = 1
stat.switch.port.node.6.ingress_queue_wait_avg_cycles = 0.181525
stat.switch.port.node.6.ingress_queue_wait_max_cycles = 25
stat.switch.port.node.6.egress_occ_avg_bytes = 0
stat.switch.port.node.6.egress_occ_stddev_bytes = 0
stat.switch.port.node.6.egress_occ_max_bytes = 0
stat.switch.port.node.6.egress_occ_nonempty_frac = 0
stat.switch.port.node.6.egress_blocked_cycles = 0
stat.switch.port.node.6.egress_blocked_nonempty_frac = 0
stat.switch.port.node.6.egress_blocked_avg_occ_bytes = 0
stat.switch.port.node.6.egress_blocked_max_occ_bytes = 0
stat.switch.port.node.6.egress_send_burst_max_pkts = 1
stat.switch.port.node.6.egress_send_burst_max_bytes = 64
stat.switch.port.node.6.egress_send_burst_avg_pkts = 1
stat.switch.port.node.6.egress_send_burst_avg_bytes = 64
stat.switch.port.node.6.egress_send_burst_stddev_pkts = 0
stat.switch.port.node.6.egress_send_burst_stddev_bytes = 0
stat.switch.port.node.6.egress_send_nonempty_frac = 0.00228029
stat.switch.port.node.6.ingress_arrival_burst_avg_bytes = 26.2046
stat.switch.port.node.6.ingress_arrival_nonempty_frac = 0.00337545
stat.switch.port.node.6.ingress_arrival_run_max_cycles = 3
stat.switch.port.node.6.ingress_arrival_run_avg_cycles = 1.01328
stat.switch.port.node.6.ingress_arrival_gap_max_cycles = 1238
stat.switch.port.node.6.ingress_arrival_gap_avg_cycles = 241.815
stat.switch.port.node.6.ingress_release_burst_avg_bytes = 26.1859
stat.switch.port.node.6.ingress_release_nonempty_frac = 0.00337695
stat.switch.port.node.6.ingress_release_run_max_cycles = 1
stat.switch.port.node.6.ingress_release_run_avg_cycles = 1
stat.switch.port.node.6.ingress_release_gap_max_cycles = 1238
stat.switch.port.node.6.ingress_release_gap_avg_cycles = 238.503
stat.switch.port.node.6.ingress_occ_avg_bytes = 12.357
stat.switch.port.node.6.ingress_occ_stddev_bytes = 29.4731
stat.switch.port.node.6.ingress_occ_max_bytes = 320
stat.switch.port.node.6.ingress_occ_nonempty_frac = 0.275869
stat.switch.port.node.6.ingress_occ_run_max_cycles = 636
stat.switch.port.node.6.ingress_occ_run_avg_cycles = 193.835
stat.switch.port.node.6.ingress_occ_gap_max_cycles = 1116
stat.switch.port.node.6.ingress_occ_gap_avg_cycles = 374.579
stat.switch.port.node.6.ingress_wait_avg_cycles.demand_req = 124.262
stat.switch.port.node.6.ingress_wait_max_cycles.demand_req = 149
stat.switch.port.node.6.ingress_queue_wait_avg_cycles.demand_req = 0.262152
stat.switch.port.node.6.ingress_queue_wait_max_cycles.demand_req = 25
stat.switch.port.node.6.egress_wait_avg_cycles.demand_req = 0
stat.switch.port.node.6.egress_wait_max_cycles.demand_req = 0
stat.switch.port.node.6.egress_occ_avg_bytes.demand_req = 0
stat.switch.port.node.6.egress_occ_max_bytes.demand_req = 0
stat.switch.port.node.6.egress_blocked_cycles.demand_req = 0
stat.switch.port.node.6.ingress_arrival_empty_packets.demand_req = 1781
stat.switch.port.node.6.ingress_arrival_nonempty_packets.demand_req = 4288
stat.switch.port.node.6.ingress_arrival_nonempty_packet_frac.demand_req = 0.706541
stat.switch.port.node.6.ingress_nonempty_arrival_pre_occ_avg_bytes.demand_req = 47.6026
stat.switch.port.node.6.ingress_nonempty_arrival_pre_occ_max_bytes.demand_req = 264
stat.switch.port.node.6.ingress_release_after_empty_arrival_packets.demand_req = 1781
stat.switch.port.node.6.ingress_release_after_nonempty_arrival_packets.demand_req = 4288
stat.switch.port.node.6.ingress_wait_after_empty_arrival_avg_cycles.demand_req = 124
stat.switch.port.node.6.ingress_wait_after_nonempty_arrival_avg_cycles.demand_req = 124.371
stat.switch.port.node.6.ingress_queue_wait_after_empty_arrival_avg_cycles.demand_req = 0
stat.switch.port.node.6.ingress_queue_wait_after_nonempty_arrival_avg_cycles.demand_req = 0.371035
stat.switch.port.node.6.ingress_queue_wait_after_empty_arrival_max_cycles.demand_req = 0
stat.switch.port.node.6.ingress_queue_wait_after_nonempty_arrival_max_cycles.demand_req = 25
stat.switch.port.node.6.rx_bytes.demand_req = 48552
stat.switch.port.node.6.tx_bytes.demand_req = 0
stat.switch.port.node.6.rx_pkts.demand_req = 6069
stat.switch.port.node.6.tx_pkts.demand_req = 0
stat.switch.port.node.6.ingress_wait_avg_cycles.write_req = 145.009
stat.switch.port.node.6.ingress_wait_max_cycles.write_req = 149
stat.switch.port.node.6.ingress_queue_wait_avg_cycles.write_req = 0.00923077
stat.switch.port.node.6.ingress_queue_wait_max_cycles.write_req = 4
stat.switch.port.node.6.egress_wait_avg_cycles.write_req = 0
stat.switch.port.node.6.egress_wait_max_cycles.write_req = 0
stat.switch.port.node.6.egress_occ_avg_bytes.write_req = 0
stat.switch.port.node.6.egress_occ_max_bytes.write_req = 0
stat.switch.port.node.6.egress_blocked_cycles.write_req = 0
stat.switch.port.node.6.ingress_arrival_empty_packets.write_req = 2008
stat.switch.port.node.6.ingress_arrival_nonempty_packets.write_req = 918
stat.switch.port.node.6.ingress_arrival_nonempty_packet_frac.write_req = 0.313739
stat.switch.port.node.6.ingress_nonempty_arrival_pre_occ_avg_bytes.write_req = 76.0436
stat.switch.port.node.6.ingress_nonempty_arrival_pre_occ_max_bytes.write_req = 256
stat.switch.port.node.6.ingress_release_after_empty_arrival_packets.write_req = 2007
stat.switch.port.node.6.ingress_release_after_nonempty_arrival_packets.write_req = 918
stat.switch.port.node.6.ingress_wait_after_empty_arrival_avg_cycles.write_req = 145
stat.switch.port.node.6.ingress_wait_after_nonempty_arrival_avg_cycles.write_req = 145.029
stat.switch.port.node.6.ingress_queue_wait_after_empty_arrival_avg_cycles.write_req = 0
stat.switch.port.node.6.ingress_queue_wait_after_nonempty_arrival_avg_cycles.write_req = 0.0294118
stat.switch.port.node.6.ingress_queue_wait_after_empty_arrival_max_cycles.write_req = 0
stat.switch.port.node.6.ingress_queue_wait_after_nonempty_arrival_max_cycles.write_req = 4
stat.switch.port.node.6.rx_bytes.write_req = 187264
stat.switch.port.node.6.tx_bytes.write_req = 0
stat.switch.port.node.6.rx_pkts.write_req = 2926
stat.switch.port.node.6.tx_pkts.write_req = 0
stat.switch.port.node.6.ingress_wait_avg_cycles.response = 0
stat.switch.port.node.6.ingress_wait_max_cycles.response = 0
stat.switch.port.node.6.ingress_queue_wait_avg_cycles.response = 0
stat.switch.port.node.6.ingress_queue_wait_max_cycles.response = 0
stat.switch.port.node.6.egress_wait_avg_cycles.response = 1
stat.switch.port.node.6.egress_wait_max_cycles.response = 1
stat.switch.port.node.6.egress_occ_avg_bytes.response = 0
stat.switch.port.node.6.egress_occ_max_bytes.response = 0
stat.switch.port.node.6.egress_blocked_cycles.response = 0
stat.switch.port.node.6.ingress_arrival_empty_packets.response = 0
stat.switch.port.node.6.ingress_arrival_nonempty_packets.response = 0
stat.switch.port.node.6.ingress_arrival_nonempty_packet_frac.response = 0
stat.switch.port.node.6.ingress_nonempty_arrival_pre_occ_avg_bytes.response = 0
stat.switch.port.node.6.ingress_nonempty_arrival_pre_occ_max_bytes.response = 0
stat.switch.port.node.6.ingress_release_after_empty_arrival_packets.response = 0
stat.switch.port.node.6.ingress_release_after_nonempty_arrival_packets.response = 0
stat.switch.port.node.6.ingress_wait_after_empty_arrival_avg_cycles.response = 0
stat.switch.port.node.6.ingress_wait_after_nonempty_arrival_avg_cycles.response = 0
stat.switch.port.node.6.ingress_queue_wait_after_empty_arrival_avg_cycles.response = 0
stat.switch.port.node.6.ingress_queue_wait_after_nonempty_arrival_avg_cycles.response = 0
stat.switch.port.node.6.ingress_queue_wait_after_empty_arrival_max_cycles.response = 0
stat.switch.port.node.6.ingress_queue_wait_after_nonempty_arrival_max_cycles.response = 0
stat.switch.port.node.6.rx_bytes.response = 0
stat.switch.port.node.6.tx_bytes.response = 389248
stat.switch.port.node.6.rx_pkts.response = 0
stat.switch.port.node.6.tx_pkts.response = 6082
stat.switch.port.node.6.ingress_wait_avg_cycles.other_req = 125.308
stat.switch.port.node.6.ingress_wait_max_cycles.other_req = 141
stat.switch.port.node.6.ingress_queue_wait_avg_cycles.other_req = 1.30769
stat.switch.port.node.6.ingress_queue_wait_max_cycles.other_req = 17
stat.switch.port.node.6.egress_wait_avg_cycles.other_req = 0
stat.switch.port.node.6.egress_wait_max_cycles.other_req = 0
stat.switch.port.node.6.egress_occ_avg_bytes.other_req = 0
stat.switch.port.node.6.egress_occ_max_bytes.other_req = 0
stat.switch.port.node.6.egress_blocked_cycles.other_req = 0
stat.switch.port.node.6.ingress_arrival_empty_packets.other_req = 7
stat.switch.port.node.6.ingress_arrival_nonempty_packets.other_req = 6
stat.switch.port.node.6.ingress_arrival_nonempty_packet_frac.other_req = 0.461538
stat.switch.port.node.6.ingress_nonempty_arrival_pre_occ_avg_bytes.other_req = 53.3333
stat.switch.port.node.6.ingress_nonempty_arrival_pre_occ_max_bytes.other_req = 104
stat.switch.port.node.6.ingress_release_after_empty_arrival_packets.other_req = 7
stat.switch.port.node.6.ingress_release_after_nonempty_arrival_packets.other_req = 6
stat.switch.port.node.6.ingress_wait_after_empty_arrival_avg_cycles.other_req = 124
stat.switch.port.node.6.ingress_wait_after_nonempty_arrival_avg_cycles.other_req = 126.833
stat.switch.port.node.6.ingress_queue_wait_after_empty_arrival_avg_cycles.other_req = 0
stat.switch.port.node.6.ingress_queue_wait_after_nonempty_arrival_avg_cycles.other_req = 2.83333
stat.switch.port.node.6.ingress_queue_wait_after_empty_arrival_max_cycles.other_req = 0
stat.switch.port.node.6.ingress_queue_wait_after_nonempty_arrival_max_cycles.other_req = 17
stat.switch.port.node.6.rx_bytes.other_req = 104
stat.switch.port.node.6.tx_bytes.other_req = 0
stat.switch.port.node.6.rx_pkts.other_req = 13
stat.switch.port.node.6.tx_pkts.other_req = 0
stat.switch.port.node.7.ingress_wait_avg_cycles = 131.001
stat.switch.port.node.7.ingress_wait_max_cycles = 149
stat.switch.port.node.7.egress_wait_avg_cycles = 1
stat.switch.port.node.7.egress_wait_max_cycles = 1
stat.switch.port.node.7.ingress_queue_wait_avg_cycles = 0.181525
stat.switch.port.node.7.ingress_queue_wait_max_cycles = 25
stat.switch.port.node.7.egress_occ_avg_bytes = 0
stat.switch.port.node.7.egress_occ_stddev_bytes = 0
stat.switch.port.node.7.egress_occ_max_bytes = 0
stat.switch.port.node.7.egress_occ_nonempty_frac = 0
stat.switch.port.node.7.egress_blocked_cycles = 0
stat.switch.port.node.7.egress_blocked_nonempty_frac = 0
stat.switch.port.node.7.egress_blocked_avg_occ_bytes = 0
stat.switch.port.node.7.egress_blocked_max_occ_bytes = 0
stat.switch.port.node.7.egress_send_burst_max_pkts = 1
stat.switch.port.node.7.egress_send_burst_max_bytes = 64
stat.switch.port.node.7.egress_send_burst_avg_pkts = 1
stat.switch.port.node.7.egress_send_burst_avg_bytes = 64
stat.switch.port.node.7.egress_send_burst_stddev_pkts = 0
stat.switch.port.node.7.egress_send_burst_stddev_bytes = 0
stat.switch.port.node.7.egress_send_nonempty_frac = 0.00228029
stat.switch.port.node.7.ingress_arrival_burst_avg_bytes = 26.2046
stat.switch.port.node.7.ingress_arrival_nonempty_frac = 0.00337545
stat.switch.port.node.7.ingress_arrival_run_max_cycles = 3
stat.switch.port.node.7.ingress_arrival_run_avg_cycles = 1.01328
stat.switch.port.node.7.ingress_arrival_gap_max_cycles = 1238
stat.switch.port.node.7.ingress_arrival_gap_avg_cycles = 241.815
stat.switch.port.node.7.ingress_release_burst_avg_bytes = 26.1859
stat.switch.port.node.7.ingress_release_nonempty_frac = 0.00337695
stat.switch.port.node.7.ingress_release_run_max_cycles = 1
stat.switch.port.node.7.ingress_release_run_avg_cycles = 1
stat.switch.port.node.7.ingress_release_gap_max_cycles = 1238
stat.switch.port.node.7.ingress_release_gap_avg_cycles = 238.503
stat.switch.port.node.7.ingress_occ_avg_bytes = 12.357
stat.switch.port.node.7.ingress_occ_stddev_bytes = 29.4731
stat.switch.port.node.7.ingress_occ_max_bytes = 320
stat.switch.port.node.7.ingress_occ_nonempty_frac = 0.275869
stat.switch.port.node.7.ingress_occ_run_max_cycles = 636
stat.switch.port.node.7.ingress_occ_run_avg_cycles = 193.835
stat.switch.port.node.7.ingress_occ_gap_max_cycles = 1116
stat.switch.port.node.7.ingress_occ_gap_avg_cycles = 374.579
stat.switch.port.node.7.ingress_wait_avg_cycles.demand_req = 124.262
stat.switch.port.node.7.ingress_wait_max_cycles.demand_req = 149
stat.switch.port.node.7.ingress_queue_wait_avg_cycles.demand_req = 0.262152
stat.switch.port.node.7.ingress_queue_wait_max_cycles.demand_req = 25
stat.switch.port.node.7.egress_wait_avg_cycles.demand_req = 0
stat.switch.port.node.7.egress_wait_max_cycles.demand_req = 0
stat.switch.port.node.7.egress_occ_avg_bytes.demand_req = 0
stat.switch.port.node.7.egress_occ_max_bytes.demand_req = 0
stat.switch.port.node.7.egress_blocked_cycles.demand_req = 0
stat.switch.port.node.7.ingress_arrival_empty_packets.demand_req = 1781
stat.switch.port.node.7.ingress_arrival_nonempty_packets.demand_req = 4288
stat.switch.port.node.7.ingress_arrival_nonempty_packet_frac.demand_req = 0.706541
stat.switch.port.node.7.ingress_nonempty_arrival_pre_occ_avg_bytes.demand_req = 47.6026
stat.switch.port.node.7.ingress_nonempty_arrival_pre_occ_max_bytes.demand_req = 264
stat.switch.port.node.7.ingress_release_after_empty_arrival_packets.demand_req = 1781
stat.switch.port.node.7.ingress_release_after_nonempty_arrival_packets.demand_req = 4288
stat.switch.port.node.7.ingress_wait_after_empty_arrival_avg_cycles.demand_req = 124
stat.switch.port.node.7.ingress_wait_after_nonempty_arrival_avg_cycles.demand_req = 124.371
stat.switch.port.node.7.ingress_queue_wait_after_empty_arrival_avg_cycles.demand_req = 0
stat.switch.port.node.7.ingress_queue_wait_after_nonempty_arrival_avg_cycles.demand_req = 0.371035
stat.switch.port.node.7.ingress_queue_wait_after_empty_arrival_max_cycles.demand_req = 0
stat.switch.port.node.7.ingress_queue_wait_after_nonempty_arrival_max_cycles.demand_req = 25
stat.switch.port.node.7.rx_bytes.demand_req = 48552
stat.switch.port.node.7.tx_bytes.demand_req = 0
stat.switch.port.node.7.rx_pkts.demand_req = 6069
stat.switch.port.node.7.tx_pkts.demand_req = 0
stat.switch.port.node.7.ingress_wait_avg_cycles.write_req = 145.009
stat.switch.port.node.7.ingress_wait_max_cycles.write_req = 149
stat.switch.port.node.7.ingress_queue_wait_avg_cycles.write_req = 0.00923077
stat.switch.port.node.7.ingress_queue_wait_max_cycles.write_req = 4
stat.switch.port.node.7.egress_wait_avg_cycles.write_req = 0
stat.switch.port.node.7.egress_wait_max_cycles.write_req = 0
stat.switch.port.node.7.egress_occ_avg_bytes.write_req = 0
stat.switch.port.node.7.egress_occ_max_bytes.write_req = 0
stat.switch.port.node.7.egress_blocked_cycles.write_req = 0
stat.switch.port.node.7.ingress_arrival_empty_packets.write_req = 2008
stat.switch.port.node.7.ingress_arrival_nonempty_packets.write_req = 918
stat.switch.port.node.7.ingress_arrival_nonempty_packet_frac.write_req = 0.313739
stat.switch.port.node.7.ingress_nonempty_arrival_pre_occ_avg_bytes.write_req = 76.0436
stat.switch.port.node.7.ingress_nonempty_arrival_pre_occ_max_bytes.write_req = 256
stat.switch.port.node.7.ingress_release_after_empty_arrival_packets.write_req = 2007
stat.switch.port.node.7.ingress_release_after_nonempty_arrival_packets.write_req = 918
stat.switch.port.node.7.ingress_wait_after_empty_arrival_avg_cycles.write_req = 145
stat.switch.port.node.7.ingress_wait_after_nonempty_arrival_avg_cycles.write_req = 145.029
stat.switch.port.node.7.ingress_queue_wait_after_empty_arrival_avg_cycles.write_req = 0
stat.switch.port.node.7.ingress_queue_wait_after_nonempty_arrival_avg_cycles.write_req = 0.0294118
stat.switch.port.node.7.ingress_queue_wait_after_empty_arrival_max_cycles.write_req = 0
stat.switch.port.node.7.ingress_queue_wait_after_nonempty_arrival_max_cycles.write_req = 4
stat.switch.port.node.7.rx_bytes.write_req = 187264
stat.switch.port.node.7.tx_bytes.write_req = 0
stat.switch.port.node.7.rx_pkts.write_req = 2926
stat.switch.port.node.7.tx_pkts.write_req = 0
stat.switch.port.node.7.ingress_wait_avg_cycles.response = 0
stat.switch.port.node.7.ingress_wait_max_cycles.response = 0
stat.switch.port.node.7.ingress_queue_wait_avg_cycles.response = 0
stat.switch.port.node.7.ingress_queue_wait_max_cycles.response = 0
stat.switch.port.node.7.egress_wait_avg_cycles.response = 1
stat.switch.port.node.7.egress_wait_max_cycles.response = 1
stat.switch.port.node.7.egress_occ_avg_bytes.response = 0
stat.switch.port.node.7.egress_occ_max_bytes.response = 0
stat.switch.port.node.7.egress_blocked_cycles.response = 0
stat.switch.port.node.7.ingress_arrival_empty_packets.response = 0
stat.switch.port.node.7.ingress_arrival_nonempty_packets.response = 0
stat.switch.port.node.7.ingress_arrival_nonempty_packet_frac.response = 0
stat.switch.port.node.7.ingress_nonempty_arrival_pre_occ_avg_bytes.response = 0
stat.switch.port.node.7.ingress_nonempty_arrival_pre_occ_max_bytes.response = 0
stat.switch.port.node.7.ingress_release_after_empty_arrival_packets.response = 0
stat.switch.port.node.7.ingress_release_after_nonempty_arrival_packets.response = 0
stat.switch.port.node.7.ingress_wait_after_empty_arrival_avg_cycles.response = 0
stat.switch.port.node.7.ingress_wait_after_nonempty_arrival_avg_cycles.response = 0
stat.switch.port.node.7.ingress_queue_wait_after_empty_arrival_avg_cycles.response = 0
stat.switch.port.node.7.ingress_queue_wait_after_nonempty_arrival_avg_cycles.response = 0
stat.switch.port.node.7.ingress_queue_wait_after_empty_arrival_max_cycles.response = 0
stat.switch.port.node.7.ingress_queue_wait_after_nonempty_arrival_max_cycles.response = 0
stat.switch.port.node.7.rx_bytes.response = 0
stat.switch.port.node.7.tx_bytes.response = 389248
stat.switch.port.node.7.rx_pkts.response = 0
stat.switch.port.node.7.tx_pkts.response = 6082
stat.switch.port.node.7.ingress_wait_avg_cycles.other_req = 125.308
stat.switch.port.node.7.ingress_wait_max_cycles.other_req = 141
stat.switch.port.node.7.ingress_queue_wait_avg_cycles.other_req = 1.30769
stat.switch.port.node.7.ingress_queue_wait_max_cycles.other_req = 17
stat.switch.port.node.7.egress_wait_avg_cycles.other_req = 0
stat.switch.port.node.7.egress_wait_max_cycles.other_req = 0
stat.switch.port.node.7.egress_occ_avg_bytes.other_req = 0
stat.switch.port.node.7.egress_occ_max_bytes.other_req = 0
stat.switch.port.node.7.egress_blocked_cycles.other_req = 0
stat.switch.port.node.7.ingress_arrival_empty_packets.other_req = 7
stat.switch.port.node.7.ingress_arrival_nonempty_packets.other_req = 6
stat.switch.port.node.7.ingress_arrival_nonempty_packet_frac.other_req = 0.461538
stat.switch.port.node.7.ingress_nonempty_arrival_pre_occ_avg_bytes.other_req = 53.3333
stat.switch.port.node.7.ingress_nonempty_arrival_pre_occ_max_bytes.other_req = 104
stat.switch.port.node.7.ingress_release_after_empty_arrival_packets.other_req = 7
stat.switch.port.node.7.ingress_release_after_nonempty_arrival_packets.other_req = 6
stat.switch.port.node.7.ingress_wait_after_empty_arrival_avg_cycles.other_req = 124
stat.switch.port.node.7.ingress_wait_after_nonempty_arrival_avg_cycles.other_req = 126.833
stat.switch.port.node.7.ingress_queue_wait_after_empty_arrival_avg_cycles.other_req = 0
stat.switch.port.node.7.ingress_queue_wait_after_nonempty_arrival_avg_cycles.other_req = 2.83333
stat.switch.port.node.7.ingress_queue_wait_after_empty_arrival_max_cycles.other_req = 0
stat.switch.port.node.7.ingress_queue_wait_after_nonempty_arrival_max_cycles.other_req = 17
stat.switch.port.node.7.rx_bytes.other_req = 104
stat.switch.port.node.7.tx_bytes.other_req = 0
stat.switch.port.node.7.rx_pkts.other_req = 13
stat.switch.port.node.7.tx_pkts.other_req = 0
stat.switch.port.pool.0.ingress_wait_avg_cycles = 162.865
stat.switch.port.pool.0.ingress_wait_max_cycles = 676
stat.switch.port.pool.0.egress_wait_avg_cycles = 1
stat.switch.port.pool.0.egress_wait_max_cycles = 1
stat.switch.port.pool.0.ingress_queue_wait_avg_cycles = 17.8648
stat.switch.port.pool.0.ingress_queue_wait_max_cycles = 531
stat.switch.port.pool.0.egress_occ_avg_bytes = 0
stat.switch.port.pool.0.egress_occ_stddev_bytes = 0
stat.switch.port.pool.0.egress_occ_max_bytes = 0
stat.switch.port.pool.0.egress_occ_nonempty_frac = 0
stat.switch.port.pool.0.egress_blocked_cycles = 0
stat.switch.port.pool.0.egress_blocked_nonempty_frac = 0
stat.switch.port.pool.0.egress_blocked_avg_occ_bytes = 0
stat.switch.port.pool.0.egress_blocked_max_occ_bytes = 0
stat.switch.port.pool.0.egress_send_burst_max_pkts = 4
stat.switch.port.pool.0.egress_send_burst_max_bytes = 136
stat.switch.port.pool.0.egress_send_burst_avg_pkts = 1.33376
stat.switch.port.pool.0.egress_send_burst_avg_bytes = 47.2941
stat.switch.port.pool.0.egress_send_burst_stddev_pkts = 0.479663
stat.switch.port.pool.0.egress_send_burst_stddev_bytes = 56.3139
stat.switch.port.pool.0.egress_send_nonempty_frac = 0.0134182
stat.switch.port.pool.0.ingress_arrival_burst_avg_bytes = 64
stat.switch.port.pool.0.ingress_arrival_nonempty_frac = 0.00912117
stat.switch.port.pool.0.ingress_arrival_run_max_cycles = 1
stat.switch.port.pool.0.ingress_arrival_run_avg_cycles = 1
stat.switch.port.pool.0.ingress_arrival_gap_max_cycles = 1199
stat.switch.port.pool.0.ingress_arrival_gap_avg_cycles = 87.6529
stat.switch.port.pool.0.ingress_release_burst_avg_bytes = 64
stat.switch.port.pool.0.ingress_release_nonempty_frac = 0.00912117
stat.switch.port.pool.0.ingress_release_run_max_cycles = 1
stat.switch.port.pool.0.ingress_release_run_avg_cycles = 1
stat.switch.port.pool.0.ingress_release_gap_max_cycles = 795
stat.switch.port.pool.0.ingress_release_gap_avg_cycles = 87.6571
stat.switch.port.pool.0.ingress_occ_avg_bytes = 94.4894
stat.switch.port.pool.0.ingress_occ_stddev_bytes = 121.417
stat.switch.port.pool.0.ingress_occ_max_bytes = 1728
stat.switch.port.pool.0.ingress_occ_nonempty_frac = 0.5474
stat.switch.port.pool.0.ingress_occ_run_max_cycles = 1502
stat.switch.port.pool.0.ingress_occ_run_avg_cycles = 331.297
stat.switch.port.pool.0.ingress_occ_gap_max_cycles = 652
stat.switch.port.pool.0.ingress_occ_gap_avg_cycles = 158.15
stat.switch.port.pool.0.ingress_wait_avg_cycles.demand_req = 0
stat.switch.port.pool.0.ingress_wait_max_cycles.demand_req = 0
stat.switch.port.pool.0.ingress_queue_wait_avg_cycles.demand_req = 0
stat.switch.port.pool.0.ingress_queue_wait_max_cycles.demand_req = 0
stat.switch.port.pool.0.egress_wait_avg_cycles.demand_req = 1
stat.switch.port.pool.0.egress_wait_max_cycles.demand_req = 1
stat.switch.port.pool.0.egress_occ_avg_bytes.demand_req = 0
stat.switch.port.pool.0.egress_occ_max_bytes.demand_req = 0
stat.switch.port.pool.0.egress_blocked_cycles.demand_req = 0
stat.switch.port.pool.0.ingress_arrival_empty_packets.demand_req = 0
stat.switch.port.pool.0.ingress_arrival_nonempty_packets.demand_req = 0
stat.switch.port.pool.0.ingress_arrival_nonempty_packet_frac.demand_req = 0
stat.switch.port.pool.0.ingress_nonempty_arrival_pre_occ_avg_bytes.demand_req = 0
stat.switch.port.pool.0.ingress_nonempty_arrival_pre_occ_max_bytes.demand_req = 0
stat.switch.port.pool.0.ingress_release_after_empty_arrival_packets.demand_req = 0
stat.switch.port.pool.0.ingress_release_after_nonempty_arrival_packets.demand_req = 0
stat.switch.port.pool.0.ingress_wait_after_empty_arrival_avg_cycles.demand_req = 0
stat.switch.port.pool.0.ingress_wait_after_nonempty_arrival_avg_cycles.demand_req = 0
stat.switch.port.pool.0.ingress_queue_wait_after_empty_arrival_avg_cycles.demand_req = 0
stat.switch.port.pool.0.ingress_queue_wait_after_nonempty_arrival_avg_cycles.demand_req = 0
stat.switch.port.pool.0.ingress_queue_wait_after_empty_arrival_max_cycles.demand_req = 0
stat.switch.port.pool.0.ingress_queue_wait_after_nonempty_arrival_max_cycles.demand_req = 0
stat.switch.port.pool.0.rx_bytes.demand_req = 0
stat.switch.port.pool.0.tx_bytes.demand_req = 194208
stat.switch.port.pool.0.rx_pkts.demand_req = 0
stat.switch.port.pool.0.tx_pkts.demand_req = 24276
stat.switch.port.pool.0.ingress_wait_avg_cycles.write_req = 0
stat.switch.port.pool.0.ingress_wait_max_cycles.write_req = 0
stat.switch.port.pool.0.ingress_queue_wait_avg_cycles.write_req = 0
stat.switch.port.pool.0.ingress_queue_wait_max_cycles.write_req = 0
stat.switch.port.pool.0.egress_wait_avg_cycles.write_req = 1
stat.switch.port.pool.0.egress_wait_max_cycles.write_req = 1
stat.switch.port.pool.0.egress_occ_avg_bytes.write_req = 0
stat.switch.port.pool.0.egress_occ_max_bytes.write_req = 0
stat.switch.port.pool.0.egress_blocked_cycles.write_req = 0
stat.switch.port.pool.0.ingress_arrival_empty_packets.write_req = 0
stat.switch.port.pool.0.ingress_arrival_nonempty_packets.write_req = 0
stat.switch.port.pool.0.ingress_arrival_nonempty_packet_frac.write_req = 0
stat.switch.port.pool.0.ingress_nonempty_arrival_pre_occ_avg_bytes.write_req = 0
stat.switch.port.pool.0.ingress_nonempty_arrival_pre_occ_max_bytes.write_req = 0
stat.switch.port.pool.0.ingress_release_after_empty_arrival_packets.write_req = 0
stat.switch.port.pool.0.ingress_release_after_nonempty_arrival_packets.write_req = 0
stat.switch.port.pool.0.ingress_wait_after_empty_arrival_avg_cycles.write_req = 0
stat.switch.port.pool.0.ingress_wait_after_nonempty_arrival_avg_cycles.write_req = 0
stat.switch.port.pool.0.ingress_queue_wait_after_empty_arrival_avg_cycles.write_req = 0
stat.switch.port.pool.0.ingress_queue_wait_after_nonempty_arrival_avg_cycles.write_req = 0
stat.switch.port.pool.0.ingress_queue_wait_after_empty_arrival_max_cycles.write_req = 0
stat.switch.port.pool.0.ingress_queue_wait_after_nonempty_arrival_max_cycles.write_req = 0
stat.switch.port.pool.0.rx_bytes.write_req = 0
stat.switch.port.pool.0.tx_bytes.write_req = 1497984
stat.switch.port.pool.0.rx_pkts.write_req = 0
stat.switch.port.pool.0.tx_pkts.write_req = 23406
stat.switch.port.pool.0.ingress_wait_avg_cycles.response = 162.865
stat.switch.port.pool.0.ingress_wait_max_cycles.response = 676
stat.switch.port.pool.0.ingress_queue_wait_avg_cycles.response = 17.8648
stat.switch.port.pool.0.ingress_queue_wait_max_cycles.response = 531
stat.switch.port.pool.0.egress_wait_avg_cycles.response = 0
stat.switch.port.pool.0.egress_wait_max_cycles.response = 0
stat.switch.port.pool.0.egress_occ_avg_bytes.response = 0
stat.switch.port.pool.0.egress_occ_max_bytes.response = 0
stat.switch.port.pool.0.egress_blocked_cycles.response = 0
stat.switch.port.pool.0.ingress_arrival_empty_packets.response = 4407
stat.switch.port.pool.0.ingress_arrival_nonempty_packets.response = 19921
stat.switch.port.pool.0.ingress_arrival_nonempty_packet_frac.response = 0.818851
stat.switch.port.pool.0.ingress_nonempty_arrival_pre_occ_avg_bytes.response = 188.122
stat.switch.port.pool.0.ingress_nonempty_arrival_pre_occ_max_bytes.response = 1728
stat.switch.port.pool.0.ingress_release_after_empty_arrival_packets.response = 4407
stat.switch.port.pool.0.ingress_release_after_nonempty_arrival_packets.response = 19921
stat.switch.port.pool.0.ingress_wait_after_empty_arrival_avg_cycles.response = 145
stat.switch.port.pool.0.ingress_wait_after_nonempty_arrival_avg_cycles.response = 166.817
stat.switch.port.pool.0.ingress_queue_wait_after_empty_arrival_avg_cycles.response = 0
stat.switch.port.pool.0.ingress_queue_wait_after_nonempty_arrival_avg_cycles.response = 21.8169
stat.switch.port.pool.0.ingress_queue_wait_after_empty_arrival_max_cycles.response = 0
stat.switch.port.pool.0.ingress_queue_wait_after_nonempty_arrival_max_cycles.response = 531
stat.switch.port.pool.0.rx_bytes.response = 1556992
stat.switch.port.pool.0.tx_bytes.response = 0
stat.switch.port.pool.0.rx_pkts.response = 24328
stat.switch.port.pool.0.tx_pkts.response = 0
stat.switch.port.pool.0.ingress_wait_avg_cycles.other_req = 0
stat.switch.port.pool.0.ingress_wait_max_cycles.other_req = 0
stat.switch.port.pool.0.ingress_queue_wait_avg_cycles.other_req = 0
stat.switch.port.pool.0.ingress_queue_wait_max_cycles.other_req = 0
stat.switch.port.pool.0.egress_wait_avg_cycles.other_req = 1
stat.switch.port.pool.0.egress_wait_max_cycles.other_req = 1
stat.switch.port.pool.0.egress_occ_avg_bytes.other_req = 0
stat.switch.port.pool.0.egress_occ_max_bytes.other_req = 0
stat.switch.port.pool.0.egress_blocked_cycles.other_req = 0
stat.switch.port.pool.0.ingress_arrival_empty_packets.other_req = 0
stat.switch.port.pool.0.ingress_arrival_nonempty_packets.other_req = 0
stat.switch.port.pool.0.ingress_arrival_nonempty_packet_frac.other_req = 0
stat.switch.port.pool.0.ingress_nonempty_arrival_pre_occ_avg_bytes.other_req = 0
stat.switch.port.pool.0.ingress_nonempty_arrival_pre_occ_max_bytes.other_req = 0
stat.switch.port.pool.0.ingress_release_after_empty_arrival_packets.other_req = 0
stat.switch.port.pool.0.ingress_release_after_nonempty_arrival_packets.other_req = 0
stat.switch.port.pool.0.ingress_wait_after_empty_arrival_avg_cycles.other_req = 0
stat.switch.port.pool.0.ingress_wait_after_nonempty_arrival_avg_cycles.other_req = 0
stat.switch.port.pool.0.ingress_queue_wait_after_empty_arrival_avg_cycles.other_req = 0
stat.switch.port.pool.0.ingress_queue_wait_after_nonempty_arrival_avg_cycles.other_req = 0
stat.switch.port.pool.0.ingress_queue_wait_after_empty_arrival_max_cycles.other_req = 0
stat.switch.port.pool.0.ingress_queue_wait_after_nonempty_arrival_max_cycles.other_req = 0
stat.switch.port.pool.0.rx_bytes.other_req = 0
stat.switch.port.pool.0.tx_bytes.other_req = 416
stat.switch.port.pool.0.rx_pkts.other_req = 0
stat.switch.port.pool.0.tx_pkts.other_req = 52
stat.switch.port.pool.1.ingress_wait_avg_cycles = 162.865
stat.switch.port.pool.1.ingress_wait_max_cycles = 676
stat.switch.port.pool.1.egress_wait_avg_cycles = 1
stat.switch.port.pool.1.egress_wait_max_cycles = 1
stat.switch.port.pool.1.ingress_queue_wait_avg_cycles = 17.8648
stat.switch.port.pool.1.ingress_queue_wait_max_cycles = 531
stat.switch.port.pool.1.egress_occ_avg_bytes = 0
stat.switch.port.pool.1.egress_occ_stddev_bytes = 0
stat.switch.port.pool.1.egress_occ_max_bytes = 0
stat.switch.port.pool.1.egress_occ_nonempty_frac = 0
stat.switch.port.pool.1.egress_blocked_cycles = 0
stat.switch.port.pool.1.egress_blocked_nonempty_frac = 0
stat.switch.port.pool.1.egress_blocked_avg_occ_bytes = 0
stat.switch.port.pool.1.egress_blocked_max_occ_bytes = 0
stat.switch.port.pool.1.egress_send_burst_max_pkts = 4
stat.switch.port.pool.1.egress_send_burst_max_bytes = 136
stat.switch.port.pool.1.egress_send_burst_avg_pkts = 1.33376
stat.switch.port.pool.1.egress_send_burst_avg_bytes = 47.2941
stat.switch.port.pool.1.egress_send_burst_stddev_pkts = 0.479663
stat.switch.port.pool.1.egress_send_burst_stddev_bytes = 56.3139
stat.switch.port.pool.1.egress_send_nonempty_frac = 0.0134182
stat.switch.port.pool.1.ingress_arrival_burst_avg_bytes = 64
stat.switch.port.pool.1.ingress_arrival_nonempty_frac = 0.00912117
stat.switch.port.pool.1.ingress_arrival_run_max_cycles = 1
stat.switch.port.pool.1.ingress_arrival_run_avg_cycles = 1
stat.switch.port.pool.1.ingress_arrival_gap_max_cycles = 1199
stat.switch.port.pool.1.ingress_arrival_gap_avg_cycles = 87.6529
stat.switch.port.pool.1.ingress_release_burst_avg_bytes = 64
stat.switch.port.pool.1.ingress_release_nonempty_frac = 0.00912117
stat.switch.port.pool.1.ingress_release_run_max_cycles = 1
stat.switch.port.pool.1.ingress_release_run_avg_cycles = 1
stat.switch.port.pool.1.ingress_release_gap_max_cycles = 795
stat.switch.port.pool.1.ingress_release_gap_avg_cycles = 87.6571
stat.switch.port.pool.1.ingress_occ_avg_bytes = 94.4894
stat.switch.port.pool.1.ingress_occ_stddev_bytes = 121.417
stat.switch.port.pool.1.ingress_occ_max_bytes = 1728
stat.switch.port.pool.1.ingress_occ_nonempty_frac = 0.5474
stat.switch.port.pool.1.ingress_occ_run_max_cycles = 1502
stat.switch.port.pool.1.ingress_occ_run_avg_cycles = 331.297
stat.switch.port.pool.1.ingress_occ_gap_max_cycles = 652
stat.switch.port.pool.1.ingress_occ_gap_avg_cycles = 158.15
stat.switch.port.pool.1.ingress_wait_avg_cycles.demand_req = 0
stat.switch.port.pool.1.ingress_wait_max_cycles.demand_req = 0
stat.switch.port.pool.1.ingress_queue_wait_avg_cycles.demand_req = 0
stat.switch.port.pool.1.ingress_queue_wait_max_cycles.demand_req = 0
stat.switch.port.pool.1.egress_wait_avg_cycles.demand_req = 1
stat.switch.port.pool.1.egress_wait_max_cycles.demand_req = 1
stat.switch.port.pool.1.egress_occ_avg_bytes.demand_req = 0
stat.switch.port.pool.1.egress_occ_max_bytes.demand_req = 0
stat.switch.port.pool.1.egress_blocked_cycles.demand_req = 0
stat.switch.port.pool.1.ingress_arrival_empty_packets.demand_req = 0
stat.switch.port.pool.1.ingress_arrival_nonempty_packets.demand_req = 0
stat.switch.port.pool.1.ingress_arrival_nonempty_packet_frac.demand_req = 0
stat.switch.port.pool.1.ingress_nonempty_arrival_pre_occ_avg_bytes.demand_req = 0
stat.switch.port.pool.1.ingress_nonempty_arrival_pre_occ_max_bytes.demand_req = 0
stat.switch.port.pool.1.ingress_release_after_empty_arrival_packets.demand_req = 0
stat.switch.port.pool.1.ingress_release_after_nonempty_arrival_packets.demand_req = 0
stat.switch.port.pool.1.ingress_wait_after_empty_arrival_avg_cycles.demand_req = 0
stat.switch.port.pool.1.ingress_wait_after_nonempty_arrival_avg_cycles.demand_req = 0
stat.switch.port.pool.1.ingress_queue_wait_after_empty_arrival_avg_cycles.demand_req = 0
stat.switch.port.pool.1.ingress_queue_wait_after_nonempty_arrival_avg_cycles.demand_req = 0
stat.switch.port.pool.1.ingress_queue_wait_after_empty_arrival_max_cycles.demand_req = 0
stat.switch.port.pool.1.ingress_queue_wait_after_nonempty_arrival_max_cycles.demand_req = 0
stat.switch.port.pool.1.rx_bytes.demand_req = 0
stat.switch.port.pool.1.tx_bytes.demand_req = 194208
stat.switch.port.pool.1.rx_pkts.demand_req = 0
stat.switch.port.pool.1.tx_pkts.demand_req = 24276
stat.switch.port.pool.1.ingress_wait_avg_cycles.write_req = 0
stat.switch.port.pool.1.ingress_wait_max_cycles.write_req = 0
stat.switch.port.pool.1.ingress_queue_wait_avg_cycles.write_req = 0
stat.switch.port.pool.1.ingress_queue_wait_max_cycles.write_req = 0
stat.switch.port.pool.1.egress_wait_avg_cycles.write_req = 1
stat.switch.port.pool.1.egress_wait_max_cycles.write_req = 1
stat.switch.port.pool.1.egress_occ_avg_bytes.write_req = 0
stat.switch.port.pool.1.egress_occ_max_bytes.write_req = 0
stat.switch.port.pool.1.egress_blocked_cycles.write_req = 0
stat.switch.port.pool.1.ingress_arrival_empty_packets.write_req = 0
stat.switch.port.pool.1.ingress_arrival_nonempty_packets.write_req = 0
stat.switch.port.pool.1.ingress_arrival_nonempty_packet_frac.write_req = 0
stat.switch.port.pool.1.ingress_nonempty_arrival_pre_occ_avg_bytes.write_req = 0
stat.switch.port.pool.1.ingress_nonempty_arrival_pre_occ_max_bytes.write_req = 0
stat.switch.port.pool.1.ingress_release_after_empty_arrival_packets.write_req = 0
stat.switch.port.pool.1.ingress_release_after_nonempty_arrival_packets.write_req = 0
stat.switch.port.pool.1.ingress_wait_after_empty_arrival_avg_cycles.write_req = 0
stat.switch.port.pool.1.ingress_wait_after_nonempty_arrival_avg_cycles.write_req = 0
stat.switch.port.pool.1.ingress_queue_wait_after_empty_arrival_avg_cycles.write_req = 0
stat.switch.port.pool.1.ingress_queue_wait_after_nonempty_arrival_avg_cycles.write_req = 0
stat.switch.port.pool.1.ingress_queue_wait_after_empty_arrival_max_cycles.write_req = 0
stat.switch.port.pool.1.ingress_queue_wait_after_nonempty_arrival_max_cycles.write_req = 0
stat.switch.port.pool.1.rx_bytes.write_req = 0
stat.switch.port.pool.1.tx_bytes.write_req = 1497984
stat.switch.port.pool.1.rx_pkts.write_req = 0
stat.switch.port.pool.1.tx_pkts.write_req = 23406
stat.switch.port.pool.1.ingress_wait_avg_cycles.response = 162.865
stat.switch.port.pool.1.ingress_wait_max_cycles.response = 676
stat.switch.port.pool.1.ingress_queue_wait_avg_cycles.response = 17.8648
stat.switch.port.pool.1.ingress_queue_wait_max_cycles.response = 531
stat.switch.port.pool.1.egress_wait_avg_cycles.response = 0
stat.switch.port.pool.1.egress_wait_max_cycles.response = 0
stat.switch.port.pool.1.egress_occ_avg_bytes.response = 0
stat.switch.port.pool.1.egress_occ_max_bytes.response = 0
stat.switch.port.pool.1.egress_blocked_cycles.response = 0
stat.switch.port.pool.1.ingress_arrival_empty_packets.response = 4407
stat.switch.port.pool.1.ingress_arrival_nonempty_packets.response = 19921
stat.switch.port.pool.1.ingress_arrival_nonempty_packet_frac.response = 0.818851
stat.switch.port.pool.1.ingress_nonempty_arrival_pre_occ_avg_bytes.response = 188.122
stat.switch.port.pool.1.ingress_nonempty_arrival_pre_occ_max_bytes.response = 1728
stat.switch.port.pool.1.ingress_release_after_empty_arrival_packets.response = 4407
stat.switch.port.pool.1.ingress_release_after_nonempty_arrival_packets.response = 19921
stat.switch.port.pool.1.ingress_wait_after_empty_arrival_avg_cycles.response = 145
stat.switch.port.pool.1.ingress_wait_after_nonempty_arrival_avg_cycles.response = 166.817
stat.switch.port.pool.1.ingress_queue_wait_after_empty_arrival_avg_cycles.response = 0
stat.switch.port.pool.1.ingress_queue_wait_after_nonempty_arrival_avg_cycles.response = 21.8169
stat.switch.port.pool.1.ingress_queue_wait_after_empty_arrival_max_cycles.response = 0
stat.switch.port.pool.1.ingress_queue_wait_after_nonempty_arrival_max_cycles.response = 531
stat.switch.port.pool.1.rx_bytes.response = 1556992
stat.switch.port.pool.1.tx_bytes.response = 0
stat.switch.port.pool.1.rx_pkts.response = 24328
stat.switch.port.pool.1.tx_pkts.response = 0
stat.switch.port.pool.1.ingress_wait_avg_cycles.other_req = 0
stat.switch.port.pool.1.ingress_wait_max_cycles.other_req = 0
stat.switch.port.pool.1.ingress_queue_wait_avg_cycles.other_req = 0
stat.switch.port.pool.1.ingress_queue_wait_max_cycles.other_req = 0
stat.switch.port.pool.1.egress_wait_avg_cycles.other_req = 1
stat.switch.port.pool.1.egress_wait_max_cycles.other_req = 1
stat.switch.port.pool.1.egress_occ_avg_bytes.other_req = 0
stat.switch.port.pool.1.egress_occ_max_bytes.other_req = 0
stat.switch.port.pool.1.egress_blocked_cycles.other_req = 0
stat.switch.port.pool.1.ingress_arrival_empty_packets.other_req = 0
stat.switch.port.pool.1.ingress_arrival_nonempty_packets.other_req = 0
stat.switch.port.pool.1.ingress_arrival_nonempty_packet_frac.other_req = 0
stat.switch.port.pool.1.ingress_nonempty_arrival_pre_occ_avg_bytes.other_req = 0
stat.switch.port.pool.1.ingress_nonempty_arrival_pre_occ_max_bytes.other_req = 0
stat.switch.port.pool.1.ingress_release_after_empty_arrival_packets.other_req = 0
stat.switch.port.pool.1.ingress_release_after_nonempty_arrival_packets.other_req = 0
stat.switch.port.pool.1.ingress_wait_after_empty_arrival_avg_cycles.other_req = 0
stat.switch.port.pool.1.ingress_wait_after_nonempty_arrival_avg_cycles.other_req = 0
stat.switch.port.pool.1.ingress_queue_wait_after_empty_arrival_avg_cycles.other_req = 0
stat.switch.port.pool.1.ingress_queue_wait_after_nonempty_arrival_avg_cycles.other_req = 0
stat.switch.port.pool.1.ingress_queue_wait_after_empty_arrival_max_cycles.other_req = 0
stat.switch.port.pool.1.ingress_queue_wait_after_nonempty_arrival_max_cycles.other_req = 0
stat.switch.port.pool.1.rx_bytes.other_req = 0
stat.switch.port.pool.1.tx_bytes.other_req = 416
stat.switch.port.pool.1.rx_pkts.other_req = 0
stat.switch.port.pool.1.tx_pkts.other_req = 52
stat.switch.walltime_s = 68.0129
stat.switch.active_time_s = 1.29941
Simulation is complete, simulated time: 1.11222 ms
